record_id,book_page,country,ship_type_group,ship_class,ship_name,produced_year,produced_type,standard_displacement_tons,fate_year,fate_type
GB_0001,14,Great Britain,Capital Ship,Nelson,Nelson,1927,Completed,33300,1946,Survived
GB_0002,14,Great Britain,Capital Ship,Nelson,Rodney,1927,Completed,33300,1946,Survived
GB_0003,16,Great Britain,Capital Ship,Lion,Lion,1939,Laid Down,40550,1946,Survived
GB_0004,16,Great Britain,Capital Ship,Lion,Temeraire,1939,Laid Down,40550,1946,Survived
GB_0005,16,Great Britain,Capital Ship,Lion,Conqueror,1939,Planned,40550,N/A,N/A
GB_0006,16,Great Britain,Capital Ship,Lion,Thunderer,1939,Planned,40550,N/A,N/A
GB_0007,16,Great Britain,Capital Ship,Lion,Vanguard,1946,Completed,44500,1946,Survived
GB_0008,20,Great Britain,Aircraft Carrier,Implacable,Implacable,1944,Completed,23450,1946,Survived
GB_0009,20,Great Britain,Aircraft Carrier,Implacable,Indefatigable,1944,Completed,23450,1946,Survived
GB_0010,21,Great Britain,Aircraft Carrier,Malta,Malta,1946,Planned,46890,N/A,N/A
GB_0011,21,Great Britain,Aircraft Carrier,Malta,Gibraltar,1945,Planned,46890,N/A,N/A
GB_0012,21,Great Britain,Aircraft Carrier,Malta,New Zealand,1946,Planned,46890,N/A,N/A
GB_0013,21,Great Britain,Aircraft Carrier,Malta,Africa,1945,Planned,46890,N/A,N/A
GB_0014,22,Great Britain,Aircraft Carrier,Malta,Unicorn,1943,Completed,46890,1946,Survived
GB_0015,22,Great Britain,Aircraft Carrier,Colossus,Colossus,1944,Completed,13190,1946,Transferred
GB_0016,22,Great Britain,Aircraft Carrier,Colossus,Glory,1945,Completed,13190,1946,Survived
GB_0017,22,Great Britain,Aircraft Carrier,Colossus,Ocean,1945,Completed,13190,1946,Survived
GB_0018,22,Great Britain,Aircraft Carrier,Colossus,Venerable,1945,Completed,13190,1946,Survived
GB_0019,22,Great Britain,Aircraft Carrier,Colossus,Vengeance,1945,Completed,13190,1946,Survived
GB_0020,22,Great Britain,Aircraft Carrier,Colossus,Theseus,1946,Completed,13190,1946,Survived
GB_0021,22,Great Britain,Aircraft Carrier,Colossus,Triumph,1946,Completed,13190,1946,Survived
GB_0022,22,Great Britain,Aircraft Carrier,Colossus,Warrior,1946,Completed,13190,1946,Survived
GB_0023,22,Great Britain,Aircraft Carrier,Majestic,Hercules,1945,Launched,15700,1946,Survived
GB_0024,22,Great Britain,Aircraft Carrier,Majestic,Leviathan,1945,Launched,15700,1946,Survived
GB_0025,22,Great Britain,Aircraft Carrier,Majestic,Magnificent,1944,Launched,15700,1946,Survived
GB_0026,22,Great Britain,Aircraft Carrier,Majestic,Majestic,1945,Launched,15700,1946,Survived
GB_0027,22,Great Britain,Aircraft Carrier,Majestic,Powerful,1945,Launched,15700,1946,Survived
GB_0028,22,Great Britain,Aircraft Carrier,Majestic,Terrible,1944,Launched,15700,1946,Survived
GB_0029,23,Great Britain,Aircraft Carrier,Centaur,Albion,1944,Laid Down,22000,1946,Survived
GB_0030,23,Great Britain,Aircraft Carrier,Centaur,Arrogant,1945,Planned,22000,N/A,N/A
GB_0031,23,Great Britain,Aircraft Carrier,Centaur,Bulwark,1945,Laid Down,22000,1946,Survived
GB_0032,23,Great Britain,Aircraft Carrier,Centaur,Centaur,1944,Laid Down,22000,1946,Survived
GB_0033,23,Great Britain,Aircraft Carrier,Centaur,Hermes,1945,Planned,22000,N/A,N/A
GB_0034,23,Great Britain,Aircraft Carrier,Centaur,Monmouth,1945,Planned,22000,N/A,N/A
GB_0035,23,Great Britain,Aircraft Carrier,Centaur,Polyphemus,1945,Planned,22000,N/A,N/A
GB_0036,23,Great Britain,Aircraft Carrier,Audacity,Audacity,1941,Completed,5537,1941,Sunk
GB_0037,23,Great Britain,Aircraft Carrier,Audacity,Activity,1942,Completed,5537,1946,Scrapped
GB_0038,24,Great Britain,Aircraft Carrier,Pretoria Castle,Pretoria Castle,1943,Completed,13000,1946,Scrapped
GB_0039,24,Great Britain,Aircraft Carrier,Pretoria Castle,Vindex,1943,Completed,13000,1946,Survived
GB_0040,24,Great Britain,Aircraft Carrier,Pretoria Castle,Nairana,1943,Completed,13000,1946,Survived
GB_0041,24,Great Britain,Aircraft Carrier,Campania,Campania,1944,Completed,12670,1946,Survived
GB_0042,24,Great Britain,Aircraft Carrier,Archer,Archer,1941,Completed,8200,1945,Transferred
GB_0043,25,Great Britain,Aircraft Carrier,Attacker,Attacker,1942,Completed,10200,1946,Transferred
GB_0044,25,Great Britain,Aircraft Carrier,Attacker,Battler,1942,Completed,10200,1946,Transferred
GB_0045,25,Great Britain,Aircraft Carrier,Attacker,Chaser,1943,Completed,10200,1946,Transferred
GB_0046,25,Great Britain,Aircraft Carrier,Attacker,Fencer,1943,Completed,10200,1946,Transferred
GB_0047,25,Great Britain,Aircraft Carrier,Attacker,Hunter,1943,Completed,10200,1945,Transferred
GB_0048,25,Great Britain,Aircraft Carrier,Attacker,Pursuer,1943,Completed,10200,1946,Transferred
GB_0049,25,Great Britain,Aircraft Carrier,Attacker,Ravager,1943,Completed,10200,1946,Transferred
GB_0050,25,Great Britain,Aircraft Carrier,Attacker,Searcher,1943,Completed,10200,1945,Transferred
GB_0051,25,Great Britain,Aircraft Carrier,Attacker,Stalker,1942,Completed,10200,1945,Transferred
GB_0052,25,Great Britain,Aircraft Carrier,Attacker,Striker,1943,Completed,10200,1946,Transferred
GB_0053,25,Great Britain,Aircraft Carrier,Attacker,Tracker,1943,Completed,10200,1944,Transferred
GB_0054,27,Great Britain,Cruiser,London,Devonshire,1929,Completed,9840,1946,Survived
GB_0055,27,Great Britain,Cruiser,London,London,1929,Completed,9840,1946,Survived
GB_0056,27,Great Britain,Cruiser,London,Shropshire,1929,Completed,9840,1946,Survived
GB_0057,27,Great Britain,Cruiser,London,Sussex,1929,Completed,9840,1946,Survived
GB_0058,28,Great Britain,Cruiser,Norfolk,Dorsetshire,1930,Completed,10300,1942,Sunk
GB_0059,28,Great Britain,Cruiser,Norfolk,Norfolk,1930,Completed,10300,1946,Survived
GB_0060,28,Great Britain,Cruiser,Norfolk,York,1930,Completed,10300,1941,Sunk
GB_0061,29,Great Britain,Cruiser,Norfolk,Exeter,1931,Completed,10300,1942,Sunk
GB_0062,29,Great Britain,Cruiser,Surrey,Northumberland,1930,Planned,9750,N/A,N/A
GB_0063,29,Great Britain,Cruiser,Surrey,Surrey,1930,Planned,9750,N/A,N/A
GB_0064,30,Great Britain,Cruiser,Leander,Achilles,1933,Completed,7270,1946,Survived
GB_0065,30,Great Britain,Cruiser,Leander,Ajax,1935,Completed,7270,1946,Survived
GB_0066,30,Great Britain,Cruiser,Leander,Leander,1933,Completed,7270,1946,Survived
GB_0067,30,Great Britain,Cruiser,Leander,Neptune,1934,Completed,7270,1941,Sunk
GB_0068,30,Great Britain,Cruiser,Leander,Orion,1934,Completed,7270,1946,Survived
GB_0069,31,Great Britain,Cruiser,Arethusa,Birmingham,1937,Completed,5220,1946,Survived
GB_0070,31,Great Britain,Cruiser,Arethusa,Glasgow,1937,Completed,5220,1946,Survived
GB_0071,31,Great Britain,Cruiser,Arethusa,Newcastle,1937,Completed,5220,1946,Survived
GB_0072,31,Great Britain,Cruiser,Arethusa,Sheffield,1937,Completed,5220,1946,Survived
GB_0073,31,Great Britain,Cruiser,Arethusa,Southampton,1937,Completed,5220,1941,Sunk
GB_0074,32,Great Britain,Cruiser,Gloucester,Gloucester,1939,Completed,9400,1941,Sunk
GB_0075,32,Great Britain,Cruiser,Gloucester,Liverpool,1938,Completed,9400,1946,Survived
GB_0076,32,Great Britain,Cruiser,Gloucester,Manchester,1938,Completed,9400,1942,Sunk
GB_0077,32,Great Britain,Cruiser,Edinburgh,Belfast,1939,Completed,10550,1946,Survived
GB_0078,32,Great Britain,Cruiser,Edinburgh,Edinburgh,1939,Completed,10550,1942,Sunk
GB_0079,33,Great Britain,Cruiser,Dido,Argonaut,1942,Completed,5600,1946,Survived
GB_0080,33,Great Britain,Cruiser,Dido,Bonaventure,1940,Completed,5600,1941,Sunk
GB_0081,33,Great Britain,Cruiser,Dido,Charybdis,1941,Completed,5600,1943,Sunk
GB_0082,33,Great Britain,Cruiser,Dido,Cleopatra,1941,Completed,5600,1946,Survived
GB_0083,33,Great Britain,Cruiser,Dido,Dido,1940,Completed,5600,1946,Survived
GB_0084,33,Great Britain,Cruiser,Dido,Euryalus,1941,Completed,5600,1946,Survived
GB_0085,33,Great Britain,Cruiser,Dido,Hermione,1941,Completed,5600,1942,Sunk
GB_0086,33,Great Britain,Cruiser,Dido,Naiad,1940,Completed,5600,1942,Sunk
GB_0087,33,Great Britain,Cruiser,Dido,Phoebe,1940,Completed,5600,1946,Survived
GB_0088,33,Great Britain,Cruiser,Dido,Scylla,1942,Completed,5600,1946,Survived
GB_0089,33,Great Britain,Cruiser,Dido,Sirius,1942,Completed,5600,1946,Survived
GB_0090,34,Great Britain,Cruiser,Fiji,Bermuda,1942,Completed,8530,1946,Survived
GB_0091,34,Great Britain,Cruiser,Fiji,Ceylon,1943,Completed,8530,1946,Survived
GB_0092,34,Great Britain,Cruiser,Fiji,Fiji,1940,Completed,8530,1941,Sunk
GB_0093,34,Great Britain,Cruiser,Fiji,Gambia,1942,Completed,8530,1946,Survived
GB_0094,34,Great Britain,Cruiser,Fiji,Jamaica,1942,Completed,8530,1946,Survived
GB_0095,34,Great Britain,Cruiser,Fiji,Kenya,1940,Completed,8530,1946,Survived
GB_0096,34,Great Britain,Cruiser,Fiji,Mauritius,1941,Completed,8530,1946,Survived
GB_0097,34,Great Britain,Cruiser,Fiji,Newfoundland,1943,Completed,8530,1946,Survived
GB_0098,34,Great Britain,Cruiser,Fiji,Nigeria,1940,Completed,8530,1946,Survived
GB_0099,34,Great Britain,Cruiser,Fiji,Trinidad,1941,Completed,8530,1942,Sunk
GB_0100,34,Great Britain,Cruiser,Fiji,Uganda,1943,Completed,8530,1946,Survived
GB_0101,35,Great Britain,Cruiser,Bellona,Swiftsure,1944,Completed,5770,1946,Survived
GB_0102,35,Great Britain,Cruiser,Bellona,Bellerophon,1939,Planned,5770,N/A,N/A
GB_0103,35,Great Britain,Cruiser,Bellona,Defence,1944,Launched,5770,1946,Survived
GB_0104,35,Great Britain,Cruiser,Bellona,Hawke,1943,Laid Down,5770,1946,Survived
GB_0105,35,Great Britain,Cruiser,Bellona,Superb,1945,Completed,5770,1946,Survived
GB_0106,35,Great Britain,Cruiser,Bellona,Tiger,1945,Launched,5770,1946,Survived
GB_0107,37,Great Britain,Destroyer,Amazon,Amazon,1926,Launched,1352,1946,Survived
GB_0108,38,Great Britain,Destroyer,A,Acasta,1929,Launched,1350,1940,Sunk
GB_0109,38,Great Britain,Destroyer,A,Achates,1929,Launched,1350,1942,Sunk
GB_0110,38,Great Britain,Destroyer,A,Acheron,1930,Launched,1350,1940,Sunk
GB_0111,38,Great Britain,Destroyer,A,Active,1929,Launched,1350,1946,Survived
GB_0112,38,Great Britain,Destroyer,A,Antelope,1929,Launched,1350,1946,Scrapped
GB_0113,38,Great Britain,Destroyer,A,Anthony,1929,Launched,1350,1946,Survived
GB_0114,38,Great Britain,Destroyer,A,Ardent,1929,Launched,1350,1940,Sunk
GB_0115,38,Great Britain,Destroyer,A,Arrow,1929,Launched,1350,1946,Survived
GB_0116,38,Great Britain,Destroyer,Keith,Keith,1930,Launched,1400,1940,Sunk
GB_0117,38,Great Britain,Destroyer,B,Basilisk,1930,Launched,1350,1940,Sunk
GB_0118,38,Great Britain,Destroyer,B,Beagle,1930,Launched,1350,1946,Scrapped
GB_0119,38,Great Britain,Destroyer,B,Blanche,1930,Launched,1350,1939,Sunk
GB_0120,38,Great Britain,Destroyer,B,Boadicea,1930,Launched,1350,1944,Sunk
GB_0121,38,Great Britain,Destroyer,B,Boreas,1930,Launched,1350,1944,Transferred
GB_0122,38,Great Britain,Destroyer,B,Brazen,1930,Launched,1350,1940,Sunk
GB_0123,38,Great Britain,Destroyer,B,Brilliant,1930,Launched,1350,1946,Survived
GB_0124,38,Great Britain,Destroyer,B,Bulldog,1930,Launched,1350,1946,Scrapped
GB_0125,38,Great Britain,Destroyer,Saguenay,Saguenay,1930,Launched,1337,1946,Survived
GB_0126,38,Great Britain,Destroyer,Saguenay,Skeena,1930,Launched,1337,1944,Sunk
GB_0127,38,Great Britain,Destroyer,Codrington,Codrington,1929,Launched,1540,1940,Sunk
GB_0128,38,Great Britain,Destroyer,E,Echo,1934,Launched,1405,1944,Transferred
GB_0129,38,Great Britain,Destroyer,E,Eclipse,1934,Launched,1405,1943,Sunk
GB_0130,38,Great Britain,Destroyer,E,Electra,1934,Launched,1405,1942,Sunk
GB_0131,38,Great Britain,Destroyer,E,Encounter,1934,Launched,1405,1942,Sunk
GB_0132,38,Great Britain,Destroyer,E,Escapade,1934,Launched,1405,1946,Survived
GB_0133,38,Great Britain,Destroyer,E,Escort,1934,Launched,1405,1940,Sunk
GB_0134,38,Great Britain,Destroyer,E,Esk,1934,Launched,1405,1940,Sunk
GB_0135,38,Great Britain,Destroyer,E,Express,1934,Launched,1405,1946,Survived
GB_0136,38,Great Britain,Destroyer,F,Fame,1934,Launched,1405,1946,Survived
GB_0137,38,Great Britain,Destroyer,F,Fearless,1934,Launched,1405,1941,Sunk
GB_0138,39,Great Britain,Destroyer,F,Firedrake,1934,Launched,1405,1942,Sunk
GB_0139,39,Great Britain,Destroyer,F,Forester,1934,Launched,1405,1946,Survived
GB_0140,39,Great Britain,Destroyer,F,Foresight,1934,Launched,1405,1942,Sunk
GB_0141,39,Great Britain,Destroyer,F,Fortune,1934,Launched,1405,1935,Sunk
GB_0142,39,Great Britain,Destroyer,F,Foxhound,1934,Launched,1405,1935,Sunk
GB_0143,39,Great Britain,Destroyer,F,Fury,1934,Launched,1405,1935,Sunk
GB_0144,39,Great Britain,Destroyer,Exmouth,Exmouth,1934,Launched,1475,1940,Sunk
GB_0145,39,Great Britain,Destroyer,Faulknor,Faulknor,1934,Launched,1475,1946,Transferred
GB_0146,39,Great Britain,Destroyer,I,Inconstant,1941,Launched,1370,1946,Transferred
GB_0147,39,Great Britain,Destroyer,I,Ithuriel,1940,Launched,1370,1946,Survived
GB_0148,40,Great Britain,Destroyer,Tribal,Harvester,1939,Launched,1854,1943,Sunk
GB_0149,40,Great Britain,Destroyer,Tribal,Havelock,1939,Launched,1854,1946,Scrapped
GB_0150,40,Great Britain,Destroyer,Tribal,Hesperus,1939,Launched,1854,1946,Scrapped
GB_0151,40,Great Britain,Destroyer,Tribal,Highlander,1939,Launched,1854,1946,Survived
GB_0152,40,Great Britain,Destroyer,Tribal,Hurricane,1939,Launched,1854,1943,Sunk
GB_0153,40,Great Britain,Destroyer,Tribal,Grenville,1935,Launched,1854,1940,Sunk
GB_0154,40,Great Britain,Destroyer,Tribal,Hardy,1936,Launched,1854,1940,Sunk
GB_0155,40,Great Britain,Destroyer,Tribal,Inglefield,1936,Launched,1854,1944,Sunk
GB_0156,41,Great Britain,Destroyer,Tribal,Jackal,1938,Launched,1854,1942,Sunk
GB_0157,41,Great Britain,Destroyer,Tribal,Jaguar,1938,Launched,1854,1942,Sunk
GB_0158,41,Great Britain,Destroyer,Tribal,Janus,1938,Launched,1854,1944,Sunk
GB_0159,41,Great Britain,Destroyer,Tribal,Javelin,1938,Launched,1854,1946,Survived
GB_0160,41,Great Britain,Destroyer,Tribal,Jersey,1938,Launched,1854,1941,Sunk
GB_0161,41,Great Britain,Destroyer,Tribal,Jervis,1938,Launched,1854,1940,Sunk
GB_0162,41,Great Britain,Destroyer,Tribal,Juno,1938,Launched,1854,1941,Sunk
GB_0163,41,Great Britain,Destroyer,Tribal,Jupiter,1938,Launched,1854,1942,Sunk
GB_0164,41,Great Britain,Destroyer,Tribal,Kandahar,1939,Launched,1854,1941,Sunk
GB_0165,41,Great Britain,Destroyer,Tribal,Kashmir,1939,Launched,1854,1941,Sunk
GB_0166,41,Great Britain,Destroyer,Tribal,Kelly,1938,Launched,1854,1941,Sunk
GB_0167,41,Great Britain,Destroyer,Tribal,Kelvin,1939,Launched,1854,1946,Survived
GB_0168,41,Great Britain,Destroyer,Tribal,Khartoum,1939,Launched,1854,1940,Sunk
GB_0169,41,Great Britain,Destroyer,Tribal,Kimberley,1939,Launched,1854,1946,Survived
GB_0170,41,Great Britain,Destroyer,Tribal,Kingston,1939,Launched,1854,1942,Sunk
GB_0171,41,Great Britain,Destroyer,Tribal,Kipling,1939,Launched,1854,1942,Sunk
GB_0172,41,Great Britain,Destroyer,Tribal,Napier,1940,Launched,1854,1946,Survived
GB_0173,41,Great Britain,Destroyer,Tribal,Nestor,1940,Launched,1854,1942,Sunk
GB_0174,41,Great Britain,Destroyer,Tribal,Nizam,1940,Launched,1854,1946,Survived
GB_0175,41,Great Britain,Destroyer,Tribal,Noble,1941,Launched,1854,1941,Sunk
GB_0176,41,Great Britain,Destroyer,Tribal,Nonpareil,1941,Launched,1854,1942,Transferred
GB_0177,41,Great Britain,Destroyer,Tribal,Norman,1940,Launched,1854,1946,Survived
GB_0178,42,Great Britain,Destroyer,Q And R,Obdurate,1942,Launched,1705,1942,Sunk
GB_0179,42,Great Britain,Destroyer,Q And R,Obedient,1942,Launched,1705,1946,Survived
GB_0180,42,Great Britain,Destroyer,Q And R,Offa,1941,Launched,1705,1942,Sunk
GB_0181,42,Great Britain,Destroyer,Q And R,Onslaught,1941,Launched,1705,1942,Transferred
GB_0182,42,Great Britain,Destroyer,Q And R,Onslow,1941,Launched,1705,1941,Transferred
GB_0183,42,Great Britain,Destroyer,Q And R,Opportune,1942,Launched,1705,1946,Survived
GB_0184,42,Great Britain,Destroyer,Q And R,Orwell,1942,Launched,1705,1946,Survived
GB_0185,42,Great Britain,Destroyer,Q And R,Pakenham,1941,Launched,1705,1943,Sunk
GB_0186,42,Great Britain,Destroyer,Q And R,Paladin,1941,Launched,1705,1946,Survived
GB_0187,42,Great Britain,Destroyer,Q And R,Panther,1941,Launched,1705,1943,Sunk
GB_0188,42,Great Britain,Destroyer,Q And R,Partridge,1941,Launched,1705,1942,Sunk
GB_0189,42,Great Britain,Destroyer,Q And R,Pathfinder,1941,Launched,1705,1946,Survived
GB_0190,42,Great Britain,Destroyer,Q And R,Penn,1941,Launched,1705,1946,Survived
GB_0191,42,Great Britain,Destroyer,Q And R,Porcupine,1941,Launched,1705,1942,Sunk
GB_0192,42,Great Britain,Destroyer,Q And R,Saumarez,1942,Launched,1705,1946,Survived
GB_0193,42,Great Britain,Destroyer,Q And R,Savage,1942,Launched,1705,1946,Survived
GB_0194,42,Great Britain,Destroyer,Q And R,Scorpion,1942,Launched,1705,1945,Transferred
GB_0195,42,Great Britain,Destroyer,Q And R,Scourge,1942,Launched,1705,1946,Transferred
GB_0196,42,Great Britain,Destroyer,Q And R,Serapis,1943,Launched,1705,1945,Transferred
GB_0197,42,Great Britain,Destroyer,Q And R,Shark,1943,Launched,1705,1944,Sunk
GB_0198,42,Great Britain,Destroyer,Q And R,Success,1943,Launched,1705,1943,Transferred
GB_0199,42,Great Britain,Destroyer,Q And R,Swift,1943,Launched,1705,1944,Sunk
GB_0200,42,Great Britain,Destroyer,Q And R,Troubridge,1942,Launched,1705,1946,Survived
GB_0201,43,Great Britain,Destroyer,Q And R,Teazer,1943,Launched,1705,1946,Survived
GB_0202,43,Great Britain,Destroyer,Q And R,Tenacious,1943,Launched,1705,1946,Survived
GB_0203,43,Great Britain,Destroyer,Q And R,Termagant,1943,Launched,1705,1946,Survived
GB_0204,43,Great Britain,Destroyer,Q And R,Terpsichore,1943,Launched,1705,1946,Survived
GB_0205,43,Great Britain,Destroyer,Q And R,Tumult,1942,Launched,1705,1946,Survived
GB_0206,43,Great Britain,Destroyer,Q And R,Tuscan,1942,Launched,1705,1946,Survived
GB_0207,43,Great Britain,Destroyer,Q And R,Tyrian,1942,Launched,1705,1946,Survived
GB_0208,43,Great Britain,Destroyer,Q And R,Grenville,1942,Launched,1705,1943,Scrapped
GB_0209,43,Great Britain,Destroyer,Q And R,Ulster,1942,Launched,1705,1946,Survived
GB_0210,43,Great Britain,Destroyer,Q And R,Ulysses,1943,Launched,1705,1946,Survived
GB_0211,43,Great Britain,Destroyer,Q And R,Undaunted,1943,Launched,1705,1944,Sunk
GB_0212,43,Great Britain,Destroyer,Q And R,Undine,1943,Launched,1705,1946,Survived
GB_0213,43,Great Britain,Destroyer,Q And R,Urania,1943,Launched,1705,1946,Survived
GB_0214,43,Great Britain,Destroyer,Q And R,Urchin,1943,Launched,1705,1946,Survived
GB_0215,43,Great Britain,Destroyer,Q And R,Ursa,1943,Launched,1705,1946,Survived
GB_0216,43,Great Britain,Destroyer,Q And R,Hardy,1943,Launched,1705,1944,Sunk
GB_0217,43,Great Britain,Destroyer,Q And R,Valentine,1943,Launched,1705,1946,Survived
GB_0218,43,Great Britain,Destroyer,Q And R,Venus,1943,Launched,1705,1946,Survived
GB_0219,43,Great Britain,Destroyer,Q And R,Verulam,1943,Launched,1705,1946,Survived
GB_0220,43,Great Britain,Destroyer,Q And R,Vigilant,1942,Launched,1705,1946,Survived
GB_0221,43,Great Britain,Destroyer,Q And R,Virago,1943,Launched,1705,1946,Survived
GB_0222,43,Great Britain,Destroyer,Q And R,Vixen,1943,Launched,1705,1946,Survived
GB_0223,43,Great Britain,Destroyer,Q And R,Volage,1943,Launched,1705,1946,Survived
GB_0224,43,Great Britain,Destroyer,Q And R,Kempenfelt,1943,Launched,1705,1946,Survived
GB_0225,43,Great Britain,Destroyer,Q And R,Wager,1943,Launched,1705,1942,Transferred
GB_0226,43,Great Britain,Destroyer,Q And R,Wakeful,1943,Launched,1705,1946,Survived
GB_0227,43,Great Britain,Destroyer,Q And R,Whelp,1943,Launched,1705,1946,Survived
GB_0228,43,Great Britain,Destroyer,Q And R,Whirlwind,1943,Launched,1705,1946,Survived
GB_0229,43,Great Britain,Destroyer,Q And R,Wizard,1943,Launched,1705,1946,Survived
GB_0230,43,Great Britain,Destroyer,Q And R,Wrangler,1943,Launched,1705,1946,Survived
GB_0231,44,Great Britain,Destroyer,Battle,Agincourt,1945,Launched,2315,1946,Survived
GB_0232,44,Great Britain,Destroyer,Battle,Aisne,1945,Launched,2315,1946,Survived
GB_0233,44,Great Britain,Destroyer,Battle,Alamein,1945,Launched,2315,1946,Survived
GB_0234,44,Great Britain,Destroyer,Battle,Barrosa,1945,Launched,2315,1946,Survived
GB_0235,44,Great Britain,Destroyer,Battle,Corunna,1945,Launched,2315,1946,Survived
GB_0236,44,Great Britain,Destroyer,Battle,Dunkirk,1945,Launched,2315,1946,Survived
GB_0237,44,Great Britain,Destroyer,Battle,Jutland,1946,Launched,2315,1946,Survived
GB_0238,44,Great Britain,Destroyer,Battle,Matapan,1945,Launched,2315,1946,Survived
GB_0239,44,Great Britain,Destroyer,Battle,Armada,1943,Launched,2315,1946,Survived
GB_0240,44,Great Britain,Destroyer,Battle,Barfleur,1943,Launched,2315,1946,Survived
GB_0241,44,Great Britain,Destroyer,Battle,Cadiz,1944,Launched,2315,1946,Survived
GB_0242,44,Great Britain,Destroyer,Battle,Camperdown,1944,Launched,2315,1946,Survived
GB_0243,44,Great Britain,Destroyer,Battle,Finisterre,1944,Launched,2315,1946,Survived
GB_0244,44,Great Britain,Destroyer,Battle,Gabbard,1945,Launched,2315,1946,Survived
GB_0245,44,Great Britain,Destroyer,Battle,Gravelines,1944,Launched,2315,1946,Survived
GB_0246,44,Great Britain,Destroyer,Battle,Hogue,1944,Launched,2315,1946,Survived
GB_0247,44,Great Britain,Destroyer,Battle,Lagos,1944,Launched,2315,1946,Survived
GB_0248,44,Great Britain,Destroyer,Battle,St James,1945,Launched,2315,1946,Survived
GB_0249,44,Great Britain,Destroyer,Battle,St Kitts,1944,Launched,2315,1946,Survived
GB_0250,44,Great Britain,Destroyer,Battle,Saintes,1944,Launched,2315,1946,Survived
GB_0251,44,Great Britain,Destroyer,Battle,Sluys,1945,Launched,2315,1946,Survived
GB_0252,44,Great Britain,Destroyer,Battle,Solebay,1944,Launched,2315,1946,Survived
GB_0253,44,Great Britain,Destroyer,Battle,Trafalgar,1944,Launched,2315,1946,Survived
GB_0254,44,Great Britain,Destroyer,Battle,Vigo,1945,Launched,2315,1946,Survived
GB_0255,44,Great Britain,Destroyer,1944 Weapon,Battleaxe,1945,Launched,1980,1946,Survived
GB_0256,44,Great Britain,Destroyer,1944 Weapon,Broadsword,1946,Launched,1980,1946,Survived
GB_0257,44,Great Britain,Destroyer,1944 Weapon,Crossbow,1945,Launched,1980,1946,Survived
GB_0258,44,Great Britain,Destroyer,1944 Weapon,Scorpion,1946,Launched,1980,1946,Survived
GB_0259,45,Great Britain,Escort,Hunt,Atherstone,1939,Launched,1050,1946,Survived
GB_0260,45,Great Britain,Escort,Hunt,Berkeley,1940,Launched,1050,1942,Sunk
GB_0261,45,Great Britain,Escort,Hunt,Blencathra,1940,Launched,1050,1946,Survived
GB_0262,45,Great Britain,Escort,Hunt,Brocklesby,1940,Launched,1050,1946,Survived
GB_0263,45,Great Britain,Escort,Hunt,Cattistock,1940,Launched,1050,1946,Survived
GB_0264,45,Great Britain,Escort,Hunt,Cleveland,1940,Launched,1050,1946,Survived
GB_0265,45,Great Britain,Escort,Hunt,Cotswold,1940,Launched,1050,1946,Survived
GB_0266,45,Great Britain,Escort,Hunt,Cottesmore,1940,Launched,1050,1946,Survived
GB_0267,45,Great Britain,Escort,Hunt,Eglinton,1939,Launched,1050,1946,Survived
GB_0268,45,Great Britain,Escort,Hunt,Exmoor,1940,Launched,1050,1941,Sunk
GB_0269,45,Great Britain,Escort,Hunt,Fernie,1940,Launched,1050,1946,Survived
GB_0270,45,Great Britain,Escort,Hunt,Garth,1940,Launched,1050,1946,Survived
GB_0271,45,Great Britain,Escort,Hunt,Hambledon,1939,Launched,1050,1946,Survived
GB_0272,45,Great Britain,Escort,Hunt,Holderness,1940,Launched,1050,1946,Survived
GB_0273,45,Great Britain,Escort,Hunt,Liddesdale,1940,Launched,1050,1946,Survived
GB_0274,45,Great Britain,Escort,Hunt,Mendip,1940,Launched,1050,1946,Survived
GB_0275,45,Great Britain,Escort,Hunt,Meynell,1940,Launched,1050,1946,Survived
GB_0276,45,Great Britain,Escort,Hunt,Pytchley,1940,Launched,1050,1946,Survived
GB_0277,45,Great Britain,Escort,Hunt,Quantock,1940,Launched,1050,1946,Survived
GB_0278,45,Great Britain,Escort,Hunt,Quorn,1940,Launched,1050,1944,Sunk
GB_0279,45,Great Britain,Escort,Hunt,Southdown,1940,Launched,1050,1946,Survived
GB_0280,45,Great Britain,Escort,Hunt,Tynedale,1940,Launched,1050,1943,Sunk
GB_0281,45,Great Britain,Escort,Hunt,Whaddon,1940,Launched,1050,1946,Survived
GB_0282,45,Great Britain,Escort,Daring,Dainty,1945,Laid Down,2610,1972,Scrapped
GB_0283,45,Great Britain,Escort,Daring,Daring,1945,Laid Down,2610,1971,Scrapped
GB_0284,45,Great Britain,Escort,Daring,Defender,1945,Planned,2610,1972,Sunk
GB_0285,45,Great Britain,Escort,Daring,Delight,1946,Laid Down,2610,1971,Scrapped
GB_0286,45,Great Britain,Escort,Daring,Diamond,1945,Planned,2610,1946,Survived
GB_0287,45,Great Britain,Escort,Daring,Duchess,1945,Planned,2610,1946,Survived
GB_0288,46,Great Britain,Escort,Hunt,Airedale,1941,Launched,1050,1942,Sunk
GB_0289,46,Great Britain,Escort,Hunt,Albrighton,1941,Launched,1050,1946,Survived
GB_0290,46,Great Britain,Escort,Hunt,Aldenham,1941,Launched,1050,1944,Sunk
GB_0291,46,Great Britain,Escort,Hunt,Belvoir,1941,Launched,1050,1946,Survived
GB_0292,46,Great Britain,Escort,Hunt,Blean,1942,Launched,1050,1942,Sunk
GB_0293,46,Great Britain,Escort,Hunt,Bleasdale,1941,Launched,1050,1946,Survived
GB_0294,46,Great Britain,Escort,Hunt,Bolebroke,1941,Launched,1050,1942,Transferred
GB_0295,46,Great Britain,Escort,Hunt,Border,1942,Launched,1050,1942,Transferred
GB_0296,46,Great Britain,Escort,Hunt,Catterick,1941,Launched,1050,1946,Transferred
GB_0297,46,Great Britain,Escort,Hunt,Derwent,1941,Launched,1050,1946,Survived
GB_0298,46,Great Britain,Escort,Hunt,Avon Vale,1940,Launched,1050,1946,Survived
GB_0299,46,Great Britain,Escort,Hunt,Badsworth,1941,Launched,1050,1946,Transferred
GB_0300,46,Great Britain,Escort,Hunt,Beaufort,1941,Launched,1050,1946,Survived
GB_0301,46,Great Britain,Escort,Hunt,Bedale,1941,Launched,1050,1946,Survived
GB_0302,46,Great Britain,Escort,Hunt,Bicester,1941,Launched,1050,1946,Survived
GB_0303,46,Great Britain,Escort,Hunt,Blackmore,1941,Launched,1050,1946,Survived
GB_0304,46,Great Britain,Escort,Hunt,Blankney,1940,Launched,1050,1946,Survived
GB_0305,46,Great Britain,Escort,Hunt,Bramham,1942,Launched,1050,1943,Transferred
GB_0306,46,Great Britain,Escort,Hunt,Calpe,1941,Launched,1050,1946,Survived
GB_0307,46,Great Britain,Escort,Hunt,Chiddingfold,1941,Launched,1050,1946,Survived
GB_0308,46,Great Britain,Escort,Hunt,Cowdray,1941,Launched,1050,1946,Survived
GB_0309,46,Great Britain,Escort,Hunt,Croome,1941,Launched,1050,1942,Sunk
GB_0310,46,Great Britain,Escort,Hunt,Dulverton,1941,Launched,1050,1943,Sunk
GB_0311,46,Great Britain,Escort,Hunt,Eridge,1940,Launched,1050,1942,Sunk
GB_0312,46,Great Britain,Escort,Hunt,Farndale,1940,Launched,1050,1946,Survived
GB_0313,46,Great Britain,Escort,Hunt,Grove,1941,Launched,1050,1942,Sunk
GB_0314,46,Great Britain,Escort,Hunt,Heythrop,1940,Launched,1050,1942,Sunk
GB_0315,46,Great Britain,Escort,Hunt,Hursley,1941,Launched,1050,1943,Transferred
GB_0316,46,Great Britain,Escort,Hunt,Hurworth,1941,Launched,1050,1943,Sunk
GB_0317,46,Great Britain,Escort,Hunt,Lamerton,1940,Launched,1050,1946,Survived
GB_0318,46,Great Britain,Escort,Hunt,Lauderdale,1941,Launched,1050,1946,Transferred
GB_0319,46,Great Britain,Escort,Hunt,Ledbury,1941,Launched,1050,1946,Survived
GB_0320,46,Great Britain,Escort,Hunt,Middleton,1941,Launched,1050,1946,Survived
GB_0321,46,Great Britain,Escort,Hunt,Oakley,1940,Launched,1050,1942,Sunk
GB_0322,46,Great Britain,Escort,Hunt,Puckeridge,1941,Launched,1050,1943,Sunk
GB_0323,46,Great Britain,Escort,Hunt,Silverton,1940,Launched,1050,1946,Survived
GB_0324,46,Great Britain,Escort,Hunt,Southwold,1941,Launched,1050,1942,Sunk
GB_0325,46,Great Britain,Escort,Hunt,Tetcott,1941,Launched,1050,1946,Survived
GB_0326,46,Great Britain,Escort,Hunt,Wheatland,1941,Launched,1050,1946,Survived
GB_0327,46,Great Britain,Escort,Hunt,Wilton,1941,Launched,1050,1946,Survived
GB_0328,46,Great Britain,Escort,Hunt,Zetland,1942,Launched,1050,1946,Survived
GB_0329,47,Great Britain,Escort,Hunt,Brecon,1942,Launched,1050,1946,Survived
GB_0330,47,Great Britain,Escort,Hunt,Brissenden,1942,Launched,1050,1946,Survived
GB_0331,47,Great Britain,Escort,Hunt,XI,1941,Launched,1050,1946,Survived
GB_0332,47,Great Britain,Escort,Oxley,Otway,1926,Launched,1354,1945,Scrapped
GB_0333,47,Great Britain,Escort,Oxley,Oxley,1926,Launched,1354,1939,Sunk
GB_0334,48,Great Britain,Submarine,Odin,Odin,1928,Launched,1475,1940,Sunk
GB_0335,48,Great Britain,Submarine,Odin,Olympus,1928,Launched,1475,1942,Sunk
GB_0336,48,Great Britain,Submarine,Odin,Orpheus,1929,Launched,1475,1940,Sunk
GB_0337,48,Great Britain,Submarine,Odin,Osiris,1928,Launched,1475,1946,Scrapped
GB_0338,48,Great Britain,Submarine,Odin,Oswald,1928,Launched,1475,1940,Sunk
GB_0339,48,Great Britain,Submarine,Rainbow,Otus,1928,Launched,1475,1946,Scuttled
GB_0340,48,Great Britain,Submarine,Parthian,Pandora,1929,Launched,1475,1942,Sunk
GB_0341,48,Great Britain,Submarine,Parthian,Parthian,1929,Launched,1475,1943,Sunk
GB_0342,48,Great Britain,Submarine,Parthian,Perseus,1929,Launched,1475,1941,Sunk
GB_0343,48,Great Britain,Submarine,Parthian,Phoenix,1929,Launched,1475,1940,Sunk
GB_0344,48,Great Britain,Submarine,Parthian,Poseidon,1929,Launched,1475,1946,Survived
GB_0345,48,Great Britain,Submarine,Parthian,Proteus,1929,Launched,1475,1946,Scrapped
GB_0346,49,Great Britain,Submarine,Parthian,Thames,1932,Launched,1475,1940,Sunk
GB_0347,49,Great Britain,Submarine,Parthian,Severn,1934,Launched,1475,1946,Scrapped
GB_0348,49,Great Britain,Submarine,Parthian,Clyde,1934,Launched,1475,1946,Scrapped
GB_0349,49,Great Britain,Submarine,Parthian,Porpoise,1932,Launched,1475,1945,Sunk
GB_0350,49,Great Britain,Submarine,Grampus,Grampus,1936,Launched,1520,1940,Sunk
GB_0351,49,Great Britain,Submarine,Grampus,Narwhal,1935,Launched,1520,1940,Sunk
GB_0352,49,Great Britain,Submarine,Grampus,Rorqual,1936,Launched,1520,1946,Scrapped
GB_0353,49,Great Britain,Submarine,Grampus,Cachalot,1937,Launched,1520,1941,Sunk
GB_0354,49,Great Britain,Submarine,Grampus,Seal,1938,Launched,1520,1945,Scuttled
GB_0355,49,Great Britain,Submarine,Shark,Sturgeon,1932,Launched,670,1946,Scrapped
GB_0356,49,Great Britain,Submarine,Shark,Swordfish,1931,Launched,670,1940,Sunk
GB_0357,49,Great Britain,Submarine,Shark,Seahorse,1932,Launched,670,1940,Sunk
GB_0358,49,Great Britain,Submarine,Shark,Starfish,1933,Launched,670,1940,Sunk
GB_0359,49,Great Britain,Submarine,Shark,Sealion,1934,Launched,670,1945,Scuttled
GB_0360,49,Great Britain,Submarine,Shark,Shark,1934,Launched,670,1940,Sunk
GB_0361,49,Great Britain,Submarine,Shark,Salmon,1934,Launched,670,1940,Sunk
GB_0362,49,Great Britain,Submarine,Shark,Snapper,1934,Launched,670,1941,Sunk
GB_0363,49,Great Britain,Submarine,Shark,Seawolf,1935,Launched,670,1945,Scrapped
GB_0364,49,Great Britain,Submarine,Shark,Spearfish,1936,Launched,670,1940,Sunk
GB_0365,49,Great Britain,Submarine,Shark,Sunfish,1936,Launched,670,1944,Sunk
GB_0366,49,Great Britain,Submarine,Shark,Sterlet,1937,Launched,670,1940,Sunk
GB_0367,50,Great Britain,Submarine,T,Triton,1937,Launched,1290,1940,Sunk
GB_0368,50,Great Britain,Submarine,T,Thunderbolt,1938,Launched,1290,1943,Sunk
GB_0369,50,Great Britain,Submarine,T,Tribune,1938,Launched,1290,1946,Survived
GB_0370,50,Great Britain,Submarine,T,Trident,1938,Launched,1290,1946,Scrapped
GB_0371,50,Great Britain,Submarine,T,Triumph,1938,Launched,1290,1942,Sunk
GB_0372,50,Great Britain,Submarine,T,Taku,1939,Launched,1290,1946,Scrapped
GB_0373,50,Great Britain,Submarine,T,Tarpon,1939,Launched,1290,1940,Sunk
GB_0374,50,Great Britain,Submarine,T,Thistle,1938,Launched,1290,1940,Sunk
GB_0375,50,Great Britain,Submarine,T,Tigris,1939,Launched,1290,1943,Sunk
GB_0376,50,Great Britain,Submarine,T,Triad,1939,Launched,1290,1940,Sunk
GB_0377,50,Great Britain,Submarine,T,Truant,1939,Launched,1290,1941,Sunk
GB_0378,50,Great Britain,Submarine,T,Tuna,1940,Launched,1290,1941,Sunk
GB_0379,50,Great Britain,Submarine,T,Talisman,1940,Launched,1290,1942,Sunk
GB_0380,50,Great Britain,Submarine,T,Tetrarch,1939,Launched,1290,1941,Sunk
GB_0381,50,Great Britain,Submarine,T,Torbay,1940,Launched,1290,1945,Scrapped
GB_0382,51,Great Britain,Submarine,T,Tantivy,1943,Launched,1290,1945,Sunk
GB_0383,51,Great Britain,Submarine,T,Taurus,1942,Launched,1290,1946,Survived
GB_0384,51,Great Britain,Submarine,T,Templar,1942,Launched,1290,1943,Sunk
GB_0385,51,Great Britain,Submarine,T,Trespasser,1942,Launched,1290,1946,Survived
GB_0386,51,Great Britain,Submarine,T,Truculent,1942,Launched,1290,1943,Scrapped
GB_0387,51,Great Britain,Submarine,T,Taciturn,1944,Launched,1290,1946,Survived
GB_0388,51,Great Britain,Submarine,T,Tapir,1944,Launched,1290,1946,Survived
GB_0389,51,Great Britain,Submarine,T,Tarn,1944,Launched,1290,1945,Transferred
GB_0390,51,Great Britain,Submarine,T,Telemachus,1943,Launched,1290,1946,Survived
GB_0391,52,Great Britain,Submarine,S,Safari,1941,Launched,640,1942,Sunk
GB_0392,52,Great Britain,Submarine,S,Sahib,1942,Launched,640,1943,Sunk
GB_0393,52,Great Britain,Submarine,S,Saracen,1942,Launched,640,1943,Sunk
GB_0394,52,Great Britain,Submarine,S,Satyr,1942,Launched,640,1946,Survived
GB_0395,52,Great Britain,Submarine,S,Sceptre,1943,Launched,640,1946,Survived
GB_0396,52,Great Britain,Submarine,S,P222,1941,Launched,640,1942,Sunk
GB_0397,52,Great Britain,Submarine,S,Seadog,1942,Launched,640,1946,Survived
GB_0398,52,Great Britain,Submarine,S,Sea Nymph,1942,Launched,640,1946,Survived
GB_0399,52,Great Britain,Submarine,S,Sea Rover,1943,Launched,640,1946,Survived
GB_0400,52,Great Britain,Submarine,S,Seraph,1941,Launched,640,1946,Survived
GB_0401,52,Great Britain,Submarine,S,Shakespeare,1941,Launched,640,1946,Scrapped
GB_0402,52,Great Britain,Submarine,S,Sibyl,1942,Launched,640,1946,Survived
GB_0403,52,Great Britain,Submarine,S,Sickle,1942,Launched,640,1944,Sunk
GB_0404,52,Great Britain,Submarine,S,Simoom,1942,Launched,640,1943,Sunk
GB_0405,52,Great Britain,Submarine,S,Sirdar,1943,Launched,640,1946,Survived
GB_0406,52,Great Britain,Submarine,S,Spiteful,1943,Launched,640,1946,Survived
GB_0407,52,Great Britain,Submarine,S,Splendid,1942,Launched,640,1943,Sunk
GB_0408,52,Great Britain,Submarine,S,Sportsman,1942,Launched,640,1946,Survived
GB_0409,52,Great Britain,Submarine,S,Scotsman,1944,Launched,640,1946,Survived
GB_0410,52,Great Britain,Submarine,S,Scythian,1944,Launched,640,1946,Survived
GB_0411,52,Great Britain,Submarine,S,Sea Devil,1945,Launched,640,1946,Survived
GB_0412,52,Great Britain,Submarine,S,Shalimar,1943,Launched,640,1946,Survived
GB_0413,52,Great Britain,Submarine,S,Spark,1943,Launched,640,1946,Survived
GB_0414,52,Great Britain,Submarine,S,Spirit,1943,Launched,640,1946,Survived
GB_0415,52,Great Britain,Submarine,S,Statesman,1943,Launched,640,1946,Survived
GB_0416,52,Great Britain,Submarine,S,Stoic,1943,Launched,640,1946,Survived
GB_0417,52,Great Britain,Submarine,S,Stonehenge,1943,Launched,640,1944,Sunk
GB_0418,52,Great Britain,Submarine,S,Storm,1943,Launched,640,1946,Survived
GB_0419,52,Great Britain,Submarine,S,Stratagem,1943,Launched,640,1944,Sunk
GB_0420,52,Great Britain,Submarine,S,Strongbow,1943,Launched,640,1946,Transferred
GB_0421,52,Great Britain,Submarine,S,Stubborn,1942,Launched,640,1942,Sunk
GB_0422,52,Great Britain,Submarine,S,Surf,1942,Launched,640,1946,Survived
GB_0423,52,Great Britain,Submarine,S,Syrtis,1943,Launched,640,1944,Sunk
GB_0424,53,Great Britain,Submarine,U,Umpire,1940,Launched,540,1942,Scrapped
GB_0425,53,Great Britain,Submarine,U,Una,1941,Launched,540,1946,Survived
GB_0426,53,Great Britain,Submarine,U,Unbeaten,1940,Launched,540,1942,Sunk
GB_0427,53,Great Britain,Submarine,U,Undaunted,1940,Launched,540,1941,Sunk
GB_0428,53,Great Britain,Submarine,U,Union,1940,Launched,540,1941,Sunk
GB_0429,53,Great Britain,Submarine,U,Unique,1940,Launched,540,1942,Sunk
GB_0430,53,Great Britain,Submarine,U,Upholder,1940,Launched,540,1942,Sunk
GB_0431,53,Great Britain,Submarine,U,Upright,1940,Launched,540,1946,Scrapped
GB_0432,53,Great Britain,Submarine,U,Urchin,1940,Launched,540,1943,Sunk
GB_0433,53,Great Britain,Submarine,U,Urge,1940,Launched,540,1942,Sunk
GB_0434,53,Great Britain,Submarine,U,Usk,1940,Launched,540,1941,Sunk
GB_0435,53,Great Britain,Submarine,U,Utmost,1940,Launched,540,1942,Sunk
GB_0436,53,Great Britain,Submarine,U,P32,1940,Launched,540,1941,Sunk
GB_0437,53,Great Britain,Submarine,U,P33,1941,Launched,540,1941,Sunk
GB_0438,53,Great Britain,Submarine,U,P36,1941,Launched,540,1942,Sunk
GB_0439,53,Great Britain,Submarine,U,P38,1941,Launched,540,1942,Sunk
GB_0440,53,Great Britain,Submarine,U,P39,1941,Launched,540,1942,Sunk
GB_0441,53,Great Britain,Submarine,U,P47,1942,Launched,540,1942,Transferred
GB_0442,53,Great Britain,Submarine,U,P48,1942,Launched,540,1942,Sunk
GB_0443,53,Great Britain,Submarine,U,P52,1942,Launched,540,1946,Survived
GB_0444,53,Great Britain,Submarine,U,Ultimatum,1941,Launched,540,1946,Survived
GB_0445,53,Great Britain,Submarine,U,Unbending,1941,Launched,540,1946,Survived
GB_0446,53,Great Britain,Submarine,U,Unbroken,1941,Launched,540,1946,Survived
GB_0447,53,Great Britain,Submarine,U,Unrivalled,1942,Launched,540,1946,Scrapped
GB_0448,53,Great Britain,Submarine,U,Unruffled,1941,Launched,540,1946,Scrapped
GB_0449,54,Great Britain,Submarine,V,Vampire,1943,Launched,545,1946,Survived
GB_0450,54,Great Britain,Submarine,V,Veldt,1943,Launched,545,1946,Survived
GB_0451,54,Great Britain,Submarine,V,Venturer,1943,Launched,545,1946,Transferred
GB_0452,54,Great Britain,Submarine,V,Vigorous,1943,Launched,545,1946,Survived
GB_0453,54,Great Britain,Submarine,V,Viking,1943,Launched,545,1946,Transferred
GB_0454,54,Great Britain,Submarine,V,Virtue,1943,Launched,545,1946,Transferred
GB_0455,54,Great Britain,Submarine,V,Visigoth,1943,Launched,545,1940,Sunk
GB_0456,54,Great Britain,Submarine,V,Vox,1943,Launched,545,1946,Scrapped
GB_0457,54,Great Britain,Submarine,U,Upshot,1944,Launched,540,1946,Survived
GB_0458,54,Great Britain,Submarine,U,Urtica,1944,Launched,540,1946,Survived
GB_0459,54,Great Britain,Submarine,V,Vagabond,1944,Launched,545,1946,Survived
GB_0460,54,Great Britain,Submarine,V,Variance,1944,Launched,545,1944,Transferred
GB_0461,54,Great Britain,Submarine,V,Varne,1944,Launched,545,1946,Survived
GB_0462,54,Great Britain,Submarine,V,Vengeful,1944,Launched,545,1946,Survived
GB_0463,54,Great Britain,Submarine,V,Vineyard,1944,Launched,545,1946,Survived
GB_0464,54,Great Britain,Submarine,V,Virulent,1944,Launched,545,1946,Survived
GB_0465,54,Great Britain,Submarine,V,Vivid,1943,Launched,545,1946,Survived
GB_0466,54,Great Britain,Submarine,V,Volatile,1944,Launched,545,1946,Survived
GB_0467,54,Great Britain,Submarine,V,Voracious,1943,Launched,545,1946,Scrapped
GB_0468,54,Great Britain,Submarine,V,Vortex,1944,Launched,545,1946,Survived
GB_0469,54,Great Britain,Submarine,V,Votary,1944,Launched,545,1946,Transferred
GB_0470,54,Great Britain,Submarine,Tyne A,Acheron,1944,Laid Down,1360,1972,Scrapped
GB_0471,54,Great Britain,Submarine,Tyne A,Aeneas,1945,Launched,1360,1946,Survived
GB_0472,54,Great Britain,Submarine,Tyne A,Affray,1945,Launched,1360,1946,Survived
GB_0473,54,Great Britain,Submarine,Tyne A,Alaric,1946,Launched,1360,1946,Survived
GB_0474,54,Great Britain,Submarine,Tyne A,Alcide,1945,Launched,1360,1946,Survived
GB_0475,54,Great Britain,Submarine,Tyne A,Alderney,1945,Launched,1360,1946,Survived
GB_0476,54,Great Britain,Submarine,Tyne A,Alliance,1945,Launched,1360,1946,Survived
GB_0477,54,Great Britain,Submarine,Tyne A,Ambush,1945,Launched,1360,1946,Survived
GB_0478,54,Great Britain,Submarine,Tyne A,Anchorite,1946,Launched,1360,1946,Survived
GB_0479,55,Great Britain,Submarine,Tyne A,Andrew,1946,Launched,1360,1946,Survived
GB_0480,55,Great Britain,Submarine,Tyne A,Artemis,1946,Launched,1360,1946,Survived
GB_0481,55,Great Britain,Submarine,Tyne A,Artful,1944,Laid Down,1360,1969,Scrapped
GB_0482,55,Great Britain,Submarine,Tyne A,Astute,1945,Launched,1360,1946,Survived
GB_0483,55,Great Britain,Submarine,Tyne A,Auriga,1945,Launched,1360,1946,Survived
GB_0484,55,Great Britain,Submarine,Tyne A,Aurochs,1945,Launched,1360,1946,Survived
GB_0485,55,Great Britain,Submarine,Bridgewater,Bridgewater,1928,Launched,1045,1946,Survived
GB_0486,55,Great Britain,Submarine,Bridgewater,Sandwich,1928,Launched,1045,1946,Scrapped
GB_0487,56,Great Britain,Escort,Hastings,Folkestone,1930,Launched,1045,1946,Survived
GB_0488,56,Great Britain,Escort,Hastings,Hastings,1930,Launched,1045,1946,Scrapped
GB_0489,56,Great Britain,Escort,Hastings,Penzance,1930,Launched,1045,1940,Sunk
GB_0490,56,Great Britain,Escort,Hastings,Scarborough,1930,Launched,1045,1946,Survived
GB_0491,56,Great Britain,Escort,Grimsby,Aberdeen,1936,Launched,990,1946,Survived
GB_0492,56,Great Britain,Escort,Grimsby,Deptford,1935,Launched,990,1946,Survived
GB_0493,56,Great Britain,Escort,Grimsby,Fleetwood,1936,Launched,990,1946,Survived
GB_0494,56,Great Britain,Escort,Grimsby,Grimsby,1933,Launched,990,1941,Sunk
GB_0495,56,Great Britain,Escort,Grimsby,Leith,1933,Launched,990,1946,Survived
GB_0496,56,Great Britain,Escort,Grimsby,Londonderry,1935,Launched,990,1946,Survived
GB_0497,56,Great Britain,Escort,Grimsby,Lowestoft,1934,Launched,990,1946,Scrapped
GB_0498,56,Great Britain,Escort,Grimsby,Wellington,1934,Launched,990,1946,Survived
GB_0499,56,Great Britain,Escort,Grimsby,Parramatta,1939,Launched,990,1941,Sunk
GB_0500,56,Great Britain,Escort,Grimsby,Swan,1936,Launched,990,1946,Survived
GB_0501,56,Great Britain,Escort,Grimsby,Warrego,1940,Launched,990,1946,Survived
GB_0502,56,Great Britain,Escort,Grimsby,Yarra,1935,Launched,990,1942,Sunk
GB_0503,56,Great Britain,Escort,Shoreham,Hindustan,1930,Launched,1105,1946,Survived
GB_0504,56,Great Britain,Escort,Shoreham,Bideford,1931,Launched,1105,1946,Survived
GB_0505,56,Great Britain,Escort,Shoreham,Fowey,1930,Launched,1105,1946,Scrapped
GB_0506,56,Great Britain,Escort,Shoreham,Rochester,1931,Launched,1105,1946,Survived
GB_0507,56,Great Britain,Escort,Shoreham,Shoreham,1930,Launched,1105,1946,Scrapped
GB_0508,56,Great Britain,Escort,Shoreham,Dundee,1932,Launched,1105,1940,Sunk
GB_0509,56,Great Britain,Escort,Shoreham,Falmouth,1932,Launched,1105,1946,Survived
GB_0510,56,Great Britain,Escort,Shoreham,Milford,1932,Launched,1105,1946,Survived
GB_0511,56,Great Britain,Escort,Shoreham,Weston,1932,Launched,1105,1946,Survived
GB_0512,57,Great Britain,Escort,Black Swan,Black Swan,1939,Launched,1250,1946,Survived
GB_0513,57,Great Britain,Escort,Black Swan,Erne,1940,Launched,1250,1946,Survived
GB_0514,57,Great Britain,Escort,Black Swan,Flamingo,1939,Launched,1250,1946,Survived
GB_0515,57,Great Britain,Escort,Black Swan,Ibis,1940,Launched,1250,1942,Sunk
GB_0516,57,Great Britain,Escort,Bittern,Bittern,1937,Launched,1190,1940,Sunk
GB_0517,57,Great Britain,Escort,Bittern,Enchantress,1934,Launched,3600,1946,Scrapped
GB_0518,57,Great Britain,Escort,Bittern,Stork,1936,Launched,195,1946,Survived
GB_0519,57,Great Britain,Escort,Bittern,Jumna,1940,Launched,1190,1946,Survived
GB_0520,57,Great Britain,Escort,Bittern,Sutlej,1940,Launched,1190,1946,Survived
GB_0521,57,Great Britain,Escort,Bittern,Godavari,1943,Launched,1190,1946,Survived
GB_0522,57,Great Britain,Escort,Bittern,Narbada,1942,Launched,1190,1946,Survived
GB_0523,57,Great Britain,Escort,Black Swan,Actaeon,1945,Launched,1250,1946,Survived
GB_0524,57,Great Britain,Escort,Black Swan,Alacrity,1944,Launched,1250,1946,Survived
GB_0525,57,Great Britain,Escort,Black Swan,Auckland,1938,Launched,1250,1941,Sunk
GB_0526,57,Great Britain,Escort,Black Swan,Egret,1938,Launched,1250,1943,Sunk
GB_0527,57,Great Britain,Escort,Black Swan,Pelican,1938,Launched,1250,1943,Sunk
GB_0528,58,Great Britain,Escort,Black Swan,Mermaid,1943,Launched,1250,1946,Survived
GB_0529,58,Great Britain,Escort,Black Swan,Modeste,1944,Launched,1250,1946,Survived
GB_0530,58,Great Britain,Escort,Black Swan,Nereide,1944,Launched,1250,1946,Survived
GB_0531,58,Great Britain,Escort,Black Swan,Opossum,1944,Launched,1250,1946,Survived
GB_0532,58,Great Britain,Escort,Black Swan,Peacock,1943,Launched,1250,1946,Survived
GB_0533,58,Great Britain,Escort,Black Swan,Pheasant,1942,Launched,1250,1946,Survived
GB_0534,58,Great Britain,Escort,Black Swan,Redpole,1943,Launched,1250,1946,Survived
GB_0535,58,Great Britain,Escort,Black Swan,Snipe,1945,Launched,1250,1946,Survived
GB_0536,58,Great Britain,Escort,Black Swan,Sparrow,1946,Launched,1250,1946,Survived
GB_0537,58,Great Britain,Escort,Black Swan,Starling,1942,Launched,1250,1946,Survived
GB_0538,58,Great Britain,Escort,Black Swan,Whimbrel,1942,Launched,1250,1946,Survived
GB_0539,58,Great Britain,Escort,Black Swan,Wild Goose,1942,Launched,1250,1946,Survived
GB_0540,58,Great Britain,Escort,Black Swan,Woodcock,1942,Launched,1250,1946,Survived
GB_0541,58,Great Britain,Escort,Black Swan,Woodpecker,1942,Launched,1250,1944,Sunk
GB_0542,58,Great Britain,Escort,Black Swan,Wren,1942,Launched,1250,1946,Survived
GB_0543,58,Great Britain,Escort,Black Swan,Cauvery,1943,Launched,1250,1946,Survived
GB_0544,58,Great Britain,Escort,Black Swan,Kistna,1943,Launched,1250,1946,Survived
GB_0545,58,Great Britain,Escort,River,Aire,1943,Launched,1370,1946,Sunk
GB_0546,58,Great Britain,Escort,River,Annan,1943,Launched,1370,N/A,Transferred
GB_0547,58,Great Britain,Escort,River,Avon,1943,Launched,1370,1942,Transferred
GB_0548,58,Great Britain,Escort,River,Awe,1943,Launched,1370,1943,Transferred
GB_0549,58,Great Britain,Escort,River,Ballinderry,1942,Launched,1370,1946,Survived
GB_0550,58,Great Britain,Escort,River,Bann,1942,Launched,1370,1946,Survived
GB_0551,58,Great Britain,Escort,River,Braid,1943,Launched,1370,1942,Sunk
GB_0552,58,Great Britain,Escort,River,Cam,1943,Launched,1370,1945,Scrapped
GB_0553,58,Great Britain,Escort,River,Chelmer,1943,Launched,1370,1946,Survived
GB_0554,59,Great Britain,Escort,River,Kale,1942,Launched,1370,1946,Survived
GB_0555,59,Great Britain,Escort,River,Lagan,1942,Launched,1370,1946,Transferred
GB_0556,59,Great Britain,Escort,River,Lochy,1943,Launched,1370,1946,Survived
GB_0557,59,Great Britain,Escort,River,Meon,1943,Launched,1370,1946,Survived
GB_0558,59,Great Britain,Escort,River,Monnow,1943,Launched,1370,1945,Transferred
GB_0559,59,Great Britain,Escort,River,Mourne,1942,Launched,1370,1944,Sunk
GB_0560,59,Great Britain,Escort,River,Moyola,1942,Launched,1370,1944,Transferred
GB_0561,59,Great Britain,Escort,River,Nadder,1943,Launched,1370,1946,Survived
GB_0562,59,Great Britain,Escort,River,Nene,1942,Launched,1370,1946,Survived
GB_0563,59,Great Britain,Escort,River,Ness,1942,Launched,1370,1946,Survived
GB_0564,59,Great Britain,Escort,River,Nith,1942,Launched,1370,1946,Survived
GB_0565,59,Great Britain,Escort,River,Odzani,1943,Launched,1370,1946,Survived
GB_0566,59,Great Britain,Escort,River,Plym,1943,Launched,1370,1946,Survived
GB_0567,59,Great Britain,Escort,River,Antigonish,1943,Launched,1370,1946,Survived
GB_0568,59,Great Britain,Escort,River,Beacon Hill,1943,Launched,1370,1946,Survived
GB_0569,59,Great Britain,Escort,River,Buckingham,1944,Launched,1370,1946,Survived
GB_0570,59,Great Britain,Escort,River,Cap De La,1944,Launched,1370,1946,Survived
GB_0571,59,Great Britain,Escort,River,Capilano,1943,Launched,1370,1946,Survived
GB_0572,59,Great Britain,Escort,River,Carlplace,1944,Launched,1370,1946,Transferred
GB_0573,59,Great Britain,Escort,River,Charlottetown,1943,Launched,1370,1946,Survived
GB_0574,59,Great Britain,Escort,River,Chebogue,1943,Launched,1370,1944,Sunk
GB_0575,59,Great Britain,Escort,River,Coaticook,1943,Launched,1370,1946,Survived
GB_0576,59,Great Britain,Escort,River,Eastview,1943,Launched,1370,1946,Survived
GB_0577,59,Great Britain,Escort,River,Fort Erie,1944,Launched,1370,1946,Survived
GB_0578,59,Great Britain,Escort,River,Glace Bay,1944,Launched,1370,1946,Transferred
GB_0579,59,Great Britain,Escort,River,Hallo Well,1943,Launched,1370,1945,Transferred
GB_0580,59,Great Britain,Escort,River,Incharron,1944,Launched,1370,1946,Survived
GB_0581,59,Great Britain,Escort,River,Joliette,1943,Launched,1370,1946,Transferred
GB_0582,59,Great Britain,Escort,River,Jonquiere,1943,Launched,1370,1946,Survived
GB_0583,59,Great Britain,Escort,River,Kirkland,1944,Launched,1370,1946,Survived
GB_0584,59,Great Britain,Escort,River,Kokanee,1943,Launched,1370,1945,Scrapped
GB_0585,59,Great Britain,Escort,River,La Hulloise,1943,Launched,1370,1946,Survived
GB_0586,59,Great Britain,Escort,River,Lanark,1943,Launched,1370,1946,Survived
GB_0587,59,Great Britain,Escort,River,La Salle,1943,Launched,1370,1946,Survived
GB_0588,59,Great Britain,Escort,River,Levis,1943,Launched,1370,1946,Survived
GB_0589,59,Great Britain,Escort,River,Longueuil,1943,Launched,1370,1946,Survived
GB_0590,59,Great Britain,Escort,River,Magog,1943,Launched,1370,1944,Sunk
GB_0591,59,Great Britain,Escort,River,Orkney,1943,Launched,1370,1946,Survived
GB_0592,59,Great Britain,Escort,River,Penetang,1944,Launched,1370,1946,Survived
GB_0593,59,Great Britain,Escort,River,Poundmaker,1943,Launched,1370,1946,Survived
GB_0594,59,Great Britain,Escort,River,Prestonian,1944,Launched,1370,1946,Survived
GB_0595,59,Great Britain,Escort,River,Royal Mount,1944,Launched,1370,1946,Survived
GB_0596,59,Great Britain,Escort,River,Runnymede,1943,Launched,1370,1946,Survived
GB_0597,59,Great Britain,Escort,River,St Pierre,1943,Launched,1370,1946,Survived
GB_0598,59,Great Britain,Escort,River,St Stephen,1943,Launched,1370,1946,Survived
GB_0599,59,Great Britain,Escort,River,Ste Therese,1943,Launched,1370,1946,Survived
GB_0600,59,Great Britain,Escort,River,Sea Cliff,1944,Launched,1370,1946,Transferred
GB_0601,60,Great Britain,Escort,River,Springhill,1943,Launched,1370,N/A,N/A
GB_0602,60,Great Britain,Escort,River,Stettler,1943,Launched,1370,1946,Survived
GB_0603,60,Great Britain,Escort,River,Stonetown,1943,Launched,1370,N/A,N/A
GB_0604,60,Great Britain,Escort,River,Strathadam,1943,Launched,1370,N/A,N/A
GB_0605,60,Great Britain,Escort,River,Sussexvale,1944,Launched,1370,1946,Survived
GB_0606,60,Great Britain,Escort,River,Thetford,1943,Launched,1370,1946,Survived
GB_0607,60,Great Britain,Escort,Loch,Toronto,1943,Launched,1435,1946,Survived
GB_0608,60,Great Britain,Escort,Loch,Victoriaville,1944,Launched,1435,1946,Survived
GB_0609,60,Great Britain,Escort,Loch,Barcoo,1943,Launched,1435,1946,Survived
GB_0610,60,Great Britain,Escort,Loch,Barwon,1944,Launched,1435,1946,Survived
GB_0611,60,Great Britain,Escort,Loch,Burdekin,1943,Launched,1435,1946,Survived
GB_0612,60,Great Britain,Escort,Loch,Diamantina,1944,Launched,1435,1944,Transferred
GB_0613,60,Great Britain,Escort,Loch,Gascoyne,1943,Launched,1435,1946,Survived
GB_0614,60,Great Britain,Escort,Loch,Hawkesbury,1943,Launched,1435,1946,Survived
GB_0615,60,Great Britain,Escort,Loch,Lachlan,1944,Launched,1435,1944,Transferred
GB_0616,60,Great Britain,Escort,Loch,Macquarie,1945,Launched,1435,1946,Survived
GB_0617,60,Great Britain,Escort,Loch,Condamine,1944,Launched,1435,1946,Survived
GB_0618,60,Great Britain,Escort,Loch,Murchison,1944,Launched,1435,1946,Survived
GB_0619,60,Great Britain,Escort,Loch,Shoalhaven,1944,Launched,1435,1946,Survived
GB_0620,61,Great Britain,Escort,Evarts,Bigbury Bay,1944,Launched,1140,N/A,Transferred
GB_0621,61,Great Britain,Escort,Evarts,Burghead,1945,Launched,1140,N/A,Transferred
GB_0622,61,Great Britain,Escort,Evarts,Cardigan,1944,Launched,1140,1946,Survived
GB_0623,61,Great Britain,Escort,Evarts,Carnarvon,1945,Launched,1140,1946,Survived
GB_0624,61,Great Britain,Escort,Evarts,Cawsand,1945,Launched,1140,1946,Survived
GB_0625,61,Great Britain,Escort,Evarts,Enard Bay,1944,Launched,1140,1946,Survived
GB_0626,61,Great Britain,Escort,Evarts,Largo Bay,1944,Launched,1140,1946,Survived
GB_0627,61,Great Britain,Escort,Evarts,Morecambe,1944,Launched,1140,N/A,Transferred
GB_0628,61,Great Britain,Escort,Evarts,Mounts Bay,1945,Launched,1140,N/A,Transferred
GB_0629,61,Great Britain,Escort,Evarts,Padstow,1945,Launched,1140,1946,Survived
GB_0630,61,Great Britain,Escort,Evarts,Porlock Bay,1945,Launched,1140,N/A,Transferred
GB_0631,61,Great Britain,Escort,Evarts,St Austell,1944,Launched,1140,1946,Survived
GB_0632,61,Great Britain,Escort,Evarts,St Brides,1945,Launched,1140,1946,Survived
GB_0633,61,Great Britain,Escort,Evarts,Start Bay,1945,Launched,1140,1946,Survived
GB_0634,61,Great Britain,Escort,Evarts,Tremadoc,1945,Launched,1140,1946,Survived
GB_0635,61,Great Britain,Escort,Evarts,Veryan Bay,1944,Launched,1140,1946,Survived
GB_0636,61,Great Britain,Escort,Evarts,Whitesand,1945,Launched,1140,1946,Survived
GB_0637,61,Great Britain,Escort,Evarts,Widemouth,1945,Launched,1140,1946,Survived
GB_0638,61,Great Britain,Escort,Evarts,Wigtown,1945,Launched,1140,1946,Survived
GB_0639,61,Great Britain,Escort,Evarts,Dalrymple,1945,Launched,1140,1946,Survived
GB_0640,72,Great Britain,Amphibious,LSI(L),Ard Patrick,N/A,N/A,7526,N/A,N/A
GB_0641,72,Great Britain,Amphibious,LSI(L),El Hind,N/A,N/A,5319,1944,Sunk
GB_0642,72,Great Britain,Amphibious,LSI(L),Glenearn,N/A,N/A,9784,N/A,N/A
GB_0643,72,Great Britain,Amphibious,LSI(L),Glengyle,N/A,N/A,9919,N/A,N/A
GB_0644,72,Great Britain,Amphibious,LSI(L),Glenroy,N/A,N/A,9809,N/A,N/A
GB_0645,72,Great Britain,Amphibious,LSI(L),Kanimbla,N/A,N/A,10985,N/A,N/A
GB_0646,72,Great Britain,Amphibious,LSI(L),Karanja,N/A,N/A,9890,1942,Sunk
GB_0647,72,Great Britain,Amphibious,LSI(L),Keren,N/A,N/A,9890,N/A,N/A
GB_0648,72,Great Britain,Amphibious,LSI(L),Manoora,N/A,N/A,10856,N/A,N/A
GB_0649,72,Great Britain,Amphibious,LSI(L),Persimmon,N/A,N/A,8244,N/A,N/A
GB_0650,72,Great Britain,Amphibious,LSI(L),Westralia,N/A,N/A,8108,N/A,N/A
GB_0651,73,Great Britain,Amphibious,LSI(M/S),Prince Baudouin,N/A,N/A,3219,N/A,N/A
GB_0652,73,Great Britain,Amphibious,LSI(M/S),Prince Charles,N/A,N/A,2950,N/A,N/A
GB_0653,73,Great Britain,Amphibious,LSI(M/S),Prince David,1940,Completed,6892,1946,Survived
GB_0654,73,Great Britain,Amphibious,LSI(M/S),Prince Henry,1940,Completed,6893,N/A,N/A
GB_0655,73,Great Britain,Amphibious,LSI(M/S),Prince Leopold,N/A,N/A,2950,1944,Sunk
GB_0656,73,Great Britain,Amphibious,LSI(M/S),Prince Phillipe,N/A,N/A,2938,1941,Sunk
GB_0657,73,Great Britain,Amphibious,LSI(M/S),Prins Albert,N/A,N/A,2938,N/A,N/A
GB_0658,73,Great Britain,Amphibious,LSI(M/S),Prinses Astrid,N/A,N/A,2950,N/A,N/A
GB_0659,73,Great Britain,Amphibious,LSI(M/S),Prinses Beatrix,N/A,N/A,4136,N/A,N/A
GB_0660,73,Great Britain,Amphibious,LSI(M/S),Prinses Josephine,N/A,N/A,2950,N/A,N/A
GB_0661,73,Great Britain,Amphibious,LSI(M/S),Queen Emma,N/A,N/A,4136,N/A,N/A
GB_0662,73,Great Britain,Amphibious,LSI(H),Brigadier,N/A,N/A,2294,N/A,N/A
GB_0663,73,Great Britain,Amphibious,LSI(H),Duke Of Wellington,N/A,N/A,3743,N/A,N/A
GB_0664,73,Great Britain,Amphibious,LSI(H),Invicta,N/A,N/A,4178,N/A,N/A
GB_0665,73,Great Britain,Amphibious,LSI(H),Isle Of Guernsey,N/A,N/A,2143,N/A,N/A
GB_0666,73,Great Britain,Amphibious,LSI(H),Isle Of Thanet,N/A,N/A,2701,N/A,N/A
GB_0667,73,Great Britain,Amphibious,LSI(H),Lairds Isle,N/A,N/A,1783,N/A,N/A
GB_0668,73,Great Britain,Amphibious,LSI(H),Royal Scotsman,N/A,N/A,3288,N/A,N/A
GB_0669,73,Great Britain,Amphibious,LSI(H),Royal Ulsterman,N/A,N/A,3244,N/A,N/A
GB_0670,73,Great Britain,Amphibious,LSI(H),St Helier,N/A,N/A,1952,N/A,N/A
GB_0671,73,Great Britain,Amphibious,LSI(H),Ulster Monarch,N/A,N/A,3791,N/A,N/A
GB_0672,73,Great Britain,Amphibious,LSS,Daffodil,N/A,N/A,2678,1945,Sunk
GB_0673,73,Great Britain,Amphibious,LSS,Princess Iris,N/A,N/A,2683,N/A,N/A
GB_0674,74,Great Britain,Amphibious,LSC,Empire Charmain,N/A,N/A,7512,N/A,N/A
GB_0675,74,Great Britain,Amphibious,LSC,Empire Elaine,N/A,N/A,7512,N/A,N/A
GB_0676,74,Great Britain,Amphibious,LST,Bachaquero,N/A,N/A,6455,N/A,N/A
GB_0677,74,Great Britain,Amphibious,LST,Misoa,N/A,N/A,6455,N/A,N/A
GB_0678,74,Great Britain,Amphibious,LST,Tasajera,N/A,N/A,5679,N/A,N/A
GB_0679,78,Great Britain,Other,Albatross,Albatross,1928,Launched,4800,1946,Scrapped
GB_0680,78,Great Britain,Other,Tern,Seamew,1927,Launched,262,1946,Survived
GB_0681,78,Great Britain,Other,Peterel,Peterel,1927,Launched,310,1941,Sunk
GB_0682,78,Great Britain,Other,Peterel,Gannet,1927,Launched,310,1942,Transferred
GB_0683,78,Great Britain,Other,Falcon,Falcon,1931,Launched,372,1942,Transferred
GB_0684,81,Great Britain,Other,N/A,Alaunia,N/A,N/A,14030,1946,Survived
GB_0685,81,Great Britain,Other,N/A,Alcantara,1927,Completed,22209,1946,Survived
GB_0686,81,Great Britain,Other,N/A,Andania,N/A,N/A,13950,1940,Sunk
GB_0687,81,Great Britain,Other,N/A,Antenor,N/A,N/A,11174,1946,Survived
GB_0688,81,Great Britain,Other,N/A,Arawa,N/A,N/A,14462,1946,Survived
GB_0689,81,Great Britain,Other,N/A,Ascania,N/A,N/A,14013,1946,Survived
GB_0690,81,Great Britain,Other,N/A,Asturias,N/A,N/A,22048,N/A,N/A
GB_0691,82,Great Britain,Other,N/A,Aurania,N/A,N/A,13984,1946,Survived
GB_0692,82,Great Britain,Other,N/A,Ausonia,N/A,N/A,13912,1946,Survived
GB_0693,82,Great Britain,Other,N/A,Bulolo,N/A,N/A,6500,N/A,N/A
GB_0694,82,Great Britain,Other,N/A,California,N/A,N/A,16792,1946,Survived
GB_0695,82,Great Britain,Other,N/A,Canton,N/A,N/A,15700,1946,Survived
GB_0696,82,Great Britain,Other,N/A,Carinthia,N/A,N/A,20277,1940,Sunk
GB_0697,82,Great Britain,Other,N/A,Carnarvon,N/A,N/A,20063,1946,Survived
GB_0698,82,Great Britain,Other,N/A,Carthage,N/A,N/A,14182,1946,Survived
GB_0699,82,Great Britain,Other,N/A,Cathay,N/A,N/A,15225,1946,Survived
GB_0700,82,Great Britain,Other,N/A,Cheshire,N/A,N/A,10520,1946,Survived
GB_0701,82,Great Britain,Other,N/A,Chitral,N/A,N/A,15346,1946,Survived
GB_0702,82,Great Britain,Other,N/A,Cilicia,N/A,N/A,11137,1946,Survived
GB_0703,82,Great Britain,Other,N/A,Circassia,N/A,N/A,11137,1946,Survived
GB_0704,82,Great Britain,Other,N/A,Comorin,N/A,N/A,15241,1941,Sunk
GB_0705,82,Great Britain,Other,N/A,Corfu,N/A,N/A,14170,1946,Survived
GB_0706,82,Great Britain,Other,N/A,Derbyshire,N/A,N/A,11650,1946,Survived
GB_0707,82,Great Britain,Other,N/A,Dunottar Castle,N/A,N/A,15007,1946,Survived
GB_0708,82,Great Britain,Other,N/A,Dunvegan Castle,1939,Completed,15007,1940,Sunk
GB_0709,82,Great Britain,Other,N/A,Esperance Bay,N/A,N/A,14204,1946,Survived
GB_0710,82,Great Britain,Other,N/A,Forfar,N/A,N/A,16402,1940,Sunk
GB_0711,82,Great Britain,Other,N/A,Hector,N/A,N/A,11198,1942,Sunk
GB_0712,82,Great Britain,Other,N/A,Jervis Bay,1940,Completed,14164,1940,Sunk
GB_0713,82,Great Britain,Other,N/A,Kanimbla,N/A,N/A,10985,N/A,N/A
GB_0714,82,Great Britain,Other,N/A,Laconia,N/A,N/A,19695,1946,Survived
GB_0715,82,Great Britain,Other,N/A,Laurentic,N/A,N/A,18724,1940,Sunk
GB_0716,82,Great Britain,Other,N/A,Letitia,N/A,N/A,13475,1946,Survived
GB_0717,82,Great Britain,Other,N/A,Maloja,N/A,N/A,20914,1946,Survived
GB_0718,82,Great Britain,Other,N/A,Manoora,N/A,N/A,10856,N/A,N/A
GB_0719,82,Great Britain,Other,N/A,Monowai,1940,Completed,10852,1946,Survived
GB_0720,82,Great Britain,Other,N/A,Montclare,N/A,N/A,16314,1946,Survived
GB_0721,82,Great Britain,Other,N/A,Mooltan,N/A,N/A,20952,1946,Survived
GB_0722,82,Great Britain,Other,N/A,Moreton Bay,N/A,N/A,14193,1946,Survived
GB_0723,82,Great Britain,Other,N/A,Patroclus,1939,Completed,11314,1940,Sunk
GB_0724,82,Great Britain,Other,N/A,Pretoria Castle,1939,Completed,17160,N/A,N/A
GB_0725,82,Great Britain,Other,N/A,Queen Of Bermuda,N/A,N/A,22575,1946,Survived
GB_0726,82,Great Britain,Other,N/A,Rajputana,1939,Completed,16644,1941,Sunk
GB_0727,82,Great Britain,Other,N/A,Ranchi,N/A,N/A,16738,1946,Survived
GB_0728,82,Great Britain,Other,N/A,Ranpura,N/A,N/A,16688,1946,Survived
GB_0729,82,Great Britain,Other,N/A,Rawalpindi,N/A,N/A,16697,1939,Sunk
GB_0730,82,Great Britain,Other,N/A,Salopian,N/A,N/A,10515,1941,Sunk
GB_0731,82,Great Britain,Other,N/A,Scotstoun,N/A,N/A,17046,1940,Sunk
GB_0732,82,Great Britain,Other,N/A,Transylvania,1939,Completed,16923,1940,Sunk
GB_0733,82,Great Britain,Other,N/A,Voltaire,N/A,N/A,13245,1941,Sunk
GB_0734,82,Great Britain,Other,N/A,Westralia,N/A,N/A,8108,N/A,N/A
GB_0735,82,Great Britain,Other,N/A,Wolfe,N/A,N/A,16418,1946,Survived
GB_0736,82,Great Britain,Other,N/A,Worcestershire,N/A,N/A,11402,1946,Survived
GB_0737,82,Great Britain,Other,N/A,Prince David,1940,Completed,6892,1946,Survived
GB_0738,82,Great Britain,Other,N/A,Prince Henry,1940,Completed,6893,N/A,N/A
GB_0739,82,Great Britain,Other,N/A,Prince Robert,1940,Completed,6892,N/A,N/A
GB_0740,83,Great Britain,Other,Pegasus,Ariguani,1940,Completed,6746,1946,Survived
GB_0741,83,Great Britain,Other,N/A,Camito,N/A,N/A,6833,1941,Sunk
GB_0742,83,Great Britain,Other,N/A,Cavina,N/A,N/A,6907,1942,Transferred
GB_0743,83,Great Britain,Other,N/A,Corinthian,N/A,N/A,3151,N/A,N/A
GB_0744,83,Great Britain,Other,C(CR),Crispin,1946,Completed,5051,1941,Sunk
GB_0745,83,Great Britain,Other,N/A,Hilary,N/A,N/A,7403,N/A,N/A
GB_0746,83,Great Britain,Other,N/A,Lady Somers,N/A,N/A,8194,1941,Sunk
GB_0747,83,Great Britain,Other,N/A,Largs,N/A,N/A,4504,N/A,N/A
GB_0748,83,Great Britain,Other,N/A,Malvernian,N/A,N/A,3133,1941,Sunk
GB_0749,83,Great Britain,Other,N/A,Manistee,N/A,N/A,5368,1941,Sunk
GB_0750,83,Great Britain,Other,Pegasus,Maplin,N/A,N/A,5824,1941,Transferred
GB_0751,83,Great Britain,Other,N/A,Maron,N/A,N/A,6487,1942,Transferred
GB_0752,83,Great Britain,Other,N/A,Marsdale,N/A,N/A,4890,1942,Transferred
GB_0753,83,Great Britain,Other,Pegasus,Patia,N/A,N/A,5355,1941,Sunk
GB_0754,83,Great Britain,Other,N/A,Registan,N/A,N/A,5886,1941,Transferred
GB_0755,83,Great Britain,Other,N/A,Tortuguero,N/A,N/A,5285,1942,Transferred
GB_0756,83,Great Britain,Other,N/A,Armed Boarding,N/A,N/A,6892,N/A,N/A
GB_0757,83,Great Britain,Other,N/A,Convoy Escorts,N/A,N/A,6892,N/A,N/A
GB_0758,15,Great Britain,Capital Ship,King George V,King George V,1940,Completed,36727,1946,Survived
GB_0759,15,Great Britain,Capital Ship,King George V,Prince Of Wales,1941,Completed,36727,1941,Sunk
GB_0760,15,Great Britain,Capital Ship,King George V,Duke Of York,1941,Completed,36727,1946,Survived
GB_0761,15,Great Britain,Capital Ship,King George V,Anson,1942,Completed,36727,1946,Survived
GB_0762,15,Great Britain,Capital Ship,King George V,Howe,1942,Completed,36727,1946,Survived
GB_0763,17,Great Britain,Other,Roberts,Roberts,1941,Completed,7973,1946,Survived
GB_0764,17,Great Britain,Other,Roberts,Abercrombie,1943,Completed,8536,1946,Survived
GB_0765,17,Great Britain,Aircraft Carrier,Furious,Furious,1925,Completed,22450,1946,Survived
GB_0766,18,Great Britain,Aircraft Carrier,Courageous,Courageous,1928,Completed,22500,1939,Sunk
GB_0767,18,Great Britain,Aircraft Carrier,Courageous,Glorious,1930,Completed,22500,1940,Sunk
GB_0768,18,Great Britain,Aircraft Carrier,Ark Royal,Ark Royal,1938,Completed,22000,1941,Sunk
GB_0769,19,Great Britain,Aircraft Carrier,Illustrious,Illustrious,1940,Completed,23000,1946,Survived
GB_0770,19,Great Britain,Aircraft Carrier,Illustrious,Victorious,1941,Completed,23000,1946,Survived
GB_0771,19,Great Britain,Aircraft Carrier,Illustrious,Formidable,1940,Completed,23000,1946,Survived
GB_0772,20,Great Britain,Aircraft Carrier,Indomitable,Indomitable,1941,Completed,23000,1946,Survived
GB_0773,21,Great Britain,Aircraft Carrier,Eagle,Eagle,1946,Launched,36800,1946,Survived
GB_0774,21,Great Britain,Aircraft Carrier,Eagle,Eagle,1944,Laid Down,36800,N/A,N/A
GB_0775,21,Great Britain,Aircraft Carrier,Eagle,Ark Royal,1943,Laid Down,36800,1946,Survived
GB_0776,22,Great Britain,Aircraft Carrier,Colossus,Perseus,1945,Completed,13190,1946,Survived
GB_0777,22,Great Britain,Aircraft Carrier,Colossus,Pioneer,1945,Completed,13190,1946,Survived
GB_0778,25,Great Britain,Aircraft Carrier,Avenger,Avenger,1942,Completed,10366,1942,Sunk
GB_0779,25,Great Britain,Aircraft Carrier,Avenger,Biter,1942,Completed,10366,1945,Transferred
GB_0780,25,Great Britain,Aircraft Carrier,Avenger,Dasher,1942,Completed,10366,1943,Sunk
GB_0781,26,Great Britain,Aircraft Carrier,Ameer,Ameer,1943,Completed,11400,1946,Transferred
GB_0782,26,Great Britain,Aircraft Carrier,Ameer,Arbiter,1943,Completed,11400,1946,Transferred
GB_0783,26,Great Britain,Aircraft Carrier,Ameer,Atheling,1943,Completed,11400,1946,Transferred
GB_0784,26,Great Britain,Aircraft Carrier,Ameer,Begum,1943,Completed,11400,1946,Transferred
GB_0785,26,Great Britain,Aircraft Carrier,Ameer,Emperor,1943,Completed,11400,1946,Transferred
GB_0786,26,Great Britain,Aircraft Carrier,Ameer,Empress,1943,Completed,11400,1946,Transferred
GB_0787,26,Great Britain,Aircraft Carrier,Ameer,Khedive,1943,Completed,11400,1946,Transferred
GB_0788,26,Great Britain,Aircraft Carrier,Ameer,Nabob,1943,Completed,11400,1946,Transferred
GB_0789,26,Great Britain,Aircraft Carrier,Ameer,Patroller,1943,Completed,11400,1946,Transferred
GB_0790,26,Great Britain,Aircraft Carrier,Ameer,Premier,1943,Completed,11400,1946,Transferred
GB_0791,26,Great Britain,Aircraft Carrier,Ameer,Puncher,1944,Completed,11400,1946,Transferred
GB_0792,26,Great Britain,Aircraft Carrier,Ameer,Queen,1943,Completed,11400,1946,Transferred
GB_0793,26,Great Britain,Aircraft Carrier,Ameer,Rajah,1944,Completed,11400,1946,Transferred
GB_0794,26,Great Britain,Aircraft Carrier,Ameer,Ranee,1943,Completed,11400,1946,Transferred
GB_0795,26,Great Britain,Aircraft Carrier,Ameer,Reaper,1944,Completed,11400,1946,Transferred
GB_0796,26,Great Britain,Aircraft Carrier,Ameer,Ruler,1943,Completed,11400,1946,Transferred
GB_0797,26,Great Britain,Aircraft Carrier,Ameer,Shah,1943,Completed,11400,1945,Transferred
GB_0798,26,Great Britain,Aircraft Carrier,Ameer,Slinger,1943,Completed,11400,1946,Transferred
GB_0799,26,Great Britain,Aircraft Carrier,Ameer,Smiter,1944,Completed,11400,1946,Transferred
GB_0800,26,Great Britain,Aircraft Carrier,Ameer,Speaker,1943,Completed,11400,1946,Transferred
GB_0801,26,Great Britain,Aircraft Carrier,Ameer,Thane,1943,Completed,11400,1946,Scrapped
GB_0802,26,Great Britain,Aircraft Carrier,Ameer,Trouncer,1944,Completed,11400,1946,Transferred
GB_0803,26,Great Britain,Aircraft Carrier,Ameer,Trumpeter,1943,Completed,11400,1946,Transferred
GB_0804,26,Great Britain,Cruiser,Kent,Berwick,1928,Completed,9750,1946,Survived
GB_0805,26,Great Britain,Cruiser,Kent,Cornwall,1928,Completed,9750,1942,Sunk
GB_0806,26,Great Britain,Cruiser,Kent,Cumberland,1928,Completed,9750,1946,Survived
GB_0807,26,Great Britain,Cruiser,Kent,Kent,1928,Completed,9750,1946,Survived
GB_0808,26,Great Britain,Cruiser,Kent,Suffolk,1928,Completed,9750,1946,Survived
GB_0809,26,Great Britain,Cruiser,Kent,Australia,1928,Completed,9750,1946,Survived
GB_0810,26,Great Britain,Cruiser,Kent,Canberra,1928,Completed,9750,1942,Sunk
GB_0811,31,Great Britain,Cruiser,Arethusa,Arethusa,1935,Completed,5220,1946,Survived
GB_0812,31,Great Britain,Cruiser,Arethusa,Aurora,1937,Completed,5220,1946,Survived
GB_0813,31,Great Britain,Cruiser,Arethusa,Galatea,1935,Completed,5220,1941,Sunk
GB_0814,31,Great Britain,Cruiser,Arethusa,Penelope,1936,Completed,5220,1944,Sunk
GB_0815,35,Great Britain,Cruiser,Bellona,Bellona,1943,Completed,5950,1946,Survived
GB_0816,35,Great Britain,Cruiser,Bellona,Black Prince,1943,Completed,5950,1946,Survived
GB_0817,35,Great Britain,Cruiser,Bellona,Diadem,1944,Completed,5950,1946,Survived
GB_0818,35,Great Britain,Cruiser,Swiftsure,Ontario,1945,Completed,8800,1946,Survived
GB_0819,35,Great Britain,Cruiser,Tiger,Blake,1945,Launched,8885,1946,Survived
GB_0820,37,Great Britain,Mine Warfare,Abdiel,Abdiel,1941,Completed,2650,1943,Sunk
GB_0821,37,Great Britain,Mine Warfare,Abdiel,Apollo,1944,Completed,2650,1946,Survived
GB_0822,37,Great Britain,Mine Warfare,Abdiel,Ariadne,1943,Completed,2650,1946,Survived
GB_0823,37,Great Britain,Mine Warfare,Abdiel,Latona,1941,Completed,2650,1941,Sunk
GB_0824,37,Great Britain,Mine Warfare,Abdiel,Manxman,1941,Completed,2650,1946,Survived
GB_0825,37,Great Britain,Mine Warfare,Abdiel,Welshman,1941,Completed,2650,1943,Sunk
GB_0826,37,Great Britain,Destroyer,Ambuscade,Ambuscade,1926,Launched,1173,1946,Survived
GB_0827,38,Great Britain,Destroyer,C And D,Kempenfelt,1931,Launched,1540,N/A,N/A
GB_0828,38,Great Britain,Destroyer,C And D,Crescent,1931,Launched,1540,1946,Survived
GB_0829,38,Great Britain,Destroyer,C And D,Crusader,1931,Launched,1540,1942,Sunk
GB_0830,38,Great Britain,Destroyer,C And D,Duncan,1932,Launched,1540,1946,Survived
GB_0831,38,Great Britain,Destroyer,C And D,Dainty,1932,Launched,1540,1941,Sunk
GB_0832,38,Great Britain,Destroyer,C And D,Daring,1932,Launched,1540,1940,Sunk
GB_0833,38,Great Britain,Destroyer,C And D,Decoy,1932,Launched,1540,1946,Survived
GB_0834,38,Great Britain,Destroyer,C And D,Defender,1932,Launched,1540,1941,Sunk
GB_0835,38,Great Britain,Destroyer,C And D,Delight,1932,Launched,1540,1940,Sunk
GB_0836,38,Great Britain,Destroyer,C And D,Diamond,1932,Launched,1540,1941,Sunk
GB_0837,38,Great Britain,Destroyer,C And D,Diana,1932,Launched,1540,1940,Sunk
GB_0838,38,Great Britain,Destroyer,C And D,Duchess,1932,Launched,1540,1939,Sunk
GB_0839,39,Great Britain,Destroyer,G,Gallant,1935,Launched,1370,1943,Sunk
GB_0840,39,Great Britain,Destroyer,G,Garland,1935,Launched,1370,1946,Survived
GB_0841,39,Great Britain,Destroyer,G,Gipsy,1935,Launched,1370,1939,Sunk
GB_0842,39,Great Britain,Destroyer,G,Glowworm,1935,Launched,1370,1940,Sunk
GB_0843,39,Great Britain,Destroyer,G,Grafton,1935,Launched,1370,1940,Sunk
GB_0844,39,Great Britain,Destroyer,G,Grenade,1935,Launched,1370,1940,Sunk
GB_0845,39,Great Britain,Destroyer,G,Greyhound,1935,Launched,1370,1941,Sunk
GB_0846,39,Great Britain,Destroyer,G,Griffin,1935,Launched,1370,1946,Survived
GB_0847,62,Great Britain,Escort,Colony,Anguilla,1944,Completed,1430,1946,Survived
GB_0848,62,Great Britain,Escort,Colony,Antigua,1944,Completed,1430,1946,Survived
GB_0849,62,Great Britain,Escort,Colony,Ascension,1944,Completed,1430,1946,Survived
GB_0850,62,Great Britain,Escort,Colony,Bahamas,1944,Completed,1430,1946,Survived
GB_0851,62,Great Britain,Escort,Colony,Barbados,1944,Completed,1430,1946,Survived
GB_0852,62,Great Britain,Escort,Colony,Caicos,1944,Completed,1430,1946,Survived
GB_0853,62,Great Britain,Escort,Colony,Cayman,1944,Completed,1430,1946,Survived
GB_0854,62,Great Britain,Escort,Colony,Dominica,1944,Completed,1430,1946,Survived
GB_0855,62,Great Britain,Escort,Colony,Labuan,1944,Completed,1430,1946,Survived
GB_0856,62,Great Britain,Escort,Colony,Montserrat,1944,Completed,1430,1946,Survived
GB_0857,62,Great Britain,Escort,Colony,Nyasaland,1944,Completed,1430,1946,Survived
GB_0858,62,Great Britain,Escort,Colony,Papua,1944,Completed,1430,1946,Survived
GB_0859,62,Great Britain,Escort,Colony,Perim,1944,Completed,1430,1946,Survived
GB_0860,62,Great Britain,Escort,Colony,Pitcairn,1944,Completed,1430,1946,Survived
GB_0861,62,Great Britain,Escort,Colony,St,1944,Completed,1430,1946,Survived
GB_0862,62,Great Britain,Escort,Colony,Helena,1944,Completed,1430,1946,Survived
GB_0863,62,Great Britain,Escort,Colony,Sarawak,1944,Completed,1430,1946,Survived
GB_0864,62,Great Britain,Escort,Colony,Seychelles,1944,Completed,1430,1946,Survived
GB_0865,62,Great Britain,Escort,Colony,Somaliland,1944,Completed,1430,1946,Survived
GB_0866,62,Great Britain,Escort,Colony,Tobago,1944,Completed,1430,1946,Survived
GB_0867,62,Great Britain,Escort,Colony,Tortola,1944,Completed,1430,1946,Survived
GB_0868,62,Great Britain,Escort,Colony,Zanzibar,1944,Completed,1430,1946,Survived
GB_0869,62,Great Britain,Escort,Kingfisher,Kingfisher,1935,Launched,510,1946,Survived
GB_0870,62,Great Britain,Escort,Kingfisher,Mallard,1935,Launched,510,1946,Survived
GB_0871,62,Great Britain,Escort,Kingfisher,Puffin,1935,Launched,510,1946,Survived
GB_0872,62,Great Britain,Escort,Kingfisher,Kittiwake,1935,Launched,510,1946,Survived
GB_0873,62,Great Britain,Escort,Kingfisher,Sheldrake,1935,Launched,510,1946,Survived
GB_0874,62,Great Britain,Escort,Kingfisher,Widgeon,1935,Launched,510,1946,Survived
GB_0875,62,Great Britain,Escort,Shearwater,Guillemot,1939,Launched,580,1946,Survived
GB_0876,62,Great Britain,Escort,Shearwater,Pintail,1939,Launched,580,1946,Survived
GB_0877,62,Great Britain,Escort,Shearwater,Shearwater,1939,Launched,580,1946,Survived
GB_0878,62,Great Britain,Escort,Kil,Kilbirnie,1944,Completed,850,1946,Survived
GB_0879,62,Great Britain,Escort,Kil,Kilbride,1944,Completed,850,1946,Survived
GB_0880,62,Great Britain,Escort,Kil,Kilchattan,1944,Completed,850,1946,Survived
GB_0881,62,Great Britain,Escort,Kil,Kilchrenan,1944,Completed,850,1946,Survived
GB_0882,62,Great Britain,Escort,Kil,Kildary,1944,Completed,850,1946,Survived
GB_0883,62,Great Britain,Escort,Kil,Kildwick,1944,Completed,850,1946,Survived
GB_0884,62,Great Britain,Escort,Kil,Kilham,1944,Completed,850,1946,Survived
GB_0885,62,Great Britain,Escort,Kil,Kilkenzie,1944,Completed,850,1946,Survived
GB_0886,62,Great Britain,Escort,Kil,Kilkhampton,1944,Completed,850,1946,Survived
GB_0887,62,Great Britain,Escort,Kil,Kilmalcolm,1944,Completed,850,1946,Survived
GB_0888,62,Great Britain,Escort,Kil,Kilmarnock,1944,Completed,850,1946,Survived
GB_0889,62,Great Britain,Escort,Kil,Kilmartin,1944,Completed,850,1946,Survived
GB_0890,62,Great Britain,Escort,Kil,Kilmelford,1944,Completed,850,1946,Survived
GB_0891,62,Great Britain,Escort,Kil,Kilmington,1944,Completed,850,1946,Survived
GB_0892,62,Great Britain,Escort,Kil,Kilmore,1944,Completed,850,1946,Survived
GB_0893,62,Great Britain,Escort,Flower,Acanthus,1940,Launched,1170,1942,Transferred
GB_0894,62,Great Britain,Escort,Flower,Aconite,1940,Launched,1170,1941,Transferred
GB_0895,62,Great Britain,Escort,Flower,Anemone,1940,Launched,1170,1946,Survived
GB_0896,62,Great Britain,Escort,Flower,Arbutus,1940,Launched,1170,1942,Sunk
GB_0897,62,Great Britain,Escort,Flower,Alyssum,1940,Launched,1170,1942,Sunk
GB_0898,62,Great Britain,Escort,Flower,Asphodel,1940,Launched,1170,1944,Sunk
GB_0899,62,Great Britain,Escort,Flower,Aubrietia,1940,Launched,1170,1946,Survived
GB_0900,62,Great Britain,Escort,Flower,Auricula,1940,Launched,1170,1942,Sunk
GB_0901,62,Great Britain,Escort,Flower,Balsam,1940,Launched,1170,1946,Survived
GB_0902,62,Great Britain,Escort,Flower,Bellwort,1940,Launched,1170,1946,Survived
GB_0903,62,Great Britain,Escort,Flower,Borage,1940,Launched,1170,1946,Survived
GB_0904,62,Great Britain,Escort,Flower,Azalea,1940,Launched,1170,1946,Survived
GB_0905,62,Great Britain,Escort,Flower,Begonia,1940,Launched,1170,1942,Transferred
GB_0906,62,Great Britain,Escort,Flower,Burdock,1940,Launched,1170,1946,Survived
GB_0907,62,Great Britain,Escort,Flower,Campion,1940,Launched,1170,1946,Survived
GB_0908,62,Great Britain,Escort,Flower,Godetia,1940,Launched,1170,1946,Survived
GB_0909,62,Great Britain,Escort,Flower,Hollyhock,1940,Launched,1170,1942,Sunk
GB_0910,62,Great Britain,Escort,Flower,Honeysuckle,1940,Launched,1170,1946,Survived
GB_0911,62,Great Britain,Escort,Flower,Hydrangea,1940,Launched,1170,1946,Survived
GB_0912,62,Great Britain,Escort,Flower,Jasmine,1940,Launched,1170,1946,Survived
GB_0913,62,Great Britain,Escort,Flower,Amaranthus,1940,Launched,1170,1946,Survived
GB_0914,62,Great Britain,Escort,Flower,Bluebell,1940,Launched,1170,1945,Sunk
GB_0915,62,Great Britain,Escort,Flower,Campanula,1940,Launched,1170,1946,Survived
GB_0916,62,Great Britain,Escort,Flower,Clover,1940,Launched,1170,1946,Survived
GB_0917,62,Great Britain,Escort,Flower,Jonquil,1940,Launched,1170,1946,Survived
GB_0918,62,Great Britain,Escort,Flower,Larkspur,1940,Launched,1170,1942,Transferred
GB_0919,62,Great Britain,Escort,Flower,Monkshood,1940,Launched,1170,1946,Survived
GB_0920,62,Great Britain,Escort,Flower,Montbretia,1940,Launched,1170,1942,Sunk
GB_0921,62,Great Britain,Escort,Flower,Tamarisk,1940,Launched,1170,1946,Survived
GB_0922,62,Great Britain,Escort,Flower,Candytuft,1940,Launched,1170,1942,Transferred
GB_0923,62,Great Britain,Escort,Flower,Carnation,1940,Launched,1170,1943,Transferred
GB_0924,62,Great Britain,Escort,Flower,Celandine,1940,Launched,1170,1946,Survived
GB_0925,62,Great Britain,Escort,Flower,Coltsfoot,1940,Launched,1170,1946,Survived
GB_0926,62,Great Britain,Escort,Flower,Hyderabad,1940,Launched,1170,1946,Survived
GB_0927,62,Great Britain,Escort,Flower,Lavender,1940,Launched,1170,1946,Survived
GB_0928,62,Great Britain,Escort,Flower,Lobelia,1940,Launched,1170,1941,Transferred
GB_0929,62,Great Britain,Escort,Flower,Poppy,1940,Launched,1170,1946,Survived
GB_0930,62,Great Britain,Escort,Flower,Coriander,1940,Launched,1170,1946,Survived
GB_0931,62,Great Britain,Escort,Flower,Loosestrife,1940,Launched,1170,1946,Survived
GB_0932,62,Great Britain,Escort,Flower,Marguerite,1940,Launched,1170,1946,Survived
GB_0933,62,Great Britain,Escort,Flower,Marigold,1940,Launched,1170,1942,Sunk
GB_0934,62,Great Britain,Escort,Flower,Mignonette,1940,Launched,1170,1946,Survived
GB_0935,62,Great Britain,Escort,Flower,Abelia,1940,Launched,1170,1946,Survived
GB_0936,62,Great Britain,Escort,Flower,Alisma,1940,Launched,1170,1946,Survived
GB_0937,62,Great Britain,Escort,Flower,Anchusa,1940,Launched,1170,1946,Survived
GB_0938,62,Great Britain,Escort,Flower,Arabis,1940,Launched,1170,1946,Survived
GB_0940,62,Great Britain,Escort,Flower,Armeria,1940,Launched,1170,1946,Survived
GB_0941,62,Great Britain,Escort,Flower,Aster,1940,Launched,1170,1946,Survived
GB_0942,62,Great Britain,Escort,Flower,Bergamot,1940,Launched,1170,1946,Survived
GB_0943,62,Great Britain,Escort,Flower,Bryony,1940,Launched,1170,1946,Survived
GB_0944,62,Great Britain,Escort,Flower,Buttercup,1940,Launched,1170,1942,Transferred
GB_0945,62,Great Britain,Escort,Flower,Calendula,1940,Launched,1170,1942,Transferred
GB_0946,62,Great Britain,Escort,Flower,Camellia,1940,Launched,1170,1946,Survived
GB_0947,62,Great Britain,Escort,Flower,Chrysanthemum,1940,Launched,1170,1942,Transferred
GB_0948,62,Great Britain,Escort,Flower,Clarkia,1940,Launched,1170,1946,Survived
GB_0949,62,Great Britain,Escort,Flower,Cowslip,1940,Launched,1170,1946,Survived
GB_0950,62,Great Britain,Escort,Flower,Eglantine,1940,Launched,1170,1941,Transferred
GB_0951,62,Great Britain,Escort,Flower,Erica,1940,Launched,1170,1943,Sunk
GB_0952,62,Great Britain,Escort,Flower,Freesia,1940,Launched,1170,1946,Survived
GB_0953,62,Great Britain,Escort,Flower,Fritillary,1940,Launched,1170,1946,Survived
GB_0954,62,Great Britain,Escort,Flower,Genista,1940,Launched,1170,1946,Survived
GB_0955,62,Great Britain,Escort,Flower,Gentian,1940,Launched,1170,1946,Survived
GB_0956,62,Great Britain,Escort,Flower,Gloxinia,1940,Launched,1170,1946,Survived
GB_0957,62,Great Britain,Escort,Flower,Heartsease,1940,Launched,1170,1946,Survived
GB_0958,62,Great Britain,Escort,Flower,Heather,1940,Launched,1170,1946,Survived
GB_0959,62,Great Britain,Escort,Flower,Hibiscus,1940,Launched,1170,1942,Transferred
GB_0960,62,Great Britain,Escort,Flower,Hyacinth,1940,Launched,1170,1943,Transferred
GB_0961,62,Great Britain,Escort,Flower,Kingcup,1940,Launched,1170,1946,Survived
GB_0962,62,Great Britain,Escort,Flower,Mallow,1940,Launched,1170,1944,Transferred
GB_0963,62,Great Britain,Escort,Flower,Orchis,1940,Launched,1170,1944,Sunk
GB_0964,62,Great Britain,Escort,Flower,Peony,1940,Launched,1170,1943,Transferred
GB_0965,62,Great Britain,Escort,Flower,Periwinkle,1940,Launched,1170,1942,Transferred
GB_0966,62,Great Britain,Escort,Flower,Picotee,1940,Launched,1170,1941,Sunk
GB_0967,62,Great Britain,Escort,Flower,Pimpernel,1940,Launched,1170,1946,Survived
GB_0968,62,Great Britain,Escort,Flower,Rhododendron,1940,Launched,1170,1946,Survived
GB_0969,62,Great Britain,Escort,Flower,Vervain,1940,Launched,1170,1946,Survived
GB_0970,62,Great Britain,Escort,Flower,Harebell,1940,Launched,1170,1946,Survived
GB_0971,62,Great Britain,Escort,Flower,Hemlock,1940,Launched,1170,1946,Survived
GB_0972,62,Great Britain,Escort,Flower,Ivy,1940,Launched,1170,1946,Survived
GB_0973,62,Great Britain,Escort,Flower,Ling,1940,Launched,1170,1946,Survived
GB_0974,62,Great Britain,Escort,Flower,Marjoram,1940,Launched,1170,1946,Survived
GB_0975,62,Great Britain,Escort,Flower,Clematis,1940,Launched,1170,1946,Survived
GB_0976,62,Great Britain,Escort,Flower,Columbine,1940,Launched,1170,1946,Survived
GB_0977,62,Great Britain,Escort,Flower,Convolvulus,1940,Launched,1170,1946,Survived
GB_0978,62,Great Britain,Escort,Flower,Lotus,1940,Launched,1170,1946,Survived
GB_0979,62,Great Britain,Escort,Flower,Meadowsweet,1940,Launched,1170,1946,Survived
GB_0980,62,Great Britain,Escort,Flower,Mimosa,1940,Launched,1170,1942,Sunk
GB_0981,62,Great Britain,Escort,Flower,Rockrose,1940,Launched,1170,1946,Survived
GB_0982,62,Great Britain,Escort,Flower,Saxifrage,1940,Launched,1170,1946,Survived
GB_0983,62,Great Britain,Escort,Flower,Coreopsis,1940,Launched,1170,1943,Transferred
GB_0984,62,Great Britain,Escort,Flower,Crocus,1940,Launched,1170,1946,Survived
GB_0985,62,Great Britain,Escort,Flower,Oxlip,1940,Launched,1170,1946,Survived
GB_0986,62,Great Britain,Escort,Flower,Pennywort,1940,Launched,1170,1946,Survived
GB_0987,62,Great Britain,Escort,Flower,Spiraea,1940,Launched,1170,1946,Survived
GB_0988,62,Great Britain,Escort,Flower,Starwort,1940,Launched,1170,1946,Survived
GB_0989,62,Great Britain,Escort,Flower,Cyclamen,1940,Launched,1170,1946,Survived
GB_0990,62,Great Britain,Escort,Flower,Dahlia,1940,Launched,1170,1946,Survived
GB_0991,62,Great Britain,Escort,Flower,Dianella,1940,Launched,1170,1946,Survived
GB_0992,62,Great Britain,Escort,Flower,Myosotis,1940,Launched,1170,1946,Survived
GB_0993,62,Great Britain,Escort,Flower,Narcissus,1940,Launched,1170,1946,Survived
GB_0994,62,Great Britain,Escort,Flower,Sundew,1940,Launched,1170,1941,Transferred
GB_0995,62,Great Britain,Escort,Flower,Nigella,1940,Launched,1170,1946,Survived
GB_0996,62,Great Britain,Escort,Flower,Pentstemon,1940,Launched,1170,1946,Survived
GB_0997,62,Great Britain,Escort,Flower,Delphinium,1940,Launched,1170,1946,Survived
GB_0998,62,Great Britain,Escort,Flower,Dianthus,1940,Launched,1170,1946,Survived
GB_0999,62,Great Britain,Escort,Flower,Petunia,1940,Launched,1170,1946,Survived
GB_1000,62,Great Britain,Escort,Flower,Pink,1940,Launched,1170,1944,Sunk
GB_1001,62,Great Britain,Escort,Flower,Polyanthus,1940,Launched,1170,1943,Sunk
GB_1002,62,Great Britain,Escort,Flower,Gardenia,1940,Launched,1170,1942,Sunk
GB_1003,62,Great Britain,Escort,Flower,Geranium,1940,Launched,1170,1946,Survived
GB_1004,62,Great Britain,Escort,Flower,Potentilla,1940,Launched,1170,1942,Transferred
GB_1005,62,Great Britain,Escort,Flower,Primrose,1940,Launched,1170,1946,Survived
GB_1006,62,Great Britain,Escort,Flower,Primula,1940,Launched,1170,1946,Survived
GB_1007,62,Great Britain,Escort,Flower,Ranunculus,1940,Launched,1170,1941,Transferred
GB_1008,62,Great Britain,Escort,Flower,Rose,1940,Launched,1170,1944,Sunk
GB_1009,62,Great Britain,Escort,Flower,Salvia,1940,Launched,1170,1941,Sunk
GB_1010,62,Great Britain,Escort,Flower,Snapdragon,1940,Launched,1170,1942,Sunk
GB_1011,62,Great Britain,Escort,Flower,Violet,1940,Launched,1170,1946,Survived
GB_1012,62,Great Britain,Escort,Flower,Woodruff,1940,Launched,1170,1946,Survived
GB_1013,62,Great Britain,Escort,Flower,Gladiolus,1940,Launched,1170,1941,Sunk
GB_1014,62,Great Britain,Escort,Flower,Godetia,1940,Launched,1170,1940,Sunk
GB_1015,62,Great Britain,Escort,Flower,Samphire,1940,Launched,1170,1943,Sunk
GB_1016,62,Great Britain,Escort,Flower,Snowdrop,1940,Launched,1170,1946,Survived
GB_1017,62,Great Britain,Escort,Flower,Snowflake,1940,Launched,1170,1946,Survived
GB_1018,62,Great Britain,Escort,Flower,Stonecrop,1940,Launched,1170,1946,Survived
GB_1019,62,Great Britain,Escort,Flower,Sunflower,1940,Launched,1170,1946,Survived
GB_1020,62,Great Britain,Escort,Flower,Sweetbriar,1940,Launched,1170,1946,Survived
GB_1021,62,Great Britain,Escort,Flower,Thyme,1940,Launched,1170,1946,Survived
GB_1022,62,Great Britain,Escort,Flower,Tulip,1940,Launched,1170,1946,Survived
GB_1023,62,Great Britain,Escort,Flower,Verbena,1940,Launched,1170,1946,Survived
GB_1024,62,Great Britain,Escort,Flower,Veronica,1940,Launched,1170,1942,Transferred
GB_1025,62,Great Britain,Escort,Flower,Vetch,1940,Launched,1170,1946,Survived
GB_1026,62,Great Britain,Escort,Flower,Wall Flower,1940,Launched,1170,1946,Survived
GB_1027,62,Great Britain,Escort,Flower,Zinnia,1940,Launched,1170,1946,Survived
GB_1028,62,Great Britain,Escort,Flower,La Bastiaise,1940,Launched,1170,1940,Sunk
GB_1029,62,Great Britain,Escort,Flower,La Malouine,1940,Launched,1170,1946,Survived
GB_1030,62,Great Britain,Escort,Flower,Nasturtium,1940,Launched,1170,1946,Survived
GB_1031,62,Great Britain,Escort,Flower,Agassiz,1940,Launched,1170,1946,Survived
GB_1032,62,Great Britain,Escort,Flower,Chilliwack,1940,Launched,1170,1946,Survived
GB_1033,62,Great Britain,Escort,Flower,Trail,1940,Launched,1170,1946,Survived
GB_1034,62,Great Britain,Escort,Flower,Wetaskiwin,1940,Launched,1170,1946,Survived
GB_1035,62,Great Britain,Escort,Flower,Chambly,1940,Launched,1170,1946,Survived
GB_1036,62,Great Britain,Escort,Flower,Chicoutimi,1940,Launched,1170,1946,Survived
GB_1037,62,Great Britain,Escort,Flower,Dauphin,1940,Launched,1170,1946,Survived
GB_1038,62,Great Britain,Escort,Flower,Eyebright,1940,Launched,1170,1941,Transferred
GB_1039,62,Great Britain,Escort,Flower,Lethbridge,1940,Launched,1170,1946,Survived
GB_1040,62,Great Britain,Escort,Flower,Mayflower,1940,Launched,1170,1941,Transferred
GB_1041,62,Great Britain,Escort,Flower,Saskatoon,1940,Launched,1170,1946,Survived
GB_1042,62,Great Britain,Escort,Flower,Trillium,1940,Launched,1170,1941,Transferred
GB_1043,62,Great Britain,Escort,Flower,Albemi,1940,Launched,1170,1946,Survived
GB_1044,62,Great Britain,Escort,Flower,Edmundston,1940,Launched,1170,1946,Survived
GB_1045,62,Great Britain,Escort,Flower,Nanooseooseaimo,1940,Launched,1170,1946,Survived
GB_1046,62,Great Britain,Escort,Flower,Timmins,1940,Launched,1170,1946,Survived
GB_1047,62,Great Britain,Escort,Flower,Vancouver,1940,Launched,1170,1946,Survived
GB_1048,62,Great Britain,Escort,Flower,Barrie,1940,Launched,1170,1946,Survived
GB_1049,62,Great Britain,Escort,Flower,Battleford,1940,Launched,1170,1946,Survived
GB_1050,62,Great Britain,Escort,Flower,Collingwood,1940,Launched,1170,1946,Survived
GB_1051,62,Great Britain,Escort,Flower,Drumheller,1940,Launched,1170,1946,Survived
GB_1052,62,Great Britain,Escort,Flower,Galt,1940,Launched,1170,1946,Survived
GB_1053,62,Great Britain,Escort,Flower,Halifax,1940,Launched,1170,1946,Survived
GB_1054,62,Great Britain,Escort,Flower,Moose-Jaw,1940,Launched,1170,1946,Survived
GB_1055,62,Great Britain,Escort,Flower,Orillia,1940,Launched,1170,1946,Survived
GB_1056,62,Great Britain,Escort,Flower,The Pas,1940,Launched,1170,1946,Survived
GB_1057,62,Great Britain,Escort,Flower,Woodstock,1940,Launched,1170,1946,Survived
GB_1058,62,Great Britain,Escort,Flower,Baddeck,1940,Launched,1170,1946,Survived
GB_1059,62,Great Britain,Escort,Flower,Brandon,1940,Launched,1170,1946,Survived
GB_1060,62,Great Britain,Escort,Flower,Buctouche,1940,Launched,1170,1946,Survived
GB_1061,62,Great Britain,Escort,Flower,Hepatica,1940,Launched,1170,1941,Transferred
GB_1062,62,Great Britain,Escort,Flower,Pictou,1940,Launched,1170,1946,Survived
GB_1063,62,Great Britain,Escort,Flower,Rimouski,1940,Launched,1170,1946,Survived
GB_1064,62,Great Britain,Escort,Flower,Shediac,1940,Launched,1170,1946,Survived
GB_1065,62,Great Britain,Escort,Flower,Snowberry,1940,Launched,1170,1941,Transferred
GB_1066,62,Great Britain,Escort,Flower,Spikenard,1940,Launched,1170,1942,Sunk
GB_1067,62,Great Britain,Escort,Flower,Windflower,1940,Launched,1170,1941,Sunk
GB_1068,62,Great Britain,Escort,Flower,Kitchener,1940,Launched,1170,1946,Survived
GB_1069,62,Great Britain,Escort,Flower,Levis,1940,Launched,1170,1941,Sunk
GB_1070,62,Great Britain,Escort,Flower,Lunenburg,1940,Launched,1170,1946,Survived
GB_1071,62,Great Britain,Escort,Flower,Shawinigan,1940,Launched,1170,1944,Sunk
GB_1072,62,Great Britain,Escort,Flower,Charlottetown,1940,Launched,1170,1942,Sunk
GB_1073,62,Great Britain,Escort,Flower,La Malbaie,1940,Launched,1170,1946,Survived
GB_1074,62,Great Britain,Escort,Flower,Napanee,1940,Launched,1170,1946,Survived
GB_1075,62,Great Britain,Escort,Flower,Prescott,1940,Launched,1170,1946,Survived
GB_1076,62,Great Britain,Escort,Flower,Sudbury,1940,Launched,1170,1946,Survived
GB_1077,62,Great Britain,Escort,Flower,Arrowhead,1940,Launched,1170,1941,Transferred
GB_1078,62,Great Britain,Escort,Flower,Bittersweet,1940,Launched,1170,1941,Transferred
GB_1079,62,Great Britain,Escort,Flower,Calgary,1940,Launched,1170,1946,Survived
GB_1080,62,Great Britain,Escort,Flower,Camrose,1940,Launched,1170,1946,Survived
GB_1081,62,Great Britain,Escort,Flower,Dunvegan,1940,Launched,1170,1946,Survived
GB_1082,62,Great Britain,Escort,Flower,Fennel,1940,Launched,1170,1941,Transferred
GB_1083,62,Great Britain,Escort,Flower,Fredericton,1940,Launched,1170,1946,Survived
GB_1084,62,Great Britain,Escort,Flower,Regina,1940,Launched,1170,1944,Sunk
GB_1085,62,Great Britain,Escort,Flower,Sherbrooke,1940,Launched,1170,1946,Survived
GB_1086,62,Great Britain,Escort,Flower,Sorel,1940,Launched,1170,1946,Survived
GB_1087,62,Great Britain,Escort,Flower,Brentford,1940,Launched,1170,1946,Survived
GB_1088,62,Great Britain,Escort,Flower,Midland,1940,Launched,1170,1946,Survived
GB_1089,62,Great Britain,Escort,Flower,Arvida,1940,Launched,1170,1946,Survived
GB_1090,62,Great Britain,Escort,Flower,Louisburg,1940,Launched,1170,1943,Sunk
GB_1091,62,Great Britain,Escort,Flower,Matapedia,1940,Launched,1170,1946,Survived
GB_1092,62,Great Britain,Escort,Flower,Summerside,1940,Launched,1170,1946,Survived
GB_1093,62,Great Britain,Escort,Flower,Ville De Quebec,1940,Launched,1170,1946,Survived
GB_1094,62,Great Britain,Escort,Flower,Algoma,1940,Launched,1170,1946,Survived
GB_1095,62,Great Britain,Escort,Flower,Cobalt,1940,Launched,1170,1946,Survived
GB_1096,62,Great Britain,Escort,Flower,Kamsack,1940,Launched,1170,1946,Survived
GB_1097,62,Great Britain,Escort,Flower,Kenogami,1940,Launched,1170,1946,Survived
GB_1098,62,Great Britain,Escort,Flower,Morden,1940,Launched,1170,1946,Survived
GB_1099,62,Great Britain,Escort,Flower,Oakville,1940,Launched,1170,1946,Survived
GB_1100,62,Great Britain,Escort,Flower,Port Arthur,1940,Launched,1170,1946,Survived
GB_1101,62,Great Britain,Escort,Flower,Rosthem,1940,Launched,1170,1946,Survived
GB_1102,62,Great Britain,Escort,Flower,Weybum,1940,Launched,1170,1946,Survived
GB_1103,62,Great Britain,Escort,Flower,Amherst,1940,Launched,1170,1946,Survived
GB_1104,62,Great Britain,Escort,Flower,Moncton,1940,Launched,1170,1946,Survived
GB_1105,62,Great Britain,Escort,Flower,Sackville,1940,Launched,1170,1946,Survived
GB_1106,62,Great Britain,Escort,Flower,Dawson,1940,Launched,1170,1946,Survived
GB_1107,62,Great Britain,Escort,Flower,Dundas,1940,Launched,1170,1946,Survived
GB_1108,62,Great Britain,Escort,Flower,Kamloops,1940,Launched,1170,1946,Survived
GB_1109,62,Great Britain,Escort,Flower,New Westminster,1940,Launched,1170,1946,Survived
GB_1110,62,Great Britain,Escort,Flower,Quesnel,1940,Launched,1170,1946,Survived
GB_1111,63,Great Britain,Escort,Modified Flower,Arabis,1942,Launched,980,1946,Survived
GB_1112,63,Great Britain,Escort,Modified Flower,Bugloss,1942,Launched,980,1945,Transferred
GB_1113,63,Great Britain,Escort,Modified Flower,Mimico,1942,Launched,980,1946,Survived
GB_1114,63,Great Britain,Escort,Modified Flower,Burnet,1942,Launched,980,1945,Transferred
GB_1115,63,Great Britain,Escort,Modified Flower,Charlock,1942,Launched,980,1946,Transferred
GB_1116,63,Great Britain,Escort,Modified Flower,Forrest Hill,1942,Launched,980,1946,Survived
GB_1117,63,Great Britain,Escort,Modified Flower,Betony,1942,Launched,980,1945,Transferred
GB_1118,63,Great Britain,Escort,Modified Flower,Giffard,1942,Launched,980,1946,Survived
GB_1119,63,Great Britain,Escort,Modified Flower,Balm,N/A,N/A,980,N/A,N/A
GB_1120,63,Great Britain,Escort,Modified Flower,Longbranch,1942,Launched,980,1946,Survived
GB_1121,63,Great Britain,Escort,Modified Flower,Comfrey,1942,Launched,980,1943,Transferred
GB_1122,63,Great Britain,Escort,Modified Flower,Cornel,1942,Launched,980,1943,Transferred
GB_1123,63,Great Britain,Escort,Modified Flower,Dittany,1942,Launched,980,1946,Survived
GB_1124,63,Great Britain,Escort,Modified Flower,Fergus,1942,Launched,980,1946,Survived
GB_1125,63,Great Britain,Escort,Modified Flower,Guelph,1942,Launched,980,1946,Survived
GB_1126,63,Great Britain,Escort,Modified Flower,North Bay,1942,Launched,980,1946,Survived
GB_1127,63,Great Britain,Escort,Modified Flower,Owen Sound,1942,Launched,980,1946,Survived
GB_1128,63,Great Britain,Escort,Modified Flower,Smilax,1942,Launched,980,1946,Survived
GB_1129,63,Great Britain,Escort,Modified Flower,Stance,1942,Launched,980,1946,Survived
GB_1130,63,Great Britain,Escort,Modified Flower,Ingersoll,N/A,N/A,980,N/A,N/A
GB_1131,63,Great Britain,Escort,Modified Flower,Belleville,1942,Launched,980,1946,Survived
GB_1132,63,Great Britain,Escort,Modified Flower,Flax,1942,Launched,980,1943,Transferred
GB_1133,63,Great Britain,Escort,Modified Flower,Frontenac,1942,Launched,980,1946,Survived
GB_1134,63,Great Britain,Escort,Modified Flower,Honesty,1942,Launched,980,1946,Survived
GB_1135,63,Great Britain,Escort,Modified Flower,Peterborough,1942,Launched,980,1946,Survived
GB_1136,63,Great Britain,Escort,Modified Flower,Rosebay,1942,Launched,980,1946,Survived
GB_1137,63,Great Britain,Escort,Modified Flower,Smiths Falls,1942,Launched,980,1946,Survived
GB_1138,63,Great Britain,Escort,Modified Flower,Trentonian,1942,Launched,980,1945,Sunk
GB_1139,63,Great Britain,Escort,Modified Flower,Listowel,N/A,N/A,980,N/A,N/A
GB_1140,63,Great Britain,Escort,Modified Flower,Renfrew,N/A,N/A,980,N/A,N/A
GB_1141,63,Great Britain,Escort,Modified Flower,Cobourg,1942,Launched,980,1946,Survived
GB_1142,63,Great Britain,Escort,Modified Flower,Linaria,1942,Launched,980,1946,Survived
GB_1143,63,Great Britain,Escort,Modified Flower,Lindsay,1942,Launched,980,1946,Survived
GB_1144,63,Great Britain,Escort,Modified Flower,Parry Sound,1942,Launched,980,1946,Survived
GB_1145,63,Great Britain,Escort,Modified Flower,Strathroy,1942,Launched,980,1946,Survived
GB_1146,63,Great Britain,Escort,Modified Flower,Thorlock,1942,Launched,980,1946,Survived
GB_1147,63,Great Britain,Escort,Modified Flower,West York,1942,Launched,980,1946,Survived
GB_1148,63,Great Britain,Escort,Modified Flower,Whitby,1942,Launched,980,1946,Survived
GB_1149,63,Great Britain,Escort,Modified Flower,Willowherb,1942,Launched,980,1946,Survived
GB_1150,63,Great Britain,Escort,Modified Flower,Meaford,N/A,N/A,980,N/A,N/A
GB_1151,63,Great Britain,Escort,Modified Flower,Asbestos,1942,Launched,980,1946,Survived
GB_1152,63,Great Britain,Escort,Modified Flower,Atholl,1942,Launched,980,1946,Survived
GB_1153,63,Great Britain,Escort,Modified Flower,Beauharnois,1942,Launched,980,1946,Survived
GB_1154,63,Great Britain,Escort,Modified Flower,Hawkesbury,1942,Launched,980,1946,Survived
GB_1155,63,Great Britain,Escort,Modified Flower,Lachute,1942,Launched,980,1946,Survived
GB_1156,63,Great Britain,Escort,Modified Flower,Louisburg,1942,Launched,980,1943,Sunk
GB_1157,63,Great Britain,Escort,Modified Flower,Mandrake,1942,Launched,980,1943,Transferred
GB_1158,63,Great Britain,Escort,Modified Flower,Merrittonia,1942,Launched,980,1945,Sunk
GB_1159,63,Great Britain,Escort,Modified Flower,Milfoil,1942,Launched,980,1943,Transferred
GB_1160,63,Great Britain,Escort,Modified Flower,Musk,1942,Launched,980,1943,Transferred
GB_1161,63,Great Britain,Escort,Modified Flower,Nepeta,1942,Launched,980,1943,Transferred
GB_1162,63,Great Britain,Escort,Modified Flower,Norsyd,1942,Launched,980,1946,Survived
GB_1163,63,Great Britain,Escort,Modified Flower,Privet,1942,Launched,980,1943,Transferred
GB_1164,63,Great Britain,Escort,Modified Flower,Riviere Du Loup,1942,Launched,980,1946,Survived
GB_1165,63,Great Britain,Escort,Modified Flower,St Lambert,1942,Launched,980,1946,Survived
GB_1166,63,Great Britain,Escort,Modified Flower,Stellarton,1942,Launched,980,1946,Survived
GB_1167,63,Great Britain,Escort,Modified Flower,Brampton,N/A,N/A,980,N/A,N/A
GB_1168,63,Great Britain,Escort,Modified Flower,Simcoe,N/A,N/A,980,N/A,N/A
GB_1169,63,Great Britain,Escort,Castle,Tintagel Castle,1943,Launched,1060,1946,Survived
GB_1170,63,Great Britain,Escort,Castle,Huntsville,1943,Launched,1060,1946,Survived
GB_1171,63,Great Britain,Escort,Castle,Amberley Castle,1943,Launched,1060,1946,Survived
GB_1172,63,Great Britain,Escort,Castle,Appleby Castle,N/A,N/A,1060,N/A,N/A
GB_1173,63,Great Britain,Escort,Castle,Tonbridge Castle,N/A,N/A,1060,N/A,N/A
GB_1174,63,Great Britain,Escort,Castle,Berkeley Castle,1943,Launched,1060,1946,Survived
GB_1175,63,Great Britain,Escort,Castle,Knaresborough Castle,1943,Launched,1060,1946,Survived
GB_1176,63,Great Britain,Escort,Castle,Launceston Castle,1943,Launched,1060,1946,Survived
GB_1177,63,Great Britain,Escort,Castle,Coppercliff,1943,Launched,1060,1946,Survived
GB_1178,63,Great Britain,Escort,Castle,Alnwick Castle,1943,Launched,1060,1946,Survived
GB_1179,63,Great Britain,Escort,Castle,Barnard Castle,1943,Launched,1060,1946,Survived
GB_1180,63,Great Britain,Escort,Castle,Here Castle,N/A,N/A,1060,N/A,N/A
GB_1181,63,Great Britain,Escort,Castle,Caldecot Castle,N/A,N/A,1060,N/A,N/A
GB_1182,63,Great Britain,Escort,Castle,Norwich Castle,N/A,N/A,1060,N/A,N/A
GB_1183,63,Great Britain,Escort,Castle,Carisbrooke Castle,1943,Launched,1060,1946,Survived
GB_1184,63,Great Britain,Escort,Castle,Dumbarton Castle,1943,Launched,1060,1946,Survived
GB_1185,63,Great Britain,Escort,Castle,Hurst Castle,1943,Launched,1060,1944,Sunk
GB_1186,63,Great Britain,Escort,Castle,Farnham Castle,1943,Launched,1060,1946,Survived
GB_1187,63,Great Britain,Escort,Castle,Hedingham Castle,1943,Launched,1060,1946,Survived
GB_1188,63,Great Britain,Escort,Castle,Oswestry Castle,N/A,N/A,1060,N/A,N/A
GB_1189,63,Great Britain,Escort,Castle,Pendennis Castle,N/A,N/A,1060,N/A,N/A
GB_1190,63,Great Britain,Escort,Castle,Rhuddlan Castle,N/A,N/A,1060,N/A,N/A
GB_1191,63,Great Britain,Escort,Castle,Tillsonburg,1943,Launched,1060,1946,Survived
GB_1192,63,Great Britain,Escort,Castle,Rayleigh Castle,1943,Launched,1060,1946,Survived
GB_1193,63,Great Britain,Escort,Castle,York Castle,1943,Launched,1060,1946,Survived
GB_1194,63,Great Britain,Escort,Castle,Thornbury Castle,N/A,N/A,1060,N/A,N/A
GB_1195,63,Great Britain,Escort,Castle,Allington Castle,1943,Launched,1060,1946,Survived
GB_1196,63,Great Britain,Escort,Castle,Lancaster Castle,1943,Launched,1060,1946,Survived
GB_1197,63,Great Britain,Escort,Castle,Maiden Castle,1943,Launched,1060,1946,Survived
GB_1198,63,Great Britain,Escort,Castle,Scarborough Castle,1943,Launched,1060,1946,Survived
GB_1199,63,Great Britain,Escort,Castle,Alton Castle,N/A,N/A,1060,N/A,N/A
GB_1200,63,Great Britain,Escort,Castle,Warkworth Castle,N/A,N/A,1060,N/A,N/A
GB_1201,63,Great Britain,Escort,Castle,Oxford Castle,1943,Launched,1060,1946,Survived
GB_1202,63,Great Britain,Escort,Castle,Pevensey Castle,1943,Launched,1060,1946,Survived
GB_1203,63,Great Britain,Escort,Castle,Amprior,1943,Launched,1060,1946,Survived
GB_1204,63,Great Britain,Escort,Castle,Petrolia,1943,Launched,1060,1946,Survived
GB_1205,63,Great Britain,Escort,Castle,Oakham Castle,1943,Launched,1060,1946,Survived
GB_1206,63,Great Britain,Escort,Castle,Humberstone,1943,Launched,1060,1946,Survived
GB_1208,63,Great Britain,Escort,Castle,Calshot Castle,N/A,N/A,1060,N/A,N/A
GB_1209,63,Great Britain,Escort,Castle,Dover Castle,N/A,N/A,1060,N/A,N/A
GB_1210,63,Great Britain,Escort,Castle,Dudley Castle,N/A,N/A,1060,N/A,N/A
GB_1211,63,Great Britain,Escort,Castle,Bamborough Castle,1943,Launched,1060,1946,Survived
GB_1212,63,Great Britain,Escort,Castle,Caistor Castle,1943,Launched,1060,1946,Survived
GB_1213,63,Great Britain,Escort,Castle,Denbigh Castle,1943,Launched,1060,1945,Sunk
GB_1214,63,Great Britain,Escort,Castle,Monmouth Castle,N/A,N/A,1060,N/A,N/A
GB_1215,63,Great Britain,Escort,Castle,Leeds Castle,1943,Launched,1060,1946,Survived
GB_1216,63,Great Britain,Escort,Castle,Morpeth Castle,1943,Launched,1060,1946,Survived
GB_1217,63,Great Britain,Escort,Castle,Bowmanville,1943,Launched,1060,1946,Survived
GB_1218,63,Great Britain,Escort,Castle,Flint Castle,1943,Launched,1060,1946,Survived
GB_1219,63,Great Britain,Escort,Castle,Hespeler,1943,Launched,1060,1946,Survived
GB_1220,63,Great Britain,Escort,Castle,Orangeville,1943,Launched,1060,1946,Survived
GB_1221,63,Great Britain,Escort,Castle,Hadleigh Castle,1943,Launched,1060,1946,Survived
GB_1222,63,Great Britain,Escort,Castle,Kenilworth Castle,1943,Launched,1060,1946,Survived
GB_1223,63,Great Britain,Escort,Castle,Kincardine,1943,Launched,1060,1946,Survived
GB_1224,63,Great Britain,Escort,Castle,Leaside,1943,Launched,1060,1946,Survived
GB_1225,63,Great Britain,Escort,Castle,St Thomas,1943,Launched,1060,1946,Survived
GB_1226,63,Great Britain,Escort,Castle,Portchester Castle,1943,Launched,1060,1946,Survived
GB_1227,63,Great Britain,Escort,Castle,Rushen Castle,1943,Launched,1060,1946,Survived
GB_1228,63,Great Britain,Escort,Castle,Shrewsbury Castle,1943,Launched,1060,1944,Sunk
GB_1229,63,Great Britain,Escort,Castle,Bodiam Castle,1943,Launched,1060,1946,Survived
GB_1230,63,Great Britain,Escort,Castle,Bolton Castle,1943,Launched,1060,1946,Survived
GB_1231,63,Great Britain,Escort,Castle,Bramber Castle,1943,Launched,1060,1946,Survived
GB_1232,63,Great Britain,Escort,Castle,Bridgnorth Castle,1943,Launched,1060,1946,Survived
GB_1233,63,Great Britain,Escort,Castle,Brough Castle,1943,Launched,1060,1946,Survived
GB_1234,63,Great Britain,Escort,Castle,Chepstow Castle,1943,Launched,1060,1946,Survived
GB_1235,63,Great Britain,Escort,Castle,Chester Castle,1943,Launched,1060,1946,Survived
GB_1236,63,Great Britain,Escort,Castle,Clare Castle,1943,Launched,1060,1946,Survived
GB_1237,63,Great Britain,Escort,Castle,Clavering Castle,1943,Launched,1060,1946,Survived
GB_1238,63,Great Britain,Escort,Castle,Clitheroe Castle,1943,Launched,1060,1946,Survived
GB_1239,63,Great Britain,Escort,Castle,Corfe Castle,1943,Launched,1060,1946,Survived
GB_1240,63,Great Britain,Escort,Castle,Comet Castle,1943,Launched,1060,1946,Survived
GB_1241,63,Great Britain,Escort,Castle,Cowes Castle,1943,Launched,1060,1946,Survived
GB_1242,63,Great Britain,Escort,Castle,Dhyfe Castle,1943,Launched,1060,1946,Survived
GB_1243,63,Great Britain,Escort,Castle,Aydon Castle,1943,Launched,1060,1946,Survived
GB_1244,63,Great Britain,Escort,Castle,Barnwell Castle,1943,Launched,1060,1946,Survived
GB_1245,63,Great Britain,Escort,Castle,Beeston Castle,1943,Launched,1060,1946,Survived
GB_1246,63,Great Britain,Escort,Castle,Bowes Castle,1943,Launched,1060,1946,Survived
GB_1247,63,Great Britain,Escort,Castle,Devizes Castle,1943,Launched,1060,1946,Survived
GB_1248,63,Great Britain,Escort,Castle,Egremont Castle,1943,Launched,1060,1946,Survived
GB_1249,63,Great Britain,Escort,Castle,Canterbury Castle,1943,Launched,1060,1946,Survived
GB_1250,63,Great Britain,Escort,Castle,Carew Castle,1943,Launched,1060,1946,Survived
GB_1251,63,Great Britain,Escort,Castle,Christchurch Castle,1943,Launched,1060,1946,Survived
GB_1252,63,Great Britain,Escort,Castle,Clun Castle,1943,Launched,1060,1946,Survived
GB_1253,63,Great Britain,Escort,Castle,Colchester Castle,1943,Launched,1060,1946,Survived
GB_1254,63,Great Britain,Escort,Castle,Cowling Castle,1943,Launched,1060,1946,Survived
GB_1255,63,Great Britain,Escort,Castle,Cromer Castle,1943,Launched,1060,1946,Survived
GB_1256,63,Great Britain,Escort,Castle,Dunster Castle,1943,Launched,1060,1946,Survived
GB_1257,63,Great Britain,Escort,Castle,Wigmore Castle,1943,Launched,1060,1946,Survived
GB_1258,63,Great Britain,Escort,Castle,Criccieth Castle,1943,Launched,1060,1946,Survived
GB_1259,63,Great Britain,Escort,Castle,Fotheringay Castle,1943,Launched,1060,1946,Survived
GB_1260,63,Great Britain,Escort,Castle,Helmsley Castle,1943,Launched,1060,1946,Survived
GB_1261,63,Great Britain,Escort,Castle,Mailing Castle,1943,Launched,1060,1946,Survived
GB_1262,63,Great Britain,Escort,Castle,Malmesbury Castle,1943,Launched,1060,1946,Survived
GB_1263,63,Great Britain,Escort,Castle,Raby Castle,1943,Launched,1060,1946,Survived
GB_1264,63,Great Britain,Escort,Castle,Trematon Castle,1943,Launched,1060,1946,Survived
GB_1265,63,Great Britain,Escort,Castle,Tutbury Castle,1943,Launched,1060,1946,Survived
GB_1266,63,Great Britain,Mine Warfare,Halcyon,Franklin,1933,Launched,800,1946,Survived
GB_1267,63,Great Britain,Mine Warfare,Halcyon,Jason,1933,Launched,800,1946,Survived
GB_1268,63,Great Britain,Mine Warfare,Halcyon,Halcyon,1933,Launched,800,1946,Survived
GB_1269,63,Great Britain,Mine Warfare,Halcyon,Skipjack,1933,Launched,800,1940,Sunk
GB_1270,63,Great Britain,Mine Warfare,Halcyon,Scott,1933,Launched,800,1946,Survived
GB_1271,63,Great Britain,Mine Warfare,Halcyon,Bramble,1933,Launched,800,1942,Sunk
GB_1272,63,Great Britain,Mine Warfare,Halcyon,Britomart,1933,Launched,800,1944,Sunk
GB_1273,63,Great Britain,Mine Warfare,Halcyon,Hebe,1933,Launched,800,1943,Sunk
GB_1274,63,Great Britain,Mine Warfare,Halcyon,Leda,1933,Launched,800,1942,Sunk
GB_1275,63,Great Britain,Mine Warfare,Halcyon,Seagull,1933,Launched,800,1946,Survived
GB_1276,63,Great Britain,Mine Warfare,Halcyon,Sharpshooter,1933,Launched,800,1946,Survived
GB_1277,63,Great Britain,Mine Warfare,Halcyon,Gleaner,1933,Launched,800,1946,Survived
GB_1278,63,Great Britain,Mine Warfare,Halcyon,Hazard,1933,Launched,800,1946,Survived
GB_1279,63,Great Britain,Mine Warfare,Halcyon,Gossamer,1933,Launched,800,1942,Sunk
GB_1280,63,Great Britain,Mine Warfare,Halcyon,Speedwell,1933,Launched,800,1946,Survived
GB_1281,63,Great Britain,Mine Warfare,Halcyon,Speedy,1933,Launched,800,1946,Survived
GB_1282,63,Great Britain,Mine Warfare,Halcyon,Sphinx,1933,Launched,800,1940,Sunk
GB_1283,63,Great Britain,Mine Warfare,Halcyon,Harrier,1933,Launched,800,1946,Survived
GB_1284,63,Great Britain,Mine Warfare,Halcyon,Hussar,1933,Launched,800,1944,Sunk
GB_1285,63,Great Britain,Mine Warfare,Halcyon,Niger,1933,Launched,800,1942,Sunk
GB_1286,63,Great Britain,Mine Warfare,Halcyon,Salamander,1933,Launched,800,1946,Survived
GB_1288,64,Great Britain,Mine Warfare,Bangor Diesel,Bridlington,1940,Launched,590,1946,Survived
GB_1289,64,Great Britain,Mine Warfare,Bangor Diesel,Bridport,1940,Launched,590,1946,Survived
GB_1290,64,Great Britain,Mine Warfare,Bangor Diesel,Bangor,1940,Launched,590,1946,Survived
GB_1291,64,Great Britain,Mine Warfare,Bangor Diesel,Blackpool,1940,Launched,590,1946,Survived
GB_1292,64,Great Britain,Mine Warfare,Bangor Diesel,Digby,1940,Launched,590,1946,Survived
GB_1293,64,Great Britain,Mine Warfare,Bangor Diesel,Granby,1940,Launched,590,1946,Survived
GB_1294,64,Great Britain,Mine Warfare,Bangor Diesel,Lachine,1940,Launched,590,1946,Survived
GB_1295,64,Great Britain,Mine Warfare,Bangor Diesel,Melville,1940,Launched,590,1946,Survived
GB_1296,64,Great Britain,Mine Warfare,Bangor Diesel,Noranda,1940,Launched,590,1946,Survived
GB_1297,64,Great Britain,Mine Warfare,Bangor Diesel,Truro,1940,Launched,590,1946,Survived
GB_1298,64,Great Britain,Mine Warfare,Bangor Diesel,Brockville,1940,Launched,590,1946,Survived
GB_1299,64,Great Britain,Mine Warfare,Bangor Diesel,Esquimalt,1940,Launched,590,1945,Sunk
GB_1300,64,Great Britain,Mine Warfare,Bangor Diesel,Transcona,1940,Launched,590,1946,Survived
GB_1301,64,Great Britain,Mine Warfare,Bangor Diesel,Trois Rivieres,1940,Launched,590,1946,Survived
GB_1303,64,Great Britain,Mine Warfare,Bangor VTE,Peterhead,1940,Launched,672,1946,Survived
GB_1304,64,Great Britain,Mine Warfare,Bangor VTE,Bude,1940,Launched,672,1946,Survived
GB_1305,64,Great Britain,Mine Warfare,Bangor VTE,Clydebank,1940,Launched,672,1942,Transferred
GB_1306,64,Great Britain,Mine Warfare,Bangor VTE,Cromer,1940,Launched,672,1942,Sunk
GB_1307,64,Great Britain,Mine Warfare,Bangor VTE,Eastbourne,1940,Launched,672,1946,Survived
GB_1308,64,Great Britain,Mine Warfare,Bangor VTE,Felixstowe,1940,Launched,672,1946,Survived
GB_1309,64,Great Britain,Mine Warfare,Bangor VTE,Fraserburgh,1940,Launched,672,1946,Survived
GB_1310,64,Great Britain,Mine Warfare,Bangor VTE,Lyme Regis,1940,Launched,672,1946,Survived
GB_1311,64,Great Britain,Mine Warfare,Bangor VTE,Rhyl,1940,Launched,672,1946,Survived
GB_1312,64,Great Britain,Mine Warfare,Bangor VTE,Romney,1940,Launched,672,1946,Survived
GB_1313,64,Great Britain,Mine Warfare,Bangor VTE,Seaham,1940,Launched,672,1946,Survived
GB_1314,64,Great Britain,Mine Warfare,Bangor VTE,Tilbury,1940,Launched,672,1942,Transferred
GB_1315,64,Great Britain,Mine Warfare,Bangor VTE,Sidmouth,1940,Launched,672,1946,Survived
GB_1316,64,Great Britain,Mine Warfare,Bangor VTE,Stornoway,1940,Launched,672,1946,Survived
GB_1317,64,Great Britain,Mine Warfare,Bangor VTE,Bellechasse,1940,Launched,672,1946,Survived
GB_1318,64,Great Britain,Mine Warfare,Bangor VTE,Chedabucto,1940,Launched,672,1943,Sunk
GB_1319,64,Great Britain,Mine Warfare,Bangor VTE,Minas,1940,Launched,672,1946,Survived
GB_1320,64,Great Britain,Mine Warfare,Bangor VTE,Miramichi,1940,Launched,672,1946,Survived
GB_1321,64,Great Britain,Mine Warfare,Bangor VTE,Quinte,1940,Launched,672,1946,Survived
GB_1322,64,Great Britain,Mine Warfare,Bangor VTE,Wasaga,1940,Launched,672,1946,Survived
GB_1323,64,Great Britain,Mine Warfare,Bangor VTE,Drummondville,1940,Launched,672,1946,Survived
GB_1324,64,Great Britain,Mine Warfare,Bangor VTE,Grandmere,1940,Launched,672,1946,Survived
GB_1325,64,Great Britain,Mine Warfare,Bangor VTE,Medicine Hat,1940,Launched,672,1946,Survived
GB_1326,64,Great Britain,Mine Warfare,Bangor VTE,Red Deer,1940,Launched,672,1946,Survived
GB_1327,64,Great Britain,Mine Warfare,Bangor VTE,Vegreville,1940,Launched,672,1946,Survived
GB_1328,64,Great Britain,Mine Warfare,Bangor VTE,Burlington,1940,Launched,672,1946,Survived
GB_1329,64,Great Britain,Mine Warfare,Bangor VTE,Fort York,1940,Launched,672,1946,Survived
GB_1330,64,Great Britain,Mine Warfare,Bangor VTE,Gananoque,1940,Launched,672,1946,Survived
GB_1331,64,Great Britain,Mine Warfare,Bangor VTE,Georgian,1940,Launched,672,1946,Survived
GB_1332,64,Great Britain,Mine Warfare,Bangor VTE,Goderich,1940,Launched,672,1946,Survived
GB_1333,64,Great Britain,Mine Warfare,Bangor VTE,Nipigon,1940,Launched,672,1946,Survived
GB_1334,64,Great Britain,Mine Warfare,Bangor VTE,Parrsborough,1940,Launched,672,1946,Survived
GB_1335,64,Great Britain,Mine Warfare,Bangor VTE,Port Hope,1940,Launched,672,1946,Survived
GB_1336,64,Great Britain,Mine Warfare,Bangor VTE,Qualicum,1940,Launched,672,1946,Survived
GB_1337,64,Great Britain,Mine Warfare,Bangor VTE,Sarnia,1940,Launched,672,1946,Survived
GB_1338,64,Great Britain,Mine Warfare,Bangor VTE,Shippigan,1940,Launched,672,1946,Survived
GB_1339,64,Great Britain,Mine Warfare,Bangor VTE,Stratford,1940,Launched,672,1946,Survived
GB_1340,64,Great Britain,Mine Warfare,Bangor VTE,Tadoussac,1940,Launched,672,1946,Survived
GB_1341,64,Great Britain,Mine Warfare,Bangor VTE,Thunder,1940,Launched,672,1946,Survived
GB_1342,64,Great Britain,Mine Warfare,Bangor VTE,Wedgeport,1940,Launched,672,1946,Survived
GB_1343,64,Great Britain,Mine Warfare,Bangor VTE,Westmount,1940,Launched,672,1946,Survived
GB_1344,64,Great Britain,Mine Warfare,Bangor VTE,Canso,1940,Launched,672,1942,Transferred
GB_1345,64,Great Britain,Mine Warfare,Bangor VTE,Caraquet,1940,Launched,672,1942,Transferred
GB_1346,64,Great Britain,Mine Warfare,Bangor VTE,Chignecto,1940,Launched,672,1946,Survived
GB_1347,64,Great Britain,Mine Warfare,Bangor VTE,Cowichan,1940,Launched,672,1946,Survived
GB_1348,64,Great Britain,Mine Warfare,Bangor VTE,Guysborough,1940,Launched,672,1945,Sunk
GB_1349,64,Great Britain,Mine Warfare,Bangor VTE,Ingonish,1940,Launched,672,1943,Transferred
GB_1350,64,Great Britain,Mine Warfare,Bangor VTE,Lockeport,1940,Launched,672,1942,Transferred
GB_1351,64,Great Britain,Mine Warfare,Bangor VTE,Mahone,1940,Launched,672,1946,Survived
GB_1352,64,Great Britain,Mine Warfare,Bangor VTE,Malpeque,1940,Launched,672,1946,Survived
GB_1353,64,Great Britain,Mine Warfare,Bangor VTE,Outarde,1940,Launched,672,1946,Survived
GB_1354,64,Great Britain,Mine Warfare,Bangor VTE,Ungava,1940,Launched,672,1946,Survived
GB_1355,64,Great Britain,Mine Warfare,Bangor VTE,Bayfield,1940,Launched,672,1941,Transferred
GB_1356,64,Great Britain,Mine Warfare,Bangor VTE,Blairmore,1940,Launched,672,1946,Survived
GB_1357,64,Great Britain,Mine Warfare,Bangor VTE,Fort William,1940,Launched,672,1946,Survived
GB_1358,64,Great Britain,Mine Warfare,Bangor VTE,Kenora,1940,Launched,672,1946,Survived
GB_1359,64,Great Britain,Mine Warfare,Bangor VTE,Kentville,1940,Launched,672,1946,Survived
GB_1360,64,Great Britain,Mine Warfare,Bangor VTE,Milltown,1940,Launched,672,1946,Survived
GB_1361,64,Great Britain,Mine Warfare,Bangor VTE,Mulgrave,1940,Launched,672,1944,Sunk
GB_1362,64,Great Britain,Mine Warfare,Bangor VTE,Clayoquot,1940,Launched,672,1944,Sunk
GB_1363,64,Great Britain,Mine Warfare,Bangor VTE,Courtenay,1940,Launched,672,1946,Survived
GB_1364,64,Great Britain,Mine Warfare,Bangor VTE,Kelowna,1940,Launched,672,1946,Survived
GB_1365,64,Great Britain,Mine Warfare,Bangor VTE,Quat- Sino,1940,Launched,672,1946,Survived
GB_1366,64,Great Britain,Mine Warfare,Bangor VTE,Bihar,1940,Launched,672,1946,Survived
GB_1367,64,Great Britain,Mine Warfare,Bangor VTE,Deccan,1940,Launched,672,1946,Survived
GB_1368,64,Great Britain,Mine Warfare,Bangor VTE,Malwa,1940,Launched,672,1946,Survived
GB_1369,64,Great Britain,Mine Warfare,Bangor VTE,Oudh,1940,Launched,672,1946,Survived
GB_1370,64,Great Britain,Mine Warfare,Bangor VTE,Lantan,1940,Launched,672,1946,Survived
GB_1371,64,Great Britain,Mine Warfare,Bangor VTE,Lyemun,1940,Launched,672,1946,Survived
GB_1372,64,Great Britain,Mine Warfare,Bangor VTE,Taitam,1940,Launched,672,1946,Survived
GB_1373,64,Great Britain,Mine Warfare,Bangor VTE,Waglan,1940,Launched,672,1946,Survived
GB_1375,64,Great Britain,Mine Warfare,Bangor Turbine,Beaumaris,1940,Launched,605,1946,Survived
GB_1376,64,Great Britain,Mine Warfare,Bangor Turbine,Bootle,1940,Launched,605,1946,Survived
GB_1377,64,Great Britain,Mine Warfare,Bangor Turbine,Boston,1940,Launched,605,1946,Survived
GB_1378,64,Great Britain,Mine Warfare,Bangor Turbine,Clacton,1940,Launched,605,1943,Sunk
GB_1379,64,Great Britain,Mine Warfare,Bangor Turbine,Dornoch,1940,Launched,605,1946,Survived
GB_1380,64,Great Britain,Mine Warfare,Bangor Turbine,Hythe,1940,Launched,605,1943,Sunk
GB_1381,64,Great Britain,Mine Warfare,Bangor Turbine,Pol- Ruan,1940,Launched,605,1946,Survived
GB_1382,64,Great Britain,Mine Warfare,Bangor Turbine,Rye,1940,Launched,605,1946,Survived
GB_1383,64,Great Britain,Mine Warfare,Bangor Turbine,Ardrossan,1940,Launched,605,1946,Survived
GB_1384,64,Great Britain,Mine Warfare,Bangor Turbine,Brixham,1940,Launched,605,1946,Survived
GB_1385,64,Great Britain,Mine Warfare,Bangor Turbine,Cromarty,1940,Launched,605,1943,Sunk
GB_1386,64,Great Britain,Mine Warfare,Bangor Turbine,Dunbar,1940,Launched,605,1946,Survived
GB_1387,64,Great Britain,Mine Warfare,Bangor Turbine,Greenock,1940,Launched,605,1942,Transferred
GB_1388,64,Great Britain,Mine Warfare,Bangor Turbine,Hartlepool,1940,Launched,605,1942,Transferred
GB_1389,64,Great Britain,Mine Warfare,Bangor Turbine,Harwich,1940,Launched,605,1942,Transferred
GB_1390,64,Great Britain,Mine Warfare,Bangor Turbine,Ilfracombe,1940,Launched,605,1946,Survived
GB_1391,64,Great Britain,Mine Warfare,Bangor Turbine,Llandudno,1940,Launched,605,1946,Survived
GB_1392,64,Great Britain,Mine Warfare,Bangor Turbine,Middles- Borough,1940,Launched,605,1942,Transferred
GB_1393,64,Great Britain,Mine Warfare,Bangor Turbine,Newhaven,1940,Launched,605,1942,Transferred
GB_1394,64,Great Britain,Mine Warfare,Bangor Turbine,Padstow,1940,Launched,605,1943,Transferred
GB_1395,64,Great Britain,Mine Warfare,Bangor Turbine,Rothesay,1940,Launched,605,1946,Survived
GB_1396,64,Great Britain,Mine Warfare,Bangor Turbine,Tenby,1940,Launched,605,1946,Survived
GB_1397,64,Great Britain,Mine Warfare,Bangor Turbine,Whitehaven,1940,Launched,605,1946,Survived
GB_1398,64,Great Britain,Mine Warfare,Bangor Turbine,Worthing,1940,Launched,605,1946,Survived
GB_1399,64,Great Britain,Mine Warfare,Bangor Turbine,Lyme Regis,1940,Launched,605,1946,Survived
GB_1400,64,Great Britain,Mine Warfare,Bangor Turbine,Poole,1940,Launched,605,1946,Survived
GB_1401,64,Great Britain,Mine Warfare,Bathurst,Gawler,1940,Launched,720,1946,Survived
GB_1402,64,Great Britain,Mine Warfare,Bathurst,Kalgoorlie,1940,Launched,720,1946,Survived
GB_1403,64,Great Britain,Mine Warfare,Bathurst,Pirie,1940,Launched,720,1946,Survived
GB_1404,64,Great Britain,Mine Warfare,Bathurst,Whyalla,1940,Launched,720,1946,Survived
GB_1405,64,Great Britain,Mine Warfare,Bathurst,Bathurst,1940,Launched,720,1946,Survived
GB_1406,64,Great Britain,Mine Warfare,Bathurst,Bendigo,1940,Launched,720,1946,Survived
GB_1407,64,Great Britain,Mine Warfare,Bathurst,Cessnock,1940,Launched,720,1946,Survived
GB_1408,64,Great Britain,Mine Warfare,Bathurst,Glenelg,1940,Launched,720,1946,Survived
GB_1409,64,Great Britain,Mine Warfare,Bathurst,Goulbum,1940,Launched,720,1946,Survived
GB_1410,64,Great Britain,Mine Warfare,Bathurst,Wollongong,1940,Launched,720,1946,Survived
GB_1411,64,Great Britain,Mine Warfare,Bathurst,Bengal,1940,Launched,720,1946,Survived
GB_1412,64,Great Britain,Mine Warfare,Bathurst,Madras,1940,Launched,720,1946,Survived
GB_1413,64,Great Britain,Mine Warfare,Bathurst,Ararat,1940,Launched,720,1946,Survived
GB_1414,64,Great Britain,Mine Warfare,Bathurst,Broome,1940,Launched,720,1946,Survived
GB_1415,64,Great Britain,Mine Warfare,Bathurst,Bunbury,1940,Launched,720,1946,Survived
GB_1416,64,Great Britain,Mine Warfare,Bathurst,Bundaberg,1940,Launched,720,1946,Survived
GB_1417,64,Great Britain,Mine Warfare,Bathurst,Fremantle,1940,Launched,720,1946,Survived
GB_1418,64,Great Britain,Mine Warfare,Bathurst,Gympie,1940,Launched,720,1946,Survived
GB_1419,64,Great Britain,Mine Warfare,Bathurst,Ipswich,1940,Launched,720,1946,Survived
GB_1420,64,Great Britain,Mine Warfare,Bathurst,Kiama,1940,Launched,720,1946,Survived
GB_1421,64,Great Britain,Mine Warfare,Bathurst,Launceston,1940,Launched,720,1946,Survived
GB_1422,64,Great Britain,Mine Warfare,Bathurst,Parkes,1940,Launched,720,1946,Survived
GB_1423,64,Great Britain,Mine Warfare,Bathurst,Townsville,1940,Launched,720,1946,Survived
GB_1424,64,Great Britain,Mine Warfare,Bathurst,Armidale,1940,Launched,720,1942,Sunk
GB_1425,64,Great Britain,Mine Warfare,Bathurst,Bumie,1940,Launched,720,1946,Survived
GB_1426,64,Great Britain,Mine Warfare,Bathurst,Colac,1940,Launched,720,1946,Survived
GB_1427,64,Great Britain,Mine Warfare,Bathurst,Deloraine,1940,Launched,720,1946,Survived
GB_1428,64,Great Britain,Mine Warfare,Bathurst,Dubbo,1940,Launched,720,1946,Survived
GB_1429,64,Great Britain,Mine Warfare,Bathurst,Inverell,1940,Launched,720,1946,Survived
GB_1430,64,Great Britain,Mine Warfare,Bathurst,Latrobe,1940,Launched,720,1946,Survived
GB_1431,64,Great Britain,Mine Warfare,Bathurst,Lismore,1940,Launched,720,1946,Survived
GB_1432,64,Great Britain,Mine Warfare,Bathurst,Lithgow,1940,Launched,720,1946,Survived
GB_1433,64,Great Britain,Mine Warfare,Bathurst,Mildura,1940,Launched,720,1946,Survived
GB_1434,64,Great Britain,Mine Warfare,Bathurst,Wagga,1940,Launched,720,1946,Survived
GB_1435,64,Great Britain,Mine Warfare,Bathurst,Warrnambool,1940,Launched,720,1946,Survived
GB_1436,64,Great Britain,Mine Warfare,Bathurst,Bombay,1940,Launched,720,1946,Survived
GB_1437,64,Great Britain,Mine Warfare,Bathurst,Punjab,1940,Launched,720,1946,Survived
GB_1438,64,Great Britain,Mine Warfare,Bathurst,Strahan,1940,Launched,720,1946,Survived
GB_1439,64,Great Britain,Mine Warfare,Bathurst,Cootamundra,1940,Launched,720,1946,Survived
GB_1440,64,Great Britain,Mine Warfare,Bathurst,Cowra,1940,Launched,720,1946,Survived
GB_1441,64,Great Britain,Mine Warfare,Bathurst,Geraldton,1940,Launched,720,1946,Survived
GB_1442,64,Great Britain,Mine Warfare,Bathurst,Junee,1940,Launched,720,1946,Survived
GB_1443,64,Great Britain,Mine Warfare,Bathurst,Kapunda,1940,Launched,720,1946,Survived
GB_1444,64,Great Britain,Mine Warfare,Bathurst,Katoomba,1940,Launched,720,1946,Survived
GB_1445,64,Great Britain,Mine Warfare,Bathurst,Wallaroo,1940,Launched,720,1943,Sunk
GB_1446,64,Great Britain,Mine Warfare,Bathurst,Bowen,1940,Launched,720,1946,Survived
GB_1447,64,Great Britain,Mine Warfare,Bathurst,Cairns,1940,Launched,720,1946,Survived
GB_1448,64,Great Britain,Mine Warfare,Bathurst,Gladstone,1940,Launched,720,1946,Survived
GB_1449,64,Great Britain,Mine Warfare,Bathurst,Maryborough,1940,Launched,720,1946,Survived
GB_1450,64,Great Britain,Mine Warfare,Bathurst,Rockhampton,1940,Launched,720,1946,Survived
GB_1451,64,Great Britain,Mine Warfare,Bathurst,Tamworth,1940,Launched,720,1946,Survived
GB_1452,64,Great Britain,Mine Warfare,Bathurst,Toowoomba,1940,Launched,720,1946,Survived
GB_1453,64,Great Britain,Mine Warfare,Bathurst,Ballarat,1940,Launched,720,1946,Survived
GB_1454,64,Great Britain,Mine Warfare,Bathurst,Benalla,1940,Launched,720,1946,Survived
GB_1455,64,Great Britain,Mine Warfare,Bathurst,Castlemaine,1940,Launched,720,1946,Survived
GB_1456,64,Great Britain,Mine Warfare,Bathurst,Echuca,1940,Launched,720,1946,Survived
GB_1457,64,Great Britain,Mine Warfare,Bathurst,Geelong,1940,Launched,720,1944,Sunk
GB_1458,64,Great Britain,Mine Warfare,Bathurst,Horsham,1940,Launched,720,1946,Survived
GB_1459,64,Great Britain,Mine Warfare,Bathurst,Shepparton,1940,Launched,720,1946,Survived
GB_1460,64,Great Britain,Mine Warfare,Bathurst,Stawell,1940,Launched,720,1946,Survived
GB_1461,64,Great Britain,Mine Warfare,Bathurst,Assam,N/A,N/A,720,N/A,N/A
GB_1462,64,Great Britain,Mine Warfare,Bathurst,Gondwhana,N/A,N/A,720,N/A,N/A
GB_1463,64,Great Britain,Mine Warfare,Bathurst,Sind,N/A,N/A,720,N/A,N/A
GB_1465,64,Great Britain,Mine Warfare,Bathurst,India,N/A,N/A,720,N/A,N/A
GB_1467,65,Great Britain,Mine Warfare,Algerine Turbine,Brave,1941,Launched,960,1946,Survived
GB_1468,65,Great Britain,Mine Warfare,Algerine Turbine,Fancy,1941,Launched,960,1946,Survived
GB_1469,65,Great Britain,Mine Warfare,Algerine Turbine,Acute,1941,Launched,960,1946,Survived
GB_1470,65,Great Britain,Mine Warfare,Algerine Turbine,Alarm,1941,Launched,960,1943,Sunk
GB_1471,65,Great Britain,Mine Warfare,Algerine Turbine,Albacore,1941,Launched,960,1946,Survived
GB_1472,65,Great Britain,Mine Warfare,Algerine Turbine,Algerine,1941,Launched,960,1942,Sunk
GB_1473,65,Great Britain,Mine Warfare,Algerine Turbine,Cadmus,1941,Launched,960,1946,Survived
GB_1474,65,Great Britain,Mine Warfare,Algerine Turbine,Chamaeleon,1941,Launched,960,1946,Survived
GB_1475,65,Great Britain,Mine Warfare,Algerine Turbine,Cheerful,1941,Launched,960,1946,Survived
GB_1476,65,Great Britain,Mine Warfare,Algerine Turbine,Circe,1941,Launched,960,1946,Survived
GB_1477,65,Great Britain,Mine Warfare,Algerine Turbine,Espiegle,1941,Launched,960,1946,Survived
GB_1478,65,Great Britain,Mine Warfare,Algerine Turbine,Fantome,1941,Launched,960,1943,Sunk
GB_1479,65,Great Britain,Mine Warfare,Algerine Turbine,Hare,1941,Launched,960,1946,Survived
GB_1480,65,Great Britain,Mine Warfare,Algerine Turbine,Jewel,1941,Launched,960,1946,Survived
GB_1481,65,Great Britain,Mine Warfare,Algerine Turbine,Liberty,1941,Launched,960,1946,Survived
GB_1482,65,Great Britain,Mine Warfare,Algerine Turbine,Loyalty,1941,Launched,960,1944,Sunk
GB_1483,65,Great Britain,Mine Warfare,Algerine Turbine,Mutine,1941,Launched,960,1946,Survived
GB_1484,65,Great Britain,Mine Warfare,Algerine Turbine,Onyx,1941,Launched,960,1946,Survived
GB_1485,65,Great Britain,Mine Warfare,Algerine Turbine,Pickle,1941,Launched,960,1946,Survived
GB_1486,65,Great Britain,Mine Warfare,Algerine Turbine,Pincher,1941,Launched,960,1946,Survived
GB_1487,65,Great Britain,Mine Warfare,Algerine Turbine,Plucky,1941,Launched,960,1946,Survived
GB_1488,65,Great Britain,Mine Warfare,Algerine Turbine,Ready,1941,Launched,960,1946,Survived
GB_1489,65,Great Britain,Mine Warfare,Algerine Turbine,Recruit,1941,Launched,960,1946,Survived
GB_1490,65,Great Britain,Mine Warfare,Algerine Turbine,Rifleman,1941,Launched,960,1946,Survived
GB_1491,65,Great Britain,Mine Warfare,Algerine Turbine,Rinaldo,1941,Launched,960,1946,Survived
GB_1492,65,Great Britain,Mine Warfare,Algerine Turbine,Rosario,1941,Launched,960,1946,Survived
GB_1493,65,Great Britain,Mine Warfare,Algerine Turbine,Spanker,1941,Launched,960,1946,Survived
GB_1494,65,Great Britain,Mine Warfare,Algerine Turbine,Squirrel,1941,Launched,960,1945,Sunk
GB_1495,65,Great Britain,Mine Warfare,Algerine Turbine,Vestal,1941,Launched,960,1945,Sunk
GB_1496,65,Great Britain,Mine Warfare,Algerine Turbine,Marmion,N/A,N/A,960,N/A,N/A
GB_1497,65,Great Britain,Mine Warfare,Algerine Turbine,Moon,N/A,N/A,960,N/A,N/A
GB_1499,65,Great Britain,Mine Warfare,Algerine VTE,Cockatrice,1942,Launched,990,1946,Survived
GB_1500,65,Great Britain,Mine Warfare,Algerine VTE,Bramble,1942,Launched,990,1942,Sunk
GB_1501,65,Great Britain,Mine Warfare,Algerine VTE,Fierce,1942,Launched,990,1946,Survived
GB_1502,65,Great Britain,Mine Warfare,Algerine VTE,Fly,1942,Launched,990,1946,Survived
GB_1503,65,Great Britain,Mine Warfare,Algerine VTE,Hound,1942,Launched,990,1946,Survived
GB_1504,65,Great Britain,Mine Warfare,Algerine VTE,Hydra,1942,Launched,990,1944,Sunk
GB_1505,65,Great Britain,Mine Warfare,Algerine VTE,Larne,1942,Launched,990,1946,Survived
GB_1506,65,Great Britain,Mine Warfare,Algerine VTE,Lennox,1942,Launched,990,1946,Survived
GB_1507,65,Great Britain,Mine Warfare,Algerine VTE,Niger,1942,Launched,990,1942,Sunk
GB_1508,65,Great Britain,Mine Warfare,Algerine VTE,Orestes,1942,Launched,990,1946,Survived
GB_1509,65,Great Britain,Mine Warfare,Algerine VTE,Pelorus,1942,Launched,990,1946,Survived
GB_1510,65,Great Britain,Mine Warfare,Algerine VTE,Rattlesnake,1942,Launched,990,1946,Survived
GB_1511,65,Great Britain,Mine Warfare,Algerine VTE,Rowena,1942,Launched,990,1946,Survived
GB_1512,65,Great Britain,Mine Warfare,Algerine VTE,Stormcloud,1942,Launched,990,1946,Survived
GB_1513,65,Great Britain,Mine Warfare,Algerine VTE,Sylvia,1942,Launched,990,1946,Survived
GB_1514,65,Great Britain,Mine Warfare,Algerine VTE,Tanganyika,1942,Launched,990,1946,Survived
GB_1515,65,Great Britain,Mine Warfare,Algerine VTE,Waterwitch,1942,Launched,990,1946,Survived
GB_1516,65,Great Britain,Mine Warfare,Algerine VTE,Wave,1942,Launched,990,1946,Survived
GB_1517,65,Great Britain,Mine Warfare,Algerine VTE,Welcome,1942,Launched,990,1946,Survived
GB_1518,65,Great Britain,Mine Warfare,Algerine VTE,Fireball,N/A,N/A,990,N/A,N/A
GB_1519,65,Great Britain,Mine Warfare,Algerine VTE,Gabriel,N/A,N/A,990,N/A,N/A
GB_1520,65,Great Britain,Mine Warfare,Algerine VTE,Happy Return,N/A,N/A,990,N/A,N/A
GB_1521,65,Great Britain,Mine Warfare,Algerine VTE,Border Cities,1942,Launched,990,1946,Survived
GB_1522,65,Great Britain,Mine Warfare,Algerine VTE,Fort Francis,1942,Launched,990,1946,Survived
GB_1523,65,Great Britain,Mine Warfare,Algerine VTE,Kapuskasing,1942,Launched,990,1946,Survived
GB_1524,65,Great Britain,Mine Warfare,Algerine VTE,Lysander,1942,Launched,990,1946,Survived
GB_1525,65,Great Britain,Mine Warfare,Algerine VTE,Mariner,1942,Launched,990,1946,Survived
GB_1526,65,Great Britain,Mine Warfare,Algerine VTE,Marmion,1942,Launched,990,1946,Survived
GB_1527,65,Great Britain,Mine Warfare,Algerine VTE,Middlesex,1942,Launched,990,1946,Survived
GB_1528,65,Great Britain,Mine Warfare,Algerine VTE,New Liskeard,1942,Launched,990,1946,Survived
GB_1529,65,Great Britain,Mine Warfare,Algerine VTE,Orcadia,1942,Launched,990,1946,Survived
GB_1530,65,Great Britain,Mine Warfare,Algerine VTE,Oshawa,1942,Launched,990,1946,Survived
GB_1531,65,Great Britain,Mine Warfare,Algerine VTE,Ossory,1942,Launched,990,1946,Survived
GB_1532,65,Great Britain,Mine Warfare,Algerine VTE,Pluto,1942,Launched,990,1946,Survived
GB_1533,65,Great Britain,Mine Warfare,Algerine VTE,Polaris,1942,Launched,990,1946,Survived
GB_1534,65,Great Britain,Mine Warfare,Algerine VTE,Portage,1942,Launched,990,1946,Survived
GB_1535,65,Great Britain,Mine Warfare,Algerine VTE,Pyrrhus,1942,Launched,990,1946,Survived
GB_1536,65,Great Britain,Mine Warfare,Algerine VTE,Rockcliff,1942,Launched,990,1946,Survived
GB_1537,65,Great Britain,Mine Warfare,Algerine VTE,Romola,1942,Launched,990,1946,Survived
GB_1538,65,Great Britain,Mine Warfare,Algerine VTE,Rosamund,1942,Launched,990,1946,Survived
GB_1539,65,Great Britain,Mine Warfare,Algerine VTE,St Boniface,1942,Launched,990,1946,Survived
GB_1540,65,Great Britain,Mine Warfare,Algerine VTE,Sault Ste Marie,1942,Launched,990,1946,Survived
GB_1541,65,Great Britain,Mine Warfare,Algerine VTE,Wallaceburg,1942,Launched,990,1946,Survived
GB_1542,65,Great Britain,Mine Warfare,Algerine VTE,Winnipeg,1942,Launched,990,1946,Survived
GB_1543,65,Great Britain,Mine Warfare,Algerine VTE,Styx,N/A,N/A,990,N/A,N/A
GB_1544,65,Great Britain,Mine Warfare,Algerine VTE,Arcturus,1942,Launched,990,1946,Survived
GB_1545,65,Great Britain,Mine Warfare,Algerine VTE,Coquette,1942,Launched,990,1946,Survived
GB_1546,65,Great Britain,Mine Warfare,Algerine VTE,Courier,1942,Launched,990,1946,Survived
GB_1547,65,Great Britain,Mine Warfare,Algerine VTE,Felicity,1942,Launched,990,1946,Survived
GB_1548,65,Great Britain,Mine Warfare,Algerine VTE,Flying Fish,1942,Launched,990,1946,Survived
GB_1549,65,Great Britain,Mine Warfare,Algerine VTE,Golden Fleece,1942,Launched,990,1946,Survived
GB_1550,65,Great Britain,Mine Warfare,Algerine VTE,Gozo,1942,Launched,990,1946,Survived
GB_1551,65,Great Britain,Mine Warfare,Algerine VTE,Jaseur,1942,Launched,990,1946,Survived
GB_1552,65,Great Britain,Mine Warfare,Algerine VTE,Laertes,1942,Launched,990,1942,Sunk
GB_1553,65,Great Britain,Mine Warfare,Algerine VTE,Lightfoot,1942,Launched,990,1946,Survived
GB_1554,65,Great Britain,Mine Warfare,Algerine VTE,Lioness,1942,Launched,990,1946,Survived
GB_1555,65,Great Britain,Mine Warfare,Algerine VTE,Maenad,1942,Launched,990,1946,Survived
GB_1556,65,Great Britain,Mine Warfare,Algerine VTE,Magicienne,1942,Launched,990,1946,Survived
GB_1557,65,Great Britain,Mine Warfare,Algerine VTE,Mameluke,1942,Launched,990,1946,Survived
GB_1558,65,Great Britain,Mine Warfare,Algerine VTE,Mandate,1942,Launched,990,1946,Survived
GB_1559,65,Great Britain,Mine Warfare,Algerine VTE,Marvel,1942,Launched,990,1946,Survived
GB_1560,65,Great Britain,Mine Warfare,Algerine VTE,Mary Rose,1942,Launched,990,1946,Survived
GB_1561,65,Great Britain,Mine Warfare,Algerine VTE,Melita,1942,Launched,990,1946,Survived
GB_1562,65,Great Britain,Mine Warfare,Algerine VTE,Michael,1942,Launched,990,1946,Survived
GB_1563,65,Great Britain,Mine Warfare,Algerine VTE,Minstrel,1942,Launched,990,1946,Survived
GB_1564,65,Great Britain,Mine Warfare,Algerine VTE,Moon,1942,Launched,990,1946,Survived
GB_1565,65,Great Britain,Mine Warfare,Algerine VTE,Myrmidon,1942,Launched,990,1946,Survived
GB_1566,65,Great Britain,Mine Warfare,Algerine VTE,Mystic,1942,Launched,990,1946,Survived
GB_1567,65,Great Britain,Mine Warfare,Algerine VTE,Nerissa,1942,Launched,990,1946,Survived
GB_1568,65,Great Britain,Mine Warfare,Algerine VTE,Octavia,1942,Launched,990,1946,Survived
GB_1569,65,Great Britain,Mine Warfare,Algerine VTE,Persian,1942,Launched,990,1946,Survived
GB_1570,65,Great Britain,Mine Warfare,Algerine VTE,Postillion,1942,Launched,990,1946,Survived
GB_1571,65,Great Britain,Mine Warfare,Algerine VTE,Prompt,1942,Launched,990,1945,Sunk
GB_1572,65,Great Britain,Mine Warfare,Algerine VTE,Providence,1942,Launched,990,1946,Survived
GB_1573,65,Great Britain,Mine Warfare,Algerine VTE,Seabear,1942,Launched,990,1946,Survived
GB_1574,65,Great Britain,Mine Warfare,Algerine VTE,Serene,1942,Launched,990,1946,Survived
GB_1575,65,Great Britain,Mine Warfare,Algerine VTE,Skipjack,1942,Launched,990,1946,Survived
GB_1577,65,Great Britain,Mine Warfare,Algerine VTE,Thisbe,1942,Launched,990,1946,Survived
GB_1578,65,Great Britain,Mine Warfare,Algerine VTE,Truelove,1942,Launched,990,1946,Survived
GB_1579,65,Great Britain,Mine Warfare,Algerine VTE,Welfare,1942,Launched,990,1946,Survived
GB_1580,65,Great Britain,Mine Warfare,Algerine VTE,Antares,1942,Launched,990,1946,Survived
GB_1581,65,Great Britain,Mine Warfare,Algerine VTE,Aries,1942,Launched,990,1946,Survived
GB_1582,65,Great Britain,Mine Warfare,Algerine VTE,Clinton,1942,Launched,990,1946,Survived
GB_1583,65,Great Britain,Mine Warfare,Algerine VTE,Friendship,1942,Launched,990,1946,Survived
GB_1584,65,Great Britain,Mine Warfare,Algerine VTE,Regulus,1942,Launched,990,1945,Sunk
GB_1585,65,Great Britain,Mine Warfare,Algerine VTE,Nicator,N/A,N/A,990,N/A,N/A
GB_1586,65,Great Britain,Mine Warfare,Algerine VTE,Nonpareil,N/A,N/A,990,N/A,N/A
GB_1587,65,Great Britain,Mine Warfare,Algerine VTE,Nox,N/A,N/A,990,N/A,N/A
GB_1588,65,Great Britain,Mine Warfare,Algerine VTE,Odin,N/A,N/A,990,N/A,N/A
GB_1589,65,Great Britain,Mine Warfare,Catherine,Catherine,1943,Completed,890,1946,Survived
GB_1590,65,Great Britain,Mine Warfare,Catherine,Cato,1943,Completed,890,1944,Sunk
GB_1591,65,Great Britain,Mine Warfare,Catherine,Chamois,1943,Completed,890,1944,Sunk
GB_1592,65,Great Britain,Mine Warfare,Catherine,Chance,1943,Completed,890,1946,Survived
GB_1593,65,Great Britain,Mine Warfare,Catherine,Combatant,1943,Completed,890,1946,Survived
GB_1594,65,Great Britain,Mine Warfare,Catherine,Cynthia,1943,Completed,890,1946,Survived
GB_1595,65,Great Britain,Mine Warfare,Catherine,Elfreda,1943,Completed,890,1946,Survived
GB_1596,65,Great Britain,Mine Warfare,Catherine,Ex-Overseer AM321),1943,Completed,890,1946,Survived
GB_1597,65,Great Britain,Mine Warfare,Catherine,Fairy,1943,Completed,890,1946,Survived
GB_1598,65,Great Britain,Mine Warfare,Catherine,Florizel,1943,Completed,890,1946,Survived
GB_1599,65,Great Britain,Mine Warfare,Catherine,Foam,1943,Completed,890,1946,Survived
GB_1600,65,Great Britain,Mine Warfare,Catherine,Frolic,1943,Completed,890,1946,Survived
GB_1601,65,Great Britain,Mine Warfare,Catherine,Gazelle,1943,Completed,890,1946,Survived
GB_1602,65,Great Britain,Mine Warfare,Catherine,Gorgon,1943,Completed,890,1946,Survived
GB_1603,65,Great Britain,Mine Warfare,Catherine,Grecian,1943,Completed,890,1946,Survived
GB_1604,65,Great Britain,Mine Warfare,Catherine,Jasper,1943,Completed,890,1946,Survived
GB_1605,65,Great Britain,Mine Warfare,Catherine,Magic,1943,Completed,890,1944,Sunk
GB_1606,65,Great Britain,Mine Warfare,Catherine,Pique,1943,Completed,890,1946,Survived
GB_1607,65,Great Britain,Mine Warfare,Catherine,Pylades,1943,Completed,890,1944,Sunk
GB_1608,65,Great Britain,Mine Warfare,Catherine,Steadfast,1943,Completed,890,1946,Survived
GB_1609,65,Great Britain,Mine Warfare,Catherine,Strenuous,1943,Completed,890,1946,Survived
GB_1610,65,Great Britain,Mine Warfare,Catherine,Tattoo,1943,Completed,890,1946,Survived
GB_1611,65,Great Britain,Mine Warfare,Catherine,Tourmaline,1943,Completed,890,1946,Survived
GB_1614,65,Great Britain,Escort,Basset,Basset,1935,Launched,540,1946,Survived
GB_1615,65,Great Britain,Escort,Basset,Mastiff,1935,Launched,540,1939,Sunk
GB_1616,65,Great Britain,Escort,Basset,Comox,1935,Launched,540,1946,Survived
GB_1617,65,Great Britain,Escort,Basset,Nanooseooseoose,1935,Launched,540,1946,Survived
GB_1618,65,Great Britain,Escort,Basset,Fundy,1935,Launched,540,1946,Survived
GB_1619,65,Great Britain,Escort,Basset,Gaspe,1935,Launched,540,1946,Survived
GB_1620,65,Great Britain,Escort,Basset,Karachi,1935,Launched,540,1946,Survived
GB_1621,65,Great Britain,Escort,Basset,Lucknow,1935,Launched,540,1946,Survived
GB_1622,65,Great Britain,Escort,Basset,Ahmedabad,1935,Launched,540,1946,Survived
GB_1623,65,Great Britain,Escort,Basset,Cochin,1935,Launched,540,1946,Survived
GB_1624,65,Great Britain,Escort,Basset,Cuttack,1935,Launched,540,1946,Survived
GB_1625,65,Great Britain,Escort,Basset,Rampur,1935,Launched,540,1946,Survived
GB_1626,65,Great Britain,Escort,Basset,Shillong,1935,Launched,540,1946,Survived
GB_1627,65,Great Britain,Escort,Basset,Amritsar,1935,Launched,540,1946,Survived
GB_1628,65,Great Britain,Escort,Basset,Madura,1935,Launched,540,1946,Survived
GB_1629,65,Great Britain,Escort,Basset,Poona,1935,Launched,540,1946,Survived
GB_1630,65,Great Britain,Escort,Basset,Travancore,1935,Launched,540,1946,Survived
GB_1631,65,Great Britain,Escort,Basset,Agra,1935,Launched,540,1946,Survived
GB_1632,65,Great Britain,Escort,Basset,Berar,1935,Launched,540,1946,Survived
GB_1633,65,Great Britain,Escort,Basset,Calcutta,1935,Launched,540,1946,Survived
GB_1634,65,Great Britain,Escort,Basset,Patna,1935,Launched,540,1946,Survived
GB_1635,65,Great Britain,Escort,Basset,Multan,1935,Launched,540,1946,Survived
GB_1637,65,Great Britain,Escort,Basset,Baroda,1935,Launched,540,1946,Survived
GB_1638,65,Great Britain,Escort,Basset,Lahore,1935,Launched,540,1946,Survived
GB_1640,66,Great Britain,Escort,Tree/Dance/Shakespearian/Isles,Tree,1939,Launched,545,1946,Survived
GB_1641,66,Great Britain,Escort,Tree/Dance/Shakespearian/Isles,Dance,1939,Launched,545,1946,Survived
GB_1643,66,Great Britain,Escort,Tree/Dance/Shakespearian/Isles,Damsay,1939,Launched,545,1946,Survived
GB_1644,66,Great Britain,Escort,Tree/Dance/Shakespearian/Isles,Ash,1939,Launched,545,1941,Sunk
GB_1645,66,Great Britain,Escort,Tree/Dance/Shakespearian/Isles,Bay,1939,Launched,545,1946,Survived
GB_1646,66,Great Britain,Escort,Tree/Dance/Shakespearian/Isles,Fandango,1939,Launched,545,1946,Survived
GB_1647,66,Great Britain,Escort,Tree/Dance/Shakespearian/Isles,Foxtrot,1939,Launched,545,1946,Survived
GB_1648,66,Great Britain,Escort,Tree/Dance/Shakespearian/Isles,Celia,1939,Launched,545,1946,Survived
GB_1649,66,Great Britain,Escort,Tree/Dance/Shakespearian/Isles,Coriolanus,1939,Launched,545,1945,Sunk
GB_1650,66,Great Britain,Escort,Tree/Dance/Shakespearian/Isles,Fluellen,1939,Launched,545,1946,Survived
GB_1651,66,Great Britain,Escort,Tree/Dance/Shakespearian/Isles,Canna,1939,Launched,545,1942,Sunk
GB_1652,66,Great Britain,Escort,Tree/Dance/Shakespearian/Isles,Copinsay,1939,Launched,545,1946,Survived
GB_1653,66,Great Britain,Escort,Tree/Dance/Shakespearian/Isles,Cumbrae,1939,Launched,545,1946,Survived
GB_1654,66,Great Britain,Escort,Tree/Dance/Shakespearian/Isles,Eday,1939,Launched,545,1944,Transferred
GB_1655,66,Great Britain,Escort,Tree/Dance/Shakespearian/Isles,Fara,1939,Launched,545,1946,Survived
GB_1656,66,Great Britain,Escort,Tree/Dance/Shakespearian/Isles,Fetlar,1939,Launched,545,1946,Survived
GB_1657,66,Great Britain,Escort,Tree/Dance/Shakespearian/Isles,Fiona,1939,Launched,545,1941,Sunk
GB_1658,66,Great Britain,Escort,Tree/Dance/Shakespearian/Isles,Foula,1939,Launched,545,1946,Survived
GB_1659,66,Great Britain,Escort,Tree/Dance/Shakespearian/Isles,Gillstone,1939,Launched,545,1946,Survived
GB_1660,66,Great Britain,Escort,Tree/Dance/Shakespearian/Isles,Grain,1939,Launched,545,1946,Survived
GB_1661,66,Great Britain,Escort,Tree/Dance/Shakespearian/Isles,Hellisay,1939,Launched,545,1946,Survived
GB_1662,66,Great Britain,Escort,Tree/Dance/Shakespearian/Isles,Hermetray,1939,Launched,545,1946,Survived
GB_1663,66,Great Britain,Escort,Tree/Dance/Shakespearian/Isles,Imersay,1939,Launched,545,1946,Survived
GB_1664,66,Great Britain,Escort,Tree/Dance/Shakespearian/Isles,Lingay,1939,Launched,545,1946,Survived
GB_1665,66,Great Britain,Escort,Tree/Dance/Shakespearian/Isles,Longa,1939,Launched,545,1946,Survived
GB_1666,66,Great Britain,Escort,Tree/Dance/Shakespearian/Isles,Oronsay,1939,Launched,545,1946,Survived
GB_1667,66,Great Britain,Escort,Tree/Dance/Shakespearian/Isles,Orsay,1939,Launched,545,1946,Survived
GB_1668,66,Great Britain,Escort,Tree/Dance/Shakespearian/Isles,Ronaldsay,1939,Launched,545,1946,Survived
GB_1669,66,Great Britain,Escort,Tree/Dance/Shakespearian/Isles,Ronay,1939,Launched,545,1946,Survived
GB_1670,66,Great Britain,Escort,Tree/Dance/Shakespearian/Isles,Rysa,1939,Launched,545,1943,Sunk
GB_1671,66,Great Britain,Escort,Tree/Dance/Shakespearian/Isles,Shapinsay,1939,Launched,545,1946,Survived
GB_1672,66,Great Britain,Escort,Tree/Dance/Shakespearian/Isles,Sluna,1939,Launched,545,1946,Survived
GB_1673,66,Great Britain,Escort,Tree/Dance/Shakespearian/Isles,Vatersay,1939,Launched,545,1946,Survived
GB_1674,66,Great Britain,Escort,Tree/Dance/Shakespearian/Isles,Birch,1939,Launched,545,1946,Survived
GB_1675,66,Great Britain,Escort,Tree/Dance/Shakespearian/Isles,Blackthorn,1939,Launched,545,1946,Survived
GB_1676,66,Great Britain,Escort,Tree/Dance/Shakespearian/Isles,Gavotte,1939,Launched,545,1946,Survived
GB_1677,66,Great Britain,Escort,Tree/Dance/Shakespearian/Isles,Hornpipe,1939,Launched,545,1946,Survived
GB_1678,66,Great Britain,Escort,Tree/Dance/Shakespearian/Isles,Hamlet,1939,Launched,545,1946,Survived
GB_1679,66,Great Britain,Escort,Tree/Dance/Shakespearian/Isles,Horatio,1939,Launched,545,1943,Sunk
GB_1680,66,Great Britain,Escort,Tree/Dance/Shakespearian/Isles,Juliet,1939,Launched,545,1946,Survived
GB_1681,66,Great Britain,Escort,Tree/Dance/Shakespearian/Isles,Laertes,1939,Launched,545,1942,Sunk
GB_1682,66,Great Britain,Escort,Tree/Dance/Shakespearian/Isles,Ailsa Craig,1939,Launched,545,1946,Survived
GB_1683,66,Great Britain,Escort,Tree/Dance/Shakespearian/Isles,Annet,1939,Launched,545,1946,Survived
GB_1684,66,Great Britain,Escort,Tree/Dance/Shakespearian/Isles,Arran,1939,Launched,545,1946,Survived
GB_1685,66,Great Britain,Escort,Tree/Dance/Shakespearian/Isles,Balta,1939,Launched,545,1946,Survived
GB_1686,66,Great Britain,Escort,Tree/Dance/Shakespearian/Isles,Benbecula,1939,Launched,545,1946,Survived
GB_1687,66,Great Britain,Escort,Tree/Dance/Shakespearian/Isles,Bern,1939,Launched,545,1946,Survived
GB_1688,66,Great Britain,Escort,Tree/Dance/Shakespearian/Isles,Blackbird,1939,Launched,545,1946,Survived
GB_1689,66,Great Britain,Escort,Tree/Dance/Shakespearian/Isles,Bressay,1939,Launched,545,1946,Survived
GB_1690,66,Great Britain,Escort,Tree/Dance/Shakespearian/Isles,Brora,1939,Launched,545,1941,Sunk
GB_1691,66,Great Britain,Escort,Tree/Dance/Shakespearian/Isles,Bruray,1939,Launched,545,1943,Transferred
GB_1692,66,Great Britain,Escort,Tree/Dance/Shakespearian/Isles,Bryher,1939,Launched,545,1946,Survived
GB_1693,66,Great Britain,Escort,Tree/Dance/Shakespearian/Isles,Calvay,1939,Launched,545,1946,Survived
GB_1694,66,Great Britain,Escort,Tree/Dance/Shakespearian/Isles,Colsay,1939,Launched,545,1944,Sunk
GB_1695,66,Great Britain,Escort,Tree/Dance/Shakespearian/Isles,Crowlin,1939,Launched,545,1946,Survived
GB_1696,66,Great Britain,Escort,Tree/Dance/Shakespearian/Isles,Dabchick,1939,Launched,545,1946,Survived
GB_1697,66,Great Britain,Escort,Tree/Dance/Shakespearian/Isles,Egilsay,1939,Launched,545,1946,Survived
GB_1698,66,Great Britain,Escort,Tree/Dance/Shakespearian/Isles,Ensay,1939,Launched,545,1946,Survived
GB_1699,66,Great Britain,Escort,Tree/Dance/Shakespearian/Isles,Fame,1939,Launched,545,1946,Survived
GB_1700,66,Great Britain,Escort,Tree/Dance/Shakespearian/Isles,Flatholm,1939,Launched,545,1946,Survived
GB_1701,66,Great Britain,Escort,Tree/Dance/Shakespearian/Isles,Fuday,1939,Launched,545,1946,Survived
GB_1702,66,Great Britain,Escort,Tree/Dance/Shakespearian/Isles,Gamilly,1939,Launched,545,1944,Sunk
GB_1703,66,Great Britain,Escort,Tree/Dance/Shakespearian/Isles,Gulland,1939,Launched,545,1946,Survived
GB_1704,66,Great Britain,Escort,Tree/Dance/Shakespearian/Isles,Gweal,1939,Launched,545,1946,Survived
GB_1705,66,Great Britain,Escort,Tree/Dance/Shakespearian/Isles,Hanneray,1939,Launched,545,1946,Survived
GB_1706,66,Great Britain,Escort,Tree/Dance/Shakespearian/Isles,Harris,1939,Launched,545,1946,Survived
GB_1707,66,Great Britain,Escort,Tree/Dance/Shakespearian/Isles,Hascosay,1939,Launched,545,1946,Survived
GB_1708,66,Great Britain,Escort,Tree/Dance/Shakespearian/Isles,Hayling,1939,Launched,545,1946,Survived
GB_1709,66,Great Britain,Escort,Tree/Dance/Shakespearian/Isles,Hildasay,1939,Launched,545,1945,Sunk
GB_1710,66,Great Britain,Escort,Tree/Dance/Shakespearian/Isles,Hoxa,1939,Launched,545,1946,Survived
GB_1711,66,Great Britain,Escort,Tree/Dance/Shakespearian/Isles,Hoy,1939,Launched,545,1946,Survived
GB_1712,66,Great Britain,Escort,Tree/Dance/Shakespearian/Isles,Inchcolm,1939,Launched,545,1946,Survived
GB_1713,66,Great Britain,Escort,Tree/Dance/Shakespearian/Isles,Killegray,1939,Launched,545,1946,Survived
GB_1714,66,Great Britain,Escort,Tree/Dance/Shakespearian/Isles,Kittern,1939,Launched,545,1946,Survived
GB_1715,66,Great Britain,Escort,Tree/Dance/Shakespearian/Isles,Lindisfame,1939,Launched,545,1946,Survived
GB_1716,66,Great Britain,Escort,Tree/Dance/Shakespearian/Isles,Lundy,1939,Launched,545,1946,Survived
GB_1717,66,Great Britain,Escort,Tree/Dance/Shakespearian/Isles,Mewstone,1939,Launched,545,1946,Survived
GB_1718,66,Great Britain,Escort,Tree/Dance/Shakespearian/Isles,Minalto,1939,Launched,545,1946,Survived
GB_1719,66,Great Britain,Escort,Tree/Dance/Shakespearian/Isles,Mull,1939,Launched,545,1946,Survived
GB_1720,66,Great Britain,Escort,Tree/Dance/Shakespearian/Isles,Heave,1939,Launched,545,1946,Survived
GB_1721,66,Great Britain,Escort,Tree/Dance/Shakespearian/Isles,Pladda,1939,Launched,545,1946,Survived
GB_1722,66,Great Britain,Escort,Tree/Dance/Shakespearian/Isles,Rosevean,1939,Launched,545,1946,Survived
GB_1723,66,Great Britain,Escort,Tree/Dance/Shakespearian/Isles,Sandray,1939,Launched,545,1946,Survived
GB_1724,66,Great Britain,Escort,Tree/Dance/Shakespearian/Isles,Scalpay,1939,Launched,545,1946,Survived
GB_1725,66,Great Britain,Escort,Tree/Dance/Shakespearian/Isles,Scaravay,1939,Launched,545,1946,Survived
GB_1726,66,Great Britain,Escort,Tree/Dance/Shakespearian/Isles,Scarba,1939,Launched,545,1946,Survived
GB_1727,66,Great Britain,Escort,Tree/Dance/Shakespearian/Isles,Sheppey,1939,Launched,545,1946,Survived
GB_1728,66,Great Britain,Escort,Tree/Dance/Shakespearian/Isles,Shillay,1939,Launched,545,1946,Survived
GB_1729,66,Great Britain,Escort,Tree/Dance/Shakespearian/Isles,Skokholm,1939,Launched,545,1946,Survived
GB_1730,66,Great Britain,Escort,Tree/Dance/Shakespearian/Isles,Stonechat,1939,Launched,545,1946,Survived
GB_1731,66,Great Britain,Escort,Tree/Dance/Shakespearian/Isles,Sursay,1939,Launched,545,1946,Survived
GB_1732,66,Great Britain,Escort,Tree/Dance/Shakespearian/Isles,Tahay,1939,Launched,545,1946,Survived
GB_1733,66,Great Britain,Escort,Tree/Dance/Shakespearian/Isles,Tocogay,1939,Launched,545,1946,Survived
GB_1734,66,Great Britain,Escort,Tree/Dance/Shakespearian/Isles,Trodday,1939,Launched,545,1946,Survived
GB_1735,66,Great Britain,Escort,Tree/Dance/Shakespearian/Isles,Ulva,1939,Launched,545,1946,Survived
GB_1736,66,Great Britain,Escort,Tree/Dance/Shakespearian/Isles,Vaceasay,1939,Launched,545,1946,Survived
GB_1737,66,Great Britain,Escort,Tree/Dance/Shakespearian/Isles,Vallay,1939,Launched,545,1946,Survived
GB_1738,66,Great Britain,Escort,Tree/Dance/Shakespearian/Isles,Whalsay,1939,Launched,545,1946,Survived
GB_1739,66,Great Britain,Escort,Tree/Dance/Shakespearian/Isles,Whitethroat,1939,Launched,545,1946,Survived
GB_1740,66,Great Britain,Escort,Tree/Dance/Shakespearian/Isles,Wiay,1939,Launched,545,1946,Survived
GB_1741,66,Great Britain,Escort,Tree/Dance/Shakespearian/Isles,Earraid,1939,Launched,545,1946,Survived
GB_1742,66,Great Britain,Escort,Tree/Dance/Shakespearian/Isles,Filla,1939,Launched,545,1946,Survived
GB_1743,66,Great Britain,Escort,Tree/Dance/Shakespearian/Isles,Gruinard,1939,Launched,545,1946,Survived
GB_1744,66,Great Britain,Escort,Tree/Dance/Shakespearian/Isles,Juniper,1939,Launched,545,1940,Sunk
GB_1745,66,Great Britain,Escort,Tree/Dance/Shakespearian/Isles,Mangrove,1939,Launched,545,1946,Survived
GB_1746,66,Great Britain,Escort,Tree/Dance/Shakespearian/Isles,Mazurka,1939,Launched,545,1946,Survived
GB_1747,66,Great Britain,Escort,Tree/Dance/Shakespearian/Isles,Minuet,1939,Launched,545,1946,Survived
GB_1748,66,Great Britain,Escort,Tree/Dance/Shakespearian/Isles,Biggal,1939,Launched,545,1946,Survived
GB_1749,66,Great Britain,Escort,Tree/Dance/Shakespearian/Isles,Hunda,1939,Launched,545,1946,Survived
GB_1750,66,Great Britain,Escort,Tree/Dance/Shakespearian/Isles,Unst,1939,Launched,545,1946,Survived
GB_1751,66,Great Britain,Escort,Tree/Dance/Shakespearian/Isles,Bardsey,1939,Launched,545,1946,Survived
GB_1752,66,Great Britain,Escort,Tree/Dance/Shakespearian/Isles,Cava,1939,Launched,545,1946,Survived
GB_1753,66,Great Britain,Escort,Tree/Dance/Shakespearian/Isles,Eriskay,1939,Launched,545,1946,Survived
GB_1754,66,Great Britain,Escort,Tree/Dance/Shakespearian/Isles,Kerrera Goole SB - Chestnut,1939,Launched,545,1944,Transferred
GB_1755,66,Great Britain,Escort,Tree/Dance/Shakespearian/Isles,Deodar,1939,Launched,545,1946,Survived
GB_1756,66,Great Britain,Escort,Tree/Dance/Shakespearian/Isles,Morris Dance,1939,Launched,545,1946,Survived
GB_1757,66,Great Britain,Escort,Tree/Dance/Shakespearian/Isles,Pirouette,1939,Launched,545,1946,Survived
GB_1758,66,Great Britain,Escort,Tree/Dance/Shakespearian/Isles,Macbeth,1939,Launched,545,1946,Survived
GB_1759,66,Great Britain,Escort,Tree/Dance/Shakespearian/Isles,Ophelia,1939,Launched,545,1946,Survived
GB_1760,66,Great Britain,Escort,Tree/Dance/Shakespearian/Isles,Burra,1939,Launched,545,1946,Survived
GB_1761,66,Great Britain,Escort,Tree/Dance/Shakespearian/Isles,Bute,1939,Launched,545,1946,Survived
GB_1762,66,Great Britain,Escort,Tree/Dance/Shakespearian/Isles,Fiaray,1939,Launched,545,1946,Survived
GB_1763,66,Great Britain,Escort,Tree/Dance/Shakespearian/Isles,Mousa,1939,Launched,545,1946,Survived
GB_1764,66,Great Britain,Escort,Tree/Dance/Shakespearian/Isles,Rousay,1939,Launched,545,1946,Survived
GB_1765,66,Great Britain,Escort,Tree/Dance/Shakespearian/Isles,Ruskholm,1939,Launched,545,1946,Survived
GB_1766,66,Great Britain,Escort,Tree/Dance/Shakespearian/Isles,Sanda,1939,Launched,545,1946,Survived
GB_1767,66,Great Britain,Escort,Tree/Dance/Shakespearian/Isles,Shiant,1939,Launched,545,1946,Survived
GB_1768,66,Great Britain,Escort,Tree/Dance/Shakespearian/Isles,Tiree,1939,Launched,545,1946,Survived
GB_1769,66,Great Britain,Escort,Tree/Dance/Shakespearian/Isles,Orfasy,1939,Launched,545,1943,Sunk
GB_1770,66,Great Britain,Escort,Tree/Dance/Shakespearian/Isles,St Kilda,1939,Launched,545,1946,Survived
GB_1771,66,Great Britain,Escort,Tree/Dance/Shakespearian/Isles,Olive,1939,Launched,545,1946,Survived
GB_1772,66,Great Britain,Escort,Tree/Dance/Shakespearian/Isles,Pine,1939,Launched,545,1944,Sunk
GB_1773,66,Great Britain,Escort,Tree/Dance/Shakespearian/Isles,Polka,1939,Launched,545,1946,Survived
GB_1774,66,Great Britain,Escort,Tree/Dance/Shakespearian/Isles,Quadrille,1939,Launched,545,1946,Survived
GB_1775,66,Great Britain,Escort,Tree/Dance/Shakespearian/Isles,Othello,1939,Launched,545,1946,Survived
GB_1776,66,Great Britain,Escort,Tree/Dance/Shakespearian/Isles,Stroma,1939,Launched,545,1946,Survived
GB_1777,66,Great Britain,Escort,Tree/Dance/Shakespearian/Isles,Elm,1939,Launched,545,1946,Survived
GB_1778,66,Great Britain,Escort,Tree/Dance/Shakespearian/Isles,Fir,1939,Launched,545,1946,Survived
GB_1779,66,Great Britain,Escort,Tree/Dance/Shakespearian/Isles,Rumba,1939,Launched,545,1946,Survived
GB_1780,66,Great Britain,Escort,Tree/Dance/Shakespearian/Isles,Sarabande,1939,Launched,545,1946,Survived
GB_1781,66,Great Britain,Escort,Tree/Dance/Shakespearian/Isles,Romeo,1939,Launched,545,1946,Survived
GB_1782,66,Great Britain,Escort,Tree/Dance/Shakespearian/Isles,Rosalind,1939,Launched,545,1946,Survived
GB_1783,66,Great Britain,Escort,Tree/Dance/Shakespearian/Isles,Oxna,1939,Launched,545,1946,Survived
GB_1784,66,Great Britain,Escort,Tree/Dance/Shakespearian/Isles,Stronsay,1939,Launched,545,1943,Sunk
GB_1785,66,Great Britain,Escort,Tree/Dance/Shakespearian/Isles,Switha,1939,Launched,545,1946,Survived
GB_1786,66,Great Britain,Escort,Tree/Dance/Shakespearian/Isles,Caldy,1939,Launched,545,1946,Survived
GB_1787,66,Great Britain,Escort,Tree/Dance/Shakespearian/Isles,Foulness,1939,Launched,545,1946,Survived
GB_1788,66,Great Britain,Escort,Tree/Dance/Shakespearian/Isles,Grassholm,1939,Launched,545,1946,Survived
GB_1789,66,Great Britain,Escort,Tree/Dance/Shakespearian/Isles,Inchkeith,1939,Launched,545,1946,Survived
GB_1790,66,Great Britain,Escort,Tree/Dance/Shakespearian/Isles,Inchmamock,1939,Launched,545,1946,Survived
GB_1791,66,Great Britain,Escort,Tree/Dance/Shakespearian/Isles,St Agnes,1939,Launched,545,1946,Survived
GB_1792,66,Great Britain,Escort,Tree/Dance/Shakespearian/Isles,Skomer,1939,Launched,545,1946,Survived
GB_1793,66,Great Britain,Escort,Tree/Dance/Shakespearian/Isles,Steepholm,1939,Launched,545,1946,Survived
GB_1794,66,Great Britain,Escort,Tree/Dance/Shakespearian/Isles,Trondra,1939,Launched,545,1946,Survived
GB_1795,66,Great Britain,Escort,Tree/Dance/Shakespearian/Isles,Westray,1939,Launched,545,1946,Survived
GB_1796,66,Great Britain,Escort,Tree/Dance/Shakespearian/Isles,Hazel,1939,Launched,545,1946,Survived
GB_1797,66,Great Britain,Escort,Tree/Dance/Shakespearian/Isles,Hickory,1939,Launched,545,1940,Sunk
GB_1798,66,Great Britain,Escort,Tree/Dance/Shakespearian/Isles,Saltarelo,1939,Launched,545,1946,Survived
GB_1799,66,Great Britain,Escort,Tree/Dance/Shakespearian/Isles,Sword Dance,1939,Launched,545,1942,Sunk
GB_1800,66,Great Britain,Escort,Tree/Dance/Shakespearian/Isles,Skye,1939,Launched,545,1946,Survived
GB_1801,66,Great Britain,Escort,Tree/Dance/Shakespearian/Isles,Staffa,1939,Launched,545,1946,Survived
GB_1802,66,Great Britain,Escort,Tree/Dance/Shakespearian/Isles,Wallasea,1939,Launched,545,1944,Sunk
GB_1803,66,Great Britain,Escort,Tree/Dance/Shakespearian/Isles,Rowan,1939,Launched,545,1946,Survived
GB_1804,66,Great Britain,Escort,Tree/Dance/Shakespearian/Isles,Walnut,1939,Launched,545,1946,Survived
GB_1805,66,Great Britain,Escort,Tree/Dance/Shakespearian/Isles,Whitethorn,1939,Launched,545,1946,Survived
GB_1806,66,Great Britain,Escort,Tree/Dance/Shakespearian/Isles,Wistaria,1939,Launched,545,1946,Survived
GB_1807,66,Great Britain,Escort,Tree/Dance/Shakespearian/Isles,Tango,1939,Launched,545,1946,Survived
GB_1808,66,Great Britain,Escort,Tree/Dance/Shakespearian/Isles,Two Step,1939,Launched,545,1946,Survived
GB_1809,66,Great Britain,Escort,Tree/Dance/Shakespearian/Isles,Valse,1939,Launched,545,1946,Survived
GB_1810,66,Great Britain,Escort,Tree/Dance/Shakespearian/Isles,Veleta,1939,Launched,545,1946,Survived
GB_1811,66,Great Britain,Escort,Tree/Dance/Shakespearian/Isles,Islay,1939,Launched,545,1946,Survived
GB_1812,66,Great Britain,Escort,Tree/Dance/Shakespearian/Isles,Anticosti,1939,Launched,545,1946,Survived
GB_1813,66,Great Britain,Escort,Tree/Dance/Shakespearian/Isles,Baffin,1939,Launched,545,1946,Survived
GB_1814,66,Great Britain,Escort,Tree/Dance/Shakespearian/Isles,Caitiff,1939,Launched,545,1946,Survived
GB_1815,66,Great Britain,Escort,Tree/Dance/Shakespearian/Isles,Campobello,1939,Launched,545,1943,Sunk
GB_1816,66,Great Britain,Escort,Tree/Dance/Shakespearian/Isles,Miscou,1939,Launched,545,1946,Survived
GB_1817,66,Great Britain,Escort,Tree/Dance/Shakespearian/Isles,Ex-Campenia),1939,Launched,545,1946,Survived
GB_1818,66,Great Britain,Escort,Tree/Dance/Shakespearian/Isles,Dochet,1939,Launched,545,1946,Survived
GB_1819,66,Great Britain,Escort,Tree/Dance/Shakespearian/Isles,Flint,1939,Launched,545,1946,Survived
GB_1820,66,Great Britain,Escort,Tree/Dance/Shakespearian/Isles,Gateshead,1939,Launched,545,1946,Survived
GB_1821,66,Great Britain,Escort,Tree/Dance/Shakespearian/Isles,Herschell,1939,Launched,545,1946,Survived
GB_1822,66,Great Britain,Escort,Tree/Dance/Shakespearian/Isles,Ironbound,1939,Launched,545,1946,Survived
GB_1823,66,Great Britain,Escort,Tree/Dance/Shakespearian/Isles,Liscomb,1939,Launched,545,1946,Survived
GB_1824,66,Great Britain,Escort,Tree/Dance/Shakespearian/Isles,Magdalen,1939,Launched,545,1946,Survived
GB_1825,66,Great Britain,Escort,Tree/Dance/Shakespearian/Isles,Manitoulin,1939,Launched,545,1946,Survived
GB_1826,66,Great Britain,Escort,Tree/Dance/Shakespearian/Isles,Porcher,1939,Launched,545,1946,Survived
GB_1827,66,Great Britain,Escort,Tree/Dance/Shakespearian/Isles,Prospect,1939,Launched,545,1946,Survived
GB_1828,66,Great Britain,Escort,Tree/Dance/Shakespearian/Isles,Texada,1939,Launched,545,1946,Survived
GB_1830,66,Great Britain,Escort,Kiwi,Kiwi,1941,Launched,600,1946,Survived
GB_1831,66,Great Britain,Escort,Kiwi,Moa,1941,Launched,600,1943,Sunk
GB_1832,66,Great Britain,Escort,Kiwi,Tui,1941,Launched,600,1946,Survived
GB_1833,66,Great Britain,Escort,Portuguese-Type Wooden Hull,Prong,1941,Launched,500,1946,Survived
GB_1834,66,Great Britain,Escort,Portuguese-Type Wooden Hull,Proof,1941,Launched,500,1946,Survived
GB_1835,66,Great Britain,Escort,Portuguese-Type Wooden Hull,Property,1941,Launched,500,1946,Survived
GB_1836,66,Great Britain,Escort,Portuguese-Type Wooden Hull,Prophet,1941,Launched,500,1946,Survived
GB_1837,66,Great Britain,Escort,Portuguese-Type Wooden Hull,Protest,1941,Launched,500,1946,Survived
GB_1838,66,Great Britain,Escort,Portuguese-Type Wooden Hull,Prowess,1941,Launched,500,1946,Survived
GB_1839,66,Great Britain,Escort,Portuguese-Type Wooden Hull,Ex-Portreath),1941,Launched,500,1946,Survived
GB_1840,66,Great Britain,Escort,Portuguese-Type Steel Hull,Probe,1941,Launched,452,1946,Survived
GB_1841,66,Great Britain,Escort,Portuguese-Type Steel Hull,Proctor,1941,Launched,452,1946,Survived
GB_1842,66,Great Britain,Escort,Portuguese-Type Steel Hull,Prodigal,1941,Launched,452,1946,Survived
GB_1843,66,Great Britain,Escort,Portuguese-Type Steel Hull,Product,1941,Launched,452,1946,Survived
GB_1844,66,Great Britain,Escort,Portuguese-Type Steel Hull,Professor,1941,Launched,452,1946,Survived
GB_1846,67,Great Britain,Escort,Castle Trawler,Awatere,1941,Launched,447,1946,Survived
GB_1847,67,Great Britain,Escort,Castle Trawler,Rimu,1941,Launched,447,1946,Survived
GB_1848,67,Great Britain,Escort,Castle Trawler,Tawhai,1941,Launched,447,1946,Survived
GB_1849,67,Great Britain,Escort,Castle Trawler,Hinau,1941,Launched,447,1946,Survived
GB_1850,67,Great Britain,Escort,Castle Trawler,Aroha,1941,Launched,447,1946,Survived
GB_1851,67,Great Britain,Escort,Castle Trawler,Hautapu,1941,Launched,447,1946,Survived
GB_1852,67,Great Britain,Escort,Castle Trawler,Maimai,1941,Launched,447,1946,Survived
GB_1853,67,Great Britain,Escort,Castle Trawler,Pahau,1941,Launched,447,1946,Survived
GB_1854,67,Great Britain,Escort,Castle Trawler,Puriri,1941,Launched,447,1941,Sunk
GB_1855,67,Great Britain,Escort,Castle Trawler,Waiho,1941,Launched,447,1946,Survived
GB_1856,67,Great Britain,Escort,Castle Trawler,Waima,1941,Launched,447,1946,Survived
GB_1857,67,Great Britain,Escort,Castle Trawler,Waipu,1941,Launched,447,1946,Survived
GB_1858,67,Great Britain,Escort,Castle Trawler,Waiiti,N/A,N/A,447,N/A,N/A
GB_1859,67,Great Britain,Escort,Castle Trawler,Waikaka,N/A,N/A,447,N/A,N/A
GB_1860,67,Great Britain,Escort,Castle Trawler,Waikanae,N/A,N/A,447,N/A,N/A
GB_1862,67,Great Britain,Escort,Hills,Birdlip,1941,Launched,750,1944,Sunk
GB_1863,67,Great Britain,Escort,Hills,Bredon,1941,Launched,750,1943,Sunk
GB_1864,67,Great Britain,Escort,Hills,Butser,1941,Launched,750,1946,Survived
GB_1865,67,Great Britain,Escort,Hills,Duncton,1941,Launched,750,1946,Survived
GB_1866,67,Great Britain,Escort,Hills,Dunkery,1941,Launched,750,1946,Survived
GB_1867,67,Great Britain,Escort,Hills,Inkpen,1941,Launched,750,1946,Survived
GB_1868,67,Great Britain,Escort,Hills,Portsdown,1941,Launched,750,1946,Survived
GB_1869,67,Great Britain,Escort,Hills,Yestor,1941,Launched,750,1946,Survived
GB_1871,67,Great Britain,Escort,Military,Bombardier,1942,Launched,830,1946,Survived
GB_1872,67,Great Britain,Escort,Military,Coldstrearner,1942,Launched,830,1946,Survived
GB_1873,67,Great Britain,Escort,Military,Fusilier,1942,Launched,830,1946,Survived
GB_1874,67,Great Britain,Escort,Military,Grenadier,1942,Launched,830,1946,Survived
GB_1875,67,Great Britain,Escort,Military,Guardsman,1942,Launched,830,1946,Survived
GB_1876,67,Great Britain,Escort,Military,Home Guard,1942,Launched,830,1946,Survived
GB_1877,67,Great Britain,Escort,Military,Lancer,1942,Launched,830,1946,Survived
GB_1878,67,Great Britain,Escort,Military,Royal Marine,1942,Launched,830,1946,Survived
GB_1879,67,Great Britain,Escort,Military,Sapper,1942,Launched,830,1946,Survived
GB_1881,67,Great Britain,Escort,Round Table,Sir Galahad,1941,Launched,440,1946,Survived
GB_1882,67,Great Britain,Escort,Round Table,Sir Gareth,1941,Launched,440,1946,Survived
GB_1883,67,Great Britain,Escort,Round Table,Sir Kay,1941,Launched,440,1946,Survived
GB_1884,67,Great Britain,Escort,Round Table,Sir Lamorack,1941,Launched,440,1946,Survived
GB_1885,67,Great Britain,Escort,Round Table,Sir Agravaine,1941,Launched,440,1946,Survived
GB_1886,67,Great Britain,Escort,Round Table,Sir Geraint,1941,Launched,440,1946,Survived
GB_1887,67,Great Britain,Escort,Round Table,Sir Lancelot,1941,Launched,440,1946,Survived
GB_1888,67,Great Britain,Escort,Round Table,Sir Tristram,1941,Launched,440,1946,Survived
GB_1890,67,Great Britain,Escort,Fish,Bonito,1941,Launched,590,1946,Survived
GB_1891,67,Great Britain,Escort,Fish,Bream,1941,Launched,590,1946,Survived
GB_1892,67,Great Britain,Escort,Fish,Corncrake,1941,Launched,590,1946,Survived
GB_1893,67,Great Britain,Escort,Fish,Grilse,1941,Launched,590,1946,Survived
GB_1894,67,Great Britain,Escort,Fish,Herring,1941,Launched,590,1943,Sunk
GB_1895,67,Great Britain,Escort,Fish,Mullet,1941,Launched,590,1946,Survived
GB_1896,67,Great Britain,Escort,Fish,Pollack,1941,Launched,590,1946,Survived
GB_1897,67,Great Britain,Escort,Fish,Redshank,1941,Launched,590,1946,Survived
GB_1898,67,Great Britain,Escort,Fish,Whiting,1941,Launched,590,1946,Survived
GB_1899,72,Great Britain,Amphibious,LSI(L),Cicero,1943,Completed,6900,1946,Survived
GB_1900,72,Great Britain,Amphibious,LSI(L),Donovan,1943,Completed,6900,1946,Survived
GB_1901,72,Great Britain,Amphibious,LSI(L),Galteemore,1943,Completed,6900,1946,Survived
GB_1902,72,Great Britain,Amphibious,LSI(L),Ormonde,1943,Completed,6900,1946,Survived
GB_1903,72,Great Britain,Amphibious,LSI(L),Rocksand,1943,Completed,6900,1946,Survived
GB_1904,72,Great Britain,Amphibious,LSI(L),Sainfoin,1943,Completed,6900,1946,Survived
GB_1905,72,Great Britain,Amphibious,LSI(L),Sansovino,1943,Completed,6900,1946,Survived
GB_1906,72,Great Britain,Amphibious,LSI(L),Sefton,1943,Completed,6900,1946,Survived
GB_1907,72,Great Britain,Amphibious,LSI(L),Silvio,1943,Completed,6900,1946,Survived
GB_1908,72,Great Britain,Amphibious,LSI(L),Sir Hugo,1943,Completed,6900,1946,Survived
GB_1909,72,Great Britain,Amphibious,LSI(L),Sir Visto,1943,Completed,6900,1946,Survived
GB_1910,72,Great Britain,Amphibious,LSI(L),Empire Broadsword,1943,Completed,6900,1944,Sunk
GB_1911,72,Great Britain,Amphibious,LSI(L),Empire Javelin,1943,Completed,6900,1944,Sunk
GB_1912,74,Great Britain,Amphibious,LSG,Derwentdale,1941,Completed,16750,1946,Survived
GB_1913,74,Great Britain,Amphibious,LSG,Dewdale,1941,Completed,16750,1946,Survived
GB_1914,74,Great Britain,Amphibious,LSG,Ennerdale,1941,Completed,16750,1946,Survived
GB_1915,74,Great Britain,Amphibious,LSD,Eastway,1946,Completed,7930,1946,Survived
GB_1916,74,Great Britain,Amphibious,LSD,Highway,1946,Completed,7930,1946,Survived
GB_1917,74,Great Britain,Amphibious,LSD,Northway,1946,Completed,7930,1946,Survived
GB_1918,74,Great Britain,Amphibious,LSD,Oceanway,1946,Completed,7930,1946,Survived
GB_1919,78,Great Britain,Other,Tern,Tern,1927,Launched,262,1941,Scuttled
GB_1920,78,Great Britain,Other,Sandpiper,Sandpiper,1933,Launched,185,1942,Transferred
GB_1921,78,Great Britain,Other,Robin,Robin,1934,Launched,226,1941,Scuttled
GB_1922,79,Great Britain,Other,Scorpion,Scorpion,1937,Launched,700,1942,Sunk
GB_1923,79,Great Britain,Mine Warfare,Plover,Plover,1937,Launched,805,1946,Survived
GB_1924,79,Great Britain,Mine Warfare,Controlled,Linnet,1938,Launched,498,1946,Survived
GB_1925,79,Great Britain,Mine Warfare,Controlled,Redstart,1938,Launched,498,1946,Survived
GB_1926,79,Great Britain,Mine Warfare,Controlled,Ringdove,1938,Launched,498,1946,Survived
GB_1927,79,Great Britain,Other,Dragonfly,Dragonfly,1938,Launched,625,1942,Sunk
GB_1928,79,Great Britain,Other,Dragonfly,Grasshopper,1938,Launched,625,1942,Sunk
GB_1929,79,Great Britain,Other,Dragonfly,Locust,1939,Launched,625,1946,Survived
GB_1930,79,Great Britain,Other,Dragonfly,Mosquito,1939,Launched,625,1940,Sunk
GB_1931,79,Great Britain,Other,Dragonfly,Bee,N/A,N/A,625,N/A,N/A
GB_1932,79,Great Britain,Other,Guardian,Guardian,1932,Launched,2860,1946,Survived
GB_1933,79,Great Britain,Other,Protector,Protector,1936,Launched,2820,1946,Survived
GB_1934,79,Great Britain,Other,Medway,Medway,1928,Launched,14650,1942,Sunk
GB_1935,80,Great Britain,Other,Resource,Resource,1928,Launched,12300,1946,Survived
GB_1936,80,Great Britain,Other,Woolwich,Woolwich,1934,Launched,8750,1946,Survived
GB_1937,85,Great Britain,Mine Warfare,Auxiliary,Agamemnon,1929,Launched,N/A,1946,Survived
GB_1938,85,Great Britain,Mine Warfare,Auxiliary,Bungaree,1937,Launched,N/A,1946,Survived
GB_1939,85,Great Britain,Mine Warfare,Auxiliary,Hampton,1934,Launched,N/A,1946,Survived
GB_1940,85,Great Britain,Mine Warfare,Auxiliary,Kung Wo,1941,Launched,N/A,1942,Sunk
GB_1941,85,Great Britain,Mine Warfare,Auxiliary,Menestheus,1929,Launched,N/A,1946,Survived
GB_1942,85,Great Britain,Mine Warfare,Auxiliary,Port Napier,1940,Launched,N/A,1940,Sunk
GB_1943,85,Great Britain,Mine Warfare,Auxiliary,Port Quebec,1939,Launched,N/A,1946,Survived
GB_1944,85,Great Britain,Mine Warfare,Auxiliary,Princess Victoria,1939,Launched,N/A,1940,Sunk
GB_1945,85,Great Britain,Mine Warfare,Auxiliary,Shepperton,1935,Launched,N/A,1941,Sunk
GB_1946,85,Great Britain,Mine Warfare,Auxiliary,Southern Prince,1929,Launched,N/A,1946,Survived
GB_1947,85,Great Britain,Mine Warfare,Auxiliary,Teviotbank,1938,Launched,N/A,1946,Survived
GB_1948,84,Great Britain,Other,Special Service Vessel,Beauly,1924,Launched,N/A,1946,Survived
GB_1949,84,Great Britain,Other,Special Service Vessel,Botlea,1917,Launched,N/A,1946,Survived
GB_1950,84,Great Britain,Other,Special Service Vessel,Cape Howe,1930,Launched,N/A,1946,Survived
GB_1951,84,Great Britain,Other,Special Service Vessel,Cape Sable,1936,Launched,N/A,1946,Survived
GB_1952,84,Great Britain,Other,Special Service Vessel,City Of Durban,1921,Launched,N/A,1946,Survived
GB_1953,84,Great Britain,Other,Special Service Vessel,King Gruffyd,1919,Launched,N/A,1946,Survived
GB_1954,84,Great Britain,Other,Special Service Vessel,Orchy,1930,Launched,N/A,1946,Survived
GB_1955,84,Great Britain,Other,Special Service Vessel,Willamette Valley,1928,Launched,N/A,1946,Survived
GB_1956,84,Great Britain,Other,N/A,Alynbank,1925,Launched,6892,1946,Survived
GB_1957,84,Great Britain,Other,N/A,Foylebank,1930,Launched,6892,1940,Sunk
GB_1958,84,Great Britain,Other,N/A,Palomares,1937,Launched,6892,1946,Survived
GB_1959,84,Great Britain,Other,N/A,Pozarica,1937,Launched,6892,1943,Sunk
GB_1960,84,Great Britain,Other,N/A,Prince Robert,1930,Launched,6892,1946,Survived
GB_1961,84,Great Britain,Other,Pegasus,Springbank,1926,Launched,N/A,1941,Sunk
GB_1962,84,Great Britain,Other,N/A,Tynwald,1936,Launched,6892,1942,Sunk
GB_1963,84,Great Britain,Other,N/A,Ulster Queen,1929,Launched,6892,1946,Survived
GB_1964,85,Great Britain,Mine Warfare,Mine Destructor Vessel,Andelle,1939,Completed,3980,1946,Survived
GB_1965,85,Great Britain,Mine Warfare,Mine Destructor Vessel,Borde,1939,Completed,3980,1946,Survived
GB_1966,85,Great Britain,Mine Warfare,Mine Destructor Vessel,Burlington,1939,Completed,3980,1946,Survived
GB_1967,85,Great Britain,Mine Warfare,Mine Destructor Vessel,Bushwood,1939,Completed,3980,1946,Survived
GB_1968,85,Great Britain,Mine Warfare,Mine Destructor Vessel,Corbrae,1939,Completed,3980,1946,Survived
GB_1969,85,Great Britain,Mine Warfare,Mine Destructor Vessel,Corburn,1939,Completed,3980,1940,Sunk
GB_1970,85,Great Britain,Mine Warfare,Mine Destructor Vessel,Corfield,1939,Completed,3980,1940,Sunk
GB_1971,85,Great Britain,Mine Warfare,Mine Destructor Vessel,Queenworth,1939,Completed,3980,1940,Sunk
GB_1972,85,Great Britain,Mine Warfare,Mine Destructor Vessel,Springdale,1939,Completed,3980,1946,Survived
GB_1973,85,Great Britain,Mine Warfare,Mine Destructor Vessel,Springtide,1939,Completed,3980,1946,Survived
GB_1974,85,Great Britain,Mine Warfare,Mine Destructor Vessel,Cybele,1944,Completed,3980,1946,Scrapped
GB_1975,85,Great Britain,Mine Warfare,Mine Destructor Vessel,Cyrus,1944,Completed,3980,1944,Sunk
GB_1979,62,Great Britain,Escort,Flower,Gloriosa,N/A,N/A,1170,N/A,N/A
USA_0001,100,United States Of America,Capital Ship,Montana,Louisiana,1943,Planned,63221,N/A,N/A
USA_0002,100,United States Of America,Capital Ship,Montana,Maine,1943,Planned,63221,N/A,N/A
USA_0003,100,United States Of America,Capital Ship,Montana,Montana,1943,Planned,63221,N/A,N/A
USA_0004,100,United States Of America,Capital Ship,Montana,New Hampshire,1943,Planned,63221,N/A,N/A
USA_0005,100,United States Of America,Capital Ship,Montana,Ohio,1943,Planned,63221,N/A,N/A
USA_0006,131,United States Of America,Destroyer,Fletcher,Abbot,1943,Completed,2050,1946,Survived
USA_0007,131,United States Of America,Destroyer,Fletcher,Albert W Grant,1943,Completed,2050,1946,Survived
USA_0008,131,United States Of America,Destroyer,Fletcher,Bearss,1943,Completed,2050,1946,Survived
USA_0009,131,United States Of America,Destroyer,Fletcher,Bell,1943,Completed,2050,1946,Survived
USA_0010,131,United States Of America,Destroyer,Fletcher,Bennion,1943,Completed,2050,1946,Survived
USA_0011,131,United States Of America,Destroyer,Fletcher,Black,1943,Completed,2050,1946,Survived
USA_0012,131,United States Of America,Destroyer,Fletcher,Braine,1943,Completed,2050,1946,Survived
USA_0013,131,United States Of America,Destroyer,Fletcher,Bryant,1943,Completed,2050,1946,Survived
USA_0014,131,United States Of America,Destroyer,Fletcher,Bullard,1943,Completed,2050,1946,Survived
USA_0015,131,United States Of America,Destroyer,Fletcher,Burns,1943,Completed,2050,1946,Survived
USA_0016,131,United States Of America,Destroyer,Fletcher,Callaghan,1943,Completed,2050,1946,Survived
USA_0017,131,United States Of America,Destroyer,Fletcher,Caperton,1943,Completed,2050,1946,Survived
USA_0018,131,United States Of America,Destroyer,Fletcher,Cassin,1943,Completed,2050,1946,Survived
USA_0019,131,United States Of America,Destroyer,Fletcher,Charles J Badger,1943,Completed,2050,1946,Survived
USA_0020,131,United States Of America,Destroyer,Fletcher,Charrette,1943,Completed,2050,1946,Survived
USA_0021,131,United States Of America,Destroyer,Fletcher,Chauncey,1943,Completed,2050,1946,Survived
USA_0022,131,United States Of America,Destroyer,Fletcher,Clarence K Bronson,1943,Completed,2050,1946,Survived
USA_0023,131,United States Of America,Destroyer,Fletcher,Cogswell,1943,Completed,2050,1946,Survived
USA_0024,131,United States Of America,Destroyer,Fletcher,Colahan,1943,Completed,2050,1946,Survived
USA_0025,131,United States Of America,Destroyer,Fletcher,Conner,1943,Completed,2050,1946,Survived
USA_0026,131,United States Of America,Destroyer,Fletcher,Cotten,1943,Completed,2050,1946,Survived
USA_0027,131,United States Of America,Destroyer,Fletcher,Dashiell,1943,Completed,2050,1946,Survived
USA_0028,131,United States Of America,Destroyer,Fletcher,Dortch,1943,Completed,2050,1946,Survived
USA_0029,131,United States Of America,Destroyer,Fletcher,Dyson,1943,Completed,2050,1946,Survived
USA_0030,131,United States Of America,Destroyer,Fletcher,Erben,1943,Completed,2050,1946,Survived
USA_0031,131,United States Of America,Destroyer,Fletcher,Gatling,1943,Completed,2050,1946,Survived
USA_0032,131,United States Of America,Destroyer,Fletcher,Hale,1943,Completed,2050,1946,Survived
USA_0033,131,United States Of America,Destroyer,Fletcher,Hall,1943,Completed,2050,1946,Survived
USA_0034,131,United States Of America,Destroyer,Fletcher,Halligan,1943,Completed,2050,1946,Survived
USA_0035,131,United States Of America,Destroyer,Fletcher,Halsey,1943,Completed,2050,1946,Survived
USA_0036,131,United States Of America,Destroyer,Fletcher,Haraden,1943,Completed,2050,1946,Survived
USA_0037,131,United States Of America,Destroyer,Fletcher,Harrison,1943,Completed,2050,1946,Survived
USA_0038,131,United States Of America,Destroyer,Fletcher,Healy,1943,Completed,2050,1946,Survived
USA_0039,131,United States Of America,Destroyer,Fletcher,Heywood L Edwards,1943,Completed,2050,1946,Survived
USA_0040,131,United States Of America,Destroyer,Fletcher,Hickox,1943,Completed,2050,1946,Survived
USA_0041,131,United States Of America,Destroyer,Fletcher,Hopewell,1943,Completed,2050,1946,Survived
USA_0042,131,United States Of America,Destroyer,Fletcher,Howorth,1943,Completed,2050,1946,Survived
USA_0043,131,United States Of America,Destroyer,Fletcher,Hunt,1943,Completed,2050,1946,Survived
USA_0044,131,United States Of America,Destroyer,Fletcher,Ingersoll,1943,Completed,2050,1946,Survived
USA_0045,131,United States Of America,Destroyer,Fletcher,Irwin,1943,Completed,2050,1946,Survived
USA_0046,131,United States Of America,Destroyer,Fletcher,Izard,1943,Completed,2050,1946,Survived
USA_0047,131,United States Of America,Destroyer,Fletcher,Jarvis,1943,Completed,2050,1946,Survived
USA_0048,131,United States Of America,Destroyer,Fletcher,John Hood,1943,Completed,2050,1946,Survived
USA_0049,131,United States Of America,Destroyer,Fletcher,John Rodgers,1943,Completed,2050,1946,Survived
USA_0050,131,United States Of America,Destroyer,Fletcher,Kidd,1943,Completed,2050,1946,Survived
USA_0051,131,United States Of America,Destroyer,Fletcher,Killen,1943,Completed,2050,1946,Survived
USA_0052,131,United States Of America,Destroyer,Fletcher,Knapp,1943,Completed,2050,1946,Survived
USA_0053,131,United States Of America,Destroyer,Fletcher,Lewis,1943,Completed,2050,1946,Survived
USA_0054,131,United States Of America,Destroyer,Fletcher,Marshall,1943,Completed,2050,1946,Survived
USA_0055,131,United States Of America,Destroyer,Fletcher,Melvin,1943,Completed,2050,1946,Survived
USA_0056,131,United States Of America,Destroyer,Fletcher,Mertz,1943,Completed,2050,1946,Survived
USA_0057,131,United States Of America,Destroyer,Fletcher,Metcalfe,1943,Completed,2050,1946,Survived
USA_0058,131,United States Of America,Destroyer,Fletcher,Monssen,1943,Completed,2050,1946,Survived
USA_0059,131,United States Of America,Destroyer,Fletcher,Murray,1943,Completed,2050,1946,Survived
USA_0060,131,United States Of America,Destroyer,Fletcher,Newcomb,1943,Completed,2050,1946,Survived
USA_0061,131,United States Of America,Destroyer,Fletcher,Norman,1943,Completed,2050,1946,Survived
USA_0062,131,United States Of America,Destroyer,Fletcher,Paul,1943,Completed,2050,1946,Survived
USA_0063,131,United States Of America,Destroyer,Fletcher,Picking,1943,Completed,2050,1946,Survived
USA_0064,131,United States Of America,Destroyer,Fletcher,Porterfield,1943,Completed,2050,1946,Survived
USA_0065,131,United States Of America,Destroyer,Fletcher,Preston,1943,Completed,2050,1946,Survived
USA_0066,131,United States Of America,Destroyer,Fletcher,Remey,1943,Completed,2050,1946,Survived
USA_0067,131,United States Of America,Destroyer,Fletcher,Richard P Leary,1943,Completed,2050,1946,Survived
USA_0068,131,United States Of America,Destroyer,Fletcher,Shields,1943,Completed,2050,1946,Survived
USA_0069,131,United States Of America,Destroyer,Fletcher,Sigourney,1943,Completed,2050,1946,Survived
USA_0070,131,United States Of America,Destroyer,Fletcher,Sproston,1943,Completed,2050,1946,Survived
USA_0071,131,United States Of America,Destroyer,Fletcher,Stembel,1943,Completed,2050,1946,Survived
USA_0072,131,United States Of America,Destroyer,Fletcher,Stockham,1943,Completed,2050,1946,Survived
USA_0073,131,United States Of America,Destroyer,Fletcher,Twiggs,1943,Completed,2050,1946,Survived
USA_0074,131,United States Of America,Destroyer,Fletcher,Uhlmann,1943,Completed,2050,1946,Survived
USA_0075,131,United States Of America,Destroyer,Fletcher,Van Valkenburgh,1943,Completed,2050,1946,Survived
USA_0076,131,United States Of America,Destroyer,Fletcher,Wadleigh,1943,Completed,2050,1946,Survived
USA_0077,131,United States Of America,Destroyer,Fletcher,Wedderburn,1943,Completed,2050,1946,Survived
USA_0078,131,United States Of America,Destroyer,Fletcher,Wickes,1943,Completed,2050,1946,Survived
USA_0079,131,United States Of America,Destroyer,Fletcher,Wiley,1943,Completed,2050,1946,Survived
USA_0080,131,United States Of America,Destroyer,Fletcher,William D Porter,1943,Completed,2050,1946,Survived
USA_0081,131,United States Of America,Destroyer,Fletcher,Young,1943,Completed,2050,1946,Survived
USA_0082,135,United States Of America,Escort,GMT,Andres,1943,Completed,1140,1946,Survived
USA_0083,135,United States Of America,Escort,GMT,Austin,1943,Completed,1140,1946,Survived
USA_0084,135,United States Of America,Escort,GMT,Bebas,1943,Completed,1140,1946,Survived
USA_0085,135,United States Of America,Escort,GMT,Brackett,1943,Completed,1140,1946,Survived
USA_0086,135,United States Of America,Escort,GMT,Cabana,1943,Completed,1140,1946,Survived
USA_0087,135,United States Of America,Escort,GMT,Canfield,1943,Completed,1140,1946,Survived
USA_0088,135,United States Of America,Escort,GMT,Carlson,1943,Completed,1140,1946,Survived
USA_0089,135,United States Of America,Escort,GMT,Charles R Greer,1943,Completed,1140,1946,Survived
USA_0090,135,United States Of America,Escort,GMT,Cloues,1943,Completed,1140,1946,Survived
USA_0091,135,United States Of America,Escort,GMT,Connolly,1943,Completed,1140,1946,Survived
USA_0092,135,United States Of America,Escort,GMT,Creamer,1943,Completed,1140,1946,Survived
USA_0093,135,United States Of America,Escort,GMT,Crouter,1943,Completed,1140,1946,Survived
USA_0094,135,United States Of America,Escort,GMT,Crowley,1943,Completed,1140,1946,Survived
USA_0095,135,United States Of America,Escort,GMT,Decker,1943,Completed,1140,1946,Survived
USA_0096,135,United States Of America,Escort,GMT,Deede,1943,Completed,1140,1946,Survived
USA_0097,135,United States Of America,Escort,GMT,Delbert W,1943,Completed,1140,1946,Survived
USA_0098,135,United States Of America,Escort,GMT,Dempsey,1943,Completed,1140,1946,Survived
USA_0099,135,United States Of America,Escort,GMT,Dionne,1943,Completed,1140,1946,Survived
USA_0100,135,United States Of America,Escort,GMT,Dobler,1943,Completed,1140,1946,Survived
USA_0101,135,United States Of America,Escort,GMT,Donaldson,1943,Completed,1140,1946,Survived
USA_0102,135,United States Of America,Escort,GMT,Doneff,1943,Completed,1140,1946,Survived
USA_0103,135,United States Of America,Escort,GMT,Duffy,1943,Completed,1140,1946,Survived
USA_0104,135,United States Of America,Escort,GMT,Edgar G Chase,1943,Completed,1140,1946,Survived
USA_0105,135,United States Of America,Escort,GMT,Eisele,1943,Completed,1140,1946,Survived
USA_0106,135,United States Of America,Escort,GMT,Elden,1943,Completed,1140,1946,Survived
USA_0107,135,United States Of America,Escort,GMT,Ely,1943,Completed,1140,1946,Survived
USA_0108,135,United States Of America,Escort,GMT,Engstrom,1943,Completed,1140,1946,Survived
USA_0109,135,United States Of America,Escort,GMT,Evarts,1943,Completed,1140,1946,Survived
USA_0110,135,United States Of America,Escort,GMT,Fair,1943,Completed,1140,1946,Survived
USA_0111,135,United States Of America,Escort,GMT,Finnegan,1943,Completed,1140,1946,Survived
USA_0112,135,United States Of America,Escort,GMT,Fleming,1943,Completed,1140,1946,Survived
USA_0113,135,United States Of America,Escort,GMT,Gilmore,1943,Completed,1140,1946,Survived
USA_0114,135,United States Of America,Escort,GMT,Greiner,1943,Completed,1140,1946,Survived
USA_0115,135,United States Of America,Escort,GMT,Griswold,1943,Completed,1140,1946,Survived
USA_0116,135,United States Of America,Escort,GMT,Halloran,1943,Completed,1140,1946,Survived
USA_0117,135,United States Of America,Escort,GMT,Harold C,1943,Completed,1140,1946,Survived
USA_0118,135,United States Of America,Escort,GMT,John J Powers,1943,Completed,1140,1946,Survived
USA_0119,135,United States Of America,Escort,GMT,John M Bermingham,1943,Completed,1140,1946,Survived
USA_0120,135,United States Of America,Escort,GMT,Lake,1943,Completed,1140,1946,Survived
USA_0121,135,United States Of America,Escort,GMT,Le Hardy,1943,Completed,1140,1946,Survived
USA_0122,135,United States Of America,Escort,GMT,Lovering,1943,Completed,1140,1946,Survived
USA_0123,135,United States Of America,Escort,GMT,Lyman,1943,Completed,1140,1946,Survived
USA_0124,135,United States Of America,Escort,GMT,Manlove,1943,Completed,1140,1946,Survived
USA_0125,135,United States Of America,Escort,GMT,Martin,1943,Completed,1140,1946,Survived
USA_0126,135,United States Of America,Escort,GMT,Mason,1943,Completed,1140,1946,Survived
USA_0127,135,United States Of America,Escort,GMT,Mitchell,1943,Completed,1140,1946,Survived
USA_0128,135,United States Of America,Escort,GMT,Rall,1943,Completed,1140,1946,Survived
USA_0129,135,United States Of America,Escort,GMT,Reynolds,1943,Completed,1140,1946,Survived
USA_0130,135,United States Of America,Escort,GMT,Sanders,1943,Completed,1140,1946,Survived
USA_0131,135,United States Of America,Escort,GMT,Sederstrom,1943,Completed,1140,1946,Survived
USA_0132,135,United States Of America,Escort,GMT,Seid,1943,Completed,1140,1946,Survived
USA_0133,135,United States Of America,Escort,GMT,Smartt,1943,Completed,1140,1946,Survived
USA_0134,135,United States Of America,Escort,GMT,Stadtfield,1943,Completed,1140,1946,Survived
USA_0135,135,United States Of America,Escort,GMT,Steele,1943,Completed,1140,1946,Survived
USA_0136,135,United States Of America,Escort,GMT,Tisdale,1943,Completed,1140,1946,Survived
USA_0137,135,United States Of America,Escort,GMT,Walter S,1943,Completed,1140,1946,Survived
USA_0138,135,United States Of America,Escort,GMT,Whitman,1943,Completed,1140,1946,Survived
USA_0139,135,United States Of America,Escort,GMT,Wileman,1943,Completed,1140,1946,Survived
USA_0140,135,United States Of America,Escort,GMT,Willard,1943,Completed,1140,1946,Survived
USA_0141,135,United States Of America,Escort,GMT,William C,1943,Completed,1140,1946,Survived
USA_0142,135,United States Of America,Escort,GMT,Wintle,1943,Completed,1140,1946,Survived
USA_0143,135,United States Of America,Escort,GMT,Wyffels,1943,Completed,1140,1946,Survived
USA_0144,135,United States Of America,Escort,GMT,Wyman,1943,Completed,1140,1946,Survived
USA_0145,137,United States Of America,Escort,TEV And WGT,Borum,1944,Completed,1400,1946,Survived
USA_0146,137,United States Of America,Escort,TEV And WGT,Bray,1944,Completed,1400,1946,Survived
USA_0147,137,United States Of America,Escort,TEV And WGT,Bull,1944,Completed,1400,1946,Survived
USA_0148,137,United States Of America,Escort,TEV And WGT,Bunch,1944,Completed,1400,1946,Survived
USA_0149,137,United States Of America,Escort,TEV And WGT,Chaffee,1944,Completed,1400,1946,Survived
USA_0150,137,United States Of America,Escort,TEV And WGT,Coates,1944,Completed,1400,1946,Survived
USA_0151,137,United States Of America,Escort,TEV And WGT,Cronin,1944,Completed,1400,1946,Survived
USA_0152,137,United States Of America,Escort,TEV And WGT,Currier,1944,Completed,1400,1946,Survived
USA_0153,137,United States Of America,Escort,TEV And WGT,Daniel A,1944,Completed,1400,1946,Survived
USA_0154,137,United States Of America,Escort,TEV And WGT,Day,1944,Completed,1400,1946,Survived
USA_0155,137,United States Of America,Escort,TEV And WGT,De Long,1944,Completed,1400,1946,Survived
USA_0156,137,United States Of America,Escort,TEV And WGT,Doyle C Barnes,1944,Completed,1400,1946,Survived
USA_0157,137,United States Of America,Escort,TEV And WGT,Earl V Johnson,1944,Completed,1400,1946,Survived
USA_0158,137,United States Of America,Escort,TEV And WGT,Edwin A,1944,Completed,1400,1946,Survived
USA_0159,137,United States Of America,Escort,TEV And WGT,Eugene E,1944,Completed,1400,1946,Survived
USA_0160,137,United States Of America,Escort,TEV And WGT,Frament,1944,Completed,1400,1946,Survived
USA_0161,137,United States Of America,Escort,TEV And WGT,Frybarger,1944,Completed,1400,1946,Survived
USA_0162,137,United States Of America,Escort,TEV And WGT,Gentry,1944,Completed,1400,1946,Survived
USA_0163,137,United States Of America,Escort,TEV And WGT,George,1944,Completed,1400,1946,Survived
USA_0164,137,United States Of America,Escort,TEV And WGT,George A,1944,Completed,1400,1946,Survived
USA_0165,137,United States Of America,Escort,TEV And WGT,George E,1944,Completed,1400,1946,Survived
USA_0166,137,United States Of America,Escort,TEV And WGT,Gillette,1944,Completed,1400,1946,Survived
USA_0167,137,United States Of America,Escort,TEV And WGT,Greenwood,1944,Completed,1400,1946,Survived
USA_0168,137,United States Of America,Escort,TEV And WGT,Gunason,1944,Completed,1400,1946,Survived
USA_0169,137,United States Of America,Escort,TEV And WGT,Haines,1944,Completed,1400,1946,Survived
USA_0170,137,United States Of America,Escort,TEV And WGT,Harmon,1944,Completed,1400,1946,Survived
USA_0171,137,United States Of America,Escort,TEV And WGT,Henry R Kenyon,1944,Completed,1400,1946,Survived
USA_0172,137,United States Of America,Escort,TEV And WGT,Hodges,1944,Completed,1400,1946,Survived
USA_0173,137,United States Of America,Escort,TEV And WGT,Hollis,1944,Completed,1400,1946,Survived
USA_0174,137,United States Of America,Escort,TEV And WGT,Holt,1944,Completed,1400,1946,Survived
USA_0175,137,United States Of America,Escort,TEV And WGT,Holton,1944,Completed,1400,1946,Survived
USA_0176,137,United States Of America,Escort,TEV And WGT,Jaccard,1944,Completed,1400,1946,Survived
USA_0177,137,United States Of America,Escort,TEV And WGT,Jack W,1944,Completed,1400,1946,Survived
USA_0178,137,United States Of America,Escort,TEV And WGT,Jesse,1944,Completed,1400,1946,Survived
USA_0179,137,United States Of America,Escort,TEV And WGT,Jobb,1944,Completed,1400,1946,Survived
USA_0180,137,United States Of America,Escort,TEV And WGT,John C,1944,Completed,1400,1946,Survived
USA_0181,137,United States Of America,Escort,TEV And WGT,Johnnie,1944,Completed,1400,1946,Survived
USA_0182,137,United States Of America,Escort,TEV And WGT,Kenneth M Willett,1944,Completed,1400,1946,Survived
USA_0183,137,United States Of America,Escort,TEV And WGT,Key,1944,Completed,1400,1946,Survived
USA_0184,137,United States Of America,Escort,TEV And WGT,Leslie L B,1944,Completed,1400,1946,Survived
USA_0185,137,United States Of America,Escort,TEV And WGT,Lloyd E,1944,Completed,1400,1946,Survived
USA_0186,137,United States Of America,Escort,TEV And WGT,Loeser,1944,Completed,1400,1946,Survived
USA_0187,137,United States Of America,Escort,TEV And WGT,Lough,1944,Completed,1400,1946,Survived
USA_0188,137,United States Of America,Escort,TEV And WGT,Mack,1944,Completed,1400,1946,Survived
USA_0189,137,United States Of America,Escort,TEV And WGT,Major,1944,Completed,1400,1946,Survived
USA_0190,137,United States Of America,Escort,TEV And WGT,Maloy,1944,Completed,1400,1946,Survived
USA_0191,137,United States Of America,Escort,TEV And WGT,Marsh,1944,Completed,1400,1946,Survived
USA_0192,137,United States Of America,Escort,TEV And WGT,Maurice J,1944,Completed,1400,1946,Survived
USA_0193,137,United States Of America,Escort,TEV And WGT,Metivier,1944,Completed,1400,1946,Survived
USA_0194,137,United States Of America,Escort,TEV And WGT,Naifeh,1944,Completed,1400,1946,Survived
USA_0195,137,United States Of America,Escort,TEV And WGT,Oberrender,1944,Completed,1400,1946,Survived
USA_0196,137,United States Of America,Escort,TEV And WGT,Osmus,1944,Completed,1400,1946,Survived
USA_0197,137,United States Of America,Escort,TEV And WGT,Parle,1944,Completed,1400,1946,Survived
USA_0198,137,United States Of America,Escort,TEV And WGT,Peiffer,1944,Completed,1400,1946,Survived
USA_0199,137,United States Of America,Escort,TEV And WGT,Raby,1944,Completed,1400,1946,Survived
USA_0200,137,United States Of America,Escort,TEV And WGT,Raymond,1944,Completed,1400,1946,Survived
USA_0201,137,United States Of America,Escort,TEV And WGT,Rich,1944,Completed,1400,1946,Survived
USA_0202,137,United States Of America,Escort,TEV And WGT,Richard W,1944,Completed,1400,1946,Survived
USA_0203,137,United States Of America,Escort,TEV And WGT,Riley,1944,Completed,1400,1946,Survived
USA_0204,137,United States Of America,Escort,TEV And WGT,Robert,1944,Completed,1400,1946,Survived
USA_0205,137,United States Of America,Escort,TEV And WGT,Rudderow,1944,Completed,1400,1946,Survived
USA_0206,137,United States Of America,Escort,TEV And WGT,Runels,1944,Completed,1400,1946,Survived
USA_0207,137,United States Of America,Escort,TEV And WGT,Scroggins,1944,Completed,1400,1946,Survived
USA_0208,137,United States Of America,Escort,TEV And WGT,Spangler,1944,Completed,1400,1946,Survived
USA_0209,137,United States Of America,Escort,TEV And WGT,Tatum,1944,Completed,1400,1946,Survived
USA_0210,137,United States Of America,Escort,TEV And WGT,Thomas F,1944,Completed,1400,1946,Survived
USA_0211,137,United States Of America,Escort,TEV And WGT,Tinsman,1944,Completed,1400,1946,Survived
USA_0212,137,United States Of America,Escort,TEV And WGT,Traw,1944,Completed,1400,1946,Survived
USA_0213,137,United States Of America,Escort,TEV And WGT,Underhill,1944,Completed,1400,1946,Survived
USA_0214,137,United States Of America,Escort,TEV And WGT,Varian,1944,Completed,1400,1946,Survived
USA_0215,137,United States Of America,Escort,TEV And WGT,Walton,1944,Completed,1400,1946,Survived
USA_0216,137,United States Of America,Escort,TEV And WGT,Weeden,1944,Completed,1400,1946,Survived
USA_0217,137,United States Of America,Escort,TEV And WGT,Woodson,1944,Completed,1400,1946,Survived
USA_0218,139,United States Of America,Escort,DET And FMR,Acree,1944,Completed,1253,1946,Survived
USA_0219,139,United States Of America,Escort,DET And FMR,Alger,1944,Completed,1253,1946,Survived
USA_0220,139,United States Of America,Escort,DET And FMR,Amick,1944,Completed,1253,1946,Survived
USA_0221,139,United States Of America,Escort,DET And FMR,Baker,1944,Completed,1253,1946,Survived
USA_0222,139,United States Of America,Escort,DET And FMR,Booth,1944,Completed,1253,1946,Survived
USA_0223,139,United States Of America,Escort,DET And FMR,Bostwick,1944,Completed,1253,1946,Survived
USA_0224,139,United States Of America,Escort,DET And FMR,Bright,1944,Completed,1253,1946,Survived
USA_0225,139,United States Of America,Escort,DET And FMR,Burrows,1944,Completed,1253,1946,Survived
USA_0226,139,United States Of America,Escort,DET And FMR,Cannon,1944,Completed,1253,1946,Survived
USA_0227,139,United States Of America,Escort,DET And FMR,Carroll,1944,Completed,1253,1946,Survived
USA_0228,139,United States Of America,Escort,DET And FMR,Cates,1944,Completed,1253,1946,Survived
USA_0229,139,United States Of America,Escort,DET And FMR,Christopher,1944,Completed,1253,1946,Survived
USA_0230,139,United States Of America,Escort,DET And FMR,Clarence Leconte,1944,Completed,1253,1946,Survived
USA_0231,139,United States Of America,Escort,DET And FMR,Coffman,1944,Completed,1253,1946,Survived
USA_0232,139,United States Of America,Escort,DET And FMR,Curtis W,1944,Completed,1253,1946,Survived
USA_0233,139,United States Of America,Escort,DET And FMR,Earl K Olsen,1944,Completed,1253,1946,Survived
USA_0234,139,United States Of America,Escort,DET And FMR,Ebert,1944,Completed,1253,1946,Survived
USA_0235,139,United States Of America,Escort,DET And FMR,Eisner,1944,Completed,1253,1946,Survived
USA_0236,139,United States Of America,Escort,DET And FMR,Eldridge,1944,Completed,1253,1946,Survived
USA_0237,139,United States Of America,Escort,DET And FMR,Gandy,1944,Completed,1253,1946,Survived
USA_0238,139,United States Of America,Escort,DET And FMR,Garfield,1944,Completed,1253,1946,Survived
USA_0239,139,United States Of America,Escort,DET And FMR,Gaynier,1944,Completed,1253,1946,Survived
USA_0240,139,United States Of America,Escort,DET And FMR,George M,1944,Completed,1253,1946,Survived
USA_0241,139,United States Of America,Escort,DET And FMR,Hemminger,1944,Completed,1253,1946,Survived
USA_0242,139,United States Of America,Escort,DET And FMR,Herzog,1944,Completed,1253,1946,Survived
USA_0243,139,United States Of America,Escort,DET And FMR,Hilbert,1944,Completed,1253,1946,Survived
USA_0244,139,United States Of America,Escort,DET And FMR,Kyne,1944,Completed,1253,1946,Survived
USA_0245,139,United States Of America,Escort,DET And FMR,Lamons,1944,Completed,1253,1946,Survived
USA_0246,139,United States Of America,Escort,DET And FMR,Levy,1944,Completed,1253,1946,Survived
USA_0247,139,United States Of America,Escort,DET And FMR,McClelland,1944,Completed,1253,1946,Survived
USA_0248,139,United States Of America,Escort,DET And FMR,Milton,1944,Completed,1253,1946,Survived
USA_0249,139,United States Of America,Escort,DET And FMR,Muir,1944,Completed,1253,1946,Survived
USA_0250,139,United States Of America,Escort,DET And FMR,Neal A Scott,1944,Completed,1253,1946,Survived
USA_0251,139,United States Of America,Escort,DET And FMR,Osterhaus,1944,Completed,1253,1946,Survived
USA_0252,139,United States Of America,Escort,DET And FMR,Oswald,1944,Completed,1253,1946,Survived
USA_0253,139,United States Of America,Escort,DET And FMR,Parks,1944,Completed,1253,1946,Survived
USA_0254,139,United States Of America,Escort,DET And FMR,Pennewill,1944,Completed,1253,1946,Survived
USA_0255,139,United States Of America,Escort,DET And FMR,Riddle,1944,Completed,1253,1946,Survived
USA_0256,139,United States Of America,Escort,DET And FMR,Roberts,1944,Completed,1253,1946,Survived
USA_0257,139,United States Of America,Escort,DET And FMR,Samuel S,1944,Completed,1253,1946,Survived
USA_0258,139,United States Of America,Escort,DET And FMR,Slater,1944,Completed,1253,1946,Survived
USA_0259,139,United States Of America,Escort,DET And FMR,Snyder,1944,Completed,1253,1946,Survived
USA_0260,139,United States Of America,Escort,DET And FMR,Stern,1944,Completed,1253,1946,Survived
USA_0261,139,United States Of America,Escort,DET And FMR,Straub,1944,Completed,1253,1946,Survived
USA_0262,139,United States Of America,Escort,DET And FMR,Sutton,1944,Completed,1253,1946,Survived
USA_0263,139,United States Of America,Escort,DET And FMR,Swearer,1944,Completed,1253,1946,Survived
USA_0264,139,United States Of America,Escort,DET And FMR,Thomas J Gary,1944,Completed,1253,1946,Survived
USA_0265,139,United States Of America,Escort,DET And FMR,Thornhill,1944,Completed,1253,1946,Survived
USA_0266,139,United States Of America,Escort,DET And FMR,Tills,1944,Completed,1253,1946,Survived
USA_0267,139,United States Of America,Escort,DET And FMR,Waterman,1944,Completed,1253,1946,Survived
USA_0268,139,United States Of America,Escort,DET And FMR,Weaver,1944,Completed,1253,1946,Survived
USA_0269,144,United States Of America,Submarine,Gar,Gar,1941,Completed,1475,1946,Survived
USA_0270,144,United States Of America,Submarine,Gar,Grampus,1941,Completed,1475,1946,Survived
USA_0271,144,United States Of America,Submarine,Gar,Grayback,1941,Completed,1475,1946,Survived
USA_0272,144,United States Of America,Submarine,Gar,Grayling,1941,Completed,1475,1946,Survived
USA_0273,144,United States Of America,Submarine,Gar,Grenadier,1941,Completed,1475,1946,Survived
USA_0274,144,United States Of America,Submarine,Gar,Gudgeon,1941,Completed,1475,1946,Survived
USA_0275,144,United States Of America,Submarine,Salmon,Salmon,1938,Completed,1450,1946,Survived
USA_0276,144,United States Of America,Submarine,Salmon,Seal,1938,Completed,1450,1946,Survived
USA_0277,144,United States Of America,Submarine,Salmon,Skipjack,1938,Completed,1450,1946,Survived
USA_0278,144,United States Of America,Submarine,Salmon,Snapper,1938,Completed,1450,1946,Survived
USA_0279,144,United States Of America,Submarine,Salmon,Stingray,1938,Completed,1450,1946,Survived
USA_0280,144,United States Of America,Submarine,Salmon,Sturgeon,1938,Completed,1450,1946,Survived
USA_0281,144,United States Of America,Submarine,Sargo And Seadragon,Sargo,1939,Completed,1450,1946,Survived
USA_0282,144,United States Of America,Submarine,Sargo And Seadragon,Saury,1939,Completed,1450,1946,Survived
USA_0283,144,United States Of America,Submarine,Sargo And Seadragon,Sculpin,1939,Completed,1450,1946,Survived
USA_0284,144,United States Of America,Submarine,Sargo And Seadragon,Seadragon,1939,Completed,1450,1946,Survived
USA_0285,144,United States Of America,Submarine,Sargo And Seadragon,Sealion,1939,Completed,1450,1946,Survived
USA_0286,144,United States Of America,Submarine,Sargo And Seadragon,Searaven,1939,Completed,1450,1946,Survived
USA_0287,144,United States Of America,Submarine,Sargo And Seadragon,Seawolf,1939,Completed,1450,1946,Survived
USA_0288,144,United States Of America,Submarine,Sargo And Seadragon,Spearfish,1939,Completed,1450,1946,Survived
USA_0289,144,United States Of America,Submarine,Sargo And Seadragon,Squalus,1939,Completed,1450,1946,Survived
USA_0290,144,United States Of America,Submarine,Sargo And Seadragon,Swordfish,1939,Completed,1450,1946,Survived
USA_0291,144,United States Of America,Submarine,Tambor,Tambor,1940,Completed,1475,1946,Survived
USA_0292,144,United States Of America,Submarine,Tambor,Tautog,1940,Completed,1475,1946,Survived
USA_0293,144,United States Of America,Submarine,Tambor,Thresher,1940,Completed,1475,1946,Survived
USA_0294,144,United States Of America,Submarine,Tambor,Triton,1940,Completed,1475,1946,Survived
USA_0295,144,United States Of America,Submarine,Tambor,Trout,1940,Completed,1475,1946,Survived
USA_0296,144,United States Of America,Submarine,Tambor,Tuna,1940,Completed,1475,1946,Survived
USA_0297,145,United States Of America,Submarine,"Gato, Balao And Tench",Albacore,1944,Completed,1526,1946,Survived
USA_0298,145,United States Of America,Submarine,"Gato, Balao And Tench",Amberjack,1944,Completed,1526,1946,Survived
USA_0299,145,United States Of America,Submarine,"Gato, Balao And Tench",Angler,1944,Completed,1526,1946,Survived
USA_0300,145,United States Of America,Submarine,"Gato, Balao And Tench",Balao,1944,Completed,1526,1946,Survived
USA_0301,145,United States Of America,Submarine,"Gato, Balao And Tench",Barb,1944,Completed,1526,1946,Survived
USA_0302,145,United States Of America,Submarine,"Gato, Balao And Tench",Bashaw,1944,Completed,1526,1946,Survived
USA_0303,145,United States Of America,Submarine,"Gato, Balao And Tench",Billfish,1944,Completed,1526,1946,Survived
USA_0304,145,United States Of America,Submarine,"Gato, Balao And Tench",Blackfish,1944,Completed,1526,1946,Survived
USA_0305,145,United States Of America,Submarine,"Gato, Balao And Tench",Bluefish,1944,Completed,1526,1946,Survived
USA_0306,145,United States Of America,Submarine,"Gato, Balao And Tench",Bluegill,1944,Completed,1526,1946,Survived
USA_0307,145,United States Of America,Submarine,"Gato, Balao And Tench",Bonefish,1944,Completed,1526,1946,Survived
USA_0308,145,United States Of America,Submarine,"Gato, Balao And Tench",Bowfin,1944,Completed,1526,1946,Survived
USA_0309,145,United States Of America,Submarine,"Gato, Balao And Tench",Bream,1944,Completed,1526,1946,Survived
USA_0310,145,United States Of America,Submarine,"Gato, Balao And Tench",Cabrilla,1944,Completed,1526,1946,Survived
USA_0311,145,United States Of America,Submarine,"Gato, Balao And Tench",Capelin,1944,Completed,1526,1946,Survived
USA_0312,145,United States Of America,Submarine,"Gato, Balao And Tench",Cavalla,1944,Completed,1526,1946,Survived
USA_0313,145,United States Of America,Submarine,"Gato, Balao And Tench",Cero,1944,Completed,1526,1946,Survived
USA_0314,145,United States Of America,Submarine,"Gato, Balao And Tench",Cisco,1944,Completed,1526,1946,Survived
USA_0315,145,United States Of America,Submarine,"Gato, Balao And Tench",Cobia,1944,Completed,1526,1946,Survived
USA_0316,145,United States Of America,Submarine,"Gato, Balao And Tench",Cod,1944,Completed,1526,1946,Survived
USA_0317,145,United States Of America,Submarine,"Gato, Balao And Tench",Corvina,1944,Completed,1526,1946,Survived
USA_0318,145,United States Of America,Submarine,"Gato, Balao And Tench",Crevalle,1944,Completed,1526,1946,Survived
USA_0319,145,United States Of America,Submarine,"Gato, Balao And Tench",Croaker,1944,Completed,1526,1946,Survived
USA_0320,145,United States Of America,Submarine,"Gato, Balao And Tench",Dace,1944,Completed,1526,1946,Survived
USA_0321,145,United States Of America,Submarine,"Gato, Balao And Tench",Darter,1944,Completed,1526,1946,Survived
USA_0322,145,United States Of America,Submarine,"Gato, Balao And Tench",Devilfish,1944,Completed,1526,1946,Survived
USA_0323,145,United States Of America,Submarine,"Gato, Balao And Tench",Dorado,1944,Completed,1526,1946,Survived
USA_0324,145,United States Of America,Submarine,"Gato, Balao And Tench",Dragonet,1944,Completed,1526,1946,Survived
USA_0325,145,United States Of America,Submarine,"Gato, Balao And Tench",Drum,1944,Completed,1526,1946,Survived
USA_0326,145,United States Of America,Submarine,"Gato, Balao And Tench",Escolar,1944,Completed,1526,1946,Survived
USA_0327,145,United States Of America,Submarine,"Gato, Balao And Tench",Finback,1944,Completed,1526,1946,Survived
USA_0328,145,United States Of America,Submarine,"Gato, Balao And Tench",Flasher,1944,Completed,1526,1946,Survived
USA_0329,145,United States Of America,Submarine,"Gato, Balao And Tench",Flier,1944,Completed,1526,1946,Survived
USA_0330,145,United States Of America,Submarine,"Gato, Balao And Tench",Flounder,1944,Completed,1526,1946,Survived
USA_0331,145,United States Of America,Submarine,"Gato, Balao And Tench",Flying Fish,1944,Completed,1526,1946,Survived
USA_0332,145,United States Of America,Submarine,"Gato, Balao And Tench",Gabilan,1944,Completed,1526,1946,Survived
USA_0333,145,United States Of America,Submarine,"Gato, Balao And Tench",Gato,1944,Completed,1526,1946,Survived
USA_0334,145,United States Of America,Submarine,"Gato, Balao And Tench",Greenling,1944,Completed,1526,1946,Survived
USA_0335,145,United States Of America,Submarine,"Gato, Balao And Tench",Grouper,1944,Completed,1526,1946,Survived
USA_0336,145,United States Of America,Submarine,"Gato, Balao And Tench",Growler,1944,Completed,1526,1946,Survived
USA_0337,145,United States Of America,Submarine,"Gato, Balao And Tench",Grunion,1944,Completed,1526,1946,Survived
USA_0338,145,United States Of America,Submarine,"Gato, Balao And Tench",Gunnel,1944,Completed,1526,1946,Survived
USA_0339,145,United States Of America,Submarine,"Gato, Balao And Tench",Gurnard,1944,Completed,1526,1946,Survived
USA_0340,145,United States Of America,Submarine,"Gato, Balao And Tench",Hackleback,1944,Completed,1526,1946,Survived
USA_0341,145,United States Of America,Submarine,"Gato, Balao And Tench",Haddo,1944,Completed,1526,1946,Survived
USA_0342,145,United States Of America,Submarine,"Gato, Balao And Tench",Haddock,1944,Completed,1526,1946,Survived
USA_0343,145,United States Of America,Submarine,"Gato, Balao And Tench",Hake,1944,Completed,1526,1946,Survived
USA_0344,145,United States Of America,Submarine,"Gato, Balao And Tench",Halibut,1944,Completed,1526,1946,Survived
USA_0345,145,United States Of America,Submarine,"Gato, Balao And Tench",Harder,1944,Completed,1526,1946,Survived
USA_0346,145,United States Of America,Submarine,"Gato, Balao And Tench",Herring,1944,Completed,1526,1946,Survived
USA_0347,145,United States Of America,Submarine,"Gato, Balao And Tench",Hoe,1944,Completed,1526,1946,Survived
USA_0348,145,United States Of America,Submarine,"Gato, Balao And Tench",Jack,1944,Completed,1526,1946,Survived
USA_0349,145,United States Of America,Submarine,"Gato, Balao And Tench",Kingfish,1944,Completed,1526,1946,Survived
USA_0350,145,United States Of America,Submarine,"Gato, Balao And Tench",Lancetfish,1944,Completed,1526,1946,Survived
USA_0351,145,United States Of America,Submarine,"Gato, Balao And Tench",Lapon,1944,Completed,1526,1946,Survived
USA_0352,145,United States Of America,Submarine,"Gato, Balao And Tench",Ling,1944,Completed,1526,1946,Survived
USA_0353,145,United States Of America,Submarine,"Gato, Balao And Tench",Lionfish,1944,Completed,1526,1946,Survived
USA_0354,145,United States Of America,Submarine,"Gato, Balao And Tench",Manta,1944,Completed,1526,1946,Survived
USA_0355,145,United States Of America,Submarine,"Gato, Balao And Tench",Mingo,1944,Completed,1526,1946,Survived
USA_0356,145,United States Of America,Submarine,"Gato, Balao And Tench",Moray,1944,Completed,1526,1946,Survived
USA_0357,145,United States Of America,Submarine,"Gato, Balao And Tench",Muskallunge,1944,Completed,1526,1946,Survived
USA_0358,145,United States Of America,Submarine,"Gato, Balao And Tench",Paddle,1944,Completed,1526,1946,Survived
USA_0359,145,United States Of America,Submarine,"Gato, Balao And Tench",Pargo,1944,Completed,1526,1946,Survived
USA_0360,145,United States Of America,Submarine,"Gato, Balao And Tench",Peto,1944,Completed,1526,1946,Survived
USA_0361,145,United States Of America,Submarine,"Gato, Balao And Tench",Pogy,1944,Completed,1526,1946,Survived
USA_0362,145,United States Of America,Submarine,"Gato, Balao And Tench",Pompon,1944,Completed,1526,1946,Survived
USA_0363,145,United States Of America,Submarine,"Gato, Balao And Tench",Puffer,1944,Completed,1526,1946,Survived
USA_0364,145,United States Of America,Submarine,"Gato, Balao And Tench",Rasher,1944,Completed,1526,1946,Survived
USA_0365,145,United States Of America,Submarine,"Gato, Balao And Tench",Raton,1944,Completed,1526,1946,Survived
USA_0366,145,United States Of America,Submarine,"Gato, Balao And Tench",Ray,1944,Completed,1526,1946,Survived
USA_0367,145,United States Of America,Submarine,"Gato, Balao And Tench",Redfin,1944,Completed,1526,1946,Survived
USA_0368,145,United States Of America,Submarine,"Gato, Balao And Tench",Robalo,1944,Completed,1526,1946,Survived
USA_0369,145,United States Of America,Submarine,"Gato, Balao And Tench",Rock,1944,Completed,1526,1946,Survived
USA_0370,145,United States Of America,Submarine,"Gato, Balao And Tench",Roncador,1944,Completed,1526,1946,Survived
USA_0371,145,United States Of America,Submarine,"Gato, Balao And Tench",Runner,1944,Completed,1526,1946,Survived
USA_0372,145,United States Of America,Submarine,"Gato, Balao And Tench",Sabalo,1944,Completed,1526,1946,Survived
USA_0373,145,United States Of America,Submarine,"Gato, Balao And Tench",Sablefish,1944,Completed,1526,1946,Survived
USA_0374,145,United States Of America,Submarine,"Gato, Balao And Tench",Sawfish,1944,Completed,1526,1946,Survived
USA_0375,145,United States Of America,Submarine,"Gato, Balao And Tench",Scamp,1944,Completed,1526,1946,Survived
USA_0376,145,United States Of America,Submarine,"Gato, Balao And Tench",Scorpion,1944,Completed,1526,1946,Survived
USA_0377,145,United States Of America,Submarine,"Gato, Balao And Tench",Seahorse,1944,Completed,1526,1946,Survived
USA_0378,145,United States Of America,Submarine,"Gato, Balao And Tench",Shad,1944,Completed,1526,1946,Survived
USA_0379,145,United States Of America,Submarine,"Gato, Balao And Tench",Silversides,1944,Completed,1526,1946,Survived
USA_0380,145,United States Of America,Submarine,"Gato, Balao And Tench",Skate,1944,Completed,1526,1946,Survived
USA_0381,145,United States Of America,Submarine,"Gato, Balao And Tench",Snook,1944,Completed,1526,1946,Survived
USA_0382,145,United States Of America,Submarine,"Gato, Balao And Tench",Steelhead,1944,Completed,1526,1946,Survived
USA_0383,145,United States Of America,Submarine,"Gato, Balao And Tench",Sunfish,1944,Completed,1526,1946,Survived
USA_0384,145,United States Of America,Submarine,"Gato, Balao And Tench",Tang,1944,Completed,1526,1946,Survived
USA_0385,145,United States Of America,Submarine,"Gato, Balao And Tench",Tilefish,1944,Completed,1526,1946,Survived
USA_0386,145,United States Of America,Submarine,"Gato, Balao And Tench",Tinosa,1944,Completed,1526,1946,Survived
USA_0387,145,United States Of America,Submarine,"Gato, Balao And Tench",Trigger,1944,Completed,1526,1946,Survived
USA_0388,145,United States Of America,Submarine,"Gato, Balao And Tench",Tullibee,1944,Completed,1526,1946,Survived
USA_0389,145,United States Of America,Submarine,"Gato, Balao And Tench",Tunny,1944,Completed,1526,1946,Survived
USA_0390,145,United States Of America,Submarine,"Gato, Balao And Tench",Wahoo,1944,Completed,1526,1946,Survived
USA_0391,145,United States Of America,Submarine,"Gato, Balao And Tench",Whale,1944,Completed,1526,1946,Survived
USA_0392,147,United States Of America,Submarine,"Gato, Balao And Tench",Argonaut,1944,Completed,1526,1946,Survived
USA_0393,147,United States Of America,Submarine,"Gato, Balao And Tench",Comber,1944,Completed,1526,1946,Survived
USA_0394,147,United States Of America,Submarine,"Gato, Balao And Tench",Conger,1944,Completed,1526,1946,Survived
USA_0395,147,United States Of America,Submarine,"Gato, Balao And Tench",Corsair,1944,Completed,1526,1946,Survived
USA_0396,147,United States Of America,Submarine,"Gato, Balao And Tench",Cutlass,1944,Completed,1526,1946,Survived
USA_0397,147,United States Of America,Submarine,"Gato, Balao And Tench",Diablo,1944,Completed,1526,1946,Survived
USA_0398,147,United States Of America,Submarine,"Gato, Balao And Tench",Irex,1944,Completed,1526,1946,Survived
USA_0399,147,United States Of America,Submarine,"Gato, Balao And Tench",Medregal,1944,Completed,1526,1946,Survived
USA_0400,147,United States Of America,Submarine,"Gato, Balao And Tench",Needlefish,1944,Completed,1526,1946,Survived
USA_0401,147,United States Of America,Submarine,"Gato, Balao And Tench",Odax,1944,Completed,1526,1946,Survived
USA_0402,147,United States Of America,Submarine,"Gato, Balao And Tench",Pickerel,1944,Completed,1526,1946,Survived
USA_0403,147,United States Of America,Submarine,"Gato, Balao And Tench",Pomodon,1944,Completed,1526,1946,Survived
USA_0404,147,United States Of America,Submarine,"Gato, Balao And Tench",Pompano,1944,Completed,1526,1946,Survived
USA_0405,147,United States Of America,Submarine,"Gato, Balao And Tench",Quillback,1944,Completed,1526,1946,Survived
USA_0406,147,United States Of America,Submarine,"Gato, Balao And Tench",Remora,1944,Completed,1526,1946,Survived
USA_0407,147,United States Of America,Submarine,"Gato, Balao And Tench",Requin,1944,Completed,1526,1946,Survived
USA_0408,147,United States Of America,Submarine,"Gato, Balao And Tench",Sarda,1944,Completed,1526,1946,Survived
USA_0409,147,United States Of America,Submarine,"Gato, Balao And Tench",Sea Cat,1944,Completed,1526,1946,Survived
USA_0410,147,United States Of America,Submarine,"Gato, Balao And Tench",Sirago,1944,Completed,1526,1946,Survived
USA_0411,147,United States Of America,Submarine,"Gato, Balao And Tench",Spinax,1944,Completed,1526,1946,Survived
USA_0412,147,United States Of America,Submarine,"Gato, Balao And Tench",Tench,1944,Completed,1526,1946,Survived
USA_0413,147,United States Of America,Submarine,"Gato, Balao And Tench",Thornback,1944,Completed,1526,1946,Survived
USA_0414,147,United States Of America,Submarine,"Gato, Balao And Tench",Tiburon,1944,Completed,1526,1946,Survived
USA_0415,147,United States Of America,Submarine,"Gato, Balao And Tench",Tigrante,1944,Completed,1526,1946,Survived
USA_0416,147,United States Of America,Submarine,"Gato, Balao And Tench",Tigrone,1944,Completed,1526,1946,Survived
USA_0417,147,United States Of America,Submarine,"Gato, Balao And Tench",Tiru,1944,Completed,1526,1946,Survived
USA_0418,147,United States Of America,Submarine,"Gato, Balao And Tench",Toro,1944,Completed,1526,1946,Survived
USA_0419,147,United States Of America,Submarine,"Gato, Balao And Tench",Torsk,1944,Completed,1526,1946,Survived
USA_0420,147,United States Of America,Submarine,"Gato, Balao And Tench",Trumpetfish,1944,Completed,1526,1946,Survived
USA_0421,147,United States Of America,Submarine,"Gato, Balao And Tench",Turbot,1944,Completed,1526,1946,Survived
USA_0422,147,United States Of America,Submarine,"Gato, Balao And Tench",Tusk,1944,Completed,1526,1946,Survived
USA_0423,147,United States Of America,Submarine,"Gato, Balao And Tench",Ulua,1944,Completed,1526,1946,Survived
USA_0424,147,United States Of America,Submarine,"Gato, Balao And Tench",Unicorn,1944,Completed,1526,1946,Survived
USA_0425,147,United States Of America,Submarine,"Gato, Balao And Tench",Vandace,1944,Completed,1526,1946,Survived
USA_0426,147,United States Of America,Submarine,"Gato, Balao And Tench",Volador,1944,Completed,1526,1946,Survived
USA_0427,147,United States Of America,Submarine,"Gato, Balao And Tench",Walrus,1944,Completed,1526,1946,Survived
USA_0428,147,United States Of America,Submarine,"Gato, Balao And Tench",Whitefish,1944,Completed,1526,1946,Survived
USA_0429,147,United States Of America,Submarine,"Gato, Balao And Tench",Whiting,1944,Completed,1526,1946,Survived
USA_0430,147,United States Of America,Submarine,"Gato, Balao And Tench",Wolffish,1944,Completed,1526,1946,Survived
USA_0431,148,United States Of America,Escort,Asheville And Tacoma,Albuquerque,1944,Completed,1430,1946,Survived
USA_0432,148,United States Of America,Escort,Asheville And Tacoma,Alexandria,1944,Completed,1430,1946,Survived
USA_0433,148,United States Of America,Escort,Asheville And Tacoma,Annapolis,1944,Completed,1430,1946,Survived
USA_0434,148,United States Of America,Escort,Asheville And Tacoma,Bangor,1944,Completed,1430,1946,Survived
USA_0435,148,United States Of America,Escort,Asheville And Tacoma,Bayonne,1944,Completed,1430,1946,Survived
USA_0436,148,United States Of America,Escort,Asheville And Tacoma,Belfast,1944,Completed,1430,1946,Survived
USA_0437,148,United States Of America,Escort,Asheville And Tacoma,Bisbee,1944,Completed,1430,1946,Survived
USA_0438,148,United States Of America,Escort,Asheville And Tacoma,Brownsville,1944,Completed,1430,1946,Survived
USA_0439,148,United States Of America,Escort,Asheville And Tacoma,Casper,1944,Completed,1430,1946,Survived
USA_0440,148,United States Of America,Escort,Asheville And Tacoma,Charlottesville,1944,Completed,1430,1946,Survived
USA_0441,148,United States Of America,Escort,Asheville And Tacoma,Coronado,1944,Completed,1430,1946,Survived
USA_0442,148,United States Of America,Escort,Asheville And Tacoma,Corpus,1944,Completed,1430,1946,Survived
USA_0443,148,United States Of America,Escort,Asheville And Tacoma,El Paso,1944,Completed,1430,1946,Survived
USA_0444,148,United States Of America,Escort,Asheville And Tacoma,Emporia,1944,Completed,1430,1946,Survived
USA_0445,148,United States Of America,Escort,Asheville And Tacoma,Eugene,1944,Completed,1430,1946,Survived
USA_0446,148,United States Of America,Escort,Asheville And Tacoma,Everett,1944,Completed,1430,1946,Survived
USA_0447,148,United States Of America,Escort,Asheville And Tacoma,Gallup,1944,Completed,1430,1946,Survived
USA_0448,148,United States Of America,Escort,Asheville And Tacoma,Glendale,1944,Completed,1430,1946,Survived
USA_0449,148,United States Of America,Escort,Asheville And Tacoma,Gloucester,1944,Completed,1430,1946,Survived
USA_0450,148,United States Of America,Escort,Asheville And Tacoma,Grand Forks,1944,Completed,1430,1946,Survived
USA_0451,148,United States Of America,Escort,Asheville And Tacoma,Grand Island,1944,Completed,1430,1946,Survived
USA_0452,148,United States Of America,Escort,Asheville And Tacoma,Grand Rapids,1944,Completed,1430,1946,Survived
USA_0453,148,United States Of America,Escort,Asheville And Tacoma,Groton,1944,Completed,1430,1946,Survived
USA_0454,148,United States Of America,Escort,Asheville And Tacoma,Gulfport,1944,Completed,1430,1946,Survived
USA_0455,148,United States Of America,Escort,Asheville And Tacoma,Hingham,1944,Completed,1430,1946,Survived
USA_0456,148,United States Of America,Escort,Asheville And Tacoma,Hoquiam,1944,Completed,1430,1946,Survived
USA_0457,148,United States Of America,Escort,Asheville And Tacoma,Huron,1944,Completed,1430,1946,Survived
USA_0458,148,United States Of America,Escort,Asheville And Tacoma,Hutchinson,1944,Completed,1430,1946,Survived
USA_0459,148,United States Of America,Escort,Asheville And Tacoma,Key West,1944,Completed,1430,1946,Survived
USA_0460,148,United States Of America,Escort,Asheville And Tacoma,Long Beach,1944,Completed,1430,1946,Survived
USA_0461,148,United States Of America,Escort,Asheville And Tacoma,Muskegon,1944,Completed,1430,1946,Survived
USA_0462,148,United States Of America,Escort,Asheville And Tacoma,Ogden,1944,Completed,1430,1946,Survived
USA_0463,148,United States Of America,Escort,Asheville And Tacoma,Orange,1944,Completed,1430,1946,Survived
USA_0464,148,United States Of America,Escort,Asheville And Tacoma,Pasco,1944,Completed,1430,1946,Survived
USA_0465,148,United States Of America,Escort,Asheville And Tacoma,Pocatello,1944,Completed,1430,1946,Survived
USA_0466,148,United States Of America,Escort,Asheville And Tacoma,Poughkeepsie,1944,Completed,1430,1946,Survived
USA_0467,148,United States Of America,Escort,Asheville And Tacoma,Pueblo,1944,Completed,1430,1946,Survived
USA_0468,148,United States Of America,Escort,Asheville And Tacoma,Rockford,1944,Completed,1430,1946,Survived
USA_0469,148,United States Of America,Escort,Asheville And Tacoma,Sausalito,1944,Completed,1430,1946,Survived
USA_0470,148,United States Of America,Escort,Asheville And Tacoma,Shreveport,1944,Completed,1430,1946,Survived
USA_0471,148,United States Of America,Escort,Asheville And Tacoma,Tacoma,1944,Completed,1430,1946,Survived
USA_0472,148,United States Of America,Escort,Asheville And Tacoma,Van Buren,1944,Completed,1430,1946,Survived
USA_0473,148,United States Of America,Escort,Asheville And Tacoma,Woonsocket,1944,Completed,1430,1946,Survived
USA_0474,149,United States Of America,Escort,Asheville And Tacoma,Allentown,1944,Completed,1430,1946,Survived
USA_0475,149,United States Of America,Escort,Asheville And Tacoma,Bath,1944,Completed,1430,1946,Survived
USA_0476,149,United States Of America,Escort,Asheville And Tacoma,Beaufort,1944,Completed,1430,1946,Survived
USA_0477,149,United States Of America,Escort,Asheville And Tacoma,Brunswick,1944,Completed,1430,1946,Survived
USA_0478,149,United States Of America,Escort,Asheville And Tacoma,Burlington,1944,Completed,1430,1946,Survived
USA_0479,149,United States Of America,Escort,Asheville And Tacoma,Carson City,1944,Completed,1430,1946,Survived
USA_0480,149,United States Of America,Escort,Asheville And Tacoma,Charlotte,1944,Completed,1430,1946,Survived
USA_0481,149,United States Of America,Escort,Asheville And Tacoma,Covington,1944,Completed,1430,1946,Survived
USA_0482,149,United States Of America,Escort,Asheville And Tacoma,Davenport,1944,Completed,1430,1946,Survived
USA_0483,149,United States Of America,Escort,Asheville And Tacoma,Evansville,1944,Completed,1430,1946,Survived
USA_0484,149,United States Of America,Escort,Asheville And Tacoma,Greensboro,1944,Completed,1430,1946,Survived
USA_0485,149,United States Of America,Escort,Asheville And Tacoma,Knoxville,1944,Completed,1430,1946,Survived
USA_0486,149,United States Of America,Escort,Asheville And Tacoma,Machias,1944,Completed,1430,1946,Survived
USA_0487,149,United States Of America,Escort,Asheville And Tacoma,Manitowoc,1944,Completed,1430,1946,Survived
USA_0488,149,United States Of America,Escort,Asheville And Tacoma,Muskogee,1944,Completed,1430,1946,Survived
USA_0489,149,United States Of America,Escort,Asheville And Tacoma,New Bedford,1944,Completed,1430,1946,Survived
USA_0490,149,United States Of America,Escort,Asheville And Tacoma,Orlando,1944,Completed,1430,1946,Survived
USA_0491,149,United States Of America,Escort,Asheville And Tacoma,Peoria,1944,Completed,1430,1946,Survived
USA_0492,149,United States Of America,Escort,Asheville And Tacoma,Reading,1944,Completed,1430,1946,Survived
USA_0493,149,United States Of America,Escort,Asheville And Tacoma,Sandusky,1944,Completed,1430,1946,Survived
USA_0494,149,United States Of America,Escort,Asheville And Tacoma,Sheboygan,1944,Completed,1430,1946,Survived
USA_0495,149,United States Of America,Escort,Asheville And Tacoma,Stamford,1944,Completed,1430,1946,Survived
USA_0496,149,United States Of America,Escort,Asheville And Tacoma,Uniontown,1944,Completed,1430,1946,Survived
USA_0497,149,United States Of America,Escort,Asheville And Tacoma,Vallejo,1944,Completed,1430,1946,Survived
USA_0498,156,United States Of America,Patrol And Coastal,Luzon,Luzon,1928,Completed,560,1945,Sunk
USA_0499,156,United States Of America,Patrol And Coastal,Luzon,Mindanao,1928,Completed,560,1942,Sunk
USA_0500,156,United States Of America,Patrol And Coastal,Panay,Oahu,1928,Completed,450,1942,Sunk
USA_0501,156,United States Of America,Patrol And Coastal,Panay,Panay,1928,Completed,450,1937,Sunk
USA_0502,156,United States Of America,Patrol And Coastal,Wake,Tutuila,1928,Completed,350,1942,Transferred
USA_0503,156,United States Of America,Patrol And Coastal,Wake,Wake,1927,Completed,350,1946,Transferred
USA_0504,158,United States Of America,Other,Kenneth Whiting,Calibogue,1944,Planned,1760,N/A,N/A
USA_0505,158,United States Of America,Other,Kenneth Whiting,Chandeleur,1944,Completed,1760,1946,Survived
USA_0506,158,United States Of America,Other,Kenneth Whiting,Cumberland Sound,1944,Completed,1760,1946,Survived
USA_0507,158,United States Of America,Other,Kenneth Whiting,Hamlin,1944,Completed,1760,1946,Survived
USA_0508,158,United States Of America,Other,Kenneth Whiting,Hobe Sound,1944,Planned,1760,N/A,N/A
USA_0509,158,United States Of America,Other,Kenneth Whiting,Kenneth Whiting,1944,Completed,1760,1946,Survived
USA_0510,158,United States Of America,Other,Kenneth Whiting,St George,1944,Completed,1760,1946,Survived
USA_0511,158,United States Of America,Other,Kenneth Whiting,Townsend,1945,Planned,1760,N/A,N/A
USA_0512,158,United States Of America,Other,Pocomoke/Tangier,Pocomoke,1941,Completed,8950,1946,Survived
USA_0513,158,United States Of America,Other,Pocomoke/Tangier,Tangier,1941,Completed,8950,1946,Survived
USA_0514,97,United States Of America,Capital Ship,North Carolina,North Carolina,1941,Completed,37484,1946,Survived
USA_0515,97,United States Of America,Capital Ship,North Carolina,Washington,1941,Completed,37484,1946,Survived
USA_0516,98,United States Of America,Capital Ship,South Dakota,Alabama,1942,Completed,37970,1946,Survived
USA_0517,98,United States Of America,Capital Ship,South Dakota,Indiana,1942,Completed,37970,1946,Survived
USA_0518,98,United States Of America,Capital Ship,South Dakota,Massachusetts,1942,Completed,37970,1946,Survived
USA_0519,98,United States Of America,Capital Ship,South Dakota,South Dakota,1942,Completed,37970,1946,Survived
USA_0520,99,United States Of America,Capital Ship,Iowa,Illinois,1942,Laid Down,48110,N/A,N/A
USA_0521,99,United States Of America,Capital Ship,Iowa,Iowa,1943,Completed,48110,1946,Survived
USA_0522,99,United States Of America,Capital Ship,Iowa,Kentucky,1942,Laid Down,48110,1946,Survived
USA_0523,99,United States Of America,Capital Ship,Iowa,Missouri,1944,Completed,48110,1946,Survived
USA_0524,99,United States Of America,Capital Ship,Iowa,New Jersey,1943,Completed,48110,1946,Survived
USA_0525,99,United States Of America,Capital Ship,Iowa,Wisconsin,1944,Completed,48110,1946,Survived
USA_0526,101,United States Of America,Aircraft Carrier,Lexington,Lexington,1927,Completed,37681,1942,Sunk
USA_0527,101,United States Of America,Aircraft Carrier,Lexington,Saratoga,1927,Completed,37681,1946,Survived
USA_0528,103,United States Of America,Aircraft Carrier,Wasp,Wasp,1940,Completed,14700,1942,Sunk
USA_0529,104,United States Of America,Aircraft Carrier,Essex,Bennington,1944,Completed,14700,1946,Survived
USA_0530,104,United States Of America,Aircraft Carrier,Essex,Boxer,1945,Completed,14700,1946,Survived
USA_0531,104,United States Of America,Aircraft Carrier,Essex,Bunker Hill,1943,Completed,14700,1946,Survived
USA_0532,104,United States Of America,Aircraft Carrier,Essex,Essex,1942,Completed,14700,1946,Survived
USA_0533,104,United States Of America,Aircraft Carrier,Essex,Franklin,1944,Completed,14700,1946,Survived
USA_0534,104,United States Of America,Aircraft Carrier,Essex,Hancock,1944,Completed,14700,1946,Survived
USA_0535,104,United States Of America,Aircraft Carrier,Essex,Hornet,1943,Completed,14700,1946,Survived
USA_0536,104,United States Of America,Aircraft Carrier,Essex,Intrepid,1943,Completed,14700,1946,Survived
USA_0537,104,United States Of America,Aircraft Carrier,Essex,Randolph,1944,Completed,14700,1946,Survived
USA_0538,104,United States Of America,Aircraft Carrier,Essex,Ticonderoga,1944,Completed,14700,1946,Survived
USA_0539,104,United States Of America,Aircraft Carrier,Essex,Yorktown,1943,Completed,14700,1946,Survived
USA_0540,105,United States Of America,Aircraft Carrier,Independence,Bataan,1943,Completed,10662,1946,Survived
USA_0541,105,United States Of America,Aircraft Carrier,Independence,Belleau Wood,1943,Completed,10662,1946,Survived
USA_0542,105,United States Of America,Aircraft Carrier,Independence,Cabot,1943,Completed,10662,1946,Survived
USA_0543,105,United States Of America,Aircraft Carrier,Independence,Cowpens,1943,Completed,10662,1946,Survived
USA_0544,105,United States Of America,Aircraft Carrier,Independence,Independence,1943,Completed,10662,1946,Survived
USA_0545,105,United States Of America,Aircraft Carrier,Independence,Langley,1943,Launched,10662,1946,Survived
USA_0546,105,United States Of America,Aircraft Carrier,Independence,Monterey,1943,Completed,10662,1946,Survived
USA_0547,105,United States Of America,Aircraft Carrier,Independence,Princeton,1943,Completed,10662,1944,Sunk
USA_0548,105,United States Of America,Aircraft Carrier,Independence,San Jacinto,1943,Completed,10662,1946,Survived
USA_0549,106,United States Of America,Aircraft Carrier,Midway,Coral Sea,1946,Launched,47387,1946,Survived
USA_0550,106,United States Of America,Aircraft Carrier,Midway,Franklin D,1945,Completed,47387,1946,Survived
USA_0551,106,United States Of America,Aircraft Carrier,Midway,Midway,1945,Completed,47387,1946,Survived
USA_0552,107,United States Of America,Aircraft Carrier,Long Island / Charger,Charger,1942,Completed,11800,1946,Survived
USA_0553,107,United States Of America,Aircraft Carrier,Long Island / Charger,Long,1941,Completed,11800,1946,Survived
USA_0554,107,United States Of America,Aircraft Carrier,Saipan,Saipan,1946,Completed,14500,1946,Survived
USA_0555,107,United States Of America,Aircraft Carrier,Saipan,Wright,1945,Launched,14500,1946,Survived
USA_0556,108,United States Of America,Aircraft Carrier,Sangamon,Chenango,1942,Launched,10494,1946,Survived
USA_0557,108,United States Of America,Aircraft Carrier,Sangamon,Sangamon,1942,Completed,10494,1946,Survived
USA_0558,108,United States Of America,Aircraft Carrier,Sangamon,Santee,1942,Launched,10494,1946,Survived
USA_0559,108,United States Of America,Aircraft Carrier,Sangamon,Suwanee,1942,Launched,10494,1946,Survived
USA_0560,109,United States Of America,Aircraft Carrier,Casablanca,Anzio,1943,Completed,8188,1946,Survived
USA_0561,109,United States Of America,Aircraft Carrier,Casablanca,Casablanca,1943,Completed,8188,1946,Survived
USA_0562,109,United States Of America,Aircraft Carrier,Casablanca,Corregidor,1943,Completed,8188,1946,Survived
USA_0563,109,United States Of America,Aircraft Carrier,Casablanca,Fanshaw Bay,1943,Launched,8188,1946,Survived
USA_0564,109,United States Of America,Aircraft Carrier,Casablanca,Gambier Bay,1943,Completed,8188,1944,Sunk
USA_0565,109,United States Of America,Aircraft Carrier,Casablanca,Guadalcanal,1943,Launched,8188,1946,Survived
USA_0566,109,United States Of America,Aircraft Carrier,Casablanca,Hoggatt Bay,1944,Completed,8188,1946,Survived
USA_0567,109,United States Of America,Aircraft Carrier,Casablanca,Kadashan Bay,1944,Completed,8188,1946,Survived
USA_0568,109,United States Of America,Aircraft Carrier,Casablanca,Kalinin Bay,1943,Launched,8188,1946,Survived
USA_0569,109,United States Of America,Aircraft Carrier,Casablanca,Kasaan Bay,1943,Launched,8188,1946,Survived
USA_0570,109,United States Of America,Aircraft Carrier,Casablanca,Kitkun Bay,1943,Completed,8188,1946,Survived
USA_0571,109,United States Of America,Aircraft Carrier,Casablanca,Liscome Bay,1943,Completed,8188,1943,Sunk
USA_0572,109,United States Of America,Aircraft Carrier,Casablanca,Manila Bay,1943,Launched,8188,1946,Survived
USA_0573,109,United States Of America,Aircraft Carrier,Casablanca,Marcus,1943,Launched,8188,1946,Survived
USA_0574,109,United States Of America,Aircraft Carrier,Casablanca,Mission Bay,1943,Completed,8188,1946,Survived
USA_0575,109,United States Of America,Aircraft Carrier,Casablanca,Natoma Bay,1943,Completed,8188,1946,Survived
USA_0576,109,United States Of America,Aircraft Carrier,Casablanca,Nehenta Bay,1944,Completed,8188,1946,Survived
USA_0577,109,United States Of America,Aircraft Carrier,Casablanca,Ommaney Bay,1944,Completed,8188,1945,Sunk
USA_0578,109,United States Of America,Aircraft Carrier,Casablanca,Petrof Bay,1944,Completed,8188,1946,Survived
USA_0579,109,United States Of America,Aircraft Carrier,Casablanca,Rudyerd Bay,1946,Completed,8188,1946,Survived
USA_0580,109,United States Of America,Aircraft Carrier,Casablanca,Saginaw Bay,1944,Completed,8188,1946,Survived
USA_0581,109,United States Of America,Aircraft Carrier,Casablanca,Sargent Bay,1944,Completed,8188,1946,Survived
USA_0582,109,United States Of America,Aircraft Carrier,Casablanca,Savo,1944,Completed,8188,1946,Survived
USA_0583,109,United States Of America,Aircraft Carrier,Casablanca,Shamrock Bay,1944,Completed,8188,1946,Survived
USA_0584,109,United States Of America,Aircraft Carrier,Casablanca,Solomons,1943,Launched,8188,1946,Survived
USA_0585,109,United States Of America,Aircraft Carrier,Casablanca,St Lo,1943,Launched,8188,1944,Sunk
USA_0586,109,United States Of America,Aircraft Carrier,Casablanca,Tripoli,1943,Launched,8188,1946,Survived
USA_0587,109,United States Of America,Aircraft Carrier,Casablanca,Tulagi,1943,Launched,8188,1946,Survived
USA_0588,109,United States Of America,Aircraft Carrier,Casablanca,Wake Island,1943,Launched,8188,1946,Survived
USA_0589,109,United States Of America,Aircraft Carrier,Casablanca,White Plains,1943,Completed,8188,1946,Survived
USA_0590,110,United States Of America,Aircraft Carrier,Casablanca,Attu,1944,Launched,8188,1946,Survived
USA_0591,110,United States Of America,Aircraft Carrier,Casablanca,Bay,1944,Launched,8188,1946,Survived
USA_0592,110,United States Of America,Aircraft Carrier,Casablanca,Bismarck Sea,1944,Launched,8188,1945,Sunk
USA_0593,110,United States Of America,Aircraft Carrier,Casablanca,Esperance,1944,Launched,8188,1946,Survived
USA_0594,110,United States Of America,Aircraft Carrier,Casablanca,Island,1944,Launched,8188,1946,Survived
USA_0595,110,United States Of America,Aircraft Carrier,Casablanca,Lunga Point,1944,Launched,8188,1946,Survived
USA_0596,110,United States Of America,Aircraft Carrier,Casablanca,Matanikau,1944,Launched,8188,1946,Survived
USA_0597,110,United States Of America,Aircraft Carrier,Casablanca,Munda,1944,Launched,8188,1946,Survived
USA_0598,110,United States Of America,Aircraft Carrier,Casablanca,Roi,1944,Launched,8188,1946,Survived
USA_0599,110,United States Of America,Aircraft Carrier,Casablanca,Strait,1944,Launched,8188,1946,Survived
USA_0600,113,United States Of America,Cruiser,Pensacola,Pensacola,1930,Completed,9097,1946,Survived
USA_0601,113,United States Of America,Cruiser,Pensacola,Salt Lake City,1929,Completed,9097,1946,Survived
USA_0602,114,United States Of America,Cruiser,Northampton,Augusta,1931,Completed,9006,1946,Survived
USA_0603,114,United States Of America,Cruiser,Portland,Indianapolis,1932,Completed,10258,1945,Sunk
USA_0604,115,United States Of America,Cruiser,New Orleans,Astoria,1934,Completed,10136,1942,Sunk
USA_0605,115,United States Of America,Cruiser,New Orleans,Minneapolis,1934,Completed,10136,1946,Survived
USA_0606,115,United States Of America,Cruiser,New Orleans,New Orleans,1934,Completed,10136,1946,Survived
USA_0607,115,United States Of America,Cruiser,New Orleans,Quincy,1936,Completed,10136,1942,Sunk
USA_0608,115,United States Of America,Cruiser,New Orleans,San Francisco,1934,Completed,10136,1946,Survived
USA_0609,115,United States Of America,Cruiser,New Orleans,Tuscaloosa,1934,Completed,10136,1946,Survived
USA_0610,115,United States Of America,Cruiser,New Orleans,Vincennes,1937,Completed,10136,1942,Sunk
USA_0611,116,United States Of America,Cruiser,Brooklyn,Honolulu,1938,Completed,9767,1946,Survived
USA_0612,117,United States Of America,Cruiser,Wichita,Wichita,1939,Completed,10589,1946,Survived
USA_0613,118,United States Of America,Cruiser,Atlanta,Fresno,1946,Completed,10589,1946,Survived
USA_0614,119,United States Of America,Cruiser,Cleveland,Amsterdam,1942,Launched,744,1946,Survived
USA_0615,119,United States Of America,Cruiser,Cleveland,Biloxi,1943,Completed,744,1946,Survived
USA_0616,119,United States Of America,Cruiser,Cleveland,Birmingham,1943,Completed,744,1946,Survived
USA_0617,119,United States Of America,Cruiser,Cleveland,Cleveland,1942,Completed,744,1946,Survived
USA_0618,119,United States Of America,Cruiser,Cleveland,Dayton,1943,Launched,744,1946,Survived
USA_0619,119,United States Of America,Cruiser,Cleveland,Denver,1942,Completed,744,1946,Survived
USA_0620,119,United States Of America,Cruiser,Cleveland,Houston,1943,Completed,744,1946,Survived
USA_0621,119,United States Of America,Cruiser,Cleveland,Huntington,1943,Launched,744,1946,Survived
USA_0622,119,United States Of America,Cruiser,Cleveland,Mobile,1943,Completed,744,1946,Survived
USA_0623,119,United States Of America,Cruiser,Cleveland,Montpelier,1942,Completed,744,1946,Survived
USA_0624,119,United States Of America,Cruiser,Cleveland,New Haven,1942,Launched,744,N/A,Transferred
USA_0625,119,United States Of America,Cruiser,Cleveland,Pasadena,1944,Completed,744,1946,Survived
USA_0626,119,United States Of America,Cruiser,Cleveland,Santa Fe,1942,Completed,744,1946,Survived
USA_0627,119,United States Of America,Cruiser,Cleveland,Springfield,1944,Completed,744,1946,Survived
USA_0628,119,United States Of America,Cruiser,Cleveland,Tallahassee,1942,Launched,744,N/A,Transferred
USA_0629,119,United States Of America,Cruiser,Cleveland,Topeka,1944,Completed,744,1946,Survived
USA_0630,119,United States Of America,Cruiser,Cleveland,Wilmington,1943,Launched,744,N/A,Transferred
USA_0631,121,United States Of America,Cruiser,Oregon City,Albany,1946,Completed,744,1946,Survived
USA_0632,121,United States Of America,Cruiser,Baltimore,Baltimore,1943,Completed,744,1946,Survived
USA_0633,121,United States Of America,Cruiser,Baltimore,Boston,1943,Launched,744,1946,Survived
USA_0634,121,United States Of America,Cruiser,Baltimore,Bremerton,1945,Launched,744,1946,Survived
USA_0635,121,United States Of America,Cruiser,Cleveland,Bridgeport,1945,Planned,744,N/A,N/A
USA_0636,121,United States Of America,Cruiser,Cleveland,Cambridge,1945,Planned,744,N/A,N/A
USA_0637,121,United States Of America,Cruiser,Baltimore,Canberra,1943,Completed,744,1946,Survived
USA_0638,121,United States Of America,Cruiser,Baltimore,Chicago,1945,Completed,744,1946,Survived
USA_0639,121,United States Of America,Cruiser,Baltimore,Columbus,1945,Launched,744,1946,Survived
USA_0640,121,United States Of America,Cruiser,Baltimore,Fall River,1945,Completed,744,1946,Survived
USA_0641,121,United States Of America,Cruiser,Baltimore,Helena,1945,Launched,744,1946,Survived
USA_0642,121,United States Of America,Cruiser,Cleveland,Kansas City,1945,Planned,744,N/A,N/A
USA_0643,121,United States Of America,Cruiser,Baltimore,Los Angeles,1945,Launched,744,1946,Survived
USA_0644,121,United States Of America,Cruiser,Baltimore,Macon,1944,Launched,744,1946,Survived
USA_0645,121,United States Of America,Cruiser,Cleveland,Norfolk,1945,Planned,744,N/A,N/A
USA_0646,121,United States Of America,Cruiser,Oregon City,Northampton,1944,Laid Down,744,1946,Survived
USA_0647,121,United States Of America,Cruiser,Oregon City,Oregon City,1946,Completed,744,1946,Survived
USA_0648,121,United States Of America,Cruiser,Baltimore,Pittsburgh,1944,Completed,744,1946,Survived
USA_0649,121,United States Of America,Cruiser,Baltimore,Quincy,1943,Completed,744,1946,Survived
USA_0650,121,United States Of America,Cruiser,Oregon City,Rochester,1946,Launched,744,1946,Survived
USA_0651,121,United States Of America,Cruiser,Cleveland,Scranton,1945,Planned,744,N/A,N/A
USA_0652,121,United States Of America,Cruiser,Baltimore,St Paul,1945,Completed,744,1946,Survived
USA_0653,121,United States Of America,Cruiser,Baltimore,Toledo,1946,Launched,744,1946,Survived
USA_0654,121,United States Of America,Cruiser,Cleveland,Tulsa,1945,Planned,744,N/A,N/A
USA_0655,122,United States Of America,Cruiser,Alaska,Guam,1944,Completed,29779,1946,Survived
USA_0656,122,United States Of America,Cruiser,Alaska,Hawaii,1945,Launched,29779,1946,Survived
USA_0657,122,United States Of America,Cruiser,Alaska,Philippines,1943,Planned,29779,N/A,N/A
USA_0658,122,United States Of America,Cruiser,Alaska,Puerto Rico,1943,Planned,29779,N/A,N/A
USA_0659,122,United States Of America,Cruiser,Alaska,Samoa,1943,Planned,29779,N/A,N/A
USA_0660,123,United States Of America,Cruiser,Des Moines,Dallas,1946,Planned,17255,N/A,N/A
USA_0661,123,United States Of America,Cruiser,Des Moines,Des Moines,1945,Launched,17255,1946,Survived
USA_0662,123,United States Of America,Cruiser,Des Moines,Newport,1945,Laid Down,17255,1946,Survived
USA_0663,123,United States Of America,Cruiser,Des Moines,Salem,1925,Launched,17255,1946,Survived
USA_0664,123,United States Of America,Cruiser,Worcester,Gary,1945,Planned,14700,N/A,N/A
USA_0665,123,United States Of America,Cruiser,Worcester,Roanoke,1945,Laid Down,14700,1946,Survived
USA_0666,123,United States Of America,Cruiser,Worcester,Worcester,1945,Laid Down,14700,1946,Survived
USA_0667,125,United States Of America,Destroyer,Farragut,Aylwin,1934,Launched,1358,1946,Survived
USA_0668,125,United States Of America,Destroyer,Farragut,Dale,1935,Launched,1358,1946,Survived
USA_0669,125,United States Of America,Destroyer,Farragut,Dewey,1934,Launched,1358,1946,Survived
USA_0670,125,United States Of America,Destroyer,Farragut,Farragut,1934,Launched,1358,1946,Survived
USA_0671,125,United States Of America,Destroyer,Farragut,Hull,1934,Launched,1358,1944,Sunk
USA_0672,125,United States Of America,Destroyer,Farragut,Macdonough,1934,Launched,1358,1946,Survived
USA_0673,125,United States Of America,Destroyer,Farragut,Monaghan,1935,Launched,1358,1944,Sunk
USA_0674,125,United States Of America,Destroyer,Farragut,Worden,1934,Launched,1358,1943,Sunk
USA_0675,125,United States Of America,Destroyer,Mahan,Cas Sin,1935,Launched,14700,1946,Survived
USA_0676,125,United States Of America,Destroyer,Mahan,Case,1935,Launched,14700,1946,Survived
USA_0677,125,United States Of America,Destroyer,Mahan,Conyngham,1935,Launched,14700,1946,Survived
USA_0678,125,United States Of America,Destroyer,Mahan,Cushing,1935,Launched,14700,1936,Sunk
USA_0679,125,United States Of America,Destroyer,Mahan,Downes,1936,Launched,14700,1946,Survived
USA_0680,125,United States Of America,Destroyer,Mahan,Drayton,1936,Launched,14700,1946,Survived
USA_0681,125,United States Of America,Destroyer,Mahan,Flusser,1935,Launched,14700,1946,Survived
USA_0682,125,United States Of America,Destroyer,Mahan,Perkins,1935,Launched,14700,1943,Sunk
USA_0683,125,United States Of America,Destroyer,Mahan,Reid,1936,Launched,14700,1936,Sunk
USA_0684,125,United States Of America,Destroyer,Mahan,Shaw,1935,Launched,14700,1946,Scrapped
USA_0685,125,United States Of America,Destroyer,Mahan,Tucker,1936,Launched,14700,1935,Sunk
USA_0686,125,United States Of America,Destroyer,Porter,Balch,1936,Launched,1834,1946,Scrapped
USA_0687,125,United States Of America,Destroyer,Porter,Clark,1935,Launched,1834,1946,Scrapped
USA_0688,125,United States Of America,Destroyer,Porter,Moffett,1935,Launched,1834,1946,Survived
USA_0689,125,United States Of America,Destroyer,Porter,McDougal,1936,Launched,1834,1946,Survived
USA_0690,125,United States Of America,Destroyer,Porter,Phelps,1935,Launched,1834,1946,Survived
USA_0691,125,United States Of America,Destroyer,Porter,Porter,1935,Launched,1834,1942,Sunk
USA_0692,125,United States Of America,Destroyer,Porter,Selfridge,1936,Launched,1834,1946,Survived
USA_0693,125,United States Of America,Destroyer,Porter,Winslow,1936,Launched,1834,1946,Survived
USA_0694,126,United States Of America,Destroyer,Bagley,Bagley,1936,Launched,1646,1946,Survived
USA_0695,126,United States Of America,Destroyer,Bagley,Blue,1937,Launched,1646,1942,Sunk
USA_0696,126,United States Of America,Destroyer,Bagley,Helm,1937,Launched,1646,1946,Survived
USA_0697,126,United States Of America,Destroyer,Bagley,Henley,1937,Launched,1646,1943,Sunk
USA_0698,126,United States Of America,Destroyer,Bagley,Mugford,1936,Launched,1646,1946,Survived
USA_0699,126,United States Of America,Destroyer,Bagley,Patterson,1937,Launched,1646,1946,Survived
USA_0700,126,United States Of America,Destroyer,Bagley,Ralph,1936,Launched,1646,1946,Survived
USA_0701,126,United States Of America,Destroyer,Gridley,Craven,1937,Launched,1590,1946,Survived
USA_0702,126,United States Of America,Destroyer,Gridley,Gridley,1936,Launched,1590,1946,Survived
USA_0703,126,United States Of America,Destroyer,Gridley,Maury,1938,Launched,1590,1946,Scrapped
USA_0704,126,United States Of America,Destroyer,Gridley,McCall,1937,Launched,1590,1946,Survived
USA_0705,127,United States Of America,Destroyer,Benham,Benham,1938,Launched,1646,1942,Sunk
USA_0706,127,United States Of America,Destroyer,Benham,Ellet,1938,Launched,1646,1946,Survived
USA_0707,127,United States Of America,Destroyer,Benham,Lang,1938,Launched,1646,1946,Survived
USA_0708,127,United States Of America,Destroyer,Benham,Mayrant,1938,Launched,1646,1946,Survived
USA_0709,127,United States Of America,Destroyer,Benham,Rhind,1938,Launched,1646,1946,Survived
USA_0710,127,United States Of America,Destroyer,Benham,Rowan,1938,Launched,1646,1943,Sunk
USA_0711,127,United States Of America,Destroyer,Benham,Stack,1938,Launched,1646,1946,Survived
USA_0712,127,United States Of America,Destroyer,Benham,Sterett,1938,Launched,1646,1946,Survived
USA_0713,127,United States Of America,Destroyer,Benham,Trippe,1938,Launched,1646,1946,Survived
USA_0714,127,United States Of America,Destroyer,Benham,Wilson,1939,Launched,1646,1946,Survived
USA_0715,127,United States Of America,Destroyer,Sims,Anderson,1939,Launched,1764,1946,Survived
USA_0716,127,United States Of America,Destroyer,Sims,Buck,1939,Launched,1764,1943,Sunk
USA_0717,127,United States Of America,Destroyer,Sims,Hammann,1939,Launched,1764,1942,Sunk
USA_0718,127,United States Of America,Destroyer,Sims,Hughes,1939,Launched,1764,1946,Survived
USA_0719,127,United States Of America,Destroyer,Sims,Morris,1939,Launched,1764,1946,Survived
USA_0720,127,United States Of America,Destroyer,Sims,Mustin,1938,Launched,1764,1946,Survived
USA_0721,127,United States Of America,Destroyer,Sims,O'Brien,1939,Launched,1764,1942,Sunk
USA_0722,127,United States Of America,Destroyer,Sims,Roe,1939,Launched,1764,1946,Survived
USA_0723,127,United States Of America,Destroyer,Sims,Russell,1938,Launched,1764,1946,Survived
USA_0724,127,United States Of America,Destroyer,Sims,Sims,1938,Launched,1764,1942,Sunk
USA_0725,127,United States Of America,Destroyer,Sims,Wainwright,1939,Launched,1764,1946,Survived
USA_0726,127,United States Of America,Destroyer,Sims,Walke,1939,Launched,1764,1942,Sunk
USA_0727,128,United States Of America,Destroyer,Benson/Gleaves,Bailey,1941,Launched,1764,1946,Survived
USA_0728,128,United States Of America,Destroyer,Benson/Gleaves,Boyle,1942,Launched,1764,1946,Survived
USA_0729,128,United States Of America,Destroyer,Benson/Gleaves,Buchanan,1941,Launched,1764,1946,Survived
USA_0730,128,United States Of America,Destroyer,Benson/Gleaves,Corry,1941,Launched,1764,1944,Sunk
USA_0731,128,United States Of America,Destroyer,Benson/Gleaves,Fitch,1941,Launched,1764,1946,Survived
USA_0732,128,United States Of America,Destroyer,Benson/Gleaves,Forrest,1941,Launched,1764,1946,Scrapped
USA_0733,128,United States Of America,Destroyer,Benson/Gleaves,Hobby,1942,Launched,1764,1946,Survived
USA_0734,128,United States Of America,Destroyer,Benson/Gleaves,Hobson,1941,Launched,1764,1946,Survived
USA_0735,128,United States Of America,Destroyer,Benson/Gleaves,Kalk,1942,Launched,1764,1946,Survived
USA_0736,128,United States Of America,Destroyer,Benson/Gleaves,Laffey,1941,Launched,1764,1942,Sunk
USA_0737,128,United States Of America,Destroyer,Benson/Gleaves,Lansdowne,1942,Launched,1764,1946,Survived
USA_0738,128,United States Of America,Destroyer,Benson/Gleaves,Lardner,1942,Launched,1764,1946,Survived
USA_0739,128,United States Of America,Destroyer,Benson/Gleaves,Mervine,1942,Launched,1764,1946,Survived
USA_0740,128,United States Of America,Destroyer,Benson/Gleaves,McCalla,1942,Launched,1764,1946,Survived
USA_0741,128,United States Of America,Destroyer,Benson/Gleaves,Woodworth,1941,Launched,1764,1946,Survived
USA_0742,130,United States Of America,Destroyer,Fletcher,Abner Read,1942,Launched,1764,1944,Sunk
USA_0743,130,United States Of America,Destroyer,Fletcher,Ammen,1942,Launched,1764,1946,Survived
USA_0744,130,United States Of America,Destroyer,Fletcher,Anthony,1942,Launched,1764,1946,Survived
USA_0745,130,United States Of America,Destroyer,Fletcher,Brown,1943,Launched,1764,1946,Survived
USA_0746,130,United States Of America,Destroyer,Fletcher,Brownson,1942,Launched,1764,1943,Sunk
USA_0747,130,United States Of America,Destroyer,Fletcher,Cowell,1943,Launched,1764,1946,Transferred
USA_0748,130,United States Of America,Destroyer,Fletcher,Daly,1942,Launched,1764,1946,Survived
USA_0749,130,United States Of America,Destroyer,Fletcher,Isherwood,1942,Launched,1764,1946,Survived
USA_0750,130,United States Of America,Destroyer,Fletcher,John D,1942,Launched,1764,1946,Survived
USA_0751,130,United States Of America,Destroyer,Fletcher,Kimberly,1942,Launched,1764,1946,Survived
USA_0752,130,United States Of America,Destroyer,Fletcher,Luce,1943,Launched,1764,1945,Sunk
USA_0753,130,United States Of America,Destroyer,Fletcher,Mullany,1942,Launched,1764,1946,Survived
USA_0754,130,United States Of America,Destroyer,Fletcher,Wadsworth,1943,Launched,1764,1946,Survived
USA_0755,130,United States Of America,Destroyer,Fletcher,Walker,1943,Launched,1764,1946,Survived
USA_0756,132,United States Of America,Destroyer,Allen M Sumner,Allen M Sumner,1943,Launched,2610,1946,Survived
USA_0757,132,United States Of America,Destroyer,Allen M Sumner,Ault,1944,Launched,2610,1946,Survived
USA_0758,132,United States Of America,Destroyer,Allen M Sumner,Barton,1943,Launched,2610,1946,Survived
USA_0759,132,United States Of America,Destroyer,Allen M Sumner,Charles S Sperry,1944,Launched,2610,1946,Survived
USA_0760,132,United States Of America,Destroyer,Allen M Sumner,Collett,1944,Launched,2610,1946,Survived
USA_0761,132,United States Of America,Destroyer,Allen M Sumner,Cooper,1944,Launched,2610,1944,Sunk
USA_0762,132,United States Of America,Destroyer,Allen M Sumner,De Haven,1944,Launched,2610,1946,Survived
USA_0763,132,United States Of America,Destroyer,Allen M Sumner,English,1944,Launched,2610,1946,Survived
USA_0764,132,United States Of America,Destroyer,Allen M Sumner,Hank,1944,Launched,2610,1946,Survived
USA_0765,132,United States Of America,Destroyer,Allen M Sumner,Haynsworth,1944,Launched,2610,1946,Survived
USA_0766,132,United States Of America,Destroyer,Allen M Sumner,Ingraham,1944,Launched,2610,1946,Survived
USA_0767,132,United States Of America,Destroyer,Allen M Sumner,John W Weeks,1944,Launched,2610,1946,Survived
USA_0768,132,United States Of America,Destroyer,Allen M Sumner,Lyman K Swenson,1944,Launched,2610,1946,Survived
USA_0769,132,United States Of America,Destroyer,Allen M Sumner,Mansfield,1944,Launched,2610,1946,Survived
USA_0770,132,United States Of America,Destroyer,Allen M Sumner,Meredith,1943,Launched,2610,1944,Sunk
USA_0771,132,United States Of America,Destroyer,Allen M Sumner,Moale,1944,Launched,2610,1946,Survived
USA_0772,132,United States Of America,Destroyer,Allen M Sumner,Waldron,1944,Launched,2610,1946,Survived
USA_0773,132,United States Of America,Destroyer,Allen M Sumner,Wallace L Lind,1944,Launched,2610,1946,Survived
USA_0774,133,United States Of America,Destroyer,Gearing,Castle,1946,Launched,2616,1946,Survived
USA_0775,133,United States Of America,Destroyer,Gearing,Epperson,1945,Launched,2616,1946,Survived
USA_0776,133,United States Of America,Destroyer,Gearing,Eugene A Greene,1945,Launched,2616,1946,Survived
USA_0777,133,United States Of America,Destroyer,Gearing,Frank Knox,1944,Launched,2616,1946,Survived
USA_0778,133,United States Of America,Destroyer,Gearing,Gearing,1945,Launched,2616,1946,Survived
USA_0779,133,United States Of America,Destroyer,Gearing,Gyatt,1945,Launched,2616,1946,Survived
USA_0780,133,United States Of America,Destroyer,Gearing,Hamner,1945,Launched,2616,1946,Survived
USA_0781,133,United States Of America,Destroyer,Gearing,Hoel,1946,Planned,2616,N/A,N/A
USA_0782,133,United States Of America,Destroyer,Gearing,Kenneth D Bailey,1945,Launched,2616,1946,Survived
USA_0783,133,United States Of America,Destroyer,Gearing,Keppler,1946,Launched,2616,1946,Survived
USA_0784,133,United States Of America,Destroyer,Gearing,Lansdale,1946,Launched,2616,1946,Survived
USA_0785,133,United States Of America,Destroyer,Gearing,Lloyd Thomas,1945,Launched,2616,1946,Survived
USA_0786,133,United States Of America,Destroyer,Gearing,Seymour D Owens,1945,Launched,2616,1959,Scrapped
USA_0787,133,United States Of America,Destroyer,Gearing,Southerland,1944,Launched,2616,1946,Survived
USA_0788,133,United States Of America,Destroyer,Gearing,Theodore E Chandler,1945,Launched,2616,1946,Survived
USA_0789,133,United States Of America,Destroyer,Gearing,William C Lawe,1945,Launched,2616,1946,Survived
USA_0790,133,United States Of America,Destroyer,Gearing,William M Wood,1945,Launched,2616,1946,Survived
USA_0791,133,United States Of America,Destroyer,Gearing,William R Rush,1945,Launched,2616,1946,Survived
USA_0792,133,United States Of America,Destroyer,Gearing,Wiltsie,1945,Launched,2616,1946,Survived
USA_0793,133,United States Of America,Destroyer,Gearing,Woodrow R Thompson,1946,Launched,2616,1946,Survived
USA_0794,136,United States Of America,Escort,Sims,Burke,1943,Launched,1764,N/A,Transferred
USA_0795,136,United States Of America,Escort,Sims,Cofer,1943,Launched,1764,1946,Survived
USA_0796,136,United States Of America,Escort,Sims,Coolbaugh,1943,Launched,1764,1946,Survived
USA_0797,136,United States Of America,Escort,Sims,Darby,1943,Launched,1764,1946,Survived
USA_0798,136,United States Of America,Escort,Sims,Eichenberger,1943,Launched,1764,1946,Survived
USA_0799,136,United States Of America,Escort,Sims,Enright,1943,Launched,1764,N/A,Transferred
USA_0800,136,United States Of America,Escort,Sims,Francis M,1943,Launched,1764,1946,Survived
USA_0801,136,United States Of America,Escort,Sims,Hayter,1943,Launched,1764,N/A,Transferred
USA_0802,136,United States Of America,Escort,Sims,Jordan,1943,Launched,1764,1946,Survived
USA_0803,136,United States Of America,Escort,Sims,Kephart,1943,Launched,1764,N/A,Transferred
USA_0804,136,United States Of America,Escort,Sims,Liddle,1943,Launched,1764,1946,Survived
USA_0805,136,United States Of America,Escort,Sims,Lloyd,1943,Launched,1764,1946,Survived
USA_0806,136,United States Of America,Escort,Sims,Newman,1943,Launched,1764,1946,Survived
USA_0807,136,United States Of America,Escort,Sims,Otter,1943,Launched,1764,1946,Survived
USA_0808,136,United States Of America,Escort,Sims,Scott,1943,Launched,1764,1946,Survived
USA_0809,136,United States Of America,Escort,Sims,Thomason,1943,Launched,1764,1946,Survived
USA_0810,136,United States Of America,Escort,Sims,William T,1943,Launched,1764,1946,Survived
USA_0811,138,United States Of America,Escort,Sims,McCoy,1944,Launched,1764,N/A,Transferred
USA_0812,140,United States Of America,Escort,Sims,Brister,1943,Launched,1764,1946,Survived
USA_0813,140,United States Of America,Escort,Sims,Falgout,1943,Launched,1764,1946,Survived
USA_0814,140,United States Of America,Escort,Sims,Finch,1943,Launched,1764,1946,Survived
USA_0815,140,United States Of America,Escort,Sims,Joyce,1943,Launched,1764,1946,Survived
USA_0816,140,United States Of America,Escort,Sims,Kirkpatrick,1943,Launched,1764,1946,Survived
USA_0817,140,United States Of America,Escort,Sims,Leopold,1943,Launched,1764,1944,Sunk
USA_0818,140,United States Of America,Escort,Sims,Lowe,1943,Launched,1764,1946,Survived
USA_0819,140,United States Of America,Escort,Sims,Menges,1943,Launched,1764,1946,Survived
USA_0820,140,United States Of America,Escort,Sims,Mosley,1943,Launched,1764,1946,Survived
USA_0821,140,United States Of America,Escort,Sims,Pride,1943,Launched,1764,1946,Survived
USA_0822,140,United States Of America,Escort,Sims,Thomas J,1943,Launched,1764,1943,Transferred
USA_0823,141,United States Of America,Escort,Barracuda,Bass,1924,Launched,1764,1945,Scuttled
USA_0824,141,United States Of America,Escort,Barracuda,Bonita,1925,Launched,1764,1945,Scrapped
USA_0825,142,United States Of America,Submarine,Narwhal,Nautilus,1930,Launched,2987,1945,Scrapped
USA_0826,146,United States Of America,Submarine,Perch,Icefish,1944,Launched,825,1946,Survived
USA_0827,146,United States Of America,Submarine,Perch,Kete,1944,Launched,825,1945,Sunk
USA_0828,146,United States Of America,Submarine,Perch,Lagarto,1944,Launched,825,1945,Sunk
USA_0829,146,United States Of America,Submarine,Perch,Macabi,1944,Launched,825,1946,Survived
USA_0830,146,United States Of America,Submarine,Perch,Pilotfish,1943,Launched,825,1946,Survived
USA_0831,146,United States Of America,Submarine,Perch,Pintado,1943,Launched,825,1946,Survived
USA_0832,146,United States Of America,Submarine,Perch,Springer,1944,Launched,825,1946,Survived
USA_0833,102,United States Of America,Aircraft Carrier,Ranger,Ranger,1934,Completed,14575,1946,Survived
USA_0834,102,United States Of America,Aircraft Carrier,Yorktown,Yorktown,1937,Completed,19875,1942,Sunk
USA_0835,102,United States Of America,Aircraft Carrier,Yorktown,Enterprise,1938,Completed,19875,1946,Survived
USA_0836,102,United States Of America,Aircraft Carrier,Yorktown,Hornet,1941,Completed,19875,1942,Sunk
USA_0837,107,United States Of America,Aircraft Carrier,Bogue,Bogue,1942,Completed,9393,1946,Survived
USA_0838,107,United States Of America,Aircraft Carrier,Bogue,Card,1942,Completed,9393,1946,Survived
USA_0839,107,United States Of America,Aircraft Carrier,Bogue,Copahee,1942,Completed,9393,1946,Survived
USA_0840,107,United States Of America,Aircraft Carrier,Bogue,Core,1942,Completed,9393,1946,Survived
USA_0841,107,United States Of America,Aircraft Carrier,Bogue,Nassau,1942,Completed,9393,1946,Survived
USA_0842,107,United States Of America,Aircraft Carrier,Bogue,Altamaha,1942,Completed,9393,1946,Survived
USA_0843,107,United States Of America,Aircraft Carrier,Bogue,Barnes,1943,Completed,9393,1946,Survived
USA_0844,107,United States Of America,Aircraft Carrier,Bogue,Block Island,1943,Completed,9393,1944,Sunk
USA_0845,107,United States Of America,Aircraft Carrier,Bogue,Breton,1943,Completed,9393,1946,Survived
USA_0846,107,United States Of America,Aircraft Carrier,Bogue,Croatan,1943,Completed,9393,1946,Survived
USA_0847,107,United States Of America,Aircraft Carrier,Bogue,Prince William,1943,Completed,9393,1946,Survived
USA_0848,111,United States Of America,Aircraft Carrier,Commencement Bay,Commencement Bay,1944,Completed,18908,1946,Survived
USA_0849,111,United States Of America,Aircraft Carrier,Commencement Bay,Block Island,1944,Completed,18908,1946,Survived
USA_0850,111,United States Of America,Aircraft Carrier,Commencement Bay,Gilbert Islands,1945,Completed,18908,1946,Survived
USA_0851,111,United States Of America,Aircraft Carrier,Commencement Bay,Kula Gulf,1945,Completed,18908,1946,Survived
USA_0852,111,United States Of America,Aircraft Carrier,Commencement Bay,Cape Gloucester,1945,Completed,18908,1946,Survived
USA_0853,111,United States Of America,Aircraft Carrier,Commencement Bay,Salerno Bay,1945,Completed,18908,1946,Survived
USA_0854,111,United States Of America,Aircraft Carrier,Commencement Bay,Vella Gulf,1945,Completed,18908,1946,Survived
USA_0855,111,United States Of America,Aircraft Carrier,Commencement Bay,Siboney,1945,Completed,18908,1946,Survived
USA_0856,111,United States Of America,Aircraft Carrier,Commencement Bay,Puget Sound,1945,Completed,18908,1946,Survived
USA_0857,111,United States Of America,Aircraft Carrier,Commencement Bay,Rendova,1945,Completed,18908,1946,Survived
USA_0858,111,United States Of America,Aircraft Carrier,Commencement Bay,Bairoko,1945,Completed,18908,1946,Survived
USA_0859,111,United States Of America,Aircraft Carrier,Commencement Bay,Badoeng Strait,1945,Completed,18908,1946,Survived
USA_0860,111,United States Of America,Aircraft Carrier,Commencement Bay,Saidor,1945,Completed,18908,1946,Survived
USA_0861,111,United States Of America,Aircraft Carrier,Commencement Bay,Sicily,1946,Completed,18908,1946,Survived
USA_0862,111,United States Of America,Aircraft Carrier,Commencement Bay,Point Cruz,1945,Completed,18908,1946,Survived
USA_0863,111,United States Of America,Aircraft Carrier,Commencement Bay,Mindoro,1945,Completed,18908,1946,Survived
USA_0864,111,United States Of America,Aircraft Carrier,Commencement Bay,Rabaul,1946,Completed,18908,1946,Survived
USA_0865,111,United States Of America,Aircraft Carrier,Commencement Bay,Palau,1946,Completed,18908,1946,Survived
USA_0866,111,United States Of America,Aircraft Carrier,Commencement Bay,Tinian,1946,Completed,18908,1946,Survived
USA_0867,111,United States Of America,Aircraft Carrier,Commencement Bay,Bastogne,1945,Laid Down,18908,N/A,N/A
USA_0868,111,United States Of America,Aircraft Carrier,Commencement Bay,Eniwetok,1945,Laid Down,18908,N/A,N/A
USA_0869,111,United States Of America,Aircraft Carrier,Commencement Bay,Lingayen,1945,Laid Down,18908,N/A,N/A
USA_0870,111,United States Of America,Aircraft Carrier,Commencement Bay,Okinawa,1945,Laid Down,18908,N/A,N/A
USA_0871,114,United States Of America,Cruiser,Northampton,Northampton,1930,Completed,9006,1942,Sunk
USA_0872,114,United States Of America,Cruiser,Northampton,Chester,1930,Completed,9006,1946,Survived
USA_0873,114,United States Of America,Cruiser,Northampton,Louisville,1931,Completed,9006,1946,Survived
USA_0874,114,United States Of America,Cruiser,Northampton,Chicago,1931,Completed,9006,1943,Sunk
USA_0875,114,United States Of America,Cruiser,Northampton,Houston,1930,Completed,9006,1942,Sunk
USA_0876,114,United States Of America,Cruiser,Portland,Portland,1933,Completed,10258,1946,Survived
USA_0877,116,United States Of America,Cruiser,Brooklyn,Brooklyn,1938,Completed,9767,1946,Survived
USA_0878,116,United States Of America,Cruiser,Brooklyn,Philadelphia,1938,Completed,9767,1946,Survived
USA_0879,116,United States Of America,Cruiser,Brooklyn,Savannah,1938,Completed,9767,1946,Survived
USA_0880,116,United States Of America,Cruiser,Brooklyn,Nashville,1938,Completed,9767,1946,Survived
USA_0881,116,United States Of America,Cruiser,Brooklyn,Phoenix,1939,Completed,9767,1946,Survived
USA_0882,116,United States Of America,Cruiser,Brooklyn,Boise,1938,Completed,9767,1946,Survived
USA_0883,116,United States Of America,Cruiser,Brooklyn,St Louis,1939,Completed,9767,1946,Survived
USA_0884,116,United States Of America,Cruiser,Brooklyn,Helena,1939,Completed,9767,1943,Sunk
USA_0885,117,United States Of America,Cruiser,Atlanta,Atlanta,1941,Completed,6718,1942,Sunk
USA_0886,117,United States Of America,Cruiser,Atlanta,Juneau,1942,Completed,6718,1942,Sunk
USA_0887,117,United States Of America,Cruiser,Atlanta,San Diego,1942,Completed,6718,1946,Survived
USA_0888,117,United States Of America,Cruiser,Atlanta,San Juan,1942,Completed,6718,1946,Survived
USA_0889,117,United States Of America,Cruiser,Atlanta,Oakland,1943,Completed,6718,1946,Survived
USA_0890,117,United States Of America,Cruiser,Atlanta,Reno,1943,Completed,6718,1946,Survived
USA_0891,117,United States Of America,Cruiser,Atlanta,Flint,1944,Completed,6718,1946,Survived
USA_0892,117,United States Of America,Cruiser,Atlanta,Tucson,1945,Completed,6718,1946,Survived
USA_0893,117,United States Of America,Cruiser,Atlanta,Juneau,1946,Completed,6718,1946,Survived
USA_0894,117,United States Of America,Cruiser,Atlanta,Spokane,1946,Completed,6718,1946,Survived
USA_0895,126,United States Of America,Destroyer,Somers,Somers,1937,Launched,1850,1946,Survived
USA_0896,126,United States Of America,Destroyer,Somers,Warrington,1938,Launched,1850,1944,Sunk
USA_0897,126,United States Of America,Destroyer,Somers,Sampson,1938,Launched,1850,1946,Survived
USA_0898,126,United States Of America,Destroyer,Somers,Davis,1938,Launched,1850,1946,Survived
USA_0899,126,United States Of America,Destroyer,Somers,Jouett,1939,Launched,1850,1946,Survived
USA_0900,142,United States Of America,Submarine,Barracuda,Barracuda,1924,Launched,2000,1945,Scrapped
USA_0901,142,United States Of America,Submarine,Argonaut,Argonaut,1927,Launched,2878,1943,Sunk
USA_0902,142,United States Of America,Submarine,Narwhal,Narwhal,1927,Launched,2987,1945,Scrapped
USA_0903,142,United States Of America,Submarine,Dolphin,Dolphin,1932,Launched,1688,1946,Survived
USA_0904,143,United States Of America,Submarine,Cachalot,Cachalot,1933,Launched,1120,1946,Survived
USA_0905,143,United States Of America,Submarine,Cachalot,Cuttlefish,1933,Launched,1120,1946,Survived
USA_0906,143,United States Of America,Submarine,Porpoise,Porpoise,1935,Launched,1316,1946,Survived
USA_0907,143,United States Of America,Submarine,Porpoise,Pike,1935,Launched,1316,1946,Survived
USA_0908,143,United States Of America,Submarine,Shark,Shark,1935,Launched,1315,1942,Sunk
USA_0909,143,United States Of America,Submarine,Shark,Tarpon,1935,Launched,1315,1946,Survived
USA_0910,155,United States Of America,Patrol And Coastal,Erie,Erie,1936,Launched,2000,1942,Sunk
USA_0911,155,United States Of America,Patrol And Coastal,Erie,Charleston,1936,Launched,2000,1946,Survived
USA_0912,157,United States Of America,Other,Curtiss,Curtiss,1940,Launched,12053,1946,Survived
USA_0913,157,United States Of America,Other,Curtiss,Albemarle,1940,Launched,12053,1946,Survived
USA_0914,157,United States Of America,Other,Currituck,Currituck,1943,Launched,14000,1946,Survived
USA_0915,157,United States Of America,Other,Currituck,Norton Sound,1943,Launched,14000,1946,Survived
USA_0916,157,United States Of America,Other,Currituck,Pine Island,1944,Launched,14000,1946,Survived
USA_0917,157,United States Of America,Other,Currituck,Salisbury Sound,1944,Launched,14000,1946,Survived
JPN_0001,178,Japan,Capital Ship,Yamato,Musashi,1942,Completed,62315,1944,Sunk
JPN_0002,178,Japan,Capital Ship,Yamato,No 111,1940,Laid Down,62315,1942,Scrapped
JPN_0003,178,Japan,Capital Ship,Yamato,Yamato,1941,Completed,62315,1945,Sunk
JPN_0004,179,Japan,Aircraft Carrier,Akagi,Akagi,1927,Completed,26900,1942,Sunk
JPN_0005,179,Japan,Aircraft Carrier,Hiryu,Hiryu,1939,Completed,17300,1942,Sunk
JPN_0006,179,Japan,Aircraft Carrier,Hosho,Hosho,1922,Completed,7470,1946,Survived
JPN_0007,179,Japan,Aircraft Carrier,Ryujo,Ryujo,1933,Completed,8000,1942,Sunk
JPN_0008,179,Japan,Aircraft Carrier,Shokaku,Shokaku,1941,Completed,25675,1944,Sunk
JPN_0009,179,Japan,Aircraft Carrier,Shokaku,Zuikaku,1941,Completed,25675,1944,Sunk
JPN_0010,179,Japan,Aircraft Carrier,Soryu,Soryu,1937,Completed,15900,1942,Sunk
JPN_0011,180,Japan,Aircraft Carrier,Junyo,Hiyo,1942,Completed,24140,1944,Sunk
JPN_0012,180,Japan,Aircraft Carrier,Junyo,Junyo,1942,Completed,24140,1946,Survived
JPN_0013,180,Japan,Aircraft Carrier,Kaga,Kaga,1928,Completed,26900,1942,Sunk
JPN_0014,180,Japan,Aircraft Carrier,Ryuho,Ryuho,1942,Completed,13360,1946,Scrapped
JPN_0015,180,Japan,Aircraft Carrier,Zuiho,Shoho,1942,Completed,11200,1942,Sunk
JPN_0016,180,Japan,Aircraft Carrier,Zuiho,Zuiho,1940,Completed,11200,1944,Sunk
JPN_0017,181,Japan,Aircraft Carrier,Chitose,Chitose,1944,Completed,11190,1944,Sunk
JPN_0018,181,Japan,Aircraft Carrier,Chitose,Chiyoda,1943,Completed,11190,1944,Sunk
JPN_0019,181,Japan,Aircraft Carrier,Shinano,Shinano,1944,Completed,62315,1944,Sunk
JPN_0020,181,Japan,Aircraft Carrier,Taiho,Taiho,1944,Completed,29300,1944,Sunk
JPN_0021,182,Japan,Aircraft Carrier,Unryu,Amagi,1944,Completed,17150,1945,Sunk
JPN_0022,182,Japan,Aircraft Carrier,Unryu,Aso,1944,Launched,17150,1946,Survived
JPN_0023,182,Japan,Aircraft Carrier,Unryu,Ikoma,1944,Launched,17150,1946,Survived
JPN_0024,182,Japan,Aircraft Carrier,Unryu,Kasagi,1944,Launched,17150,1946,Survived
JPN_0025,182,Japan,Aircraft Carrier,Unryu,Katsuragi,1944,Completed,17150,1946,Survived
JPN_0026,182,Japan,Aircraft Carrier,Unryu,Unryu,1944,Completed,17150,1944,Sunk
JPN_0027,183,Japan,Aircraft Carrier,Taiyo,Chuyo,1942,Completed,17830,1943,Sunk
JPN_0028,183,Japan,Aircraft Carrier,Taiyo,Taiyo,1941,Completed,17830,1944,Sunk
JPN_0029,183,Japan,Aircraft Carrier,Taiyo,Unyo,1942,Completed,17830,1944,Sunk
JPN_0030,184,Japan,Aircraft Carrier,Kaiyo,Kaiyo,1943,Completed,13600,1946,Survived
JPN_0031,184,Japan,Aircraft Carrier,Shinyo,Shinyo,1943,Completed,17500,1944,Sunk
JPN_0032,186,Japan,Cruiser,Sendai,Jintsu,1925,Completed,5195,1943,Sunk
JPN_0033,186,Japan,Cruiser,Sendai,Naka,1925,Completed,5195,1944,Sunk
JPN_0034,186,Japan,Cruiser,Sendai,Sendai,1924,Completed,5195,1943,Sunk
JPN_0035,186,Japan,Cruiser,Yubari,Yubari,1923,Completed,3100,1944,Sunk
JPN_0036,187,Japan,Cruiser,Aoba,Aoba,1927,Completed,8300,1945,Sunk
JPN_0037,187,Japan,Cruiser,Aoba,Kinugasa,1927,Completed,8300,1942,Sunk
JPN_0038,187,Japan,Cruiser,Furutaka,Furutaka,1926,Completed,7100,1942,Sunk
JPN_0039,187,Japan,Cruiser,Furutaka,Kako,1926,Completed,7100,1942,Sunk
JPN_0040,188,Japan,Cruiser,Nachi,Ashigara,1929,Completed,10000,1945,Sunk
JPN_0041,188,Japan,Cruiser,Nachi,Haguro,1929,Completed,10000,1945,Sunk
JPN_0042,188,Japan,Cruiser,Nachi,Myoko,1929,Completed,10000,1946,Scuttled
JPN_0043,188,Japan,Cruiser,Nachi,Nachi,1928,Completed,10000,1944,Sunk
JPN_0044,188,Japan,Cruiser,Takao,Atago,1932,Completed,11350,1944,Sunk
JPN_0045,188,Japan,Cruiser,Takao,Chokai,1932,Completed,11350,1944,Sunk
JPN_0046,188,Japan,Cruiser,Takao,Maya,1932,Completed,11350,1944,Sunk
JPN_0047,188,Japan,Cruiser,Takao,Takao,1932,Completed,11350,1945,Sunk
JPN_0048,189,Japan,Cruiser,Mogami,Kumano,1937,Completed,8500,1944,Sunk
JPN_0049,189,Japan,Cruiser,Mogami,Mikuma,1935,Completed,8500,1942,Sunk
JPN_0050,189,Japan,Cruiser,Mogami,Mogami,1935,Completed,8500,1944,Sunk
JPN_0051,189,Japan,Cruiser,Mogami,Suzuya,1937,Completed,8500,1944,Sunk
JPN_0052,190,Japan,Cruiser,Katori,Kashii,1941,Completed,5800,1945,Sunk
JPN_0053,190,Japan,Cruiser,Katori,Kashima,1940,Completed,5800,1946,Survived
JPN_0054,190,Japan,Cruiser,Katori,Kashiwara,1941,Laid Down,5800,1941,Scrapped
JPN_0055,190,Japan,Cruiser,Katori,Katori,1940,Completed,5800,1944,Sunk
JPN_0056,190,Japan,Cruiser,Tone,Chikuma,1939,Completed,11200,1944,Sunk
JPN_0057,190,Japan,Cruiser,Tone,Tone,1938,Completed,11200,1945,Sunk
JPN_0058,191,Japan,Cruiser,Agano,Agano,1942,Completed,6652,1944,Sunk
JPN_0059,191,Japan,Cruiser,Agano,Noshiro,1943,Completed,6652,1944,Sunk
JPN_0060,191,Japan,Cruiser,Agano,Sakawa,1944,Completed,6652,1946,Scrapped
JPN_0061,191,Japan,Cruiser,Agano,Yahagi,1943,Completed,6652,1945,Sunk
JPN_0062,192,Japan,Cruiser,Chinese,Ioshima,1932,Completed,2500,1944,Sunk
JPN_0063,192,Japan,Cruiser,Chinese,Yasoshima,1936,Completed,2500,1944,Sunk
JPN_0064,192,Japan,Cruiser,Oyodo,Oyodo,1943,Completed,8164,1945,Sunk
JPN_0065,192,Japan,Destroyer,Mutsuki,Fumizuki,1926,Completed,1315,1944,Sunk
JPN_0066,192,Japan,Destroyer,Mutsuki,Kikuzuki,1926,Completed,1315,1942,Sunk
JPN_0067,192,Japan,Destroyer,Mutsuki,Kisaragi,1925,Launched,1315,1941,Sunk
JPN_0068,192,Japan,Destroyer,Mutsuki,Mikazuki,1926,Completed,1315,1943,Sunk
JPN_0069,192,Japan,Destroyer,Mutsuki,Minazuki,1926,Completed,1315,1944,Sunk
JPN_0070,192,Japan,Destroyer,Mutsuki,Mochizuki,1926,Completed,1315,1943,Sunk
JPN_0071,192,Japan,Destroyer,Mutsuki,Mutsuki,1925,Launched,1315,1942,Sunk
JPN_0072,192,Japan,Destroyer,Mutsuki,Nagatsuki,1926,Completed,1315,1943,Sunk
JPN_0073,192,Japan,Destroyer,Mutsuki,Satsuki,1926,Completed,1315,1944,Sunk
JPN_0074,192,Japan,Destroyer,Mutsuki,Udzuki,1925,Launched,1315,1944,Sunk
JPN_0075,192,Japan,Destroyer,Mutsuki,Yayoi,1925,Launched,1315,1942,Sunk
JPN_0076,192,Japan,Destroyer,Mutsuki,Yuzuki,1926,Completed,1315,1944,Sunk
JPN_0077,193,Japan,Destroyer,Fubuki,Akebono,1930,Launched,1750,1944,Sunk
JPN_0078,193,Japan,Destroyer,Fubuki,Amagiri,1930,Launched,1750,1944,Sunk
JPN_0079,193,Japan,Destroyer,Fubuki,Asagiri,1929,Launched,1750,1942,Sunk
JPN_0080,193,Japan,Destroyer,Fubuki,Ayanami,1929,Launched,1750,1942,Sunk
JPN_0081,193,Japan,Destroyer,Fubuki,Fubuki,1927,Launched,1750,1942,Sunk
JPN_0082,193,Japan,Destroyer,Fubuki,Hatsuyuki,1927,Launched,1750,1943,Sunk
JPN_0083,193,Japan,Destroyer,Fubuki,Isonami,1927,Launched,1750,1943,Sunk
JPN_0084,193,Japan,Destroyer,Fubuki,Miyuki,1928,Launched,1750,1934,Sunk
JPN_0085,193,Japan,Destroyer,Fubuki,Murakumo,1927,Launched,1750,1942,Sunk
JPN_0086,193,Japan,Destroyer,Fubuki,Oboro,1930,Launched,1750,1942,Sunk
JPN_0087,193,Japan,Destroyer,Fubuki,Sagiri,1929,Launched,1750,1941,Sunk
JPN_0088,193,Japan,Destroyer,Fubuki,Sazanami,1931,Launched,1750,1944,Sunk
JPN_0089,193,Japan,Destroyer,Fubuki,Shikinami,1929,Launched,1750,1944,Sunk
JPN_0090,193,Japan,Destroyer,Fubuki,Shinonome,1927,Launched,1750,1941,Sunk
JPN_0091,193,Japan,Destroyer,Fubuki,Shirakumo,1927,Launched,1750,1944,Sunk
JPN_0092,193,Japan,Destroyer,Fubuki,Shirayuki,1928,Launched,1750,1943,Sunk
JPN_0093,193,Japan,Destroyer,Fubuki,Uranami,1928,Launched,1750,1944,Sunk
JPN_0094,193,Japan,Destroyer,Fubuki,Ushio,1930,Launched,1750,1946,Survived
JPN_0095,193,Japan,Destroyer,Fubuki,Usugumo,1927,Launched,1750,1944,Sunk
JPN_0096,193,Japan,Destroyer,Fubuki,Yugiri,1930,Launched,1750,1943,Sunk
JPN_0097,194,Japan,Destroyer,Akatsuki,Akatsuki,1932,Launched,1680,1942,Sunk
JPN_0098,194,Japan,Destroyer,Akatsuki,Hibiki,1932,Launched,1680,1946,Survived
JPN_0099,194,Japan,Destroyer,Akatsuki,Ikazuchi,1931,Launched,1680,1944,Sunk
JPN_0100,194,Japan,Destroyer,Akatsuki,Inazuma,1932,Launched,1680,1944,Sunk
JPN_0101,194,Japan,Destroyer,Hatsuharu,Ariake,1934,Launched,1490,1943,Sunk
JPN_0102,194,Japan,Destroyer,Hatsuharu,Hatsuharu,1933,Launched,1490,1944,Sunk
JPN_0103,194,Japan,Destroyer,Hatsuharu,Hatsushimo,1933,Launched,1490,1945,Sunk
JPN_0104,194,Japan,Destroyer,Hatsuharu,Nenohi,1932,Launched,1490,1942,Sunk
JPN_0105,194,Japan,Destroyer,Hatsuharu,Wakaba,1934,Launched,1490,1944,Sunk
JPN_0106,194,Japan,Destroyer,Hatsuharu,Yugure,1934,Launched,1490,1943,Sunk
JPN_0107,194,Japan,Destroyer,Shiratsuyu,Harusame,1935,Launched,1685,1944,Sunk
JPN_0108,194,Japan,Destroyer,Shiratsuyu,Kawakaze,1936,Launched,1685,1943,Sunk
JPN_0109,194,Japan,Destroyer,Shiratsuyu,Murasame,1935,Launched,1685,1943,Sunk
JPN_0110,194,Japan,Destroyer,Shiratsuyu,Samidare,1935,Launched,1685,1944,Sunk
JPN_0111,194,Japan,Destroyer,Shiratsuyu,Shigure,1935,Launched,1685,1945,Sunk
JPN_0112,194,Japan,Destroyer,Shiratsuyu,Shiratsuyu,1935,Launched,1685,1944,Sunk
JPN_0113,194,Japan,Destroyer,Shiratsuyu,Suzukaze,1937,Launched,1685,1944,Sunk
JPN_0114,194,Japan,Destroyer,Shiratsuyu,Umikaze,1936,Launched,1685,1944,Sunk
JPN_0115,194,Japan,Destroyer,Shiratsuyu,Yamakaze,1936,Launched,1685,1942,Sunk
JPN_0116,194,Japan,Destroyer,Shiratsuyu,Yudachi,1936,Launched,1685,1942,Sunk
JPN_0117,195,Japan,Destroyer,Asashio,Arare,1937,Launched,1961,1942,Sunk
JPN_0118,195,Japan,Destroyer,Asashio,Arashio,1937,Launched,1961,1943,Sunk
JPN_0119,195,Japan,Destroyer,Asashio,Asagumo,1937,Launched,1961,1944,Sunk
JPN_0120,195,Japan,Destroyer,Asashio,Asashio,1936,Launched,1961,1943,Sunk
JPN_0121,195,Japan,Destroyer,Asashio,Kasumi,1937,Launched,1961,1945,Sunk
JPN_0122,195,Japan,Destroyer,Asashio,Michishio,1937,Launched,1961,1944,Sunk
JPN_0123,195,Japan,Destroyer,Asashio,Minegumo,1937,Launched,1961,1943,Sunk
JPN_0124,195,Japan,Destroyer,Asashio,Natsugumo,1937,Launched,1961,1942,Sunk
JPN_0125,195,Japan,Destroyer,Asashio,Oshio,1937,Launched,1961,1943,Sunk
JPN_0126,195,Japan,Destroyer,Asashio,Yamagumo,1937,Launched,1961,1944,Sunk
JPN_0127,195,Japan,Destroyer,Kagero,Amatsukaze,1939,Launched,2033,1945,Sunk
JPN_0128,195,Japan,Destroyer,Kagero,Arashi,1940,Launched,2033,1943,Sunk
JPN_0129,195,Japan,Destroyer,Kagero,Hagikaze,1940,Launched,2033,1943,Sunk
JPN_0130,195,Japan,Destroyer,Kagero,Hamakaze,1940,Launched,2033,1945,Sunk
JPN_0131,195,Japan,Destroyer,Kagero,Hatsukaze,1939,Launched,2033,1943,Sunk
JPN_0132,195,Japan,Destroyer,Kagero,Hayashio,1939,Launched,2033,1942,Sunk
JPN_0133,195,Japan,Destroyer,Kagero,Isokaze,1939,Launched,2033,1945,Sunk
JPN_0134,195,Japan,Destroyer,Kagero,Kagero,1938,Launched,2033,1943,Sunk
JPN_0135,195,Japan,Destroyer,Kagero,Kuroshio,1938,Launched,2033,1943,Sunk
JPN_0136,195,Japan,Destroyer,Kagero,Natsushio,1939,Launched,2033,1942,Sunk
JPN_0137,195,Japan,Destroyer,Kagero,Nowaki,1940,Launched,2033,1944,Sunk
JPN_0138,195,Japan,Destroyer,Kagero,Oyashio,1938,Launched,2033,1943,Sunk
JPN_0139,195,Japan,Destroyer,Kagero,Shiranui,1938,Launched,2033,1944,Sunk
JPN_0140,195,Japan,Destroyer,Kagero,Tanikaze,1940,Launched,2033,1944,Sunk
JPN_0141,195,Japan,Destroyer,Kagero,Tokitsukaze,1939,Launched,2033,1943,Sunk
JPN_0142,195,Japan,Destroyer,Kagero,Urakaze,1940,Launched,2033,1944,Sunk
JPN_0143,195,Japan,Destroyer,Kagero,Yukikaze,1939,Launched,2033,1946,Survived
JPN_0144,196,Japan,Destroyer,Shimakaze,Shimakaze,1942,Launched,2567,1944,Sunk
JPN_0145,197,Japan,Escort,Matsu,Hinoki,1944,Completed,1262,1945,Sunk
JPN_0146,197,Japan,Escort,Matsu,Kaede,1945,Completed,1262,1946,Survived
JPN_0147,197,Japan,Escort,Matsu,Kashi,1944,Completed,1262,1946,Survived
JPN_0148,197,Japan,Escort,Matsu,Kaya,1945,Completed,1262,1946,Survived
JPN_0149,197,Japan,Escort,Matsu,Keyaki,1945,Completed,1262,1946,Survived
JPN_0150,197,Japan,Escort,Matsu,Kiri,1944,Completed,1262,1946,Survived
JPN_0151,197,Japan,Escort,Matsu,Kuwa,1944,Completed,1262,1944,Sunk
JPN_0152,197,Japan,Escort,Matsu,Maki,1945,Completed,1262,1946,Survived
JPN_0153,197,Japan,Escort,Matsu,Matsu,1944,Completed,1262,1945,Sunk
JPN_0154,197,Japan,Escort,Matsu,Momi,1945,Completed,1262,1946,Survived
JPN_0155,197,Japan,Escort,Matsu,Momo,1945,Completed,1262,1946,Survived
JPN_0156,197,Japan,Escort,Matsu,Nara,1945,Completed,1262,1946,Survived
JPN_0157,197,Japan,Escort,Matsu,Sakura,1945,Completed,1262,1946,Survived
JPN_0158,197,Japan,Escort,Matsu,Sugi,1944,Completed,1262,1946,Survived
JPN_0159,197,Japan,Escort,Matsu,Take,1944,Completed,1262,1946,Survived
JPN_0160,197,Japan,Escort,Matsu,Tsubaki,1945,Completed,1262,1946,Survived
JPN_0161,197,Japan,Escort,Matsu,Ume,1945,Completed,1262,1946,Survived
JPN_0162,197,Japan,Escort,Matsu,Yanagi,1945,Completed,1262,1946,Survived
JPN_0163,197,Japan,Patrol And Coastal,Otori,Hato,1937,Launched,840,1944,Sunk
JPN_0164,197,Japan,Patrol And Coastal,Otori,Hayabusa,1935,Launched,840,1944,Sunk
JPN_0165,197,Japan,Patrol And Coastal,Otori,Hiyodori,1935,Launched,840,1944,Sunk
JPN_0166,197,Japan,Patrol And Coastal,Otori,Kari,1937,Launched,840,1945,Sunk
JPN_0167,197,Japan,Patrol And Coastal,Otori,Kasasagi,1935,Launched,840,1943,Sunk
JPN_0168,197,Japan,Patrol And Coastal,Otori,Kiji,1937,Launched,840,1946,Survived
JPN_0169,197,Japan,Patrol And Coastal,Otori,Otori,1935,Launched,840,1944,Sunk
JPN_0170,197,Japan,Patrol And Coastal,Otori,Sagi,1937,Launched,840,1944,Sunk
JPN_0171,197,Japan,Patrol And Coastal,Tomozuru,Chidori,1933,Launched,535,1944,Sunk
JPN_0172,197,Japan,Patrol And Coastal,Tomozuru,Hatsukari,1933,Launched,535,1946,Scrapped
JPN_0173,197,Japan,Patrol And Coastal,Tomozuru,Manazuru,1933,Launched,535,1945,Sunk
JPN_0174,197,Japan,Patrol And Coastal,Tomozuru,Tomozuru,1933,Launched,535,1945,Sunk
JPN_0175,197,Japan,Submarine,KD1,151,1921,Launched,1390,1946,Survived
JPN_0176,197,Japan,Submarine,KD2,152,1922,Launched,1390,1946,Survived
JPN_0177,198,Japan,Escort,Tachibana,Azusa,1945,Completed,1309,1946,Survived
JPN_0178,198,Japan,Escort,Tachibana,Enoki,1945,Launched,1309,1946,Survived
JPN_0179,198,Japan,Escort,Tachibana,Hagi,1944,Launched,1309,1946,Survived
JPN_0180,198,Japan,Escort,Tachibana,Hatsuyume,1945,Launched,1309,1946,Survived
JPN_0181,198,Japan,Escort,Tachibana,Hatsuzakura,1945,Launched,1309,1946,Survived
JPN_0182,198,Japan,Escort,Tachibana,Hishi,1945,Completed,1309,1946,Survived
JPN_0183,198,Japan,Escort,Tachibana,Kaba,1945,Launched,1309,1946,Survived
JPN_0184,198,Japan,Escort,Tachibana,Kaki,1944,Launched,1309,1946,Survived
JPN_0185,198,Japan,Escort,Tachibana,Katsura,1945,Completed,1309,1946,Survived
JPN_0186,198,Japan,Escort,Tachibana,Kusunoki,1945,Launched,1309,1946,Survived
JPN_0187,198,Japan,Escort,Tachibana,Kuzu,1945,Completed,1309,1946,Survived
JPN_0188,198,Japan,Escort,Tachibana,Nashi,1945,Launched,1309,1946,Survived
JPN_0189,198,Japan,Escort,Tachibana,Nire,1944,Launched,1309,1946,Survived
JPN_0190,198,Japan,Escort,Tachibana,Odake,1945,Launched,1309,1946,Survived
JPN_0191,198,Japan,Escort,Tachibana,Sakaki,1945,Completed,1309,1946,Survived
JPN_0192,198,Japan,Escort,Tachibana,Shii,1945,Launched,1309,1946,Survived
JPN_0193,198,Japan,Escort,Tachibana,Sumire,1945,Launched,1309,1946,Survived
JPN_0194,198,Japan,Escort,Tachibana,Tachibana,1944,Launched,1309,1946,Survived
JPN_0195,198,Japan,Escort,Tachibana,Tochi,1945,Launched,1309,1946,Survived
JPN_0196,198,Japan,Escort,Tachibana,Tsuta,1945,Launched,1309,1946,Survived
JPN_0197,198,Japan,Escort,Tachibana,Wakatake,1945,Completed,1309,1946,Survived
JPN_0198,198,Japan,Escort,Tachibana,Yadake,1945,Launched,1309,1946,Survived
JPN_0199,198,Japan,Escort,Tachibana,Yaezakura,1945,Launched,1309,1946,Survived
JPN_0200,198,Japan,Submarine,KD5,165,1931,Launched,1575,1945,Sunk
JPN_0201,198,Japan,Submarine,KD5,166,1931,Launched,1575,1944,Sunk
JPN_0202,198,Japan,Submarine,KD5,167,1931,Launched,1575,1940,Sunk
JPN_0203,198,Japan,Submarine,KD3B,156,1928,Launched,1635,1946,Scuttled
JPN_0204,198,Japan,Submarine,KD3B,157,1928,Launched,1635,1946,Scuttled
JPN_0205,198,Japan,Submarine,KD3B,159,1929,Launched,1635,1946,Scuttled
JPN_0206,198,Japan,Submarine,KD3B,160,1929,Launched,1635,1942,Sunk
JPN_0207,198,Japan,Submarine,KD3B,163,1927,Launched,1635,1940,Scrapped
JPN_0208,198,Japan,Submarine,KD4,161,1927,Launched,1635,1942,Scrapped
JPN_0209,198,Japan,Submarine,KD4,162,1928,Launched,1635,1946,Scuttled
JPN_0210,198,Japan,Submarine,KD4,164,1929,Launched,1635,1942,Sunk
JPN_0211,198,Japan,Submarine,KD3A,153,1925,Launched,1635,1946,Survived
JPN_0212,198,Japan,Submarine,KD3A,154,1926,Launched,1635,1946,Scrapped
JPN_0213,198,Japan,Submarine,KD3A,155,1925,Launched,1635,1946,Scrapped
JPN_0214,198,Japan,Submarine,KD3A,158,1925,Launched,1635,1946,Scuttled
JPN_0215,198,Japan,Submarine,KD6A,168,1933,Launched,1400,1943,Sunk
JPN_0216,198,Japan,Submarine,KD6A,169,1934,Launched,1400,1944,Sunk
JPN_0217,198,Japan,Submarine,KD6A,170,1934,Launched,1400,1941,Sunk
JPN_0218,198,Japan,Submarine,KD6A,171,1934,Launched,1400,1944,Sunk
JPN_0219,198,Japan,Submarine,KD6A,172,1935,Launched,1400,1942,Sunk
JPN_0220,198,Japan,Submarine,KD6A,173,1935,Launched,1400,1942,Sunk
JPN_0221,199,Japan,Submarine,J1,11,1924,Launched,1970,1943,Sunk
JPN_0222,199,Japan,Submarine,J1,12,1925,Launched,1970,1944,Sunk
JPN_0223,199,Japan,Submarine,J1,13,1925,Launched,1970,1942,Sunk
JPN_0224,199,Japan,Submarine,J1,14,1928,Launched,1970,1942,Sunk
JPN_0225,199,Japan,Submarine,J2,16,1934,Launched,1900,1944,Sunk
JPN_0226,199,Japan,Submarine,J1M,15,1931,Launched,2080,1944,Sunk
JPN_0227,199,Japan,Submarine,J3,17,1935,Launched,2231,1943,Sunk
JPN_0228,199,Japan,Submarine,J3,18,1936,Launched,2231,1945,Sunk
JPN_0229,199,Japan,Submarine,KD6B,174,1937,Launched,1420,1944,Sunk
JPN_0230,199,Japan,Submarine,KD6B,175,1936,Launched,1420,1944,Sunk
JPN_0231,199,Japan,Submarine,KD7,176,1941,Launched,1630,1944,Sunk
JPN_0232,199,Japan,Submarine,KD7,177,1941,Launched,1630,1944,Sunk
JPN_0233,199,Japan,Submarine,KD7,178,1942,Launched,1630,1943,Sunk
JPN_0234,199,Japan,Submarine,KD7,179,1942,Launched,1630,1943,Sunk
JPN_0235,199,Japan,Submarine,KD7,180,1942,Launched,1630,1944,Sunk
JPN_0236,199,Japan,Submarine,KD7,181,1942,Launched,1630,1944,Sunk
JPN_0237,199,Japan,Submarine,KD7,182,1942,Launched,1630,1943,Sunk
JPN_0238,199,Japan,Submarine,KD7,183,1943,Launched,1630,1944,Sunk
JPN_0239,199,Japan,Submarine,KD7,184,1942,Launched,1630,1944,Sunk
JPN_0240,199,Japan,Submarine,KD7,185,1943,Launched,1630,1944,Sunk
JPN_0241,205,Japan,Escort,Etorofu,Amakusa,1943,Launched,870,1945,Sunk
JPN_0242,205,Japan,Escort,Etorofu,Etorofu,1943,Launched,870,1946,Survived
JPN_0243,205,Japan,Escort,Etorofu,Fukue,1943,Launched,870,1946,Survived
JPN_0244,205,Japan,Escort,Etorofu,Hirado,1943,Launched,870,1944,Sunk
JPN_0245,205,Japan,Escort,Etorofu,Iki,1943,Launched,870,1944,Sunk
JPN_0246,205,Japan,Escort,Etorofu,Kanju,1943,Launched,870,1945,Sunk
JPN_0247,205,Japan,Escort,Etorofu,Kasado,1943,Launched,870,1946,Survived
JPN_0248,205,Japan,Escort,Etorofu,Manju,1943,Launched,870,1946,Scrapped
JPN_0249,205,Japan,Escort,Etorofu,Matsuwa,1943,Launched,870,1944,Sunk
JPN_0250,205,Japan,Escort,Etorofu,Mutsure,1943,Launched,870,1943,Sunk
JPN_0251,205,Japan,Escort,Etorofu,Oki,1943,Launched,870,1946,Survived
JPN_0252,205,Japan,Escort,Etorofu,Sado,1943,Launched,870,1944,Sunk
JPN_0253,205,Japan,Escort,Etorofu,Tsushima,1943,Launched,870,1946,Survived
JPN_0254,205,Japan,Escort,Etorofu,Wakamiya,1943,Launched,870,1943,Sunk
JPN_0255,205,Japan,Escort,Shimushu,Hachijo,1940,Launched,860,1946,Survived
JPN_0256,205,Japan,Escort,Shimushu,Ishigaki,1940,Launched,860,1944,Sunk
JPN_0257,205,Japan,Escort,Shimushu,Kunashiri,1940,Launched,860,1946,Sunk
JPN_0258,205,Japan,Escort,Shimushu,Shimushu,1940,Launched,860,1946,Survived
JPN_0259,205,Japan,Submarine,Type IXD2,I501,1945,Completed,1616,1945,Scuttled
JPN_0260,205,Japan,Submarine,Type IXD2,I502,1945,Completed,1616,1945,Scuttled
JPN_0261,205,Japan,Submarine,Marcello,I503,1945,Completed,947,1946,Scuttled
JPN_0262,205,Japan,Submarine,Marconi,I504,1945,Completed,947,1946,Scuttled
JPN_0263,205,Japan,Submarine,Type XB,I505,1945,Completed,1763,1945,Scuttled
JPN_0264,205,Japan,Submarine,Type IXD1,I506,1945,Completed,1616,1945,Scuttled
JPN_0265,205,Japan,Submarine,Type IXC,RO500,1943,Completed,1120,1943,Transferred
JPN_0266,205,Japan,Submarine,Type IXC/40,RO501,1944,Completed,1120,1944,Sunk
JPN_0267,206,Japan,Escort,Mikura,Awaji,1944,Launched,940,1944,Sunk
JPN_0268,206,Japan,Escort,Mikura,Chiburi,1944,Launched,940,1945,Sunk
JPN_0269,206,Japan,Escort,Mikura,Kurahashi,1944,Launched,940,1946,Survived
JPN_0270,206,Japan,Escort,Mikura,Kusagaki,1944,Launched,940,1944,Sunk
JPN_0271,206,Japan,Escort,Mikura,Mikura,1944,Launched,940,1945,Sunk
JPN_0272,206,Japan,Escort,Mikura,Miyake,1944,Launched,940,1946,Survived
JPN_0273,206,Japan,Escort,Mikura,Nomi,1944,Launched,940,1945,Sunk
JPN_0274,206,Japan,Escort,Mikura,Yashiro,1944,Launched,940,1946,Survived
JPN_0275,206,Japan,Escort,Type C,No 1,1945,Launched,745,1945,Sunk
JPN_0276,206,Japan,Escort,Type C,No 105,1945,Launched,745,1946,Survived
JPN_0277,206,Japan,Escort,Type C,No 107,1945,Launched,745,1946,Survived
JPN_0278,206,Japan,Escort,Type C,No 11,1945,Launched,745,1944,Sunk
JPN_0279,206,Japan,Escort,Type C,No 13,1945,Launched,745,1945,Sunk
JPN_0280,206,Japan,Escort,Type C,No 15,1945,Launched,745,1944,Sunk
JPN_0281,206,Japan,Escort,Type C,No 17,1945,Launched,745,1945,Sunk
JPN_0282,206,Japan,Escort,Type C,No 19,1945,Launched,745,1945,Sunk
JPN_0283,206,Japan,Escort,Type C,No 205,1945,Launched,745,1946,Survived
JPN_0284,206,Japan,Escort,Type C,No 207,1945,Launched,745,1946,Survived
JPN_0285,206,Japan,Escort,Type C,No 21,1945,Launched,745,1944,Sunk
JPN_0286,206,Japan,Escort,Type C,No 213,1945,Launched,745,1945,Sunk
JPN_0287,206,Japan,Escort,Type C,No 215,1945,Launched,745,1946,Survived
JPN_0288,206,Japan,Escort,Type C,No 217,1945,Launched,745,1946,Survived
JPN_0289,206,Japan,Escort,Type C,No 219,1945,Launched,745,1945,Sunk
JPN_0290,206,Japan,Escort,Type C,No 221,1945,Launched,745,1946,Survived
JPN_0291,206,Japan,Escort,Type C,No 223,1945,Launched,745,1946,Survived
JPN_0292,206,Japan,Escort,Type C,No 225,1945,Launched,745,1946,Survived
JPN_0293,206,Japan,Escort,Type C,No 227,1945,Launched,745,1946,Survived
JPN_0294,206,Japan,Escort,Type C,No 23,1945,Launched,745,1945,Sunk
JPN_0295,206,Japan,Escort,Type C,No 25,1945,Launched,745,1945,Sunk
JPN_0296,206,Japan,Escort,Type C,No 27,1945,Launched,745,1946,Survived
JPN_0297,206,Japan,Escort,Type C,No 29,1945,Launched,745,1946,Survived
JPN_0298,206,Japan,Escort,Type C,No 3,1945,Launched,745,1945,Sunk
JPN_0299,206,Japan,Escort,Type C,No 31,1945,Launched,745,1945,Sunk
JPN_0300,206,Japan,Escort,Type C,No 33,1945,Launched,745,1945,Sunk
JPN_0301,206,Japan,Escort,Type C,No 35,1945,Launched,745,1945,Sunk
JPN_0302,206,Japan,Escort,Type C,No 37,1945,Launched,745,1946,Survived
JPN_0303,206,Japan,Escort,Type C,No 39,1945,Launched,745,1945,Sunk
JPN_0304,206,Japan,Escort,Type C,No 41,1945,Launched,745,1945,Sunk
JPN_0305,206,Japan,Escort,Type C,No 43,1945,Launched,745,1945,Sunk
JPN_0306,206,Japan,Escort,Type C,No 45,1945,Launched,745,1946,Survived
JPN_0307,206,Japan,Escort,Type C,No 47,1945,Launched,745,1945,Sunk
JPN_0308,206,Japan,Escort,Type C,No 49,1945,Launched,745,1946,Survived
JPN_0309,206,Japan,Escort,Type C,No 5,1945,Launched,745,1944,Sunk
JPN_0310,206,Japan,Escort,Type C,No 51,1945,Launched,745,1945,Sunk
JPN_0311,206,Japan,Escort,Type C,No 53,1945,Launched,745,1945,Sunk
JPN_0312,206,Japan,Escort,Type C,No 55,1945,Launched,745,1946,Survived
JPN_0313,206,Japan,Escort,Type C,No 57,1945,Launched,745,1946,Survived
JPN_0314,206,Japan,Escort,Type C,No 59,1945,Launched,745,1946,Survived
JPN_0315,206,Japan,Escort,Type C,No 61,1945,Launched,745,1946,Scrapped
JPN_0316,206,Japan,Escort,Type C,No 63,1945,Launched,745,1946,Survived
JPN_0317,206,Japan,Escort,Type C,No 65,1945,Launched,745,1945,Sunk
JPN_0318,206,Japan,Escort,Type C,No 67,1945,Launched,745,1946,Survived
JPN_0319,206,Japan,Escort,Type C,No 69,1945,Launched,745,1945,Sunk
JPN_0320,206,Japan,Escort,Type C,No 7,1945,Launched,745,1944,Sunk
JPN_0321,206,Japan,Escort,Type C,No 71,1945,Launched,745,1946,Survived
JPN_0322,206,Japan,Escort,Type C,No 73,1945,Launched,745,1945,Sunk
JPN_0323,206,Japan,Escort,Type C,No 75,1945,Launched,745,1945,Sunk
JPN_0324,206,Japan,Escort,Type C,No 77,1945,Launched,745,1946,Survived
JPN_0325,206,Japan,Escort,Type C,No 79,1945,Launched,745,1946,Survived
JPN_0326,206,Japan,Escort,Type C,No 81,1945,Launched,745,1946,Survived
JPN_0327,206,Japan,Escort,Type C,No 83,1945,Launched,745,1946,Survived
JPN_0328,206,Japan,Escort,Type C,No 85,1945,Launched,745,N/A,Transferred
JPN_0329,206,Japan,Escort,Type C,No 87,1945,Launched,745,1946,Survived
JPN_0330,206,Japan,Escort,Type C,No 89,1945,Launched,745,1946,Survived
JPN_0331,206,Japan,Escort,Type C,No 9,1945,Launched,745,1945,Sunk
JPN_0332,206,Japan,Escort,Type C,No 95,1945,Launched,745,1946,Survived
JPN_0333,206,Japan,Escort,Type C,No 97,1945,Launched,745,1946,Survived
JPN_0334,206,Japan,Escort,Ukuru,Aguni,1945,Launched,940,1946,Survived
JPN_0335,206,Japan,Escort,Ukuru,Amami,1945,Launched,940,1946,Survived
JPN_0336,206,Japan,Escort,Ukuru,Chikubu,1945,Launched,940,1946,Survived
JPN_0337,206,Japan,Escort,Ukuru,Daito,1945,Launched,940,1945,Sunk
JPN_0338,206,Japan,Escort,Ukuru,Habushi,1945,Launched,940,1946,Survived
JPN_0339,206,Japan,Escort,Ukuru,Habuto,1945,Launched,940,1946,Survived
JPN_0340,206,Japan,Escort,Ukuru,Hiburi,1945,Launched,940,1944,Sunk
JPN_0341,206,Japan,Escort,Ukuru,Hodaka,1945,Launched,940,1946,Survived
JPN_0342,206,Japan,Escort,Ukuru,Ikara,1945,Launched,940,1946,Scrapped
JPN_0343,206,Japan,Escort,Ukuru,Ikuna,1945,Launched,940,1946,Survived
JPN_0344,206,Japan,Escort,Ukuru,Ikuno,1945,Launched,940,1946,Survived
JPN_0345,206,Japan,Escort,Ukuru,Inagi,1945,Launched,940,1945,Sunk
JPN_0346,206,Japan,Escort,Ukuru,Iwo,1945,Launched,940,1946,Scrapped
JPN_0347,206,Japan,Escort,Ukuru,Kanawa,1945,Launched,940,1946,Survived
JPN_0348,206,Japan,Escort,Ukuru,Kozu,1945,Launched,940,1946,Survived
JPN_0349,206,Japan,Escort,Ukuru,Kuga,1945,Launched,940,1946,Survived
JPN_0350,206,Japan,Escort,Ukuru,Kume,1945,Launched,940,1945,Sunk
JPN_0351,206,Japan,Escort,Ukuru,Mokuto,1945,Launched,940,1945,Sunk
JPN_0352,206,Japan,Escort,Ukuru,Murotsu,1945,Launched,940,1946,Scrapped
JPN_0353,206,Japan,Escort,Ukuru,Oga,1945,Launched,940,1945,Sunk
JPN_0354,206,Japan,Escort,Ukuru,Okinawa,1945,Launched,940,1945,Sunk
JPN_0355,206,Japan,Escort,Ukuru,Otsu,1945,Launched,940,1946,Survived
JPN_0356,206,Japan,Escort,Ukuru,Sakito,1945,Launched,940,1946,Survived
JPN_0357,206,Japan,Escort,Ukuru,Shiga,1945,Launched,940,1946,Survived
JPN_0358,206,Japan,Escort,Ukuru,Shinnan,1945,Launched,940,1946,Survived
JPN_0359,206,Japan,Escort,Ukuru,Shisaka,1945,Launched,940,1946,Survived
JPN_0360,206,Japan,Escort,Ukuru,Shonan,1945,Launched,940,1945,Sunk
JPN_0361,206,Japan,Escort,Ukuru,Takane,1945,Launched,940,1946,Survived
JPN_0362,206,Japan,Escort,Ukuru,Tomoshiri,1945,Launched,940,1946,Survived
JPN_0363,206,Japan,Escort,Ukuru,Uku,1945,Launched,940,1946,Survived
JPN_0364,206,Japan,Escort,Ukuru,Ukuru,1945,Launched,940,1946,Survived
JPN_0365,206,Japan,Escort,Ukuru,Urumi,1945,Launched,940,1946,Scrapped
JPN_0366,206,Japan,Escort,Ukuru,Yaku,1945,Launched,940,1945,Sunk
JPN_0367,207,Japan,Escort,Type D,No 10,1945,Launched,740,1944,Sunk
JPN_0368,207,Japan,Escort,Type D,No 102,1945,Launched,740,1946,Survived
JPN_0369,207,Japan,Escort,Type D,No 104,1945,Launched,740,1946,Survived
JPN_0370,207,Japan,Escort,Type D,No 106,1945,Launched,740,1946,Survived
JPN_0371,207,Japan,Escort,Type D,No 112,1945,Launched,740,1945,Sunk
JPN_0372,207,Japan,Escort,Type D,No 115,1945,Launched,740,1946,Scrapped
JPN_0373,207,Japan,Escort,Type D,No 12,1945,Launched,740,1946,Survived
JPN_0374,207,Japan,Escort,Type D,No 124,1945,Launched,740,1946,Survived
JPN_0375,207,Japan,Escort,Type D,No 126,1945,Launched,740,1946,Survived
JPN_0376,207,Japan,Escort,Type D,No 130,1945,Launched,740,1945,Sunk
JPN_0377,207,Japan,Escort,Type D,No 132,1945,Launched,740,1946,Survived
JPN_0378,207,Japan,Escort,Type D,No 134,1945,Launched,740,1945,Sunk
JPN_0379,207,Japan,Escort,Type D,No 138,1945,Launched,740,1945,Sunk
JPN_0380,207,Japan,Escort,Type D,No 14,1945,Launched,740,1946,Survived
JPN_0381,207,Japan,Escort,Type D,No 142,1945,Launched,740,1946,Survived
JPN_0382,207,Japan,Escort,Type D,No 144,1945,Launched,740,1945,Sunk
JPN_0383,207,Japan,Escort,Type D,No 150,1945,Launched,740,1946,Survived
JPN_0384,207,Japan,Escort,Type D,No 154,1945,Launched,740,1946,Survived
JPN_0385,207,Japan,Escort,Type D,No 156,1945,Launched,740,1946,Survived
JPN_0386,207,Japan,Escort,Type D,No 158,1945,Launched,740,1946,Survived
JPN_0387,207,Japan,Escort,Type D,No 16,1945,Launched,740,1946,Survived
JPN_0388,207,Japan,Escort,Type D,No 160,1945,Launched,740,1946,Survived
JPN_0389,207,Japan,Escort,Type D,No 18,1945,Launched,740,1945,Sunk
JPN_0390,207,Japan,Escort,Type D,No 194,1945,Launched,740,1946,Survived
JPN_0391,207,Japan,Escort,Type D,No 196,1945,Launched,740,1946,Survived
JPN_0392,207,Japan,Escort,Type D,No 198,1945,Launched,740,1946,Survived
JPN_0393,207,Japan,Escort,Type D,No 2,1945,Launched,740,1946,Survived
JPN_0394,207,Japan,Escort,Type D,No 20,1945,Launched,740,1944,Sunk
JPN_0395,207,Japan,Escort,Type D,No 200,1945,Launched,740,1946,Survived
JPN_0396,207,Japan,Escort,Type D,No 202,1945,Launched,740,1946,Survived
JPN_0397,207,Japan,Escort,Type D,No 204,1945,Launched,740,1946,Survived
JPN_0398,207,Japan,Escort,Type D,No 22,1945,Launched,740,1946,Survived
JPN_0399,207,Japan,Escort,Type D,No 24,1945,Launched,740,1944,Sunk
JPN_0400,207,Japan,Escort,Type D,No 26,1945,Launched,740,1946,Survived
JPN_0401,207,Japan,Escort,Type D,No 28,1945,Launched,740,1944,Sunk
JPN_0402,207,Japan,Escort,Type D,No 30,1945,Launched,740,1945,Sunk
JPN_0403,207,Japan,Escort,Type D,No 32,1945,Launched,740,1946,Survived
JPN_0404,207,Japan,Escort,Type D,No 34,1945,Launched,740,1946,Survived
JPN_0405,207,Japan,Escort,Type D,No 36,1945,Launched,740,1946,Survived
JPN_0406,207,Japan,Escort,Type D,No 38,1945,Launched,740,1944,Sunk
JPN_0407,207,Japan,Escort,Type D,No 4,1945,Launched,740,1946,Survived
JPN_0408,207,Japan,Escort,Type D,No 40,1945,Launched,740,1946,Survived
JPN_0409,207,Japan,Escort,Type D,No 42,1945,Launched,740,1945,Sunk
JPN_0410,207,Japan,Escort,Type D,No 44,1945,Launched,740,1946,Survived
JPN_0411,207,Japan,Escort,Type D,No 46,1945,Launched,740,1945,Sunk
JPN_0412,207,Japan,Escort,Type D,No 48,1945,Launched,740,1946,Survived
JPN_0413,207,Japan,Escort,Type D,No 50,1945,Launched,740,1946,Survived
JPN_0414,207,Japan,Escort,Type D,No 52,1945,Launched,740,1946,Survived
JPN_0415,207,Japan,Escort,Type D,No 54,1945,Launched,740,1944,Sunk
JPN_0416,207,Japan,Escort,Type D,No 56,1945,Launched,740,1945,Sunk
JPN_0417,207,Japan,Escort,Type D,No 58,1945,Launched,740,1946,Survived
JPN_0418,207,Japan,Escort,Type D,No 6,1945,Launched,740,1945,Sunk
JPN_0419,207,Japan,Escort,Type D,No 60,1945,Launched,740,1946,Survived
JPN_0420,207,Japan,Escort,Type D,No 62,1945,Launched,740,1946,Survived
JPN_0421,207,Japan,Escort,Type D,No 64,1945,Launched,740,1944,Sunk
JPN_0422,207,Japan,Escort,Type D,No 66,1945,Launched,740,1945,Sunk
JPN_0423,207,Japan,Escort,Type D,No 68,1945,Launched,740,1945,Sunk
JPN_0424,207,Japan,Escort,Type D,No 72,1945,Launched,740,1945,Sunk
JPN_0425,207,Japan,Escort,Type D,No 74,1945,Launched,740,1945,Sunk
JPN_0426,207,Japan,Escort,Type D,No 76,1945,Launched,740,1946,Survived
JPN_0427,207,Japan,Escort,Type D,No 78,1945,Launched,740,1946,Survived
JPN_0428,207,Japan,Escort,Type D,No 8,1945,Launched,740,1946,Survived
JPN_0429,207,Japan,Escort,Type D,No 82,1945,Launched,740,1945,Sunk
JPN_0430,207,Japan,Escort,Type D,No 84,1945,Launched,740,1945,Sunk
JPN_0431,208,Japan,Mine Warfare,Itsukushima,Itsukushima,1929,Launched,1970,1946,Survived
JPN_0432,208,Japan,Mine Warfare,Kamome,Kamome,1929,Launched,450,1944,Sunk
JPN_0433,208,Japan,Mine Warfare,Kamome,Tsubame,1929,Launched,450,1945,Sunk
JPN_0434,208,Japan,Mine Warfare,Nasami,Nasami,1934,Launched,450,1944,Sunk
JPN_0435,208,Japan,Mine Warfare,Nasami,Natsushima,1934,Launched,450,1944,Sunk
JPN_0436,208,Japan,Mine Warfare,Okinoshima,Okinoshima,1936,Launched,4400,1942,Sunk
JPN_0437,208,Japan,Mine Warfare,Sarushima,Sarushima,1934,Launched,566,1944,Sunk
JPN_0438,208,Japan,Mine Warfare,Tsugaru,Tsugaru,1941,Launched,4000,1944,Sunk
JPN_0439,208,Japan,Mine Warfare,Yaeyama,Yaeyama,1932,Launched,1135,1944,Sunk
JPN_0440,209,Japan,Mine Warfare,Ajiro,Ajiro,1944,Completed,720,1944,Sunk
JPN_0441,209,Japan,Mine Warfare,Hatsushima,Hatsushima,1940,Completed,720,1945,Sunk
JPN_0442,209,Japan,Mine Warfare,Hatsushima,Odate,1944,Completed,720,1945,Sunk
JPN_0443,209,Japan,Mine Warfare,Hatsushima,Tateishi,1941,Completed,720,1945,Sunk
JPN_0444,209,Japan,Mine Warfare,Hatsushima,Tsurushima,1945,Completed,720,1945,Transferred
JPN_0445,209,Japan,Mine Warfare,Hatsutaka,Aotaka,1940,Completed,1608,1944,Sunk
JPN_0446,209,Japan,Mine Warfare,Hatsutaka,Hatsutaka,1939,Completed,1608,1945,Sunk
JPN_0447,209,Japan,Mine Warfare,Hatsutaka,Wakatake,1941,Completed,1608,1946,Survived
JPN_0448,209,Japan,Mine Warfare,Hirashima,Hirashima,1940,Completed,720,1943,Sunk
JPN_0449,209,Japan,Mine Warfare,Hirashima,Hoko,1941,Completed,720,1943,Sunk
JPN_0450,209,Japan,Mine Warfare,Hirashima,Ishikazi,1942,Completed,720,1946,Survived
JPN_0451,209,Japan,Mine Warfare,Hirashima,Maeshima,1943,Completed,720,1946,Survived
JPN_0452,209,Japan,Mine Warfare,Hirashima,Moroshima,1943,Planned,720,N/A,N/A
JPN_0453,209,Japan,Mine Warfare,Hirashima,Niizaki,1942,Completed,720,1946,Survived
JPN_0454,209,Japan,Mine Warfare,Hirashima,Nuwashima,1942,Completed,720,1946,Scrapped
JPN_0455,209,Japan,Mine Warfare,Hirashima,Saishu,1942,Completed,720,1946,Survived
JPN_0456,209,Japan,Mine Warfare,Hirashima,Takashima,1942,Completed,720,1944,Sunk
JPN_0457,209,Japan,Mine Warfare,Hirashima,Yurijima,1942,Completed,720,1945,Sunk
JPN_0458,209,Japan,Mine Warfare,Kamishima,Awashima,1946,Completed,766,1946,Survived
JPN_0459,209,Japan,Mine Warfare,Kamishima,Kamishima,1945,Completed,766,1946,Survived
JPN_0460,209,Japan,Mine Warfare,Sokuten,Kyosai,1939,Completed,405,1946,Survived
JPN_0461,209,Japan,Mine Warfare,Sokuten,Naryu,1940,Completed,405,1945,Sunk
JPN_0462,209,Japan,Mine Warfare,Sokuten,Shirakami,1939,Completed,405,1944,Sunk
JPN_0463,209,Japan,Mine Warfare,Sokuten,Sokuten,1938,Completed,405,1944,Sunk
JPN_0464,209,Japan,Mine Warfare,Sokuten,Ukishima,1940,Completed,405,1943,Sunk
JPN_0465,209,Japan,Mine Warfare,W1/W5,W1,1923,Completed,620,1945,Sunk
JPN_0466,209,Japan,Mine Warfare,W1/W5,W2,1923,Completed,620,1942,Sunk
JPN_0467,209,Japan,Mine Warfare,W1/W5,W3,1923,Launched,620,1945,Sunk
JPN_0468,209,Japan,Mine Warfare,W1/W5,W4,1925,Completed,620,1946,Scuttled
JPN_0469,209,Japan,Mine Warfare,W1/W5,W5,1929,Completed,620,1944,Sunk
JPN_0470,209,Japan,Mine Warfare,W1/W5,W6,1929,Completed,620,1941,Sunk
JPN_0471,210,Japan,Mine Warfare,W13/W17,W13,1933,Completed,525,1942,Sunk
JPN_0472,210,Japan,Mine Warfare,W13/W17,W14,1933,Completed,525,1942,Sunk
JPN_0473,210,Japan,Mine Warfare,W13/W17,W15,1934,Completed,525,1945,Sunk
JPN_0474,210,Japan,Mine Warfare,W13/W17,W16,1934,Completed,525,1943,Sunk
JPN_0475,210,Japan,Mine Warfare,W13/W17,W17,1936,Completed,525,1946,Survived
JPN_0476,210,Japan,Mine Warfare,W13/W17,W18,1936,Completed,525,1944,Sunk
JPN_0477,210,Japan,Mine Warfare,W19,W19,1941,Completed,648,1946,Survived
JPN_0478,210,Japan,Mine Warfare,W19,W20,1941,Completed,648,1945,Sunk
JPN_0479,210,Japan,Mine Warfare,W19,W21,1942,Completed,648,1946,Survived
JPN_0480,210,Japan,Mine Warfare,W19,W22,1942,Completed,648,1944,Sunk
JPN_0481,210,Japan,Mine Warfare,W19,W23,1943,Completed,648,1946,Survived
JPN_0482,210,Japan,Mine Warfare,W19,W24,1943,Completed,648,1945,Sunk
JPN_0483,210,Japan,Mine Warfare,W19,W25,1943,Completed,648,1944,Sunk
JPN_0484,210,Japan,Mine Warfare,W19,W26,1943,Completed,648,1944,Sunk
JPN_0485,210,Japan,Mine Warfare,W19,W27,1943,Completed,648,1945,Sunk
JPN_0486,210,Japan,Mine Warfare,W19,W28,1943,Completed,648,1944,Sunk
JPN_0487,210,Japan,Mine Warfare,W19,W29,1943,Completed,648,1945,Sunk
JPN_0488,210,Japan,Mine Warfare,W19,W30,1944,Completed,648,1944,Sunk
JPN_0489,210,Japan,Mine Warfare,W19,W33,1943,Completed,648,1945,Sunk
JPN_0490,210,Japan,Mine Warfare,W19,W34,1944,Completed,648,1945,Sunk
JPN_0491,210,Japan,Mine Warfare,W19,W38,1944,Completed,648,1944,Sunk
JPN_0492,210,Japan,Mine Warfare,W19,W39,1944,Completed,648,1945,Sunk
JPN_0493,210,Japan,Mine Warfare,W19,W41,1944,Completed,648,1945,Sunk
JPN_0494,211,Japan,Other,Hashidate,Hashidate,1940,Completed,1000,1944,Sunk
JPN_0495,211,Japan,Other,Hashidate,Uji,1940,Completed,1000,1945,Transferred
JPN_0496,211,Japan,Other,N/A,Nankai,N/A,N/A,N/A,1945,Sunk
JPN_0497,211,Japan,Other,N/A,Nanyo,N/A,N/A,N/A,1943,Sunk
JPN_0498,211,Japan,Other,N/A,Okitsu,N/A,N/A,N/A,N/A,N/A
JPN_0499,211,Japan,Patrol And Coastal,CH13,CH13,1940,Completed,438,1946,Survived
JPN_0500,211,Japan,Patrol And Coastal,CH13,CH14,1941,Completed,438,1946,Survived
JPN_0501,211,Japan,Patrol And Coastal,CH13,CH15,1941,Completed,438,1946,Survived
JPN_0502,211,Japan,Patrol And Coastal,CH13,CH16,1941,Completed,438,1946,Survived
JPN_0503,211,Japan,Patrol And Coastal,CH13,CH17,1941,Completed,438,1946,Survived
JPN_0504,211,Japan,Patrol And Coastal,CH13,CH18,1941,Completed,438,1946,Survived
JPN_0505,211,Japan,Patrol And Coastal,CH13,CH19,1941,Completed,438,1946,Survived
JPN_0506,211,Japan,Patrol And Coastal,CH13,CH20,1941,Completed,438,1946,Survived
JPN_0507,211,Japan,Patrol And Coastal,CH13,CH21,1941,Completed,438,1946,Survived
JPN_0508,211,Japan,Patrol And Coastal,CH13,CH22,1941,Completed,438,1946,Survived
JPN_0509,211,Japan,Patrol And Coastal,CH13,CH23,1941,Completed,438,1946,Survived
JPN_0510,211,Japan,Patrol And Coastal,CH13,CH24,1941,Completed,438,1946,Survived
JPN_0511,211,Japan,Patrol And Coastal,CH13,CH25,1941,Completed,438,1946,Survived
JPN_0512,211,Japan,Patrol And Coastal,CH13,CH26,1941,Completed,438,1946,Survived
JPN_0513,211,Japan,Patrol And Coastal,CH13,CH27,1942,Completed,438,1946,Survived
JPN_0514,211,Japan,Patrol And Coastal,CH28,CH28,1942,Completed,420,1946,Survived
JPN_0515,211,Japan,Patrol And Coastal,CH28,CH29,1942,Completed,420,1946,Survived
JPN_0516,211,Japan,Patrol And Coastal,CH28,CH30,1942,Completed,420,1946,Survived
JPN_0517,211,Japan,Patrol And Coastal,CH28,CH31,1942,Completed,420,1946,Survived
JPN_0518,211,Japan,Patrol And Coastal,CH28,CH32,1942,Completed,420,1946,Survived
JPN_0519,211,Japan,Patrol And Coastal,CH28,CH33,1942,Completed,420,1946,Survived
JPN_0520,211,Japan,Patrol And Coastal,CH28,CH34,1942,Completed,420,1946,Survived
JPN_0521,211,Japan,Patrol And Coastal,CH28,CH35,1943,Completed,420,1946,Survived
JPN_0522,211,Japan,Patrol And Coastal,CH28,CH36,1942,Completed,420,1946,Survived
JPN_0523,211,Japan,Patrol And Coastal,CH28,CH37,1942,Completed,420,1946,Survived
JPN_0524,211,Japan,Patrol And Coastal,CH28,CH38,1942,Completed,420,1946,Survived
JPN_0525,211,Japan,Patrol And Coastal,CH28,CH39,1942,Completed,420,1946,Survived
JPN_0526,211,Japan,Patrol And Coastal,CH28,CH40,1942,Completed,420,1946,Survived
JPN_0527,211,Japan,Patrol And Coastal,CH28,CH41,1943,Completed,420,1946,Survived
JPN_0528,211,Japan,Patrol And Coastal,CH28,CH42,1943,Completed,420,1946,Survived
JPN_0529,211,Japan,Patrol And Coastal,CH28,CH43,1943,Completed,420,1946,Survived
JPN_0530,211,Japan,Patrol And Coastal,CH28,CH44,1943,Completed,420,1946,Survived
JPN_0531,211,Japan,Patrol And Coastal,CH28,CH45,1943,Completed,420,1946,Survived
JPN_0532,211,Japan,Patrol And Coastal,CH28,CH46,1943,Completed,420,1946,Survived
JPN_0533,211,Japan,Patrol And Coastal,CH28,CH47,1943,Completed,420,1946,Survived
JPN_0534,211,Japan,Patrol And Coastal,CH28,CH48,1943,Completed,420,1946,Survived
JPN_0535,211,Japan,Patrol And Coastal,CH28,CH49,1944,Completed,420,1946,Survived
JPN_0536,211,Japan,Patrol And Coastal,CH28,CH50,1943,Completed,420,1946,Survived
JPN_0537,211,Japan,Patrol And Coastal,CH28,CH51,1943,Completed,420,1946,Survived
JPN_0538,211,Japan,Patrol And Coastal,CH28,CH52,1943,Completed,420,1946,Survived
JPN_0539,211,Japan,Patrol And Coastal,CH28,CH54,1943,Completed,420,1946,Survived
JPN_0540,211,Japan,Patrol And Coastal,CH28,CH55,1944,Completed,420,1946,Survived
JPN_0541,211,Japan,Patrol And Coastal,CH28,CH56,1944,Completed,420,1946,Survived
JPN_0542,211,Japan,Patrol And Coastal,CH28,CH57,1944,Completed,420,1946,Survived
JPN_0543,211,Japan,Patrol And Coastal,CH28,CH58,1944,Completed,420,1946,Survived
JPN_0544,211,Japan,Patrol And Coastal,CH28,CH59,1943,Planned,420,N/A,N/A
JPN_0545,211,Japan,Patrol And Coastal,CH28,CH60,1944,Completed,420,1946,Survived
JPN_0546,211,Japan,Patrol And Coastal,CH28,CH61,1944,Completed,420,1946,Survived
JPN_0547,211,Japan,Patrol And Coastal,CH28,CH62,1943,Planned,420,N/A,N/A
JPN_0548,211,Japan,Patrol And Coastal,CH28,CH63,1944,Completed,420,1946,Survived
JPN_0549,211,Japan,Patrol And Coastal,CH28,CH64,1943,Planned,420,N/A,N/A
JPN_0550,211,Japan,Patrol And Coastal,CH28,CH65,1943,Planned,420,N/A,N/A
JPN_0551,211,Japan,Patrol And Coastal,CH28,CH66,1943,Planned,420,N/A,N/A
JPN_0552,211,Japan,Patrol And Coastal,CH28,CH67,1943,Planned,420,N/A,N/A
JPN_0553,211,Japan,Patrol And Coastal,CH28,CH68,1943,Planned,420,N/A,N/A
JPN_0554,211,Japan,Patrol And Coastal,CH28,CH69,1943,Planned,420,N/A,N/A
JPN_0555,211,Japan,Patrol And Coastal,CH28,CH70,1943,Planned,420,N/A,N/A
JPN_0556,211,Japan,Patrol And Coastal,CH28,CH71,1943,Planned,420,N/A,N/A
JPN_0557,211,Japan,Patrol And Coastal,CH28,CH72,1943,Planned,420,N/A,N/A
JPN_0558,211,Japan,Patrol And Coastal,CH28,CH73,1943,Planned,420,N/A,N/A
JPN_0559,211,Japan,Patrol And Coastal,CH28,CH74,1943,Planned,420,N/A,N/A
JPN_0560,211,Japan,Patrol And Coastal,CH28,CH75,1943,Planned,420,N/A,N/A
JPN_0561,211,Japan,Patrol And Coastal,CH28,CH76,1943,Planned,420,N/A,N/A
JPN_0562,211,Japan,Patrol And Coastal,CH28,CH77,1943,Planned,420,N/A,N/A
JPN_0563,211,Japan,Patrol And Coastal,CH28,CH78,1943,Planned,420,N/A,N/A
JPN_0564,211,Japan,Patrol And Coastal,CH28,CH79,1943,Planned,420,N/A,N/A
JPN_0565,211,Japan,Patrol And Coastal,CH28,CH80,1943,Planned,420,N/A,N/A
JPN_0566,211,Japan,Patrol And Coastal,CH28,CH81,1943,Planned,420,N/A,N/A
JPN_0567,211,Japan,Patrol And Coastal,CH28,CH82,1943,Planned,420,N/A,N/A
JPN_0568,211,Japan,Patrol And Coastal,CH28,CH83,1943,Planned,420,N/A,N/A
JPN_0569,211,Japan,Patrol And Coastal,CH28,CH84,1943,Planned,420,N/A,N/A
JPN_0570,211,Japan,Patrol And Coastal,CH28,CH85,1943,Planned,420,N/A,N/A
JPN_0571,211,Japan,Patrol And Coastal,CH28,CH86,1943,Planned,420,N/A,N/A
JPN_0572,211,Japan,Patrol And Coastal,CH28,CH87,1943,Planned,420,N/A,N/A
JPN_0573,211,Japan,Patrol And Coastal,CH28,CH88,1943,Planned,420,N/A,N/A
JPN_0574,211,Japan,Patrol And Coastal,CH28,CH89,1943,Planned,420,N/A,N/A
JPN_0575,211,Japan,Patrol And Coastal,CH4,CH10,1939,Completed,291,1946,Survived
JPN_0576,211,Japan,Patrol And Coastal,CH4,CH11,1939,Completed,291,1946,Survived
JPN_0577,211,Japan,Patrol And Coastal,CH4,CH12,1939,Completed,291,1946,Survived
JPN_0578,211,Japan,Patrol And Coastal,CH4,CH4,1938,Completed,291,1946,Survived
JPN_0579,211,Japan,Patrol And Coastal,CH4,CH5,1938,Completed,291,1946,Survived
JPN_0580,211,Japan,Patrol And Coastal,CH4,CH6,1939,Completed,291,1946,Survived
JPN_0581,211,Japan,Patrol And Coastal,CH4,CH7,1938,Completed,291,1946,Survived
JPN_0582,211,Japan,Patrol And Coastal,CH4,CH8,1938,Completed,291,1946,Survived
JPN_0583,211,Japan,Patrol And Coastal,CH4,CH9,1939,Completed,291,1946,Survived
JPN_0584,211,Japan,Patrol And Coastal,CH53,CH53,1944,Completed,440,1946,Survived
JPN_0585,212,Japan,Other,N/A,Karatsu,1928,Completed,N/A,1945,Scuttled
JPN_0586,212,Japan,Other,N/A,Maiko,N/A,N/A,N/A,1946,Transferred
JPN_0587,212,Japan,Other,N/A,Narumi,N/A,N/A,N/A,1946,Transferred
JPN_0588,212,Japan,Other,N/A,Suma,N/A,N/A,N/A,1945,Sunk
JPN_0589,212,Japan,Other,N/A,Tatara,1927,Completed,N/A,1946,Transferred
JPN_0590,212,Japan,Other,Fushimi,Fushimi,1939,Completed,304,1946,Transferred
JPN_0591,212,Japan,Other,Fushimi,Sumida,1939,Completed,304,1946,Transferred
JPN_0592,212,Japan,Other,Kotaka River,Kotaka,N/A,N/A,320,1944,Sunk
JPN_0593,212,Japan,Other,Tsukushi,Tsukushi,1941,Completed,1350,1943,Sunk
JPN_0594,178,Japan,Capital Ship,B64 Type,No 795,1942,Planned,32000,N/A,N/A
JPN_0595,178,Japan,Capital Ship,B64 Type,No 796,1942,Planned,32000,N/A,N/A
JPN_0596,178,Japan,Capital Ship,Yamato,No 797,1942,Planned,62315,N/A,N/A
JPN_0597,178,Japan,Capital Ship,No 798 Type,No 798,1942,Planned,N/A,N/A,N/A
JPN_0598,178,Japan,Capital Ship,No 798 Type,No 799,1942,Planned,N/A,N/A,N/A
JPN_0599,185,Japan,Aircraft Carrier,Ibuki,Ibuki,1943,Launched,12500,1946,Survived
JPN_0600,183,Japan,Aircraft Carrier,Taiho,No 801,1942,Planned,29300,N/A,N/A
JPN_0601,183,Japan,Aircraft Carrier,Taiho,No 802,1942,Planned,29300,N/A,N/A
JPN_0602,183,Japan,Aircraft Carrier,Taiho,No 5021,1942,Planned,29300,N/A,N/A
JPN_0603,183,Japan,Aircraft Carrier,Taiho,No 5022,1942,Planned,29300,N/A,N/A
JPN_0604,183,Japan,Aircraft Carrier,Taiho,No 5023,1942,Planned,29300,N/A,N/A
JPN_0605,183,Japan,Aircraft Carrier,Taiho,No 5024,1942,Planned,29300,N/A,N/A
JPN_0606,183,Japan,Aircraft Carrier,Taiho,No 5025,1942,Planned,29300,N/A,N/A
JPN_0607,184,Japan,Aircraft Carrier,Unryu,No 800,1942,Planned,17150,N/A,N/A
JPN_0608,184,Japan,Aircraft Carrier,Unryu,No 5002,1942,Planned,17150,N/A,N/A
JPN_0609,184,Japan,Aircraft Carrier,Unryu,No 5005,1942,Planned,17150,N/A,N/A
JPN_0610,184,Japan,Aircraft Carrier,Unryu,No 5008,1942,Planned,17150,N/A,N/A
JPN_0611,184,Japan,Aircraft Carrier,Unryu,No 5009,1942,Planned,17150,N/A,N/A
JPN_0612,184,Japan,Aircraft Carrier,Unryu,No 5010,1942,Planned,17150,N/A,N/A
JPN_0613,184,Japan,Aircraft Carrier,Unryu,No 5011,1942,Planned,17150,N/A,N/A
JPN_0614,184,Japan,Aircraft Carrier,Unryu,No 5012,1942,Planned,17150,N/A,N/A
JPN_0615,184,Japan,Aircraft Carrier,Unryu,No 5013,1942,Planned,17150,N/A,N/A
JPN_0616,184,Japan,Aircraft Carrier,Unryu,No 5014,1942,Planned,17150,N/A,N/A
JPN_0617,184,Japan,Aircraft Carrier,Unryu,No 5015,1942,Planned,17150,N/A,N/A
JPN_0618,186,Japan,Cruiser,Sendai,Kako,1922,Laid Down,5195,N/A,N/A
JPN_0619,200,Japan,Submarine,A1,19,1939,Launched,2434,1943,Sunk
JPN_0620,200,Japan,Submarine,A1,110,1939,Launched,2434,1944,Sunk
JPN_0621,200,Japan,Submarine,A1,111,1941,Launched,2434,1944,Sunk
JPN_0622,200,Japan,Submarine,A2,112,1943,Launched,2390,1945,Sunk
JPN_0623,200,Japan,Submarine,AM,113,1944,Launched,2620,1945,Sunk
JPN_0624,200,Japan,Submarine,AM,114,1944,Launched,2620,1946,Scrapped
JPN_0625,200,Japan,Submarine,AM,115,1944,Launched,2620,1945,Scrapped
JPN_0626,200,Japan,Submarine,AM,11,1944,Launched,2620,1946,Survived
JPN_0627,200,Japan,Submarine,B1,115,1939,Launched,2198,1942,Sunk
JPN_0628,200,Japan,Submarine,B1,117,1939,Launched,2198,1943,Sunk
JPN_0629,200,Japan,Submarine,B1,119,1939,Launched,2198,1943,Sunk
JPN_0630,200,Japan,Submarine,B1,121,1940,Launched,2198,1943,Sunk
JPN_0631,200,Japan,Submarine,B1,123,1939,Launched,2198,1942,Sunk
JPN_0632,200,Japan,Submarine,B1,125,1940,Launched,2198,1943,Sunk
JPN_0633,200,Japan,Submarine,B1,126,1940,Launched,2198,1944,Sunk
JPN_0634,200,Japan,Submarine,B1,127,1940,Launched,2198,1944,Sunk
JPN_0635,200,Japan,Submarine,B1,128,1940,Launched,2198,1942,Sunk
JPN_0636,200,Japan,Submarine,B1,129,1940,Launched,2198,1944,Sunk
JPN_0637,200,Japan,Submarine,B1,130,1940,Launched,2198,1942,Sunk
JPN_0638,200,Japan,Submarine,B1,131,1941,Launched,2198,1943,Sunk
JPN_0639,200,Japan,Submarine,B1,132,1940,Launched,2198,1944,Sunk
JPN_0640,200,Japan,Submarine,B1,133,1941,Launched,2198,1944,Sunk
JPN_0641,200,Japan,Submarine,B1,134,1941,Launched,2198,1943,Sunk
JPN_0642,200,Japan,Submarine,B1,135,1941,Launched,2198,1943,Sunk
JPN_0643,200,Japan,Submarine,B1,136,1941,Launched,2198,1946,Scuttled
JPN_0644,200,Japan,Submarine,B1,137,1941,Launched,2198,1944,Sunk
JPN_0645,200,Japan,Submarine,B1,138,1942,Launched,2198,1944,Sunk
JPN_0646,200,Japan,Submarine,B1,139,1942,Launched,2198,1943,Sunk
JPN_0647,201,Japan,Submarine,B2,140,1942,Launched,2230,1943,Sunk
JPN_0648,201,Japan,Submarine,B2,141,1943,Launched,2230,1944,Sunk
JPN_0649,201,Japan,Submarine,B2,142,1943,Launched,2230,1944,Sunk
JPN_0650,201,Japan,Submarine,B2,143,1943,Launched,2230,1944,Sunk
JPN_0651,201,Japan,Submarine,B2,144,1943,Launched,2230,1945,Sunk
JPN_0652,201,Japan,Submarine,B2,145,1943,Launched,2230,1944,Sunk
JPN_0653,201,Japan,Submarine,C1,116,1938,Launched,2184,1944,Sunk
JPN_0654,201,Japan,Submarine,C1,118,1938,Launched,2184,1943,Sunk
JPN_0655,201,Japan,Submarine,C1,120,1939,Launched,2184,1943,Sunk
JPN_0656,201,Japan,Submarine,C1,122,1938,Launched,2184,1942,Sunk
JPN_0657,201,Japan,Submarine,C1,124,1939,Launched,2184,1943,Sunk
JPN_0658,201,Japan,Submarine,C2,146,1943,Launched,2184,1944,Sunk
JPN_0659,201,Japan,Submarine,C2,147,1943,Launched,2184,1946,Scuttled
JPN_0660,201,Japan,Submarine,C2,148,1943,Launched,2184,1945,Sunk
JPN_0661,201,Japan,Submarine,B3,154,1943,Launched,2140,1944,Sunk
JPN_0662,201,Japan,Submarine,B3,156,1943,Launched,2140,1945,Sunk
JPN_0663,201,Japan,Submarine,B3,158,1944,Launched,2140,1946,Scuttled
JPN_0664,201,Japan,Submarine,C3,152,1943,Launched,2095,1944,Sunk
JPN_0665,201,Japan,Submarine,C3,153,1943,Launched,2095,1946,Scuttled
JPN_0666,201,Japan,Submarine,C3,155,1943,Launched,2095,1944,Sunk
JPN_0667,202,Japan,Submarine,D1,1361,1943,Launched,1440,1945,Sunk
JPN_0668,202,Japan,Submarine,D1,1362,1943,Launched,1440,1945,Sunk
JPN_0669,202,Japan,Submarine,D1,1363,1943,Launched,1440,1945,Sunk
JPN_0670,202,Japan,Submarine,D1,1364,1943,Launched,1440,1944,Sunk
JPN_0671,202,Japan,Submarine,D1,1365,1944,Launched,1440,1944,Sunk
JPN_0672,202,Japan,Submarine,D1,1366,1944,Launched,1440,1946,Scuttled
JPN_0673,202,Japan,Submarine,D1,1367,1944,Launched,1440,1946,Scuttled
JPN_0674,202,Japan,Submarine,D1,1368,1944,Launched,1440,1945,Sunk
JPN_0675,202,Japan,Submarine,D1,1369,1944,Launched,1440,1946,Scrapped
JPN_0676,202,Japan,Submarine,D1,1370,1944,Launched,1440,1945,Sunk
JPN_0677,202,Japan,Submarine,D1,1371,1944,Launched,1440,1945,Sunk
JPN_0678,202,Japan,Submarine,D1,1372,1944,Launched,1440,1945,Sunk
JPN_0679,202,Japan,Submarine,ST,1201,1944,Launched,1070,1945,Transferred
JPN_0680,202,Japan,Submarine,ST,1202,1944,Launched,1070,1946,Scuttled
JPN_0681,202,Japan,Submarine,ST,1203,1944,Launched,1070,1945,Transferred
JPN_0682,202,Japan,Submarine,ST,1204,1944,Launched,1070,1945,Sunk
JPN_0683,202,Japan,Submarine,ST,1205,1945,Launched,1070,1946,Survived
JPN_0684,202,Japan,Submarine,ST,1206,1945,Launched,1070,1946,Scrapped
JPN_0685,202,Japan,Submarine,D2,1351,1944,Launched,2650,1945,Sunk
JPN_0686,202,Japan,Submarine,D2,1352,1944,Launched,2650,1945,Sunk
JPN_0687,202,Japan,Submarine,Sh,1373,1944,Launched,1660,1945,Sunk
JPN_0688,202,Japan,Submarine,Sh,1374,1944,Launched,1660,1945,Scrapped
JPN_0689,203,Japan,Submarine,STO,1400,1944,Launched,3530,1946,Scuttled
JPN_0690,203,Japan,Submarine,STO,1401,1944,Launched,3530,1946,Scuttled
JPN_0691,203,Japan,Submarine,STO,1402,1944,Launched,3530,1946,Scuttled
JPN_0692,203,Japan,Submarine,STO,1403,1945,Launched,3530,N/A,N/A
JPN_0693,203,Japan,Submarine,STO,1404,1944,Launched,3530,1945,Sunk
JPN_0694,203,Japan,Submarine,STO,1405,1944,Launched,3530,1945,Scrapped
JPN_0695,203,Japan,Submarine,K5,RO33,1934,Launched,700,1942,Sunk
JPN_0696,203,Japan,Submarine,K5,RO34,1935,Launched,700,1943,Sunk
JPN_0697,203,Japan,Submarine,L4,RO60,1922,Launched,988,1941,Sunk
JPN_0698,203,Japan,Submarine,L4,RO61,1923,Launched,988,1942,Sunk
JPN_0699,203,Japan,Submarine,L4,RO62,1923,Launched,988,1946,Scrapped
JPN_0700,203,Japan,Submarine,L4,RO63,1924,Launched,988,1946,Scrapped
JPN_0701,203,Japan,Submarine,L4,RO64,1924,Launched,988,1945,Sunk
JPN_0702,203,Japan,Submarine,L4,RO65,1925,Launched,988,1942,Sunk
JPN_0703,203,Japan,Submarine,L4,RO66,1926,Launched,988,1941,Sunk
JPN_0704,203,Japan,Submarine,L4,RO67,1926,Launched,988,1946,Scrapped
JPN_0705,203,Japan,Submarine,L4,RO68,1925,Launched,988,1946,Scrapped
JPN_0706,203,Japan,Submarine,K6,RO35,1942,Launched,960,1943,Sunk
JPN_0707,203,Japan,Submarine,K6,RO36,1942,Launched,960,1944,Sunk
JPN_0708,203,Japan,Submarine,K6,RO37,1942,Launched,960,1944,Sunk
JPN_0709,203,Japan,Submarine,K6,RO38,1942,Launched,960,1943,Sunk
JPN_0710,203,Japan,Submarine,K6,RO39,1943,Launched,960,1944,Sunk
JPN_0711,203,Japan,Submarine,K6,RO40,1943,Launched,960,1944,Sunk
JPN_0712,203,Japan,Submarine,K6,RO41,1943,Launched,960,1945,Sunk
JPN_0713,203,Japan,Submarine,K6,RO42,1942,Launched,960,1943,Sunk
JPN_0714,203,Japan,Submarine,K6,RO43,1943,Launched,960,1945,Sunk
JPN_0715,203,Japan,Submarine,K6,RO44,1943,Launched,960,1944,Sunk
JPN_0716,203,Japan,Submarine,K6,RO45,1943,Launched,960,1944,Sunk
JPN_0717,203,Japan,Submarine,K6,RO46,1943,Launched,960,1945,Sunk
JPN_0718,203,Japan,Submarine,K6,RO47,1943,Launched,960,1944,Sunk
JPN_0719,203,Japan,Submarine,K6,RO48,1943,Launched,960,1944,Sunk
JPN_0720,203,Japan,Submarine,K6,RO49,1943,Launched,960,1945,Sunk
JPN_0721,203,Japan,Submarine,K6,RO50,1943,Launched,960,1946,Scuttled
JPN_0722,203,Japan,Submarine,K6,RO55,1944,Launched,960,1945,Sunk
JPN_0723,203,Japan,Submarine,K6,RO56,1944,Launched,960,1945,Sunk
JPN_0724,204,Japan,Submarine,Ks,RO100,1941,Launched,525,1943,Sunk
JPN_0725,204,Japan,Submarine,Ks,RO101,1942,Launched,525,1943,Sunk
JPN_0726,204,Japan,Submarine,Ks,RO102,1942,Launched,525,1943,Sunk
JPN_0727,204,Japan,Submarine,Ks,RO103,1941,Launched,525,1943,Sunk
JPN_0728,204,Japan,Submarine,Ks,RO104,1942,Launched,525,1944,Sunk
JPN_0729,204,Japan,Submarine,Ks,RO105,1942,Launched,525,1944,Sunk
JPN_0730,204,Japan,Submarine,Ks,RO106,1942,Launched,525,1944,Sunk
JPN_0731,204,Japan,Submarine,Ks,RO107,1942,Launched,525,1943,Sunk
JPN_0732,204,Japan,Submarine,Ks,RO108,1942,Launched,525,1944,Sunk
JPN_0733,204,Japan,Submarine,Ks,RO109,1942,Launched,525,1945,Sunk
JPN_0734,204,Japan,Submarine,Ks,RO110,1943,Launched,525,1944,Sunk
JPN_0735,204,Japan,Submarine,Ks,RO111,1943,Launched,525,1944,Sunk
JPN_0736,204,Japan,Submarine,Ks,RO112,1943,Launched,525,1945,Sunk
JPN_0737,204,Japan,Submarine,Ks,RO113,1943,Launched,525,1945,Sunk
JPN_0738,204,Japan,Submarine,Ks,RO114,1943,Launched,525,1944,Sunk
JPN_0739,204,Japan,Submarine,Ks,RO115,1943,Launched,525,1945,Sunk
JPN_0740,204,Japan,Submarine,Ks,RO116,1943,Launched,525,1944,Sunk
JPN_0741,204,Japan,Submarine,Ks,RO117,1943,Launched,525,1944,Sunk
JPN_0742,204,Japan,Submarine,No 71,71,1938,Launched,195,1940,Scrapped
JPN_0743,204,Japan,Submarine,SS,HA101,1944,Launched,370,1946,Scrapped
JPN_0744,204,Japan,Submarine,SS,HA102,1944,Launched,370,1946,Scrapped
JPN_0745,204,Japan,Submarine,SS,HA103,1944,Launched,370,1946,Scuttled
JPN_0746,204,Japan,Submarine,SS,HA104,1944,Launched,370,1946,Scrapped
JPN_0747,204,Japan,Submarine,SS,HA105,1945,Launched,370,1946,Scuttled
JPN_0748,204,Japan,Submarine,SS,HA106,1944,Launched,370,1946,Scuttled
JPN_0749,204,Japan,Submarine,SS,HA107,1945,Launched,370,1946,Scuttled
JPN_0750,204,Japan,Submarine,SS,HA108,1945,Launched,370,1946,Scuttled
JPN_0751,204,Japan,Submarine,SS,HA109,1945,Launched,370,1946,Scuttled
JPN_0752,204,Japan,Submarine,SS,HA110,1945,Launched,370,1946,Sunk
JPN_0753,204,Japan,Submarine,SS,HA111,1945,Launched,370,1946,Scuttled
JPN_0754,204,Japan,Submarine,SS,HA112,1945,Launched,370,1946,Scrapped
JPN_0755,211,Japan,Other,Atami,Atami,1929,Launched,206,1946,Transferred
JPN_0756,211,Japan,Other,Atami,Futami,1929,Launched,206,1946,Transferred
JPN_0757,212,Japan,Other,Notoro,Notoro,1924,Completed,14050,1946,Survived
JPN_0758,212,Japan,Other,Kamoi,Kamoi,1933,Completed,17000,1945,Sunk
JPN_0759,213,Japan,Other,Mizuho,Mizuho,1939,Completed,10929,1942,Sunk
JPN_0760,213,Japan,Other,Nisshin,Nisshin,1942,Completed,11317,1943,Sunk
JPN_0761,213,Japan,Other,Nisshin,No 863,1942,Planned,11317,N/A,N/A
JPN_0762,213,Japan,Other,Nisshin,No 864,1942,Planned,11317,N/A,N/A
JPN_0763,213,Japan,Other,Akitsushima,Akitsushima,1942,Completed,4650,1944,Sunk
JPN_0764,213,Japan,Other,Akitsushima,Chihaya,1942,Planned,4650,N/A,N/A
JPN_0765,213,Japan,Other,Akitsushima,Smaller Type 1,1942,Planned,4650,N/A,N/A
JPN_0766,213,Japan,Other,Akitsushima,Smaller Type 2,1942,Planned,4650,N/A,N/A
JPN_0767,213,Japan,Other,Akitsushima,Smaller Type 3,1942,Planned,4650,N/A,N/A
JPN_0768,213,Japan,Other,Akitsushima,Smaller Type 4,1942,Planned,4650,N/A,N/A
JPN_0769,213,Japan,Other,Akitsushima,Smaller Type 5,1942,Planned,4650,N/A,N/A
JPN_0770,213,Japan,Other,Akitsushima,Smaller Type 6,1942,Planned,4650,N/A,N/A
JPN_0771,213,Japan,Other,Akitsushima,Larger Type 1,1942,Planned,4650,N/A,N/A
JPN_0772,213,Japan,Other,Shimane Maru,Shimane Maru,1944,Launched,11800,1945,Sunk
JPN_0773,213,Japan,Other,Shimane Maru,Otakisan Maru,1945,Launched,11800,1945,Sunk
JPN_0774,213,Japan,Other,Yamashiro Maru,Yamashiro Maru,1944,Launched,10100,1945,Sunk
JPN_0775,213,Japan,Other,Yamashiro Maru,Chigusa Maru,1944,Launched,10100,1946,Survived
JPN_0776,213,Japan,Amphibious,Akitsu Maru,Akitsu Maru,1941,Launched,11800,1944,Sunk
JPN_0777,213,Japan,Amphibious,Akitsu Maru,Nigitsu Maru,1942,Launched,11800,1944,Sunk
JPN_0778,214,Japan,Amphibious,Kumano Maru,Kumano Maru,1944,Launched,8000,1946,Survived
JPN_0779,214,Japan,Amphibious,Shinshu Maru,Shinshu Maru,1935,Launched,9000,1945,Sunk
GER_0001,227,Germany,Capital Ship,Deutschland,Deutschland,1933,Completed,11700,1945,Scuttled
GER_0002,227,Germany,Capital Ship,Deutschland,Admiral Scheer,1934,Completed,11700,1945,Sunk
GER_0003,227,Germany,Capital Ship,Deutschland,Admiral Graf Spee,1936,Completed,11700,1939,Scuttled
GER_0004,224,Germany,Capital Ship,Bismarck,Bismarck,1940,Completed,41700,1941,Sunk
GER_0005,224,Germany,Capital Ship,Bismarck,Tirpitz,1941,Completed,42900,1944,Sunk
GER_0006,225,Germany,Capital Ship,H,H,1939,Laid Down,55453,1939,Scrapped
GER_0007,225,Germany,Capital Ship,H,J,1939,Laid Down,55453,1939,Scrapped
GER_0008,225,Germany,Capital Ship,H,K,1939,Planned,55453,N/A,N/A
GER_0009,225,Germany,Capital Ship,H,L,1939,Planned,55453,N/A,N/A
GER_0010,225,Germany,Capital Ship,H,M,1939,Planned,55453,N/A,N/A
GER_0011,225,Germany,Capital Ship,H,N,1939,Planned,55453,N/A,N/A
GER_0012,226,Germany,Capital Ship,P,O,1939,Planned,30500,N/A,N/A
GER_0013,226,Germany,Capital Ship,P,P,1939,Planned,30500,N/A,N/A
GER_0014,226,Germany,Capital Ship,P,Q,1939,Planned,30500,N/A,N/A
GER_0015,226,Germany,Aircraft Carrier,Graf Zeppelin,Graf Zeppelin,1938,Launched,26931,1946,Survived
GER_0016,226,Germany,Aircraft Carrier,Graf Zeppelin,B,1938,Launched,26931,1940,Scrapped
GER_0017,228,Germany,Cruiser,Hipper,Admiral Hipper,1939,Completed,14050,1945,Scuttled
GER_0018,228,Germany,Cruiser,Hipper,Blucher,1939,Completed,14050,1940,Sunk
GER_0019,228,Germany,Cruiser,Hipper,Prinz Eugen,1940,Completed,16974,1946,Sunk
GER_0020,228,Germany,Cruiser,Hipper,Seydlitz,1939,Launched,16974,1945,Scuttled
GER_0021,228,Germany,Cruiser,Hipper,Lutzow,1939,Launched,16974,1940,Transferred
GER_0022,230,Germany,Cruiser,K,Konigsberg,1929,Completed,6650,1940,Sunk
GER_0023,230,Germany,Cruiser,K,Karlsruhe,1929,Completed,6650,1940,Sunk
GER_0024,230,Germany,Cruiser,K,Koln,1930,Completed,6650,1945,Sunk
GER_0025,231,Germany,Cruiser,Leipzig,Leipzig,1931,Completed,6515,1946,Scuttled
GER_0026,231,Germany,Cruiser,Nurnberg,Nurnberg,1935,Completed,6520,1946,Transferred
GER_0027,232,Germany,Cruiser,M,M,1938,Laid Down,7800,1941,Scrapped
GER_0028,232,Germany,Cruiser,M,N,1939,Laid Down,7800,1941,Scrapped
GER_0029,232,Germany,Cruiser,M,O,1939,Laid Down,7800,1941,Scrapped
GER_0030,232,Germany,Cruiser,M,P,1938,Planned,7800,N/A,N/A
GER_0031,232,Germany,Cruiser,M,Q,1938,Planned,7800,N/A,N/A
GER_0032,232,Germany,Cruiser,M,R,1938,Planned,7800,N/A,N/A
GER_0033,232,Germany,Destroyer,1934 Type,Z1,1935,Launched,1625,1940,Sunk
GER_0034,232,Germany,Destroyer,1934 Type,Z2,1935,Launched,1625,1940,Sunk
GER_0035,232,Germany,Destroyer,1934 Type,Z3,1935,Launched,1625,1940,Sunk
GER_0036,232,Germany,Destroyer,1934 Type,Z4,1935,Launched,1625,1945,Transferred
GER_0037,233,Germany,Destroyer,1934A Type,Z5,1936,Launched,1625,1946,Transferred
GER_0038,233,Germany,Destroyer,1934A Type,Z6,1936,Launched,1625,1946,Transferred
GER_0039,233,Germany,Destroyer,1934A Type,Z7,1936,Launched,1625,1942,Sunk
GER_0040,233,Germany,Destroyer,1934A Type,Z8,1936,Launched,1625,1942,Sunk
GER_0041,233,Germany,Destroyer,1934A Type,Z9,1936,Launched,1625,1940,Sunk
GER_0042,233,Germany,Destroyer,1934A Type,Z10,1936,Launched,1625,1946,Transferred
GER_0043,233,Germany,Destroyer,1934A Type,Z11,1936,Launched,1625,1940,Sunk
GER_0044,233,Germany,Destroyer,1934A Type,Z12,1937,Launched,1625,1940,Sunk
GER_0045,233,Germany,Destroyer,1934A Type,Z13,1937,Launched,1625,1940,Sunk
GER_0046,233,Germany,Destroyer,1934A Type,Z14,1935,Launched,1625,1946,Transferred
GER_0047,233,Germany,Destroyer,1934A Type,Z15,1936,Launched,1625,1946,Transferred
GER_0048,233,Germany,Destroyer,1934A Type,Z16,1937,Launched,1625,1942,Sunk
GER_0049,233,Germany,Destroyer,1936 Type,Z17,1937,Launched,1625,1940,Sunk
GER_0050,233,Germany,Destroyer,1936 Type,Z18,1937,Launched,1625,1940,Sunk
GER_0051,233,Germany,Destroyer,1936 Type,Z19,1937,Launched,1625,1940,Sunk
GER_0052,233,Germany,Destroyer,1936 Type,Z20,1938,Launched,1625,1946,Transferred
GER_0053,233,Germany,Destroyer,1936 Type,Z21,1938,Launched,1625,1940,Sunk
GER_0054,233,Germany,Destroyer,1936 Type,Z22,1938,Launched,1625,1940,Sunk
GER_0055,234,Germany,Destroyer,1936A Type,Z23,1939,Launched,3605,1946,Survived
GER_0056,234,Germany,Destroyer,1936A Type,Z24,1940,Launched,3605,1944,Sunk
GER_0057,234,Germany,Destroyer,1936A Type,Z25,1940,Launched,3605,1946,Transferred
GER_0058,234,Germany,Destroyer,1936A Type,Z26,1940,Launched,3605,1942,Sunk
GER_0059,234,Germany,Destroyer,1936A Type,Z27,1940,Launched,3605,1943,Sunk
GER_0060,234,Germany,Destroyer,1936A Type,Z28,1940,Launched,3605,1945,Sunk
GER_0061,234,Germany,Destroyer,1936A Type,Z29,1940,Launched,3605,1946,Scuttled
GER_0062,234,Germany,Destroyer,1936A Type,Z30,1940,Launched,3605,1945,Transferred
GER_0063,234,Germany,Destroyer,1936A Type,Z31,1941,Launched,3624,1946,Transferred
GER_0064,234,Germany,Destroyer,1936A Type,Z32,1941,Launched,3624,1944,Sunk
GER_0065,234,Germany,Destroyer,1936A Type,Z33,1941,Launched,3624,1946,Transferred
GER_0066,234,Germany,Destroyer,1936A Type,Z34,1942,Launched,3624,1946,Scuttled
GER_0067,234,Germany,Destroyer,1936A Type,Z37,1941,Launched,3624,1944,Scuttled
GER_0068,234,Germany,Destroyer,1936A Type,Z38,1941,Launched,3624,1946,Transferred
GER_0069,234,Germany,Destroyer,1936A Type,Z39,1941,Launched,3624,1946,Transferred
GER_0070,235,Germany,Destroyer,1936C Type,Z35,1942,Launched,3031,1944,Sunk
GER_0071,235,Germany,Destroyer,1936C Type,Z36,1943,Launched,3031,1944,Sunk
GER_0072,235,Germany,Destroyer,1936C Type,Z43,1943,Launched,3031,1945,Scuttled
GER_0073,235,Germany,Destroyer,1936C Type,Z44,1944,Launched,3031,1944,Sunk
GER_0074,235,Germany,Destroyer,1936C Type,Z45,1944,Laid Down,3031,N/A,Sunk
GER_0075,235,Germany,Destroyer,1942 Type,Z46,1943,Planned,2330,1946,Scrapped
GER_0076,235,Germany,Destroyer,1942 Type,Z47,1943,Planned,2330,N/A,N/A
GER_0077,235,Germany,Destroyer,1942 Type,Z48,1943,Planned,2330,N/A,N/A
GER_0078,235,Germany,Destroyer,1942 Type,Z49,1943,Planned,2330,N/A,N/A
GER_0079,235,Germany,Destroyer,1942 Type,Z50,1943,Planned,2330,1946,Scrapped
GER_0080,235,Germany,Destroyer,Spahkreuzer Scout,SP1,1941,Planned,6300,1943,Scrapped
GER_0081,235,Germany,Destroyer,Spahkreuzer Scout,SP2,1941,Planned,6300,N/A,N/A
GER_0082,235,Germany,Destroyer,Spahkreuzer Scout,SP3,1941,Planned,6300,N/A,N/A
GER_0083,235,Germany,Destroyer,Spahkreuzer Scout,Z51,1944,Launched,2330,1945,Sunk
GER_0084,236,Germany,Destroyer,1944 Type,Z52,1943,Laid Down,3170,1946,Survived
GER_0085,236,Germany,Destroyer,1944 Type,Z53,1943,Laid Down,3170,1946,Survived
GER_0086,236,Germany,Destroyer,1944 Type,Z54,1943,Laid Down,3170,1946,Survived
GER_0087,236,Germany,Destroyer,1944 Type,Z55,1943,Laid Down,3170,1946,Survived
GER_0088,236,Germany,Destroyer,1944 Type,Z56,1943,Laid Down,3170,1946,Survived
GER_0089,236,Germany,Destroyer,ZH1,ZH1,1940,Launched,1922,1944,Sunk
GER_0090,236,Germany,Destroyer,ZF2,ZF2,1943,Laid Down,2070,1946,Survived
GER_0091,236,Germany,Destroyer,ZG3,ZG3,1942,Completed,1414,1943,Scuttled
GER_0092,237,Germany,Destroyer,1923 Type,Mowe,1926,Completed,924,1944,Sunk
GER_0093,237,Germany,Destroyer,1923 Type,Greif,1927,Completed,924,1944,Sunk
GER_0094,237,Germany,Destroyer,1923 Type,Seeadler,1927,Completed,924,1942,Sunk
GER_0095,237,Germany,Destroyer,1923 Type,Albatros,1927,Completed,924,1940,Sunk
GER_0096,237,Germany,Destroyer,1923 Type,Kondor,1928,Completed,924,1944,Sunk
GER_0097,237,Germany,Destroyer,1923 Type,Falke,1928,Completed,924,1944,Sunk
GER_0098,237,Germany,Destroyer,1924 Type,Wolf,1928,Completed,933,1941,Sunk
GER_0099,237,Germany,Destroyer,1924 Type,Iltis,1928,Completed,933,1942,Sunk
GER_0100,237,Germany,Destroyer,1924 Type,Jaguar,1929,Completed,933,1944,Sunk
GER_0101,237,Germany,Destroyer,1924 Type,Leopard,1929,Completed,933,1940,Sunk
GER_0102,237,Germany,Destroyer,1924 Type,Luchs,1929,Completed,933,1940,Sunk
GER_0103,237,Germany,Destroyer,1924 Type,Tiger,1929,Completed,933,1939,Sunk
GER_0104,237,Germany,Destroyer,1935 Type,T1,1939,Completed,844,1945,Sunk
GER_0105,237,Germany,Destroyer,1935 Type,T2,1939,Completed,844,1944,Sunk
GER_0106,237,Germany,Destroyer,1935 Type,T3,1940,Completed,844,1945,Sunk
GER_0107,237,Germany,Destroyer,1935 Type,T4,1940,Completed,844,1945,Transferred
GER_0108,237,Germany,Destroyer,1935 Type,T5,1940,Completed,844,1945,Sunk
GER_0109,237,Germany,Destroyer,1935 Type,T6,1940,Completed,844,1940,Sunk
GER_0110,237,Germany,Destroyer,1935 Type,T7,1940,Completed,844,1944,Sunk
GER_0111,237,Germany,Destroyer,1935 Type,T8,1940,Completed,844,1945,Scuttled
GER_0112,237,Germany,Destroyer,1935 Type,T9,1940,Completed,844,1945,Scuttled
GER_0113,237,Germany,Destroyer,1935 Type,T10,1940,Completed,844,1944,Sunk
GER_0114,237,Germany,Destroyer,1935 Type,T11,1940,Completed,844,1945,Transferred
GER_0115,237,Germany,Destroyer,1935 Type,T12,1940,Completed,844,1945,Transferred
GER_0116,238,Germany,Destroyer,1937 Type,T13,1941,Completed,853,1945,Sunk
GER_0117,238,Germany,Destroyer,1937 Type,T14,1941,Completed,853,1946,Transferred
GER_0118,238,Germany,Destroyer,1937 Type,T15,1941,Completed,853,1943,Sunk
GER_0119,238,Germany,Destroyer,1937 Type,T16,1941,Completed,853,1945,Scrapped
GER_0120,238,Germany,Destroyer,1937 Type,T17,1941,Completed,853,1946,Transferred
GER_0121,238,Germany,Destroyer,1937 Type,T18,1941,Completed,853,1944,Sunk
GER_0122,238,Germany,Destroyer,1937 Type,T19,1942,Completed,853,1945,Transferred
GER_0123,238,Germany,Destroyer,1937 Type,T20,1942,Completed,853,1945,Transferred
GER_0124,238,Germany,Destroyer,1937 Type,T21,1942,Completed,853,1946,Scuttled
GER_0125,238,Germany,Destroyer,1939 Type,T22,1942,Completed,1294,1944,Sunk
GER_0126,238,Germany,Destroyer,1939 Type,T23,1942,Completed,1294,1945,Transferred
GER_0127,238,Germany,Destroyer,1939 Type,T24,1942,Completed,1294,1944,Sunk
GER_0128,238,Germany,Destroyer,1939 Type,T25,1942,Completed,1294,1943,Sunk
GER_0129,238,Germany,Destroyer,1939 Type,T26,1943,Completed,1294,1943,Sunk
GER_0130,238,Germany,Destroyer,1939 Type,T27,1943,Completed,1294,1944,Scuttled
GER_0131,238,Germany,Destroyer,1939 Type,T28,1943,Completed,1294,1945,Transferred
GER_0132,238,Germany,Destroyer,1939 Type,T29,1943,Completed,1294,1944,Sunk
GER_0133,238,Germany,Destroyer,1939 Type,T30,1943,Completed,1294,1944,Sunk
GER_0134,238,Germany,Destroyer,1939 Type,T31,1944,Completed,1294,1944,Sunk
GER_0135,238,Germany,Destroyer,1939 Type,T32,1944,Completed,1294,1944,Sunk
GER_0136,238,Germany,Destroyer,1939 Type,T33,1944,Completed,1294,1946,Transferred
GER_0137,238,Germany,Destroyer,1939 Type,T34,1944,Completed,1294,1944,Sunk
GER_0138,238,Germany,Destroyer,1939 Type,T35,1944,Completed,1294,1945,Transferred
GER_0139,238,Germany,Destroyer,1939 Type,T36,1944,Completed,1294,1945,Sunk
GER_0140,238,Germany,Destroyer,1940 Type,T61,1944,Launched,1931,1944,Sunk
GER_0141,238,Germany,Destroyer,1940 Type,T63,1944,Launched,1931,N/A,N/A
GER_0142,238,Germany,Destroyer,1940 Type,T65,1944,Launched,1931,N/A,N/A
GER_0143,239,Germany,Destroyer,1941 Type,T37,1944,Completed,1493,1945,Scuttled
GER_0144,239,Germany,Destroyer,1941 Type,T38,1944,Completed,1493,1945,Scuttled
GER_0145,239,Germany,Destroyer,1941 Type,T39,1944,Completed,1493,1945,Scuttled
GER_0146,241,Germany,Submarine,Type IIA,U1,1935,Launched,250,1940,Sunk
GER_0147,241,Germany,Submarine,Type IIA,U2,1935,Launched,250,1944,Sunk
GER_0148,241,Germany,Submarine,Type IIA,U3,1935,Launched,250,1945,Transferred
GER_0149,241,Germany,Submarine,Type IIA,U4,1935,Launched,250,1945,Transferred
GER_0150,241,Germany,Submarine,Type IIA,U5,1935,Launched,250,1943,Sunk
GER_0151,241,Germany,Submarine,Type IIA,U6,1935,Launched,250,1945,Transferred
GER_0152,241,Germany,Submarine,Type IIC,U56,1938,Completed,286,1945,Sunk
GER_0153,241,Germany,Submarine,Type IIC,U57,1938,Completed,286,1945,Scuttled
GER_0154,241,Germany,Submarine,Type IIC,U58,1939,Completed,286,1945,Scuttled
GER_0155,241,Germany,Submarine,Type IIC,U59,1939,Completed,286,1945,Transferred
GER_0156,241,Germany,Submarine,Type IIC,U60,1939,Completed,286,1945,Scuttled
GER_0157,241,Germany,Submarine,Type IIC,U61,1939,Completed,286,1945,Scuttled
GER_0158,241,Germany,Submarine,Type IIC,U62,1939,Completed,286,1945,Scuttled
GER_0159,241,Germany,Submarine,Type IIC,U63,1940,Completed,286,1940,Sunk
GER_0160,241,Germany,Submarine,Type IID,U137,1940,Launched,309,1945,Scuttled
GER_0161,241,Germany,Submarine,Type IID,U138,1940,Launched,309,1941,Sunk
GER_0162,241,Germany,Submarine,Type IID,U139,1940,Launched,309,1945,Scuttled
GER_0163,241,Germany,Submarine,Type IID,U140,1940,Launched,309,1945,Scuttled
GER_0164,241,Germany,Submarine,Type IID,U141,1940,Launched,309,1945,Scuttled
GER_0165,241,Germany,Submarine,Type IID,U142,1940,Launched,309,1945,Scuttled
GER_0166,241,Germany,Submarine,Type IID,U143,1940,Launched,309,1945,Transferred
GER_0167,241,Germany,Submarine,Type IID,U144,1940,Launched,309,1941,Sunk
GER_0168,241,Germany,Submarine,Type IID,U145,1940,Launched,309,1945,Transferred
GER_0169,241,Germany,Submarine,Type IID,U146,1940,Launched,309,1945,Scuttled
GER_0170,241,Germany,Submarine,Type IID,U147,1940,Launched,309,1941,Sunk
GER_0171,241,Germany,Submarine,Type IID,U148,1940,Launched,309,1945,Scuttled
GER_0172,241,Germany,Submarine,Type IID,U149,1940,Launched,309,1945,Transferred
GER_0173,241,Germany,Submarine,Type IID,U150,1940,Launched,309,1945,Transferred
GER_0174,241,Germany,Submarine,Type IID,U151,1940,Launched,309,1945,Scuttled
GER_0175,241,Germany,Submarine,Type IID,U152,1940,Launched,309,1945,Scuttled
GER_0176,241,Germany,Submarine,Type IIB,U7,1935,Completed,275,1944,Sunk
GER_0177,241,Germany,Submarine,Type IIB,U8,1935,Completed,275,1945,Scuttled
GER_0178,241,Germany,Submarine,Type IIB,U9,1935,Completed,275,1944,Sunk
GER_0179,241,Germany,Submarine,Type IIB,U10,1935,Completed,275,1945,Transferred
GER_0180,241,Germany,Submarine,Type IIB,U11,1935,Completed,275,1945,Transferred
GER_0181,241,Germany,Submarine,Type IIB,U12,1935,Completed,275,1939,Sunk
GER_0182,241,Germany,Submarine,Type IIB,U13,1935,Completed,275,1940,Sunk
GER_0183,241,Germany,Submarine,Type IIB,U14,1936,Completed,275,1945,Scuttled
GER_0184,241,Germany,Submarine,Type IIB,U15,1936,Completed,275,1940,Sunk
GER_0185,241,Germany,Submarine,Type IIB,U16,1936,Completed,275,1939,Sunk
GER_0186,241,Germany,Submarine,Type IIB,U17,1935,Completed,275,1945,Scuttled
GER_0187,241,Germany,Submarine,Type IIB,U18,1936,Completed,275,1944,Scuttled
GER_0188,241,Germany,Submarine,Type IIB,U19,1936,Completed,275,1944,Sunk
GER_0189,241,Germany,Submarine,Type IIB,U20,1936,Completed,275,1944,Sunk
GER_0190,241,Germany,Submarine,Type IIB,U21,1936,Completed,275,1945,Scrapped
GER_0191,241,Germany,Submarine,Type IIB,U22,1936,Completed,275,1940,Sunk
GER_0192,241,Germany,Submarine,Type IIB,U23,1936,Completed,275,1944,Sunk
GER_0193,241,Germany,Submarine,Type IIB,U24,1936,Completed,275,1944,Scuttled
GER_0194,241,Germany,Submarine,Type IIB,U120,1940,Completed,275,1945,Scuttled
GER_0195,241,Germany,Submarine,Type IIB,U121,1940,Completed,275,1945,Scuttled
GER_0196,241,Germany,Submarine,Type VIIA,U27,1936,Completed,616,1939,Sunk
GER_0197,241,Germany,Submarine,Type VIIA,U28,1936,Completed,616,1944,Sunk
GER_0198,241,Germany,Submarine,Type VIIA,U29,1936,Completed,616,1945,Scuttled
GER_0199,241,Germany,Submarine,Type VIIA,U30,1936,Completed,616,1945,Scuttled
GER_0200,241,Germany,Submarine,Type VIIA,U31,1936,Completed,616,1940,Sunk
GER_0201,241,Germany,Submarine,Type VIIA,U32,1937,Completed,616,1940,Sunk
GER_0202,241,Germany,Submarine,Type VIIA,U33,1936,Completed,616,1940,Sunk
GER_0203,241,Germany,Submarine,Type VIIA,U34,1936,Completed,616,1943,Sunk
GER_0204,241,Germany,Submarine,Type VIIA,U35,1936,Completed,616,1939,Sunk
GER_0205,241,Germany,Submarine,Type VIIA,U36,1936,Completed,616,1939,Sunk
GER_0206,242,Germany,Submarine,Type VIIB,U45,1938,Completed,741,1939,Sunk
GER_0207,242,Germany,Submarine,Type VIIB,U46,1938,Completed,741,1945,Scuttled
GER_0208,242,Germany,Submarine,Type VIIB,U47,1938,Completed,741,1941,Sunk
GER_0209,242,Germany,Submarine,Type VIIB,U48,1939,Completed,741,1945,Scuttled
GER_0210,242,Germany,Submarine,Type VIIB,U49,1939,Completed,741,1940,Sunk
GER_0211,242,Germany,Submarine,Type VIIB,U50,1939,Completed,741,1940,Sunk
GER_0212,242,Germany,Submarine,Type VIIB,U51,1938,Completed,741,1940,Sunk
GER_0213,242,Germany,Submarine,Type VIIB,U52,1939,Completed,741,1945,Scuttled
GER_0214,242,Germany,Submarine,Type VIIB,U53,1939,Completed,741,1940,Sunk
GER_0215,242,Germany,Submarine,Type VIIB,U54,1939,Completed,741,1940,Sunk
GER_0216,242,Germany,Submarine,Type VIIB,U55,1939,Completed,741,1940,Sunk
GER_0217,242,Germany,Submarine,Type VIIB,U73,1940,Completed,741,1943,Sunk
GER_0218,242,Germany,Submarine,Type VIIB,U74,1940,Completed,741,1942,Sunk
GER_0219,242,Germany,Submarine,Type VIIB,U75,1940,Completed,741,1941,Sunk
GER_0220,242,Germany,Submarine,Type VIIB,U76,1940,Completed,741,1941,Sunk
GER_0221,242,Germany,Submarine,Type VIIB,U83,1941,Completed,741,1943,Sunk
GER_0222,242,Germany,Submarine,Type VIIB,U84,1941,Completed,741,1943,Sunk
GER_0223,242,Germany,Submarine,Type VIIB,U85,1941,Completed,741,1942,Sunk
GER_0224,242,Germany,Submarine,Type VIIB,U86,1941,Completed,741,1943,Sunk
GER_0225,242,Germany,Submarine,Type VIIB,U87,1941,Completed,741,1943,Sunk
GER_0226,242,Germany,Submarine,Type VIIB,U99,1940,Completed,741,1941,Sunk
GER_0227,242,Germany,Submarine,Type VIIB,U100,1940,Completed,741,1941,Sunk
GER_0228,242,Germany,Submarine,Type VIIB,U101,1940,Completed,741,1945,Transferred
GER_0229,242,Germany,Submarine,Type VIIB,U102,1940,Completed,741,1940,Sunk
GER_0230,242,Germany,Submarine,Type VIIC,U69,1940,Completed,749,1943,Sunk
GER_0231,242,Germany,Submarine,Type VIIC,U70,1940,Completed,749,1941,Sunk
GER_0232,242,Germany,Submarine,Type VIIC,U71,1940,Completed,749,1945,Scuttled
GER_0233,242,Germany,Submarine,Type VIIC,U72,1941,Completed,749,1945,Sunk
GER_0234,242,Germany,Submarine,Type VIIC,U77,1941,Completed,749,1943,Sunk
GER_0235,242,Germany,Submarine,Type VIIC,U78,1941,Completed,749,1945,Sunk
GER_0236,242,Germany,Submarine,Type VIIC,U79,1941,Completed,749,1941,Sunk
GER_0237,242,Germany,Submarine,Type VIIC,U80,1941,Completed,749,1944,Sunk
GER_0238,242,Germany,Submarine,Type VIIC,U81,1941,Completed,749,1944,Sunk
GER_0239,242,Germany,Submarine,Type VIIC,U82,1941,Completed,749,1942,Sunk
GER_0240,242,Germany,Submarine,Type VIIC,U88,1941,Completed,749,1942,Sunk
GER_0241,242,Germany,Submarine,Type VIIC,U89,1941,Completed,749,1943,Sunk
GER_0242,242,Germany,Submarine,Type VIIC,U90,1941,Completed,749,1942,Sunk
GER_0243,242,Germany,Submarine,Type VIIC,U91,1942,Completed,749,1944,Sunk
GER_0244,242,Germany,Submarine,Type VIIC,U92,1942,Completed,749,1944,Sunk
GER_0245,242,Germany,Submarine,Type VIIC,U93,1940,Completed,749,1942,Sunk
GER_0246,242,Germany,Submarine,Type VIIC,U94,1940,Completed,749,1942,Sunk
GER_0247,242,Germany,Submarine,Type VIIC,U95,1940,Completed,749,1941,Sunk
GER_0248,242,Germany,Submarine,Type VIIC,U96,1940,Completed,749,1945,Sunk
GER_0249,242,Germany,Submarine,Type VIIC,U97,1940,Completed,749,1943,Sunk
GER_0250,242,Germany,Submarine,Type VIIC,U98,1940,Completed,749,1942,Sunk
GER_0251,242,Germany,Submarine,Type VIIC,U132,1941,Completed,749,1942,Sunk
GER_0252,242,Germany,Submarine,Type VIIC,U133,1941,Completed,749,1942,Sunk
GER_0253,242,Germany,Submarine,Type VIIC,U134,1941,Completed,749,1943,Sunk
GER_0254,242,Germany,Submarine,Type VIIC,U135,1941,Completed,749,1943,Sunk
GER_0255,242,Germany,Submarine,Type VIIC,U136,1941,Completed,749,1942,Sunk
GER_0256,242,Germany,Submarine,Type VIIC,U201,1941,Completed,749,1943,Sunk
GER_0257,242,Germany,Submarine,Type VIIC,U202,1941,Completed,749,1943,Sunk
GER_0258,242,Germany,Submarine,Type VIIC,U203,1941,Completed,749,1943,Sunk
GER_0259,242,Germany,Submarine,Type VIIC,U204,1941,Completed,749,1941,Sunk
GER_0260,242,Germany,Submarine,Type VIIC,U205,1941,Completed,749,1943,Sunk
GER_0261,242,Germany,Submarine,Type VIIC,U206,1941,Completed,749,1941,Sunk
GER_0262,242,Germany,Submarine,Type VIIC,U207,1941,Completed,749,1941,Sunk
GER_0263,242,Germany,Submarine,Type VIIC,U208,1941,Completed,749,1941,Sunk
GER_0264,242,Germany,Submarine,Type VIIC,U209,1941,Completed,749,1943,Sunk
GER_0265,242,Germany,Submarine,Type VIIC,U210,1942,Completed,749,1942,Sunk
GER_0266,242,Germany,Submarine,Type VIIC,U211,1942,Completed,749,1943,Sunk
GER_0267,242,Germany,Submarine,Type VIIC,U212,1942,Completed,749,1944,Sunk
GER_0268,242,Germany,Submarine,Type VIIC,U221,1942,Completed,749,1943,Sunk
GER_0269,242,Germany,Submarine,Type VIIC,U222,1942,Completed,749,1942,Sunk
GER_0270,242,Germany,Submarine,Type VIIC,U223,1942,Completed,749,1944,Sunk
GER_0271,242,Germany,Submarine,Type VIIC,U224,1942,Completed,749,1943,Sunk
GER_0272,242,Germany,Submarine,Type VIIC,U225,1942,Completed,749,1945,Transferred
GER_0273,242,Germany,Submarine,Type VIIC,U226,1942,Completed,749,1943,Sunk
GER_0274,242,Germany,Submarine,Type VIIC,U227,1942,Completed,749,1943,Sunk
GER_0275,242,Germany,Submarine,Type VIIC,U228,1942,Completed,749,1944,Sunk
GER_0276,242,Germany,Submarine,Type VIIC,U229,1942,Completed,749,1943,Sunk
GER_0277,242,Germany,Submarine,Type VIIC,U230,1942,Completed,749,1945,Scuttled
GER_0278,242,Germany,Submarine,Type VIIC,U231,1942,Completed,749,1944,Sunk
GER_0279,242,Germany,Submarine,Type VIIC,U232,1942,Completed,749,1943,Sunk
GER_0280,242,Germany,Submarine,Type VIIC,U235,1942,Completed,749,1943,Sunk
GER_0281,242,Germany,Submarine,Type VIIC,U236,1943,Completed,749,1943,Sunk
GER_0282,242,Germany,Submarine,Type VIIC,U237,1943,Completed,749,1943,Sunk
GER_0283,242,Germany,Submarine,Type VIIC,U238,1943,Completed,749,1944,Sunk
GER_0284,242,Germany,Submarine,Type VIIC,U239,1943,Completed,749,1944,Sunk
GER_0285,242,Germany,Submarine,Type VIIC,U240,1943,Completed,749,1944,Sunk
GER_0286,242,Germany,Submarine,Type VIIC,U241,1943,Completed,749,1944,Sunk
GER_0287,242,Germany,Submarine,Type VIIC,U242,1943,Completed,749,1945,Sunk
GER_0288,242,Germany,Submarine,Type VIIC,U243,1943,Completed,749,1944,Sunk
GER_0289,242,Germany,Submarine,Type VIIC,U244,1943,Completed,749,1945,Transferred
GER_0290,242,Germany,Submarine,Type VIIC,U245,1943,Completed,749,1945,Transferred
GER_0291,242,Germany,Submarine,Type VIIC,U246,1944,Completed,749,1945,Sunk
GER_0292,242,Germany,Submarine,Type VIIC,U247,1943,Completed,749,1944,Sunk
GER_0293,242,Germany,Submarine,Type VIIC,U248,1943,Completed,749,1945,Sunk
GER_0294,242,Germany,Submarine,Type VIIC,U249,1943,Completed,749,1945,Transferred
GER_0295,242,Germany,Submarine,Type VIIC,U250,1943,Completed,749,1944,Sunk
GER_0296,242,Germany,Submarine,Type VIIC,U251,1941,Completed,749,1945,Sunk
GER_0297,242,Germany,Submarine,Type VIIC,U252,1941,Completed,749,1942,Sunk
GER_0298,242,Germany,Submarine,Type VIIC,U253,1941,Completed,749,1942,Sunk
GER_0299,242,Germany,Submarine,Type VIIC,U254,1941,Completed,749,1942,Sunk
GER_0300,242,Germany,Submarine,Type VIIC,U255,1941,Completed,749,1945,Transferred
GER_0301,242,Germany,Submarine,Type VIIC,U256,1941,Completed,749,1945,Transferred
GER_0302,242,Germany,Submarine,Type VIIC,U257,1942,Completed,749,1944,Sunk
GER_0303,242,Germany,Submarine,Type VIIC,U258,1942,Completed,749,1943,Sunk
GER_0304,242,Germany,Submarine,Type VIIC,U259,1942,Completed,749,1942,Sunk
GER_0305,242,Germany,Submarine,Type VIIC,U260,1942,Completed,749,1945,Sunk
GER_0306,242,Germany,Submarine,Type VIIC,U261,1942,Completed,749,1942,Sunk
GER_0307,242,Germany,Submarine,Type VIIC,U262,1942,Completed,749,1945,Transferred
GER_0308,242,Germany,Submarine,Type VIIC,U263,1942,Completed,749,1944,Sunk
GER_0309,242,Germany,Submarine,Type VIIC,U264,1942,Completed,749,1944,Sunk
GER_0310,242,Germany,Submarine,Type VIIC,U265,1942,Completed,749,1943,Sunk
GER_0311,242,Germany,Submarine,Type VIIC,U266,1942,Completed,749,1943,Sunk
GER_0312,242,Germany,Submarine,Type VIIC,U267,1942,Completed,749,1945,Scuttled
GER_0313,242,Germany,Submarine,Type VIIC,U268,1942,Completed,749,1943,Sunk
GER_0314,242,Germany,Submarine,Type VIIC,U269,1942,Completed,749,1944,Sunk
GER_0315,242,Germany,Submarine,Type VIIC,U270,1942,Completed,749,1944,Sunk
GER_0316,242,Germany,Submarine,Type VIIC,U271,1942,Completed,749,1944,Sunk
GER_0317,242,Germany,Submarine,Type VIIC,U272,1942,Completed,749,1942,Sunk
GER_0318,242,Germany,Submarine,Type VIIC,U273,1942,Completed,749,1943,Sunk
GER_0319,242,Germany,Submarine,Type VIIC,U274,1942,Completed,749,1943,Sunk
GER_0320,242,Germany,Submarine,Type VIIC,U275,1942,Completed,749,1945,Sunk
GER_0321,242,Germany,Submarine,Type VIIC,U276,1942,Completed,749,1945,Transferred
GER_0322,242,Germany,Submarine,Type VIIC,U277,1942,Completed,749,1944,Sunk
GER_0323,242,Germany,Submarine,Type VIIC,U278,1943,Completed,749,1945,Transferred
GER_0324,242,Germany,Submarine,Type VIIC,U279,1943,Completed,749,1943,Sunk
GER_0325,242,Germany,Submarine,Type VIIC,U280,1943,Completed,749,1943,Sunk
GER_0326,242,Germany,Submarine,Type VIIC,U281,1943,Completed,749,1945,Sunk
GER_0327,242,Germany,Submarine,Type VIIC,U282,1943,Completed,749,1943,Sunk
GER_0328,242,Germany,Submarine,Type VIIC,U283,1943,Completed,749,1944,Sunk
GER_0329,242,Germany,Submarine,Type VIIC,U284,1943,Completed,749,1943,Sunk
GER_0330,242,Germany,Submarine,Type VIIC,U285,1943,Completed,749,1945,Sunk
GER_0331,242,Germany,Submarine,Type VIIC,U286,1943,Completed,749,1945,Sunk
GER_0332,242,Germany,Submarine,Type VIIC,U287,1943,Completed,749,1945,Transferred
GER_0333,242,Germany,Submarine,Type VIIC,U288,1943,Completed,749,1944,Sunk
GER_0334,242,Germany,Submarine,Type VIIC,U289,1943,Completed,749,1944,Sunk
GER_0335,242,Germany,Submarine,Type VIIC,U290,1943,Completed,749,1945,Scuttled
GER_0336,242,Germany,Submarine,Type VIIC,U291,1943,Completed,749,1945,Sunk
GER_0337,242,Germany,Submarine,Type VIIC,U301,1942,Completed,749,1943,Sunk
GER_0338,242,Germany,Submarine,Type VIIC,U302,1942,Completed,749,1944,Sunk
GER_0339,242,Germany,Submarine,Type VIIC,U303,1942,Completed,749,1943,Sunk
GER_0340,242,Germany,Submarine,Type VIIC,U304,1942,Completed,749,1943,Sunk
GER_0341,242,Germany,Submarine,Type VIIC,U305,1942,Completed,749,1944,Sunk
GER_0342,242,Germany,Submarine,Type VIIC,U306,1942,Completed,749,1943,Sunk
GER_0343,242,Germany,Submarine,Type VIIC,U307,1942,Completed,749,1945,Sunk
GER_0344,242,Germany,Submarine,Type VIIC,U308,1942,Completed,749,1943,Sunk
GER_0345,242,Germany,Submarine,Type VIIC,U309,1943,Completed,749,1945,Sunk
GER_0346,242,Germany,Submarine,Type VIIC,U310,1943,Completed,749,1945,Transferred
GER_0347,242,Germany,Submarine,Type VIIC,U311,1943,Completed,749,1944,Sunk
GER_0348,242,Germany,Submarine,Type VIIC,U312,1943,Completed,749,1945,Transferred
GER_0349,242,Germany,Submarine,Type VIIC,U313,1943,Completed,749,1945,Transferred
GER_0350,242,Germany,Submarine,Type VIIC,U314,1943,Completed,749,1944,Sunk
GER_0351,242,Germany,Submarine,Type VIIC,U315,1943,Completed,749,1945,Transferred
GER_0352,242,Germany,Submarine,Type VIIC,U316,1943,Completed,749,1945,Scuttled
GER_0353,242,Germany,Submarine,Type VIIC,U317,1943,Completed,749,1944,Sunk
GER_0354,242,Germany,Submarine,Type VIIC,U318,1943,Completed,749,1945,Sunk
GER_0355,242,Germany,Submarine,Type VIIC,U319,1943,Completed,749,1944,Sunk
GER_0356,242,Germany,Submarine,Type VIIC,U320,1943,Completed,749,1945,Sunk
GER_0357,242,Germany,Submarine,Type VIIC,U321,1944,Completed,749,1945,Sunk
GER_0358,242,Germany,Submarine,Type VIIC,U322,1944,Completed,749,1944,Sunk
GER_0359,242,Germany,Submarine,Type VIIC,U323,1944,Completed,749,1945,Scuttled
GER_0360,242,Germany,Submarine,Type VIIC,U324,1944,Completed,749,1945,Transferred
GER_0361,242,Germany,Submarine,Type VIIC,U325,1944,Completed,749,1945,Sunk
GER_0362,242,Germany,Submarine,Type VIIC,U326,1944,Completed,749,1945,Sunk
GER_0363,242,Germany,Submarine,Type VIIC,U327,1944,Completed,749,1945,Sunk
GER_0364,242,Germany,Submarine,Type VIIC,U328,1944,Completed,749,1945,Transferred
GER_0365,242,Germany,Submarine,Type VIIC,U329,1943,Laid Down,749,1944,Scrapped
GER_0366,242,Germany,Submarine,Type VIIC,U331,1941,Completed,749,1942,Sunk
GER_0367,242,Germany,Submarine,Type VIIC,U332,1941,Completed,749,1943,Sunk
GER_0368,242,Germany,Submarine,Type VIIC,U333,1941,Completed,749,1944,Sunk
GER_0369,242,Germany,Submarine,Type VIIC,U334,1941,Completed,749,1943,Sunk
GER_0370,242,Germany,Submarine,Type VIIC,U335,1941,Completed,749,1942,Sunk
GER_0371,242,Germany,Submarine,Type VIIC,U336,1942,Completed,749,1943,Sunk
GER_0372,242,Germany,Submarine,Type VIIC,U337,1942,Completed,749,1943,Sunk
GER_0373,242,Germany,Submarine,Type VIIC,U338,1942,Completed,749,1943,Sunk
GER_0374,242,Germany,Submarine,Type VIIC,U339,1942,Completed,749,1945,Scuttled
GER_0375,242,Germany,Submarine,Type VIIC,U340,1942,Completed,749,1943,Sunk
GER_0376,242,Germany,Submarine,Type VIIC,U341,1942,Completed,749,1943,Sunk
GER_0377,242,Germany,Submarine,Type VIIC,U342,1943,Completed,749,1944,Sunk
GER_0378,242,Germany,Submarine,Type VIIC,U343,1943,Completed,749,1944,Sunk
GER_0379,242,Germany,Submarine,Type VIIC,U344,1943,Completed,749,1944,Sunk
GER_0380,242,Germany,Submarine,Type VIIC,U345,1943,Completed,749,1945,Transferred
GER_0381,242,Germany,Submarine,Type VIIC,U346,1943,Completed,749,1943,Sunk
GER_0382,242,Germany,Submarine,Type VIIC,U347,1943,Completed,749,1944,Sunk
GER_0383,242,Germany,Submarine,Type VIIC,U348,1943,Completed,749,1945,Sunk
GER_0384,242,Germany,Submarine,Type VIIC,U349,1943,Completed,749,1945,Scuttled
GER_0385,242,Germany,Submarine,Type VIIC,U350,1943,Completed,749,1945,Sunk
GER_0386,242,Germany,Submarine,Type VIIC,U351,1941,Completed,749,1945,Scuttled
GER_0387,242,Germany,Submarine,Type VIIC,U352,1941,Completed,749,1942,Sunk
GER_0388,242,Germany,Submarine,Type VIIC,U353,1942,Completed,749,1942,Sunk
GER_0389,242,Germany,Submarine,Type VIIC,U354,1942,Completed,749,1944,Sunk
GER_0390,242,Germany,Submarine,Type VIIC,U355,1941,Completed,749,1944,Sunk
GER_0391,242,Germany,Submarine,Type VIIC,U356,1941,Completed,749,1942,Sunk
GER_0392,242,Germany,Submarine,Type VIIC,U357,1942,Completed,749,1942,Sunk
GER_0393,242,Germany,Submarine,Type VIIC,U358,1942,Completed,749,1944,Sunk
GER_0394,242,Germany,Submarine,Type VIIC,U359,1942,Completed,749,1943,Sunk
GER_0395,242,Germany,Submarine,Type VIIC,U360,1942,Completed,749,1944,Sunk
GER_0396,242,Germany,Submarine,Type VIIC,U361,1942,Completed,749,1944,Sunk
GER_0397,242,Germany,Submarine,Type VIIC,U362,1943,Completed,749,1944,Sunk
GER_0398,242,Germany,Submarine,Type VIIC,U363,1943,Completed,749,1945,Transferred
GER_0399,242,Germany,Submarine,Type VIIC,U364,1943,Completed,749,1944,Sunk
GER_0400,242,Germany,Submarine,Type VIIC,U365,1943,Completed,749,1944,Sunk
GER_0401,242,Germany,Submarine,Type VIIC,U366,1943,Completed,749,1944,Sunk
GER_0402,242,Germany,Submarine,Type VIIC,U367,1943,Completed,749,1945,Sunk
GER_0403,242,Germany,Submarine,Type VIIC,U368,1944,Completed,749,1945,Transferred
GER_0404,242,Germany,Submarine,Type VIIC,U369,1943,Completed,749,1945,Transferred
GER_0405,242,Germany,Submarine,Type VIIC,U370,1943,Completed,749,1945,Scuttled
GER_0406,242,Germany,Submarine,Type VIIC,U371,1941,Completed,749,1944,Sunk
GER_0407,242,Germany,Submarine,Type VIIC,U372,1941,Completed,749,1942,Sunk
GER_0408,242,Germany,Submarine,Type VIIC,U373,1941,Completed,749,1944,Sunk
GER_0409,242,Germany,Submarine,Type VIIC,U374,1941,Completed,749,1942,Sunk
GER_0410,242,Germany,Submarine,Type VIIC,U375,1941,Completed,749,1943,Sunk
GER_0411,242,Germany,Submarine,Type VIIC,U376,1941,Completed,749,1943,Sunk
GER_0412,242,Germany,Submarine,Type VIIC,U377,1941,Completed,749,1944,Sunk
GER_0413,242,Germany,Submarine,Type VIIC,U378,1941,Completed,749,1943,Sunk
GER_0414,242,Germany,Submarine,Type VIIC,U379,1941,Completed,749,1942,Sunk
GER_0415,242,Germany,Submarine,Type VIIC,U380,1941,Completed,749,1944,Sunk
GER_0416,242,Germany,Submarine,Type VIIC,U381,1942,Completed,749,1943,Sunk
GER_0417,242,Germany,Submarine,Type VIIC,U382,1942,Completed,749,1945,Scuttled
GER_0418,242,Germany,Submarine,Type VIIC,U383,1942,Completed,749,1943,Sunk
GER_0419,242,Germany,Submarine,Type VIIC,U384,1942,Completed,749,1943,Sunk
GER_0420,242,Germany,Submarine,Type VIIC,U385,1942,Completed,749,1944,Sunk
GER_0421,242,Germany,Submarine,Type VIIC,U386,1942,Completed,749,1944,Sunk
GER_0422,242,Germany,Submarine,Type VIIC,U387,1942,Completed,749,1944,Sunk
GER_0423,242,Germany,Submarine,Type VIIC,U388,1942,Completed,749,1943,Sunk
GER_0424,242,Germany,Submarine,Type VIIC,U389,1943,Completed,749,1943,Sunk
GER_0425,242,Germany,Submarine,Type VIIC,U390,1943,Completed,749,1944,Sunk
GER_0426,242,Germany,Submarine,Type VIIC,U391,1943,Completed,749,1943,Sunk
GER_0427,242,Germany,Submarine,Type VIIC,U392,1943,Completed,749,1944,Sunk
GER_0428,242,Germany,Submarine,Type VIIC,U393,1943,Completed,749,1945,Sunk
GER_0429,242,Germany,Submarine,Type VIIC,U394,1943,Completed,749,1944,Sunk
GER_0430,242,Germany,Submarine,Type VIIC,U396,1943,Completed,749,1945,Sunk
GER_0431,242,Germany,Submarine,Type VIIC,U397,1943,Completed,749,1945,Scuttled
GER_0432,242,Germany,Submarine,Type VIIC,U398,1943,Completed,749,1945,Sunk
GER_0433,242,Germany,Submarine,Type VIIC,U399,1944,Completed,749,1945,Sunk
GER_0434,242,Germany,Submarine,Type VIIC,U400,1944,Completed,749,1944,Sunk
GER_0435,242,Germany,Submarine,Type VIIC,U401,1941,Completed,749,1941,Sunk
GER_0436,242,Germany,Submarine,Type VIIC,U402,1941,Completed,749,1943,Sunk
GER_0437,242,Germany,Submarine,Type VIIC,U403,1941,Completed,749,1943,Sunk
GER_0438,242,Germany,Submarine,Type VIIC,U404,1941,Completed,749,1943,Sunk
GER_0439,242,Germany,Submarine,Type VIIC,U405,1941,Completed,749,1943,Sunk
GER_0440,242,Germany,Submarine,Type VIIC,U406,1941,Completed,749,1944,Sunk
GER_0441,242,Germany,Submarine,Type VIIC,U407,1941,Completed,749,1944,Sunk
GER_0442,242,Germany,Submarine,Type VIIC,U408,1941,Completed,749,1942,Sunk
GER_0443,242,Germany,Submarine,Type VIIC,U409,1942,Completed,749,1943,Sunk
GER_0444,242,Germany,Submarine,Type VIIC,U410,1942,Completed,749,1944,Sunk
GER_0445,242,Germany,Submarine,Type VIIC,U411,1942,Completed,749,1942,Sunk
GER_0446,242,Germany,Submarine,Type VIIC,U412,1942,Completed,749,1942,Sunk
GER_0447,242,Germany,Submarine,Type VIIC,U413,1942,Completed,749,1944,Sunk
GER_0448,242,Germany,Submarine,Type VIIC,U414,1942,Completed,749,1943,Sunk
GER_0449,242,Germany,Submarine,Type VIIC,U415,1942,Completed,749,1944,Sunk
GER_0450,242,Germany,Submarine,Type VIIC,U416,1942,Completed,749,1943,Sunk
GER_0451,242,Germany,Submarine,Type VIIC,U417,1942,Completed,749,1943,Sunk
GER_0452,242,Germany,Submarine,Type VIIC,U418,1942,Completed,749,1943,Sunk
GER_0453,242,Germany,Submarine,Type VIIC,U419,1942,Completed,749,1943,Sunk
GER_0454,242,Germany,Submarine,Type VIIC,U420,1942,Completed,749,1943,Sunk
GER_0455,242,Germany,Submarine,Type VIIC,U421,1943,Completed,749,1944,Sunk
GER_0456,242,Germany,Submarine,Type VIIC,U422,1943,Completed,749,1943,Sunk
GER_0457,242,Germany,Submarine,Type VIIC,U423,1943,Completed,749,1944,Sunk
GER_0458,242,Germany,Submarine,Type VIIC,U424,1943,Completed,749,1944,Sunk
GER_0459,242,Germany,Submarine,Type VIIC,U425,1943,Completed,749,1945,Sunk
GER_0460,242,Germany,Submarine,Type VIIC,U426,1943,Completed,749,1944,Sunk
GER_0461,242,Germany,Submarine,Type VIIC,U427,1943,Completed,749,1945,Transferred
GER_0462,242,Germany,Submarine,Type VIIC,U428,1943,Completed,749,1945,Scuttled
GER_0463,242,Germany,Submarine,Type VIIC,U429,1943,Completed,749,1945,Transferred
GER_0464,242,Germany,Submarine,Type VIIC,U430,1943,Completed,749,1945,Transferred
GER_0465,242,Germany,Submarine,Type VIIC,U431,1941,Completed,749,1943,Sunk
GER_0466,242,Germany,Submarine,Type VIIC,U432,1941,Completed,749,1943,Sunk
GER_0467,242,Germany,Submarine,Type VIIC,U433,1941,Completed,749,1941,Sunk
GER_0468,242,Germany,Submarine,Type VIIC,U434,1941,Completed,749,1941,Sunk
GER_0469,242,Germany,Submarine,Type VIIC,U435,1941,Completed,749,1943,Sunk
GER_0470,242,Germany,Submarine,Type VIIC,U436,1941,Completed,749,1943,Sunk
GER_0471,242,Germany,Submarine,Type VIIC,U437,1941,Completed,749,1944,Sunk
GER_0472,242,Germany,Submarine,Type VIIC,U438,1941,Completed,749,1943,Sunk
GER_0473,242,Germany,Submarine,Type VIIC,U439,1941,Completed,749,1943,Sunk
GER_0474,242,Germany,Submarine,Type VIIC,U440,1942,Completed,749,1943,Sunk
GER_0475,242,Germany,Submarine,Type VIIC,U441,1942,Completed,749,1944,Sunk
GER_0476,242,Germany,Submarine,Type VIIC,U442,1942,Completed,749,1943,Sunk
GER_0477,242,Germany,Submarine,Type VIIC,U443,1942,Completed,749,1943,Sunk
GER_0478,242,Germany,Submarine,Type VIIC,U444,1942,Completed,749,1943,Sunk
GER_0479,242,Germany,Submarine,Type VIIC,U445,1942,Completed,749,1944,Sunk
GER_0480,242,Germany,Submarine,Type VIIC,U446,1942,Completed,749,1942,Sunk
GER_0481,242,Germany,Submarine,Type VIIC,U447,1942,Completed,749,1943,Sunk
GER_0482,242,Germany,Submarine,Type VIIC,U448,1942,Completed,749,1944,Sunk
GER_0483,242,Germany,Submarine,Type VIIC,U449,1942,Completed,749,1943,Sunk
GER_0484,242,Germany,Submarine,Type VIIC,U450,1942,Completed,749,1944,Sunk
GER_0485,242,Germany,Submarine,Type VIIC,U451,1941,Completed,749,1941,Sunk
GER_0486,242,Germany,Submarine,Type VIIC,U452,1941,Completed,749,1941,Sunk
GER_0487,242,Germany,Submarine,Type VIIC,U453,1941,Completed,749,1945,Transferred
GER_0488,242,Germany,Submarine,Type VIIC,U454,1941,Completed,749,1943,Sunk
GER_0489,242,Germany,Submarine,Type VIIC,U455,1941,Completed,749,1945,Transferred
GER_0490,242,Germany,Submarine,Type VIIC,U456,1941,Completed,749,1943,Sunk
GER_0491,242,Germany,Submarine,Type VIIC,U457,1941,Completed,749,1945,Transferred
GER_0492,242,Germany,Submarine,Type VIIC,U458,1941,Completed,749,1943,Sunk
GER_0493,242,Germany,Submarine,Type VIIC,U465,1942,Completed,749,1943,Sunk
GER_0494,242,Germany,Submarine,Type VIIC,U466,1942,Completed,749,1945,Scuttled
GER_0495,242,Germany,Submarine,Type VIIC,U467,1942,Completed,749,1943,Sunk
GER_0496,242,Germany,Submarine,Type VIIC,U468,1942,Completed,749,1943,Sunk
GER_0497,242,Germany,Submarine,Type VIIC,U469,1942,Completed,749,1943,Sunk
GER_0498,242,Germany,Submarine,Type VIIC,U470,1943,Completed,749,1943,Sunk
GER_0499,242,Germany,Submarine,Type VIIC,U471,1943,Completed,749,1944,Sunk
GER_0500,242,Germany,Submarine,Type VIIC,U472,1943,Completed,749,1944,Sunk
GER_0501,242,Germany,Submarine,Type VIIC,U473,1943,Completed,749,1944,Sunk
GER_0502,242,Germany,Submarine,Type VIIC,U475,1943,Completed,749,1945,Scuttled
GER_0503,242,Germany,Submarine,Type VIIC,U476,1943,Completed,749,1944,Sunk
GER_0504,242,Germany,Submarine,Type VIIC,U477,1943,Completed,749,1945,Transferred
GER_0505,242,Germany,Submarine,Type VIIC,U478,1943,Completed,749,1944,Sunk
GER_0506,242,Germany,Submarine,Type VIIC,U479,1943,Completed,749,1944,Sunk
GER_0507,242,Germany,Submarine,Type VIIC,U480,1943,Completed,749,1945,Sunk
GER_0508,242,Germany,Submarine,Type VIIC,U481,1943,Completed,749,1945,Sunk
GER_0509,242,Germany,Submarine,Type VIIC,U482,1943,Completed,749,1944,Sunk
GER_0510,242,Germany,Submarine,Type VIIC,U483,1943,Completed,749,1945,Sunk
GER_0511,242,Germany,Submarine,Type VIIC,U484,1944,Completed,749,1944,Sunk
GER_0512,242,Germany,Submarine,Type VIIC,U485,1944,Completed,749,1945,Sunk
GER_0513,242,Germany,Submarine,Type VIIC,U486,1944,Completed,749,1945,Sunk
GER_0514,242,Germany,Submarine,Type VIIC,U551,1940,Completed,749,1941,Sunk
GER_0515,242,Germany,Submarine,Type VIIC,U552,1940,Completed,749,1945,Scuttled
GER_0516,242,Germany,Submarine,Type VIIC,U553,1940,Completed,749,1943,Sunk
GER_0517,242,Germany,Submarine,Type VIIC,U554,1941,Completed,749,1945,Scuttled
GER_0518,242,Germany,Submarine,Type VIIC,U555,1941,Completed,749,1945,Transferred
GER_0519,242,Germany,Submarine,Type VIIC,U556,1941,Completed,749,1941,Sunk
GER_0520,242,Germany,Submarine,Type VIIC,U557,1941,Completed,749,1941,Sunk
GER_0521,242,Germany,Submarine,Type VIIC,U558,1941,Completed,749,1943,Sunk
GER_0522,242,Germany,Submarine,Type VIIC,U559,1941,Completed,749,1942,Sunk
GER_0523,242,Germany,Submarine,Type VIIC,U560,1941,Completed,749,1945,Scuttled
GER_0524,242,Germany,Submarine,Type VIIC,U561,1941,Completed,749,1943,Sunk
GER_0525,242,Germany,Submarine,Type VIIC,U562,1941,Completed,749,1943,Sunk
GER_0526,242,Germany,Submarine,Type VIIC,U563,1941,Completed,749,1943,Sunk
GER_0527,242,Germany,Submarine,Type VIIC,U564,1941,Completed,749,1943,Sunk
GER_0528,242,Germany,Submarine,Type VIIC,U565,1941,Completed,749,1944,Sunk
GER_0529,242,Germany,Submarine,Type VIIC,U566,1941,Completed,749,1943,Sunk
GER_0530,242,Germany,Submarine,Type VIIC,U567,1941,Completed,749,1941,Sunk
GER_0531,242,Germany,Submarine,Type VIIC,U568,1941,Completed,749,1942,Sunk
GER_0532,242,Germany,Submarine,Type VIIC,U569,1941,Completed,749,1943,Sunk
GER_0533,242,Germany,Submarine,Type VIIC,U570,1941,Completed,749,1945,Transferred
GER_0534,242,Germany,Submarine,Type VIIC,U571,1941,Completed,749,1944,Sunk
GER_0535,242,Germany,Submarine,Type VIIC,U572,1941,Completed,749,1943,Sunk
GER_0536,242,Germany,Submarine,Type VIIC,U573,1941,Completed,749,1945,Transferred
GER_0537,242,Germany,Submarine,Type VIIC,U574,1941,Completed,749,1941,Sunk
GER_0538,242,Germany,Submarine,Type VIIC,U575,1941,Completed,749,1944,Sunk
GER_0539,242,Germany,Submarine,Type VIIC,U576,1941,Completed,749,1942,Sunk
GER_0540,242,Germany,Submarine,Type VIIC,U577,1941,Completed,749,1942,Sunk
GER_0541,242,Germany,Submarine,Type VIIC,U578,1941,Completed,749,1942,Sunk
GER_0542,242,Germany,Submarine,Type VIIC,U579,1941,Completed,749,1941,Sunk
GER_0543,242,Germany,Submarine,Type VIIC,U580,1941,Completed,749,1941,Sunk
GER_0544,242,Germany,Submarine,Type VIIC,U581,1941,Completed,749,1942,Sunk
GER_0545,242,Germany,Submarine,Type VIIC,U582,1941,Completed,749,1942,Sunk
GER_0546,242,Germany,Submarine,Type VIIC,U583,1941,Completed,749,1941,Sunk
GER_0547,242,Germany,Submarine,Type VIIC,U584,1941,Completed,749,1943,Sunk
GER_0548,242,Germany,Submarine,Type VIIC,U585,1941,Completed,749,1942,Sunk
GER_0549,242,Germany,Submarine,Type VIIC,U586,1941,Completed,749,1944,Sunk
GER_0550,242,Germany,Submarine,Type VIIC,U587,1941,Completed,749,1942,Sunk
GER_0551,242,Germany,Submarine,Type VIIC,U588,1941,Completed,749,1942,Sunk
GER_0552,242,Germany,Submarine,Type VIIC,U589,1941,Completed,749,1942,Sunk
GER_0553,242,Germany,Submarine,Type VIIC,U590,1941,Completed,749,1943,Sunk
GER_0554,242,Germany,Submarine,Type VIIC,U591,1941,Completed,749,1943,Sunk
GER_0555,242,Germany,Submarine,Type VIIC,U592,1941,Completed,749,1944,Sunk
GER_0556,242,Germany,Submarine,Type VIIC,U593,1941,Completed,749,1943,Sunk
GER_0557,242,Germany,Submarine,Type VIIC,U594,1941,Completed,749,1943,Sunk
GER_0558,242,Germany,Submarine,Type VIIC,U595,1941,Completed,749,1942,Sunk
GER_0559,242,Germany,Submarine,Type VIIC,U596,1941,Completed,749,1945,Scuttled
GER_0560,242,Germany,Submarine,Type VIIC,U597,1941,Completed,749,1942,Sunk
GER_0561,242,Germany,Submarine,Type VIIC,U598,1941,Completed,749,1943,Sunk
GER_0562,242,Germany,Submarine,Type VIIC,U599,1941,Completed,749,1942,Sunk
GER_0563,242,Germany,Submarine,Type VIIC,U600,1941,Completed,749,1943,Sunk
GER_0564,242,Germany,Submarine,Type VIIC,U601,1941,Completed,749,1944,Sunk
GER_0565,242,Germany,Submarine,Type VIIC,U602,1941,Completed,749,1943,Sunk
GER_0566,242,Germany,Submarine,Type VIIC,U603,1942,Completed,749,1944,Sunk
GER_0567,242,Germany,Submarine,Type VIIC,U604,1942,Completed,749,1943,Sunk
GER_0568,242,Germany,Submarine,Type VIIC,U605,1942,Completed,749,1942,Sunk
GER_0569,242,Germany,Submarine,Type VIIC,U606,1942,Completed,749,1943,Sunk
GER_0570,242,Germany,Submarine,Type VIIC,U607,1942,Completed,749,1943,Sunk
GER_0571,242,Germany,Submarine,Type VIIC,U608,1942,Completed,749,1944,Sunk
GER_0572,242,Germany,Submarine,Type VIIC,U609,1942,Completed,749,1943,Sunk
GER_0573,242,Germany,Submarine,Type VIIC,U610,1942,Completed,749,1943,Sunk
GER_0574,242,Germany,Submarine,Type VIIC,U611,1942,Completed,749,1942,Sunk
GER_0575,242,Germany,Submarine,Type VIIC,U612,1942,Completed,749,1945,Scuttled
GER_0576,242,Germany,Submarine,Type VIIC,U613,1942,Completed,749,1943,Sunk
GER_0577,242,Germany,Submarine,Type VIIC,U614,1942,Completed,749,1943,Sunk
GER_0578,242,Germany,Submarine,Type VIIC,U615,1942,Completed,749,1943,Sunk
GER_0579,242,Germany,Submarine,Type VIIC,U616,1942,Completed,749,1944,Sunk
GER_0580,242,Germany,Submarine,Type VIIC,U617,1942,Completed,749,1943,Sunk
GER_0581,242,Germany,Submarine,Type VIIC,U618,1942,Completed,749,1944,Sunk
GER_0582,242,Germany,Submarine,Type VIIC,U619,1942,Completed,749,1942,Sunk
GER_0583,242,Germany,Submarine,Type VIIC,U620,1942,Completed,749,1943,Sunk
GER_0584,242,Germany,Submarine,Type VIIC,U621,1942,Completed,749,1944,Sunk
GER_0585,242,Germany,Submarine,Type VIIC,U622,1942,Completed,749,1943,Sunk
GER_0586,242,Germany,Submarine,Type VIIC,U623,1942,Completed,749,1943,Sunk
GER_0587,242,Germany,Submarine,Type VIIC,U624,1942,Completed,749,1943,Sunk
GER_0588,242,Germany,Submarine,Type VIIC,U625,1942,Completed,749,1944,Sunk
GER_0589,242,Germany,Submarine,Type VIIC,U626,1942,Completed,749,1942,Sunk
GER_0590,242,Germany,Submarine,Type VIIC,U627,1942,Completed,749,1942,Sunk
GER_0591,242,Germany,Submarine,Type VIIC,U628,1942,Completed,749,1943,Sunk
GER_0592,242,Germany,Submarine,Type VIIC,U629,1942,Completed,749,1944,Sunk
GER_0593,242,Germany,Submarine,Type VIIC,U630,1942,Completed,749,1943,Sunk
GER_0594,242,Germany,Submarine,Type VIIC,U631,1942,Completed,749,1943,Sunk
GER_0595,242,Germany,Submarine,Type VIIC,U632,1942,Completed,749,1943,Sunk
GER_0596,242,Germany,Submarine,Type VIIC,U633,1942,Completed,749,1943,Sunk
GER_0597,242,Germany,Submarine,Type VIIC,U634,1942,Completed,749,1943,Sunk
GER_0598,242,Germany,Submarine,Type VIIC,U635,1942,Completed,749,1943,Sunk
GER_0599,242,Germany,Submarine,Type VIIC,U636,1942,Completed,749,1945,Sunk
GER_0600,242,Germany,Submarine,Type VIIC,U637,1942,Completed,749,1945,Transferred
GER_0601,242,Germany,Submarine,Type VIIC,U638,1942,Completed,749,1943,Sunk
GER_0602,242,Germany,Submarine,Type VIIC,U639,1942,Completed,749,1943,Sunk
GER_0603,242,Germany,Submarine,Type VIIC,U640,1942,Completed,749,1943,Sunk
GER_0604,242,Germany,Submarine,Type VIIC,U641,1942,Completed,749,1944,Sunk
GER_0605,242,Germany,Submarine,Type VIIC,U642,1942,Completed,749,1944,Sunk
GER_0606,242,Germany,Submarine,Type VIIC,U643,1942,Completed,749,1943,Sunk
GER_0607,242,Germany,Submarine,Type VIIC,U644,1942,Completed,749,1943,Sunk
GER_0608,242,Germany,Submarine,Type VIIC,U645,1942,Completed,749,1943,Sunk
GER_0609,242,Germany,Submarine,Type VIIC,U646,1942,Completed,749,1943,Sunk
GER_0610,242,Germany,Submarine,Type VIIC,U647,1942,Completed,749,1943,Sunk
GER_0611,242,Germany,Submarine,Type VIIC,U648,1942,Completed,749,1943,Sunk
GER_0612,242,Germany,Submarine,Type VIIC,U649,1942,Completed,749,1943,Sunk
GER_0613,242,Germany,Submarine,Type VIIC,U650,1942,Completed,749,1945,Sunk
GER_0614,242,Germany,Submarine,Type VIIC,U651,1941,Completed,749,1941,Sunk
GER_0615,242,Germany,Submarine,Type VIIC,U652,1941,Completed,749,1942,Sunk
GER_0616,242,Germany,Submarine,Type VIIC,U653,1941,Completed,749,1944,Sunk
GER_0617,242,Germany,Submarine,Type VIIC,U654,1941,Completed,749,1942,Sunk
GER_0618,242,Germany,Submarine,Type VIIC,U655,1941,Completed,749,1942,Sunk
GER_0619,242,Germany,Submarine,Type VIIC,U656,1941,Completed,749,1945,Transferred
GER_0620,242,Germany,Submarine,Type VIIC,U657,1941,Completed,749,1943,Sunk
GER_0621,242,Germany,Submarine,Type VIIC,U658,1941,Completed,749,1942,Sunk
GER_0622,242,Germany,Submarine,Type VIIC,U659,1941,Completed,749,1943,Sunk
GER_0623,242,Germany,Submarine,Type VIIC,U660,1942,Completed,749,1942,Sunk
GER_0624,242,Germany,Submarine,Type VIIC,U661,1942,Completed,749,1942,Sunk
GER_0625,242,Germany,Submarine,Type VIIC,U662,1942,Completed,749,1943,Sunk
GER_0626,242,Germany,Submarine,Type VIIC,U663,1942,Completed,749,1943,Sunk
GER_0627,242,Germany,Submarine,Type VIIC,U664,1942,Completed,749,1943,Sunk
GER_0628,242,Germany,Submarine,Type VIIC,U665,1942,Completed,749,1945,Transferred
GER_0629,242,Germany,Submarine,Type VIIC,U666,1942,Completed,749,1944,Sunk
GER_0630,242,Germany,Submarine,Type VIIC,U667,1942,Completed,749,1944,Sunk
GER_0631,242,Germany,Submarine,Type VIIC,U668,1942,Completed,749,1945,Sunk
GER_0632,242,Germany,Submarine,Type VIIC,U669,1942,Completed,749,1943,Sunk
GER_0633,242,Germany,Submarine,Type VIIC,U670,1943,Completed,749,1943,Sunk
GER_0634,242,Germany,Submarine,Type VIIC,U671,1943,Completed,749,1944,Sunk
GER_0635,242,Germany,Submarine,Type VIIC,U672,1943,Completed,749,1944,Sunk
GER_0636,242,Germany,Submarine,Type VIIC,U673,1943,Completed,749,1944,Sunk
GER_0637,242,Germany,Submarine,Type VIIC,U674,1943,Completed,749,1944,Sunk
GER_0638,242,Germany,Submarine,Type VIIC,U675,1943,Completed,749,1944,Sunk
GER_0639,242,Germany,Submarine,Type VIIC,U676,1943,Completed,749,1945,Sunk
GER_0640,242,Germany,Submarine,Type VIIC,U677,1943,Completed,749,1945,Sunk
GER_0641,242,Germany,Submarine,Type VIIC,U678,1943,Completed,749,1944,Sunk
GER_0642,242,Germany,Submarine,Type VIIC,U679,1943,Completed,749,1945,Sunk
GER_0643,242,Germany,Submarine,Type VIIC,U680,1943,Completed,749,1945,Sunk
GER_0644,242,Germany,Submarine,Type VIIC,U681,1944,Completed,749,1945,Sunk
GER_0645,242,Germany,Submarine,Type VIIC,U682,1944,Completed,749,1945,Sunk
GER_0646,242,Germany,Submarine,Type VIIC,U683,1944,Completed,749,1945,Sunk
GER_0647,242,Germany,Submarine,Type VIIC,U701,1941,Completed,749,1942,Sunk
GER_0648,242,Germany,Submarine,Type VIIC,U702,1941,Completed,749,1942,Sunk
GER_0649,242,Germany,Submarine,Type VIIC,U703,1941,Completed,749,1944,Sunk
GER_0650,242,Germany,Submarine,Type VIIC,U704,1941,Completed,749,1945,Scuttled
GER_0651,242,Germany,Submarine,Type VIIC,U705,1941,Completed,749,1942,Sunk
GER_0652,242,Germany,Submarine,Type VIIC,U706,1942,Completed,749,1943,Sunk
GER_0653,242,Germany,Submarine,Type VIIC,U707,1942,Completed,749,1943,Sunk
GER_0654,242,Germany,Submarine,Type VIIC,U708,1942,Completed,749,1945,Scuttled
GER_0655,242,Germany,Submarine,Type VIIC,U709,1942,Completed,749,1944,Sunk
GER_0656,242,Germany,Submarine,Type VIIC,U710,1942,Completed,749,1943,Sunk
GER_0657,242,Germany,Submarine,Type VIIC,U711,1942,Completed,749,1945,Sunk
GER_0658,242,Germany,Submarine,Type VIIC,U712,1942,Completed,749,1945,Sunk
GER_0659,242,Germany,Submarine,Type VIIC,U713,1942,Completed,749,1944,Sunk
GER_0660,242,Germany,Submarine,Type VIIC,U714,1943,Completed,749,1945,Sunk
GER_0661,242,Germany,Submarine,Type VIIC,U715,1943,Completed,749,1944,Sunk
GER_0662,242,Germany,Submarine,Type VIIC,U716,1943,Completed,749,1945,Transferred
GER_0663,242,Germany,Submarine,Type VIIC,U717,1943,Completed,749,1945,Scuttled
GER_0664,242,Germany,Submarine,Type VIIC,U718,1943,Completed,749,1943,Sunk
GER_0665,242,Germany,Submarine,Type VIIC,U719,1943,Completed,749,1944,Sunk
GER_0666,242,Germany,Submarine,Type VIIC,U720,1943,Completed,749,1945,Transferred
GER_0667,242,Germany,Submarine,Type VIIC,U721,1943,Completed,749,1945,Sunk
GER_0668,242,Germany,Submarine,Type VIIC,U722,1943,Completed,749,1945,Sunk
GER_0669,242,Germany,Submarine,Type VIIC,U731,1942,Completed,749,1944,Sunk
GER_0670,242,Germany,Submarine,Type VIIC,U732,1942,Completed,749,1943,Sunk
GER_0671,242,Germany,Submarine,Type VIIC,U733,1942,Completed,749,1945,Scuttled
GER_0672,242,Germany,Submarine,Type VIIC,U734,1942,Completed,749,1944,Sunk
GER_0673,242,Germany,Submarine,Type VIIC,U735,1942,Completed,749,1944,Sunk
GER_0674,242,Germany,Submarine,Type VIIC,U736,1943,Completed,749,1944,Sunk
GER_0675,242,Germany,Submarine,Type VIIC,U737,1943,Completed,749,1944,Sunk
GER_0676,242,Germany,Submarine,Type VIIC,U738,1943,Completed,749,1944,Sunk
GER_0677,242,Germany,Submarine,Type VIIC,U739,1943,Completed,749,1945,Transferred
GER_0678,242,Germany,Submarine,Type VIIC,U740,1943,Completed,749,1944,Sunk
GER_0679,242,Germany,Submarine,Type VIIC,U741,1943,Completed,749,1944,Sunk
GER_0680,242,Germany,Submarine,Type VIIC,U742,1943,Completed,749,1944,Sunk
GER_0681,242,Germany,Submarine,Type VIIC,U743,1943,Completed,749,1944,Sunk
GER_0682,242,Germany,Submarine,Type VIIC,U744,1943,Completed,749,1944,Sunk
GER_0683,242,Germany,Submarine,Type VIIC,U745,1943,Completed,749,1945,Sunk
GER_0684,242,Germany,Submarine,Type VIIC,U746,1943,Completed,749,1945,Scuttled
GER_0685,242,Germany,Submarine,Type VIIC,U747,1943,Completed,749,1945,Transferred
GER_0686,242,Germany,Submarine,Type VIIC,U748,1943,Completed,749,1945,Scuttled
GER_0687,242,Germany,Submarine,Type VIIC,U749,1943,Completed,749,1945,Transferred
GER_0688,242,Germany,Submarine,Type VIIC,U750,1943,Completed,749,1945,Transferred
GER_0689,242,Germany,Submarine,Type VIIC,U751,1941,Completed,749,1942,Sunk
GER_0690,242,Germany,Submarine,Type VIIC,U752,1941,Completed,749,1943,Sunk
GER_0691,242,Germany,Submarine,Type VIIC,U753,1941,Completed,749,1943,Sunk
GER_0692,242,Germany,Submarine,Type VIIC,U754,1941,Completed,749,1942,Sunk
GER_0693,242,Germany,Submarine,Type VIIC,U755,1941,Completed,749,1943,Sunk
GER_0694,242,Germany,Submarine,Type VIIC,U756,1941,Completed,749,1945,Scuttled
GER_0695,242,Germany,Submarine,Type VIIC,U757,1942,Completed,749,1944,Sunk
GER_0696,242,Germany,Submarine,Type VIIC,U758,1942,Completed,749,1945,Transferred
GER_0697,242,Germany,Submarine,Type VIIC,U759,1942,Completed,749,1943,Sunk
GER_0698,242,Germany,Submarine,Type VIIC,U760,1942,Completed,749,1945,Transferred
GER_0699,242,Germany,Submarine,Type VIIC,U761,1942,Completed,749,1944,Sunk
GER_0700,242,Germany,Submarine,Type VIIC,U762,1943,Completed,749,1944,Sunk
GER_0701,242,Germany,Submarine,Type VIIC,U763,1943,Completed,749,1945,Sunk
GER_0702,242,Germany,Submarine,Type VIIC,U764,1943,Completed,749,1945,Transferred
GER_0703,242,Germany,Submarine,Type VIIC,U765,1943,Completed,749,1944,Sunk
GER_0704,242,Germany,Submarine,Type VIIC,U766,1943,Completed,749,1945,Transferred
GER_0705,242,Germany,Submarine,Type VIIC,U767,1943,Completed,749,1944,Sunk
GER_0706,242,Germany,Submarine,Type VIIC,U768,1943,Completed,749,1943,Sunk
GER_0707,242,Germany,Submarine,Type VIIC,U771,1943,Completed,749,1944,Sunk
GER_0708,242,Germany,Submarine,Type VIIC,U772,1943,Completed,749,1945,Transferred
GER_0709,242,Germany,Submarine,Type VIIC,U773,1944,Completed,749,1945,Transferred
GER_0710,242,Germany,Submarine,Type VIIC,U774,1944,Completed,749,1945,Sunk
GER_0711,242,Germany,Submarine,Type VIIC,U775,1944,Completed,749,1945,Transferred
GER_0712,242,Germany,Submarine,Type VIIC,U776,1944,Completed,749,1945,Transferred
GER_0713,242,Germany,Submarine,Type VIIC,U777,1944,Completed,749,1945,Transferred
GER_0714,242,Germany,Submarine,Type VIIC,U778,1944,Completed,749,1945,Transferred
GER_0715,242,Germany,Submarine,Type VIIC,U779,1944,Completed,749,1945,Transferred
GER_0716,242,Germany,Submarine,Type VIIC,U821,1943,Completed,749,1944,Sunk
GER_0717,242,Germany,Submarine,Type VIIC,U822,1944,Completed,749,1945,Scuttled
GER_0718,242,Germany,Submarine,Type VIIC,U825,1944,Completed,749,1945,Scuttled
GER_0719,242,Germany,Submarine,Type VIIC,U826,1944,Completed,749,1945,Transferred
GER_0720,242,Germany,Submarine,Type VIIC,U827,1944,Completed,749,1945,Scuttled
GER_0721,242,Germany,Submarine,Type VIIC,U828,1944,Completed,749,1945,Sunk
GER_0722,242,Germany,Submarine,Type VIIC,U901,1944,Completed,749,1945,Transferred
GER_0723,242,Germany,Submarine,Type VIIC,U902,1943,Launched,749,N/A,N/A
GER_0724,242,Germany,Submarine,Type VIIC,U903,1943,Completed,749,1945,Scuttled
GER_0725,242,Germany,Submarine,Type VIIC,U904,1943,Completed,749,1945,Scuttled
GER_0726,242,Germany,Submarine,Type VIIC,U905,1944,Completed,749,1945,Sunk
GER_0727,242,Germany,Submarine,Type VIIC,U906,1944,Launched,749,1944,Sunk
GER_0728,242,Germany,Submarine,Type VIIC,U907,1944,Completed,749,1945,Transferred
GER_0729,242,Germany,Submarine,Type VIIC,U908,1943,Laid Down,749,N/A,N/A
GER_0730,242,Germany,Submarine,Type VIIC,U921,1943,Completed,749,1944,Sunk
GER_0731,242,Germany,Submarine,Type VIIC,U922,1943,Completed,749,1945,Scuttled
GER_0732,242,Germany,Submarine,Type VIIC,U923,1943,Completed,749,1945,Transferred
GER_0733,242,Germany,Submarine,Type VIIC,U924,1943,Completed,749,1945,Scuttled
GER_0734,242,Germany,Submarine,Type VIIC,U925,1943,Completed,749,1944,Sunk
GER_0735,242,Germany,Submarine,Type VIIC,U926,1944,Completed,749,1945,Transferred
GER_0736,242,Germany,Submarine,Type VIIC,U927,1944,Completed,749,1945,Sunk
GER_0737,242,Germany,Submarine,Type VIIC,U928,1944,Completed,749,1945,Transferred
GER_0738,242,Germany,Submarine,Type VIIC,U929,1944,Completed,749,1945,Scuttled
GER_0739,242,Germany,Submarine,Type VIIC,U930,1944,Completed,749,1945,Transferred
GER_0740,242,Germany,Submarine,Type VIIC,U951,1942,Completed,749,1943,Sunk
GER_0741,242,Germany,Submarine,Type VIIC,U952,1942,Completed,749,1944,Sunk
GER_0742,242,Germany,Submarine,Type VIIC,U953,1942,Completed,749,1945,Transferred
GER_0743,242,Germany,Submarine,Type VIIC,U954,1942,Completed,749,1943,Sunk
GER_0744,242,Germany,Submarine,Type VIIC,U955,1942,Completed,749,1945,Scuttled
GER_0745,242,Germany,Submarine,Type VIIC,U956,1943,Completed,749,1945,Transferred
GER_0746,242,Germany,Submarine,Type VIIC,U957,1943,Completed,749,1944,Sunk
GER_0747,242,Germany,Submarine,Type VIIC,U958,1943,Completed,749,1945,Sunk
GER_0748,242,Germany,Submarine,Type VIIC,U959,1943,Completed,749,1944,Sunk
GER_0749,242,Germany,Submarine,Type VIIC,U960,1943,Completed,749,1944,Sunk
GER_0750,242,Germany,Submarine,Type VIIC,U961,1943,Completed,749,1944,Sunk
GER_0751,242,Germany,Submarine,Type VIIC,U962,1943,Completed,749,1944,Sunk
GER_0752,242,Germany,Submarine,Type VIIC,U963,1943,Completed,749,1945,Scuttled
GER_0753,242,Germany,Submarine,Type VIIC,U964,1943,Completed,749,1943,Sunk
GER_0754,242,Germany,Submarine,Type VIIC,U965,1943,Completed,749,1945,Transferred
GER_0755,242,Germany,Submarine,Type VIIC,U966,1943,Completed,749,1943,Sunk
GER_0756,242,Germany,Submarine,Type VIIC,U967,1943,Completed,749,1945,Scuttled
GER_0757,242,Germany,Submarine,Type VIIC,U968,1943,Completed,749,1945,Sunk
GER_0758,242,Germany,Submarine,Type VIIC,U969,1943,Completed,749,1944,Sunk
GER_0759,242,Germany,Submarine,Type VIIC,U970,1943,Completed,749,1944,Sunk
GER_0760,242,Germany,Submarine,Type VIIC,U971,1943,Completed,749,1944,Sunk
GER_0761,242,Germany,Submarine,Type VIIC,U972,1943,Completed,749,1943,Sunk
GER_0762,242,Germany,Submarine,Type VIIC,U973,1943,Completed,749,1944,Sunk
GER_0763,242,Germany,Submarine,Type VIIC,U974,1943,Completed,749,1944,Sunk
GER_0764,242,Germany,Submarine,Type VIIC,U975,1943,Completed,749,1945,Transferred
GER_0765,242,Germany,Submarine,Type VIIC,U976,1943,Completed,749,1944,Sunk
GER_0766,242,Germany,Submarine,Type VIIC,U977,1943,Completed,749,1945,Transferred
GER_0767,242,Germany,Submarine,Type VIIC,U978,1943,Completed,749,1945,Transferred
GER_0768,242,Germany,Submarine,Type VIIC,U979,1943,Completed,749,1945,Scuttled
GER_0769,242,Germany,Submarine,Type VIIC,U980,1943,Completed,749,1944,Sunk
GER_0770,242,Germany,Submarine,Type VIIC,U981,1943,Completed,749,1944,Sunk
GER_0771,242,Germany,Submarine,Type VIIC,U982,1943,Completed,749,1945,Sunk
GER_0772,242,Germany,Submarine,Type VIIC,U983,1943,Completed,749,1943,Sunk
GER_0773,242,Germany,Submarine,Type VIIC,U984,1943,Completed,749,1944,Sunk
GER_0774,242,Germany,Submarine,Type VIIC,U985,1943,Completed,749,1945,Transferred
GER_0775,242,Germany,Submarine,Type VIIC,U986,1943,Completed,749,1944,Sunk
GER_0776,242,Germany,Submarine,Type VIIC,U987,1943,Completed,749,1944,Sunk
GER_0777,242,Germany,Submarine,Type VIIC,U988,1943,Completed,749,1944,Sunk
GER_0778,242,Germany,Submarine,Type VIIC,U989,1943,Completed,749,1945,Sunk
GER_0779,242,Germany,Submarine,Type VIIC,U990,1943,Completed,749,1944,Sunk
GER_0780,242,Germany,Submarine,Type VIIC,U991,1943,Completed,749,1945,Transferred
GER_0781,242,Germany,Submarine,Type VIIC,U992,1943,Completed,749,1945,Transferred
GER_0782,242,Germany,Submarine,Type VIIC,U993,1943,Completed,749,1945,Transferred
GER_0783,242,Germany,Submarine,Type VIIC,U994,1943,Completed,749,1945,Transferred
GER_0784,242,Germany,Submarine,Type VIIC,U995,1943,Completed,749,1945,Transferred
GER_0785,242,Germany,Submarine,Type VIIC,U997,1943,Completed,749,1945,Transferred
GER_0786,242,Germany,Submarine,Type VIIC,U998,1943,Completed,749,1944,Sunk
GER_0787,242,Germany,Submarine,Type VIIC,U999,1943,Completed,749,1945,Scuttled
GER_0788,242,Germany,Submarine,Type VIIC,U1000,1943,Completed,749,1944,Sunk
GER_0789,242,Germany,Submarine,Type VIIC,U1001,1943,Completed,749,1945,Sunk
GER_0790,242,Germany,Submarine,Type VIIC,U1002,1943,Completed,749,1945,Transferred
GER_0791,242,Germany,Submarine,Type VIIC,U1003,1943,Completed,749,1945,Sunk
GER_0792,242,Germany,Submarine,Type VIIC,U1004,1943,Completed,749,1945,Transferred
GER_0793,242,Germany,Submarine,Type VIIC,U1005,1943,Completed,749,1945,Transferred
GER_0794,242,Germany,Submarine,Type VIIC,U1006,1944,Completed,749,1944,Sunk
GER_0795,242,Germany,Submarine,Type VIIC,U1007,1944,Completed,749,1945,Sunk
GER_0796,242,Germany,Submarine,Type VIIC,U1008,1944,Completed,749,1945,Sunk
GER_0797,242,Germany,Submarine,Type VIIC,U1009,1944,Completed,749,1945,Transferred
GER_0798,242,Germany,Submarine,Type VIIC,U1010,1944,Completed,749,1945,Transferred
GER_0799,242,Germany,Submarine,Type VIIC,U1013,1944,Completed,749,1944,Sunk
GER_0800,242,Germany,Submarine,Type VIIC,U1014,1944,Completed,749,1945,Sunk
GER_0801,242,Germany,Submarine,Type VIIC,U1015,1944,Completed,749,1944,Sunk
GER_0802,242,Germany,Submarine,Type VIIC,U1016,1944,Completed,749,1945,Sunk
GER_0803,242,Germany,Submarine,Type VIIC,U1017,1944,Completed,749,1945,Sunk
GER_0804,242,Germany,Submarine,Type VIIC,U1018,1944,Completed,749,1945,Sunk
GER_0805,242,Germany,Submarine,Type VIIC,U1019,1944,Completed,749,1945,Transferred
GER_0806,242,Germany,Submarine,Type VIIC,U1020,1944,Completed,749,1945,Sunk
GER_0807,242,Germany,Submarine,Type VIIC,U1021,1944,Completed,749,1945,Sunk
GER_0808,242,Germany,Submarine,Type VIIC,U1022,1944,Completed,749,1945,Transferred
GER_0809,242,Germany,Submarine,Type VIIC,U1023,1944,Completed,749,1945,Transferred
GER_0810,242,Germany,Submarine,Type VIIC,U1024,1944,Completed,749,1945,Sunk
GER_0811,242,Germany,Submarine,Type VIIC,U1025,1945,Completed,749,1945,Scuttled
GER_0812,242,Germany,Submarine,Type VIIC,U1051,1944,Completed,749,1945,Sunk
GER_0813,242,Germany,Submarine,Type VIIC,U1052,1944,Completed,749,1945,Transferred
GER_0814,242,Germany,Submarine,Type VIIC,U1053,1944,Completed,749,1945,Sunk
GER_0815,242,Germany,Submarine,Type VIIC,U1054,1944,Completed,749,1945,Transferred
GER_0816,242,Germany,Submarine,Type VIIC,U1055,1944,Completed,749,1945,Sunk
GER_0817,242,Germany,Submarine,Type VIIC,U1056,1944,Completed,749,1945,Scuttled
GER_0818,242,Germany,Submarine,Type VIIC,U1057,1944,Completed,749,1945,Transferred
GER_0819,242,Germany,Submarine,Type VIIC,U1058,1944,Completed,749,1945,Transferred
GER_0820,242,Germany,Submarine,Type VIIC,U1063,1944,Completed,749,1945,Sunk
GER_0821,242,Germany,Submarine,Type VIIC,U1064,1944,Completed,749,1945,Transferred
GER_0822,242,Germany,Submarine,Type VIIC,U1065,1944,Completed,749,1945,Transferred
GER_0823,242,Germany,Submarine,Type VIIC/41,U292,1943,Completed,747,1944,Sunk
GER_0824,242,Germany,Submarine,Type VIIC/41,U293,1943,Completed,747,1945,Transferred
GER_0825,242,Germany,Submarine,Type VIIC/41,U294,1943,Completed,747,1945,Transferred
GER_0826,242,Germany,Submarine,Type VIIC/41,U295,1943,Completed,747,1945,Transferred
GER_0827,242,Germany,Submarine,Type VIIC/41,U296,1943,Completed,747,1945,Sunk
GER_0828,242,Germany,Submarine,Type VIIC/41,U297,1943,Completed,747,1944,Sunk
GER_0829,242,Germany,Submarine,Type VIIC/41,U298,1943,Completed,747,1945,Transferred
GER_0830,242,Germany,Submarine,Type VIIC/41,U299,1943,Completed,747,1945,Transferred
GER_0831,242,Germany,Submarine,Type VIIC/41,U300,1943,Completed,747,1945,Sunk
GER_0832,242,Germany,Submarine,Type VIIC/41,U1101,1943,Completed,747,1945,Sunk
GER_0833,242,Germany,Submarine,Type VIIC/41,U1102,1944,Completed,747,1945,Transferred
GER_0834,242,Germany,Submarine,Type VIIC/41,U1103,1944,Completed,747,1945,Transferred
GER_0835,242,Germany,Submarine,Type VIIC/41,U1104,1944,Completed,747,1945,Transferred
GER_0836,242,Germany,Submarine,Type VIIC/41,U1105,1944,Completed,747,1945,Transferred
GER_0837,242,Germany,Submarine,Type VIIC/41,U1106,1944,Completed,747,1945,Sunk
GER_0838,242,Germany,Submarine,Type VIIC/41,U1107,1944,Completed,747,1945,Sunk
GER_0839,242,Germany,Submarine,Type VIIC/41,U1108,1944,Completed,747,1945,Transferred
GER_0840,242,Germany,Submarine,Type VIIC/41,U1109,1944,Completed,747,1945,Transferred
GER_0841,242,Germany,Submarine,Type VIIC/41,U1110,1944,Completed,747,1945,Transferred
GER_0842,242,Germany,Submarine,Type VIIC/41,U1131,1944,Completed,747,1945,Sunk
GER_0843,242,Germany,Submarine,Type VIIC/41,U1132,1944,Completed,747,1945,Scuttled
GER_0844,242,Germany,Submarine,Type VIIC/41,U1161,1943,Completed,747,1945,Scuttled
GER_0845,242,Germany,Submarine,Type VIIC/41,U1162,1943,Completed,747,1945,Scuttled
GER_0846,242,Germany,Submarine,Type VIIC/41,U1163,1943,Completed,747,1945,Transferred
GER_0847,242,Germany,Submarine,Type VIIC/41,U1164,1943,Completed,747,1944,Sunk
GER_0848,242,Germany,Submarine,Type VIIC/41,U1165,1943,Completed,747,1945,Transferred
GER_0849,242,Germany,Submarine,Type VIIC/41,U1166,1943,Completed,747,1944,Sunk
GER_0850,242,Germany,Submarine,Type VIIC/41,U1167,1943,Completed,747,1945,Scuttled
GER_0851,242,Germany,Submarine,Type VIIC/41,U1168,1944,Completed,747,1945,Scuttled
GER_0852,242,Germany,Submarine,Type VIIC/41,U1169,1944,Completed,747,1945,Sunk
GER_0853,242,Germany,Submarine,Type VIIC/41,U1170,1944,Completed,747,1945,Scuttled
GER_0854,242,Germany,Submarine,Type VIIC/41,U1171,1944,Completed,747,1945,Transferred
GER_0855,242,Germany,Submarine,Type VIIC/41,U1172,1944,Completed,747,1945,Sunk
GER_0856,242,Germany,Submarine,Type VIIC/41,U1191,1943,Completed,747,1944,Sunk
GER_0857,242,Germany,Submarine,Type VIIC/41,U1192,1943,Completed,747,1945,Scuttled
GER_0858,242,Germany,Submarine,Type VIIC/41,U1193,1943,Completed,747,1945,Scuttled
GER_0859,242,Germany,Submarine,Type VIIC/41,U1194,1943,Completed,747,1945,Transferred
GER_0860,242,Germany,Submarine,Type VIIC/41,U1195,1943,Completed,747,1945,Sunk
GER_0861,242,Germany,Submarine,Type VIIC/41,U1196,1943,Completed,747,1945,Scuttled
GER_0862,242,Germany,Submarine,Type VIIC/41,U1197,1943,Completed,747,1945,Transferred
GER_0863,242,Germany,Submarine,Type VIIC/41,U1198,1943,Completed,747,1945,Transferred
GER_0864,242,Germany,Submarine,Type VIIC/41,U1199,1943,Completed,747,1945,Sunk
GER_0865,242,Germany,Submarine,Type VIIC/41,U1200,1944,Completed,747,1944,Sunk
GER_0866,242,Germany,Submarine,Type VIIC/41,U1201,1944,Completed,747,1945,Sunk
GER_0867,242,Germany,Submarine,Type VIIC/41,U1202,1944,Completed,747,1945,Transferred
GER_0868,242,Germany,Submarine,Type VIIC/41,U1203,1944,Completed,747,1945,Transferred
GER_0869,242,Germany,Submarine,Type VIIC/41,U1204,1944,Completed,747,1945,Scuttled
GER_0870,242,Germany,Submarine,Type VIIC/41,U1205,1944,Completed,747,1945,Scuttled
GER_0871,242,Germany,Submarine,Type VIIC/41,U1206,1944,Completed,747,1945,Sunk
GER_0872,242,Germany,Submarine,Type VIIC/41,U1207,1944,Completed,747,1945,Scuttled
GER_0873,242,Germany,Submarine,Type VIIC/41,U1208,1944,Completed,747,1945,Sunk
GER_0874,242,Germany,Submarine,Type VIIC/41,U1209,1944,Completed,747,1945,Scuttled
GER_0875,242,Germany,Submarine,Type VIIC/41,U1210,1944,Completed,747,1945,Sunk
GER_0876,242,Germany,Submarine,Type VIIC/41,U1271,1944,Completed,747,1945,Transferred
GER_0877,242,Germany,Submarine,Type VIIC/41,U1272,1944,Completed,747,1945,Transferred
GER_0878,242,Germany,Submarine,Type VIIC/41,U1273,1944,Completed,747,1945,Sunk
GER_0879,242,Germany,Submarine,Type VIIC/41,U1274,1944,Completed,747,1945,Sunk
GER_0880,242,Germany,Submarine,Type VIIC/41,U1275,1944,Completed,747,1945,Transferred
GER_0881,242,Germany,Submarine,Type VIIC/41,U1276,1944,Completed,747,1945,Sunk
GER_0882,242,Germany,Submarine,Type VIIC/41,U1277,1944,Completed,747,1945,Scuttled
GER_0883,242,Germany,Submarine,Type VIIC/41,U1278,1944,Completed,747,1945,Sunk
GER_0884,242,Germany,Submarine,Type VIIC/41,U1279,1944,Completed,747,1945,Sunk
GER_0885,242,Germany,Submarine,Type VIIC/41,U1301,1944,Completed,747,1945,Transferred
GER_0886,242,Germany,Submarine,Type VIIC/41,U1302,1944,Completed,747,1945,Sunk
GER_0887,242,Germany,Submarine,Type VIIC/41,U1303,1944,Completed,747,1945,Scuttled
GER_0888,242,Germany,Submarine,Type VIIC/41,U1304,1944,Completed,747,1945,Scuttled
GER_0889,242,Germany,Submarine,Type VIIC/41,U1305,1944,Completed,747,1945,Transferred
GER_0890,242,Germany,Submarine,Type VIIC/41,U1306,1944,Completed,747,1945,Scuttled
GER_0891,242,Germany,Submarine,Type VIIC/41,U1307,1944,Completed,747,1945,Transferred
GER_0892,242,Germany,Submarine,Type VIIC/41,U1308,1945,Completed,747,1945,Scuttled
GER_0893,242,Germany,Submarine,Type VIID,U213,1941,Launched,950,1942,Sunk
GER_0894,242,Germany,Submarine,Type VIID,U214,1941,Launched,950,1944,Sunk
GER_0895,242,Germany,Submarine,Type VIID,U215,1941,Launched,950,1945,Transferred
GER_0896,242,Germany,Submarine,Type VIID,U216,1941,Launched,950,1942,Sunk
GER_0897,242,Germany,Submarine,Type VIID,U217,1941,Launched,950,1943,Sunk
GER_0898,242,Germany,Submarine,Type VIID,U218,1941,Launched,950,1945,Sunk
GER_0899,242,Germany,Submarine,Type VIIF,U1059,1943,Launched,1067,1944,Sunk
GER_0900,242,Germany,Submarine,Type VIIF,U1060,1943,Launched,1067,1944,Sunk
GER_0901,242,Germany,Submarine,Type VIIF,U1061,1943,Launched,1067,1945,Transferred
GER_0902,242,Germany,Submarine,Type VIIF,U1062,1943,Launched,1067,1944,Sunk
GER_0903,243,Germany,Submarine,Type IXA,U37,1938,Completed,1016,1945,Scuttled
GER_0904,243,Germany,Submarine,Type IXA,U38,1938,Completed,1016,1945,Scuttled
GER_0905,243,Germany,Submarine,Type IXA,U39,1938,Completed,1016,1939,Sunk
GER_0906,243,Germany,Submarine,Type IXA,U40,1939,Completed,1016,1939,Sunk
GER_0907,243,Germany,Submarine,Type IXA,U41,1939,Completed,1016,1940,Sunk
GER_0908,243,Germany,Submarine,Type IXA,U42,1939,Completed,1016,1939,Sunk
GER_0909,243,Germany,Submarine,Type IXA,U43,1939,Completed,1016,1943,Sunk
GER_0910,243,Germany,Submarine,Type IXA,U44,1939,Completed,1016,1940,Sunk
GER_0911,243,Germany,Submarine,Type IXB,U64,1939,Completed,1034,1940,Sunk
GER_0912,243,Germany,Submarine,Type IXB,U65,1940,Completed,1034,1941,Sunk
GER_0913,243,Germany,Submarine,Type IXB,U103,1940,Completed,1034,1944,Sunk
GER_0914,243,Germany,Submarine,Type IXB,U104,1940,Completed,1034,1940,Sunk
GER_0915,243,Germany,Submarine,Type IXB,U105,1940,Completed,1034,1943,Sunk
GER_0916,243,Germany,Submarine,Type IXB,U106,1940,Completed,1034,1943,Sunk
GER_0917,243,Germany,Submarine,Type IXB,U107,1940,Completed,1034,1944,Sunk
GER_0918,243,Germany,Submarine,Type IXB,U108,1940,Completed,1034,1944,Sunk
GER_0919,243,Germany,Submarine,Type IXB,U109,1940,Completed,1034,1943,Sunk
GER_0920,243,Germany,Submarine,Type IXB,U110,1940,Completed,1034,1941,Sunk
GER_0921,243,Germany,Submarine,Type IXB,U111,1940,Completed,1034,1941,Sunk
GER_0922,243,Germany,Submarine,Type IXB,U122,1940,Completed,1034,1940,Sunk
GER_0923,243,Germany,Submarine,Type IXB,U123,1940,Completed,1034,1945,Transferred
GER_0924,243,Germany,Submarine,Type IXB,U124,1940,Completed,1034,1943,Sunk
GER_0925,243,Germany,Submarine,Type IXC,U66,1941,Completed,1102,1944,Sunk
GER_0926,243,Germany,Submarine,Type IXC,U67,1941,Completed,1102,1943,Sunk
GER_0927,243,Germany,Submarine,Type IXC,U68,1941,Completed,1102,1944,Sunk
GER_0928,243,Germany,Submarine,Type IXC,U125,1941,Completed,1102,1943,Sunk
GER_0929,243,Germany,Submarine,Type IXC,U126,1941,Completed,1102,1943,Sunk
GER_0930,243,Germany,Submarine,Type IXC,U127,1941,Completed,1102,1941,Sunk
GER_0931,243,Germany,Submarine,Type IXC,U128,1941,Completed,1102,1943,Sunk
GER_0932,243,Germany,Submarine,Type IXC,U129,1941,Completed,1102,1944,Sunk
GER_0933,243,Germany,Submarine,Type IXC,U130,1941,Completed,1102,1943,Sunk
GER_0934,243,Germany,Submarine,Type IXC,U131,1941,Completed,1102,1941,Sunk
GER_0935,243,Germany,Submarine,Type IXC,U153,1941,Completed,1102,1942,Sunk
GER_0936,243,Germany,Submarine,Type IXC,U154,1941,Completed,1102,1944,Sunk
GER_0937,243,Germany,Submarine,Type IXC,U155,1941,Completed,1102,1945,Transferred
GER_0938,243,Germany,Submarine,Type IXC,U156,1941,Completed,1102,1943,Sunk
GER_0939,243,Germany,Submarine,Type IXC,U157,1941,Completed,1102,1942,Sunk
GER_0940,243,Germany,Submarine,Type IXC,U158,1941,Completed,1102,1942,Sunk
GER_0941,243,Germany,Submarine,Type IXC,U159,1941,Completed,1102,1943,Sunk
GER_0942,243,Germany,Submarine,Type IXC,U160,1941,Completed,1102,1943,Sunk
GER_0943,243,Germany,Submarine,Type IXC,U161,1941,Completed,1102,1943,Sunk
GER_0944,243,Germany,Submarine,Type IXC,U162,1941,Completed,1102,1942,Sunk
GER_0945,243,Germany,Submarine,Type IXC,U163,1941,Completed,1102,1943,Sunk
GER_0946,243,Germany,Submarine,Type IXC,U164,1941,Completed,1102,1943,Sunk
GER_0947,243,Germany,Submarine,Type IXC,U165,1942,Completed,1102,1942,Sunk
GER_0948,243,Germany,Submarine,Type IXC,U166,1942,Completed,1102,1942,Sunk
GER_0949,243,Germany,Submarine,Type IXC,U171,1941,Completed,1102,1942,Sunk
GER_0950,243,Germany,Submarine,Type IXC,U172,1941,Completed,1102,1943,Sunk
GER_0951,243,Germany,Submarine,Type IXC,U173,1941,Completed,1102,1942,Sunk
GER_0952,243,Germany,Submarine,Type IXC,U174,1941,Completed,1102,1943,Sunk
GER_0953,243,Germany,Submarine,Type IXC,U175,1941,Completed,1102,1943,Sunk
GER_0954,243,Germany,Submarine,Type IXC,U176,1941,Completed,1102,1943,Sunk
GER_0955,243,Germany,Submarine,Type IXC,U501,1941,Completed,1102,1941,Sunk
GER_0956,243,Germany,Submarine,Type IXC,U502,1941,Completed,1102,1942,Sunk
GER_0957,243,Germany,Submarine,Type IXC,U503,1941,Completed,1102,1942,Sunk
GER_0958,243,Germany,Submarine,Type IXC,U504,1941,Completed,1102,1943,Sunk
GER_0959,243,Germany,Submarine,Type IXC,U505,1941,Completed,1102,1944,Transferred
GER_0960,243,Germany,Submarine,Type IXC,U506,1941,Completed,1102,1943,Sunk
GER_0961,243,Germany,Submarine,Type IXC,U507,1941,Completed,1102,1943,Sunk
GER_0962,243,Germany,Submarine,Type IXC,U508,1941,Completed,1102,1943,Sunk
GER_0963,243,Germany,Submarine,Type IXC,U509,1941,Completed,1102,1943,Sunk
GER_0964,243,Germany,Submarine,Type IXC,U510,1941,Completed,1102,1945,Transferred
GER_0965,243,Germany,Submarine,Type IXC,U511,1941,Completed,1102,1943,Transferred
GER_0966,243,Germany,Submarine,Type IXC,U512,1941,Completed,1102,1942,Sunk
GER_0967,243,Germany,Submarine,Type IXC,U513,1942,Completed,1102,1943,Sunk
GER_0968,243,Germany,Submarine,Type IXC,U514,1942,Completed,1102,1943,Sunk
GER_0969,243,Germany,Submarine,Type IXC,U515,1942,Completed,1102,1944,Sunk
GER_0970,243,Germany,Submarine,Type IXC,U516,1942,Completed,1102,1945,Transferred
GER_0971,243,Germany,Submarine,Type IXC,U517,1942,Completed,1102,1942,Sunk
GER_0972,243,Germany,Submarine,Type IXC,U518,1942,Completed,1102,1945,Sunk
GER_0973,243,Germany,Submarine,Type IXC,U519,1942,Completed,1102,1943,Sunk
GER_0974,243,Germany,Submarine,Type IXC,U520,1942,Completed,1102,1942,Sunk
GER_0975,243,Germany,Submarine,Type IXC,U521,1942,Completed,1102,1943,Sunk
GER_0976,243,Germany,Submarine,Type IXC,U522,1942,Completed,1102,1943,Sunk
GER_0977,243,Germany,Submarine,Type IXC,U523,1942,Completed,1102,1943,Sunk
GER_0978,243,Germany,Submarine,Type IXC,U524,1942,Completed,1102,1943,Sunk
GER_0979,243,Germany,Submarine,Type IXC/40,U167,1942,Completed,1126,1943,Sunk
GER_0980,243,Germany,Submarine,Type IXC/40,U168,1942,Completed,1126,1944,Sunk
GER_0981,243,Germany,Submarine,Type IXC/40,U169,1942,Completed,1126,1943,Sunk
GER_0982,243,Germany,Submarine,Type IXC/40,U170,1943,Completed,1126,1945,Transferred
GER_0983,243,Germany,Submarine,Type IXC/40,U183,1942,Completed,1126,1945,Sunk
GER_0984,243,Germany,Submarine,Type IXC/40,U184,1942,Completed,1126,1942,Sunk
GER_0985,243,Germany,Submarine,Type IXC/40,U185,1942,Completed,1126,1943,Sunk
GER_0986,243,Germany,Submarine,Type IXC/40,U186,1942,Completed,1126,1943,Sunk
GER_0987,243,Germany,Submarine,Type IXC/40,U187,1942,Completed,1126,1943,Sunk
GER_0988,243,Germany,Submarine,Type IXC/40,U188,1942,Completed,1126,1945,Scuttled
GER_0989,243,Germany,Submarine,Type IXC/40,U189,1942,Completed,1126,1943,Sunk
GER_0990,243,Germany,Submarine,Type IXC/40,U190,1942,Completed,1126,1945,Transferred
GER_0991,243,Germany,Submarine,Type IXC/40,U191,1942,Completed,1126,1943,Sunk
GER_0992,243,Germany,Submarine,Type IXC/40,U192,1942,Completed,1126,1943,Sunk
GER_0993,243,Germany,Submarine,Type IXC/40,U193,1942,Completed,1126,1944,Sunk
GER_0994,243,Germany,Submarine,Type IXC/40,U194,1943,Completed,1126,1943,Sunk
GER_0995,243,Germany,Submarine,Type IXC/40,U525,1942,Completed,1126,1943,Sunk
GER_0996,243,Germany,Submarine,Type IXC/40,U526,1942,Completed,1126,1943,Sunk
GER_0997,243,Germany,Submarine,Type IXC/40,U527,1942,Completed,1126,1943,Sunk
GER_0998,243,Germany,Submarine,Type IXC/40,U528,1942,Completed,1126,1943,Sunk
GER_0999,243,Germany,Submarine,Type IXC/40,U529,1942,Completed,1126,1943,Sunk
GER_1000,243,Germany,Submarine,Type IXC/40,U530,1942,Completed,1126,1945,Transferred
GER_1001,243,Germany,Submarine,Type IXC/40,U531,1942,Completed,1126,1943,Sunk
GER_1002,243,Germany,Submarine,Type IXC/40,U532,1942,Completed,1126,1945,Transferred
GER_1003,243,Germany,Submarine,Type IXC/40,U533,1942,Completed,1126,1943,Sunk
GER_1004,243,Germany,Submarine,Type IXC/40,U534,1942,Completed,1126,1945,Sunk
GER_1005,243,Germany,Submarine,Type IXC/40,U535,1942,Completed,1126,1943,Sunk
GER_1006,243,Germany,Submarine,Type IXC/40,U536,1943,Completed,1126,1943,Sunk
GER_1007,243,Germany,Submarine,Type IXC/40,U537,1943,Completed,1126,1944,Sunk
GER_1008,243,Germany,Submarine,Type IXC/40,U538,1943,Completed,1126,1943,Sunk
GER_1009,243,Germany,Submarine,Type IXC/40,U539,1943,Completed,1126,1945,Transferred
GER_1010,243,Germany,Submarine,Type IXC/40,U540,1943,Completed,1126,1943,Sunk
GER_1011,243,Germany,Submarine,Type IXC/40,U541,1943,Completed,1126,1945,Transferred
GER_1012,243,Germany,Submarine,Type IXC/40,U542,1943,Completed,1126,1943,Sunk
GER_1013,243,Germany,Submarine,Type IXC/40,U543,1943,Completed,1126,1944,Sunk
GER_1014,243,Germany,Submarine,Type IXC/40,U544,1943,Completed,1126,1944,Sunk
GER_1015,243,Germany,Submarine,Type IXC/40,U545,1943,Completed,1126,1944,Sunk
GER_1016,243,Germany,Submarine,Type IXC/40,U546,1943,Completed,1126,1945,Sunk
GER_1017,243,Germany,Submarine,Type IXC/40,U547,1943,Completed,1126,1944,Sunk
GER_1018,243,Germany,Submarine,Type IXC/40,U548,1943,Completed,1126,1945,Sunk
GER_1019,243,Germany,Submarine,Type IXC/40,U549,1943,Completed,1126,1944,Sunk
GER_1020,243,Germany,Submarine,Type IXC/40,U550,1943,Completed,1126,1944,Sunk
GER_1021,243,Germany,Submarine,Type IXC/40,U801,1943,Completed,1126,1944,Sunk
GER_1022,243,Germany,Submarine,Type IXC/40,U802,1943,Completed,1126,1945,Transferred
GER_1023,243,Germany,Submarine,Type IXC/40,U803,1943,Completed,1126,1944,Sunk
GER_1024,243,Germany,Submarine,Type IXC/40,U804,1943,Completed,1126,1945,Sunk
GER_1025,243,Germany,Submarine,Type IXC/40,U805,1944,Completed,1126,1945,Transferred
GER_1026,243,Germany,Submarine,Type IXC/40,U806,1944,Completed,1126,1945,Transferred
GER_1027,243,Germany,Submarine,Type IXC/40,U841,1943,Completed,1126,1943,Sunk
GER_1028,243,Germany,Submarine,Type IXC/40,U842,1943,Completed,1126,1943,Sunk
GER_1029,243,Germany,Submarine,Type IXC/40,U843,1943,Completed,1126,1945,Sunk
GER_1030,243,Germany,Submarine,Type IXC/40,U844,1943,Completed,1126,1943,Sunk
GER_1031,243,Germany,Submarine,Type IXC/40,U845,1943,Completed,1126,1944,Sunk
GER_1032,243,Germany,Submarine,Type IXC/40,U846,1943,Completed,1126,1944,Sunk
GER_1033,243,Germany,Submarine,Type IXC/40,U853,1943,Completed,1126,1945,Sunk
GER_1034,243,Germany,Submarine,Type IXC/40,U854,1943,Completed,1126,1944,Sunk
GER_1035,243,Germany,Submarine,Type IXC/40,U855,1943,Completed,1126,1944,Sunk
GER_1036,243,Germany,Submarine,Type IXC/40,U856,1943,Completed,1126,1944,Sunk
GER_1037,243,Germany,Submarine,Type IXC/40,U857,1943,Completed,1126,1945,Sunk
GER_1038,243,Germany,Submarine,Type IXC/40,U858,1943,Completed,1126,1945,Sunk
GER_1039,243,Germany,Submarine,Type IXC/40,U859,1943,Completed,1126,1944,Sunk
GER_1040,243,Germany,Submarine,Type IXC/40,U865,1943,Completed,1126,1944,Sunk
GER_1041,243,Germany,Submarine,Type IXC/40,U866,1943,Completed,1126,1945,Sunk
GER_1042,243,Germany,Submarine,Type IXC/40,U867,1943,Completed,1126,1944,Sunk
GER_1043,243,Germany,Submarine,Type IXC/40,U868,1943,Completed,1126,1945,Transferred
GER_1044,243,Germany,Submarine,Type IXC/40,U869,1944,Completed,1126,1945,Sunk
GER_1045,243,Germany,Submarine,Type IXC/40,U870,1944,Completed,1126,1945,Sunk
GER_1046,243,Germany,Submarine,Type IXC/40,U877,1944,Completed,1126,1944,Sunk
GER_1047,243,Germany,Submarine,Type IXC/40,U878,1944,Completed,1126,1945,Sunk
GER_1048,243,Germany,Submarine,Type IXC/40,U879,1944,Completed,1126,1945,Sunk
GER_1049,243,Germany,Submarine,Type IXC/40,U880,1944,Completed,1126,1945,Sunk
GER_1050,243,Germany,Submarine,Type IXC/40,U881,1944,Completed,1126,1945,Sunk
GER_1051,243,Germany,Submarine,Type IXC/40,U1221,1943,Completed,1126,1945,Sunk
GER_1052,243,Germany,Submarine,Type IXC/40,U1222,1943,Completed,1126,1944,Sunk
GER_1053,243,Germany,Submarine,Type IXC/40,U1223,1943,Completed,1126,1945,Sunk
GER_1054,243,Germany,Submarine,Type IXC/40,U1224,1943,Completed,1126,1944,Sunk
GER_1055,243,Germany,Submarine,Type IXC/40,U1225,1943,Completed,1126,1944,Sunk
GER_1056,243,Germany,Submarine,Type IXC/40,U1226,1943,Completed,1126,1944,Sunk
GER_1057,243,Germany,Submarine,Type IXC/40,U1227,1943,Completed,1126,1945,Sunk
GER_1058,243,Germany,Submarine,Type IXC/40,U1228,1943,Completed,1126,1945,Transferred
GER_1059,243,Germany,Submarine,Type IXC/40,U1229,1944,Completed,1126,1944,Sunk
GER_1060,243,Germany,Submarine,Type IXC/40,U1230,1944,Completed,1126,1945,Transferred
GER_1061,243,Germany,Submarine,Type IXC/40,U1231,1944,Completed,1126,1945,Transferred
GER_1062,243,Germany,Submarine,Type IXC/40,U1232,1944,Completed,1126,1945,Transferred
GER_1063,243,Germany,Submarine,Type IXC/40,U1233,1944,Completed,1126,1945,Transferred
GER_1064,243,Germany,Submarine,Type IXC/40,U1234,1944,Completed,1126,1945,Scuttled
GER_1065,243,Germany,Submarine,Type IXC/40,U1235,1944,Completed,1126,1945,Sunk
GER_1066,243,Germany,Submarine,Type IXD-1,U180,1942,Completed,1585,1944,Sunk
GER_1067,243,Germany,Submarine,Type IXD-1,U195,1942,Completed,1585,1945,Transferred
GER_1068,243,Germany,Submarine,Type IXD-2 N/A/N/A Ixd/42,U177,1942,Completed,1590,1944,Sunk
GER_1069,243,Germany,Submarine,Type IXD-2 N/A/N/A Ixd/42,U178,1942,Completed,1590,1944,Sunk
GER_1070,243,Germany,Submarine,Type IXD-2 N/A/N/A Ixd/42,U179,1942,Completed,1590,1942,Sunk
GER_1071,243,Germany,Submarine,Type IXD-2 N/A/N/A Ixd/42,U181,1942,Completed,1590,1945,Transferred
GER_1072,243,Germany,Submarine,Type IXD-2 N/A/N/A Ixd/42,U182,1942,Completed,1590,1943,Sunk
GER_1073,243,Germany,Submarine,Type IXD-2 N/A/N/A Ixd/42,U196,1942,Completed,1590,1944,Sunk
GER_1074,243,Germany,Submarine,Type IXD-2 N/A/N/A Ixd/42,U197,1942,Completed,1590,1943,Sunk
GER_1075,243,Germany,Submarine,Type IXD-2 N/A/N/A Ixd/42,U198,1942,Completed,1590,1944,Sunk
GER_1076,243,Germany,Submarine,Type IXD-2 N/A/N/A Ixd/42,U199,1942,Completed,1590,1943,Sunk
GER_1077,243,Germany,Submarine,Type IXD-2 N/A/N/A Ixd/42,U200,1942,Completed,1590,1943,Sunk
GER_1078,243,Germany,Submarine,Type IXD-2 N/A/N/A Ixd/42,U847,1943,Completed,1590,1943,Sunk
GER_1079,243,Germany,Submarine,Type IXD-2 N/A/N/A Ixd/42,U848,1943,Completed,1590,1943,Sunk
GER_1080,243,Germany,Submarine,Type IXD-2 N/A/N/A Ixd/42,U849,1943,Completed,1590,1943,Sunk
GER_1081,243,Germany,Submarine,Type IXD-2 N/A/N/A Ixd/42,U850,1943,Completed,1590,1943,Sunk
GER_1082,243,Germany,Submarine,Type IXD-2 N/A/N/A Ixd/42,U851,1943,Completed,1590,1944,Sunk
GER_1083,243,Germany,Submarine,Type IXD-2 N/A/N/A Ixd/42,U852,1943,Completed,1590,1945,Scuttled
GER_1084,243,Germany,Submarine,Type IXD-2 N/A/N/A Ixd/42,U859,1943,Completed,1590,1944,Sunk
GER_1085,243,Germany,Submarine,Type IXD-2 N/A/N/A Ixd/42,U860,1943,Completed,1590,1944,Sunk
GER_1086,243,Germany,Submarine,Type IXD-2 N/A/N/A Ixd/42,U861,1943,Completed,1590,1945,Transferred
GER_1087,243,Germany,Submarine,Type IXD-2 N/A/N/A Ixd/42,U862,1943,Completed,1590,1945,Transferred
GER_1088,243,Germany,Submarine,Type IXD-2 N/A/N/A Ixd/42,U863,1943,Completed,1590,1944,Sunk
GER_1089,243,Germany,Submarine,Type IXD-2 N/A/N/A Ixd/42,U864,1943,Completed,1590,1945,Sunk
GER_1090,243,Germany,Submarine,Type IXD-2 N/A/N/A Ixd/42,U871,1944,Completed,1590,1944,Sunk
GER_1091,243,Germany,Submarine,Type IXD-2 N/A/N/A Ixd/42,U872,1944,Completed,1590,1944,Sunk
GER_1092,243,Germany,Submarine,Type IXD-2 N/A/N/A Ixd/42,U873,1944,Completed,1590,1945,Transferred
GER_1093,243,Germany,Submarine,Type IXD-2 N/A/N/A Ixd/42,U874,1944,Completed,1590,1945,Transferred
GER_1094,243,Germany,Submarine,Type IXD-2 N/A/N/A Ixd/42,U875,1944,Completed,1590,1945,Transferred
GER_1095,243,Germany,Submarine,Type IXD-2 N/A/N/A Ixd/42,U876,1944,Completed,1590,1945,Scuttled
GER_1096,243,Germany,Submarine,Type IXD-2 N/A/N/A Ixd/42,U883,1945,Completed,1590,1945,Transferred
GER_1097,243,Germany,Submarine,Type XB,U116,1941,Completed,1735,1942,Sunk
GER_1098,243,Germany,Submarine,Type XB,U117,1941,Completed,1735,1943,Sunk
GER_1099,243,Germany,Submarine,Type XB,U118,1941,Completed,1735,1943,Sunk
GER_1100,243,Germany,Submarine,Type XB,U119,1942,Completed,1735,1943,Sunk
GER_1101,243,Germany,Submarine,Type XB,U219,1942,Completed,1735,1945,Transferred
GER_1102,243,Germany,Submarine,Type XB,U220,1943,Completed,1735,1943,Sunk
GER_1103,243,Germany,Submarine,Type XB,U233,1943,Completed,1735,1944,Sunk
GER_1104,243,Germany,Submarine,Type XB,U234,1944,Completed,1735,1945,Transferred
GER_1105,243,Germany,Submarine,Type XIV,U459,1941,Completed,1661,1943,Sunk
GER_1106,243,Germany,Submarine,Type XIV,U460,1941,Completed,1661,1943,Sunk
GER_1107,243,Germany,Submarine,Type XIV,U461,1942,Completed,1661,1943,Sunk
GER_1108,243,Germany,Submarine,Type XIV,U462,1942,Completed,1661,1943,Sunk
GER_1109,243,Germany,Submarine,Type XIV,U463,1942,Completed,1661,1943,Sunk
GER_1110,243,Germany,Submarine,Type XIV,U464,1942,Completed,1661,1942,Sunk
GER_1111,243,Germany,Submarine,Type XIV,U487,1942,Completed,1661,1943,Sunk
GER_1112,243,Germany,Submarine,Type XIV,U488,1943,Completed,1661,1944,Sunk
GER_1113,243,Germany,Submarine,Type XIV,U489,1943,Completed,1661,1943,Sunk
GER_1114,243,Germany,Submarine,Type XIV,U490,1943,Completed,1661,1944,Sunk
GER_1115,244,Germany,Submarine,V80,V80,1940,Launched,72,1945,Scuttled
GER_1116,244,Germany,Submarine,U791,U791,1942,Laid Down,600,N/A,N/A
GER_1117,244,Germany,Submarine,Type WA201,U792,1943,Completed,273,1945,Scuttled
GER_1118,244,Germany,Submarine,Type WA201,U793,1944,Completed,273,1945,Scuttled
GER_1119,244,Germany,Submarine,Type WK202,U794,1943,Completed,232,1945,Scuttled
GER_1120,244,Germany,Submarine,Type WK202,U795,1944,Completed,232,1945,Scuttled
GER_1121,244,Germany,Submarine,Type Xviib,U1405,1944,Completed,307,1945,Scuttled
GER_1122,244,Germany,Submarine,Type Xviib,U1406,1945,Completed,307,1945,Scuttled
GER_1123,244,Germany,Submarine,Type Xviib,U1407,1945,Completed,307,1945,Scuttled
GER_1124,244,Germany,Submarine,Type XXI,U2501,1944,Completed,1595,1945,Scuttled
GER_1125,244,Germany,Submarine,Type XXI,U2502,1944,Completed,1595,1945,Transferred
GER_1126,244,Germany,Submarine,Type XXI,U2503,1944,Completed,1595,1945,Sunk
GER_1127,244,Germany,Submarine,Type XXI,U2504,1944,Completed,1595,1944,Scrapped
GER_1128,244,Germany,Submarine,Type XXI,U2505,1944,Completed,1595,1945,Scuttled
GER_1129,244,Germany,Submarine,Type XXI,U2506,1944,Completed,1595,1945,Transferred
GER_1130,244,Germany,Submarine,Type XXI,U2507,1944,Completed,1595,1945,Scuttled
GER_1131,244,Germany,Submarine,Type XXI,U2508,1944,Completed,1595,1945,Scuttled
GER_1132,244,Germany,Submarine,Type XXI,U2509,1944,Completed,1595,1945,Sunk
GER_1133,244,Germany,Submarine,Type XXI,U2510,1944,Completed,1595,1945,Scuttled
GER_1134,244,Germany,Submarine,Type XXI,U2511,1944,Completed,1595,1945,Transferred
GER_1135,244,Germany,Submarine,Type XXI,U2512,1944,Completed,1595,1945,Scuttled
GER_1136,244,Germany,Submarine,Type XXI,U2513,1944,Completed,1595,1945,Transferred
GER_1137,244,Germany,Submarine,Type XXI,U2514,1944,Completed,1595,1945,Sunk
GER_1138,244,Germany,Submarine,Type XXI,U2515,1944,Completed,1595,1944,Sunk
GER_1139,244,Germany,Submarine,Type XXI,U2516,1944,Completed,1595,1945,Sunk
GER_1140,244,Germany,Submarine,Type XXI,U2517,1944,Completed,1595,1945,Scuttled
GER_1141,244,Germany,Submarine,Type XXI,U2518,1944,Completed,1595,1945,Transferred
GER_1142,244,Germany,Submarine,Type XXI,U2519,1944,Completed,1595,1945,Scuttled
GER_1143,244,Germany,Submarine,Type XXI,U2520,1944,Completed,1595,1945,Scuttled
GER_1144,244,Germany,Submarine,Type XXI,U2521,1944,Completed,1595,1945,Sunk
GER_1145,244,Germany,Submarine,Type XXI,U2522,1944,Completed,1595,1945,Scuttled
GER_1146,244,Germany,Submarine,Type XXI,U2523,1944,Completed,1595,1945,Sunk
GER_1147,244,Germany,Submarine,Type XXI,U2524,1945,Completed,1595,1945,Sunk
GER_1148,244,Germany,Submarine,Type XXI,U2525,1944,Completed,1595,1945,Sunk
GER_1149,244,Germany,Submarine,Type XXI,U2526,1944,Completed,1595,1945,Scuttled
GER_1150,244,Germany,Submarine,Type XXI,U2527,1944,Completed,1595,1945,Scuttled
GER_1151,244,Germany,Submarine,Type XXI,U2528,1944,Completed,1595,1945,Scuttled
GER_1152,244,Germany,Submarine,Type XXI,U2529,1945,Completed,1595,1945,Transferred
GER_1153,244,Germany,Submarine,Type XXI,U2530,1944,Completed,1595,1944,Sunk
GER_1154,244,Germany,Submarine,Type XXI,U2531,1945,Completed,1595,1945,Scuttled
GER_1155,244,Germany,Submarine,Type XXI,U2532,1944,Launched,1595,1944,Sunk
GER_1156,244,Germany,Submarine,Type XXI,U2533,1945,Completed,1595,1945,Scuttled
GER_1157,244,Germany,Submarine,Type XXI,U2534,1945,Completed,1595,1945,Sunk
GER_1158,244,Germany,Submarine,Type XXI,U2535,1945,Completed,1595,1945,Scuttled
GER_1159,244,Germany,Submarine,Type XXI,U2536,1945,Completed,1595,1945,Scuttled
GER_1160,244,Germany,Submarine,Type XXI,U2537,1944,Launched,1595,1944,Sunk
GER_1161,244,Germany,Submarine,Type XXI,U2538,1945,Completed,1595,1945,Scuttled
GER_1162,244,Germany,Submarine,Type XXI,U2539,1945,Completed,1595,1945,Scuttled
GER_1163,244,Germany,Submarine,Type XXI,U2540,1945,Completed,1595,1946,Survived
GER_1164,244,Germany,Submarine,Type XXI,U2541,1945,Completed,1595,1945,Scuttled
GER_1165,244,Germany,Submarine,Type XXI,U2542,1945,Completed,1595,1945,Sunk
GER_1166,244,Germany,Submarine,Type XXI,U2543,1945,Completed,1595,1945,Scuttled
GER_1167,244,Germany,Submarine,Type XXI,U2544,1945,Completed,1595,1945,Scuttled
GER_1168,244,Germany,Submarine,Type XXI,U2545,1945,Completed,1595,1945,Scuttled
GER_1169,244,Germany,Submarine,Type XXI,U2546,1945,Completed,1595,1945,Scuttled
GER_1170,244,Germany,Submarine,Type XXI,U2548,1945,Completed,1595,1945,Scuttled
GER_1171,244,Germany,Submarine,Type XXI,U2549,1945,Launched,1595,N/A,N/A
GER_1172,244,Germany,Submarine,Type XXI,U2550,1945,Launched,1595,N/A,N/A
GER_1173,244,Germany,Submarine,Type XXI,U2551,1945,Completed,1595,1945,Sunk
GER_1174,244,Germany,Submarine,Type XXI,U3001,1944,Completed,1595,1945,Scuttled
GER_1175,244,Germany,Submarine,Type XXI,U3002,1944,Completed,1595,1945,Scuttled
GER_1176,244,Germany,Submarine,Type XXI,U3003,1944,Completed,1595,1945,Sunk
GER_1177,244,Germany,Submarine,Type XXI,U3004,1944,Completed,1595,1945,Scuttled
GER_1178,244,Germany,Submarine,Type XXI,U3005,1944,Completed,1595,1945,Scuttled
GER_1179,244,Germany,Submarine,Type XXI,U3006,1944,Completed,1595,1945,Scuttled
GER_1180,244,Germany,Submarine,Type XXI,U3007,1944,Completed,1595,1945,Sunk
GER_1181,244,Germany,Submarine,Type XXI,U3008,1944,Completed,1595,1945,Transferred
GER_1182,244,Germany,Submarine,Type XXI,U3009,1944,Completed,1595,1945,Scuttled
GER_1183,244,Germany,Submarine,Type XXI,U3010,1944,Completed,1595,1945,Scuttled
GER_1184,244,Germany,Submarine,Type XXI,U3011,1944,Completed,1595,1945,Scuttled
GER_1185,244,Germany,Submarine,Type XXI,U3012,1944,Completed,1595,1945,Scuttled
GER_1186,244,Germany,Submarine,Type XXI,U3013,1944,Completed,1595,1945,Scuttled
GER_1187,244,Germany,Submarine,Type XXI,U3014,1944,Completed,1595,1945,Scuttled
GER_1188,244,Germany,Submarine,Type XXI,U3015,1944,Completed,1595,1945,Scuttled
GER_1189,244,Germany,Submarine,Type XXI,U3016,1945,Completed,1595,1945,Scuttled
GER_1190,244,Germany,Submarine,Type XXI,U3017,1945,Completed,1595,1945,Transferred
GER_1191,244,Germany,Submarine,Type XXI,U3018,1945,Completed,1595,1945,Scuttled
GER_1192,244,Germany,Submarine,Type XXI,U3019,1944,Completed,1595,1945,Scuttled
GER_1193,244,Germany,Submarine,Type XXI,U3020,1944,Completed,1595,1945,Scuttled
GER_1194,244,Germany,Submarine,Type XXI,U3021,1945,Completed,1595,1945,Scuttled
GER_1195,244,Germany,Submarine,Type XXI,U3022,1945,Completed,1595,1945,Scuttled
GER_1196,244,Germany,Submarine,Type XXI,U3023,1945,Completed,1595,1945,Scuttled
GER_1197,244,Germany,Submarine,Type XXI,U3024,1945,Completed,1595,1945,Scuttled
GER_1198,244,Germany,Submarine,Type XXI,U3025,1945,Completed,1595,1945,Scuttled
GER_1199,244,Germany,Submarine,Type XXI,U3026,1945,Completed,1595,1945,Scuttled
GER_1200,244,Germany,Submarine,Type XXI,U3027,1945,Completed,1595,1945,Scuttled
GER_1201,244,Germany,Submarine,Type XXI,U3028,1945,Completed,1595,1945,Sunk
GER_1202,244,Germany,Submarine,Type XXI,U3029,1945,Completed,1595,1945,Scuttled
GER_1203,244,Germany,Submarine,Type XXI,U3030,1945,Completed,1595,1945,Sunk
GER_1204,244,Germany,Submarine,Type XXI,U3031,1945,Completed,1595,1945,Scuttled
GER_1205,244,Germany,Submarine,Type XXI,U3032,1945,Completed,1595,1945,Sunk
GER_1206,244,Germany,Submarine,Type XXI,U3033,1945,Completed,1595,1945,Scuttled
GER_1207,244,Germany,Submarine,Type XXI,U3034,1945,Completed,1595,1945,Scuttled
GER_1208,244,Germany,Submarine,Type XXI,U3035,1945,Completed,1595,1945,Transferred
GER_1209,244,Germany,Submarine,Type XXI,U3037,1945,Completed,1595,1945,Scuttled
GER_1210,244,Germany,Submarine,Type XXI,U3038,1945,Completed,1595,1945,Scuttled
GER_1211,244,Germany,Submarine,Type XXI,U3039,1945,Completed,1595,1945,Scuttled
GER_1212,244,Germany,Submarine,Type XXI,U3040,1945,Completed,1595,1945,Scuttled
GER_1213,244,Germany,Submarine,Type XXI,U3041,1945,Completed,1595,1945,Transferred
GER_1214,244,Germany,Submarine,Type XXI,U3044,1945,Completed,1595,1945,Scuttled
GER_1215,244,Germany,Submarine,Type XXI,U3501,1944,Completed,1595,1945,Scuttled
GER_1216,244,Germany,Submarine,Type XXI,U3502,1944,Completed,1595,1945,Scrapped
GER_1217,244,Germany,Submarine,Type XXI,U3503,1944,Completed,1595,1945,Scuttled
GER_1218,244,Germany,Submarine,Type XXI,U3504,1944,Completed,1595,1945,Scuttled
GER_1219,244,Germany,Submarine,Type XXI,U3505,1944,Completed,1595,1945,Sunk
GER_1220,244,Germany,Submarine,Type XXI,U3506,1944,Completed,1595,1945,Scuttled
GER_1221,244,Germany,Submarine,Type XXI,U3507,1944,Completed,1595,1945,Scuttled
GER_1222,244,Germany,Submarine,Type XXI,U3508,1944,Completed,1595,1945,Sunk
GER_1223,244,Germany,Submarine,Type XXI,U3509,1945,Completed,1595,1945,Scuttled
GER_1224,244,Germany,Submarine,Type XXI,U3510,1944,Completed,1595,1945,Scuttled
GER_1225,244,Germany,Submarine,Type XXI,U3511,1944,Completed,1595,1945,Scuttled
GER_1226,244,Germany,Submarine,Type XXI,U3512,1944,Completed,1595,1945,Sunk
GER_1227,244,Germany,Submarine,Type XXI,U3513,1944,Completed,1595,1945,Scuttled
GER_1228,244,Germany,Submarine,Type XXI,U3514,1944,Completed,1595,1945,Transferred
GER_1229,244,Germany,Submarine,Type XXI,U3515,1944,Completed,1595,1945,Transferred
GER_1230,244,Germany,Submarine,Type XXI,U3516,1944,Completed,1595,1945,Scuttled
GER_1231,244,Germany,Submarine,Type XXI,U3517,1944,Completed,1595,1945,Scuttled
GER_1232,244,Germany,Submarine,Type XXI,U3518,1944,Completed,1595,1945,Scuttled
GER_1233,244,Germany,Submarine,Type XXI,U3519,1945,Completed,1595,1945,Sunk
GER_1234,244,Germany,Submarine,Type XXI,U3520,1945,Completed,1595,1945,Sunk
GER_1235,244,Germany,Submarine,Type XXI,U3521,1945,Completed,1595,1945,Scuttled
GER_1236,244,Germany,Submarine,Type XXI,U3522,1945,Completed,1595,1945,Scuttled
GER_1237,244,Germany,Submarine,Type XXI,U3523,1945,Completed,1595,1945,Sunk
GER_1238,244,Germany,Submarine,Type XXI,U3524,1945,Completed,1595,1945,Scuttled
GER_1239,244,Germany,Submarine,Type XXI,U3525,1945,Completed,1595,1945,Sunk
GER_1240,244,Germany,Submarine,Type XXI,U3526,1945,Completed,1595,1945,Scuttled
GER_1241,244,Germany,Submarine,Type XXI,U3527,1945,Completed,1595,1945,Scuttled
GER_1242,244,Germany,Submarine,Type XXI,U3528,1945,Completed,1595,1945,Scuttled
GER_1243,244,Germany,Submarine,Type XXI,U3529,1945,Completed,1595,1945,Scuttled
GER_1244,244,Germany,Submarine,Type XXI,U3530,1945,Completed,1595,1945,Scuttled
GER_1245,244,Germany,Submarine,Type XXIII,U2321,1944,Completed,230,1945,Transferred
GER_1246,244,Germany,Submarine,Type XXIII,U2322,1944,Completed,230,1945,Transferred
GER_1247,244,Germany,Submarine,Type XXIII,U2323,1944,Completed,230,1944,Sunk
GER_1248,244,Germany,Submarine,Type XXIII,U2324,1944,Completed,230,1945,Transferred
GER_1249,244,Germany,Submarine,Type XXIII,U2325,1944,Completed,230,1945,Sunk
GER_1250,244,Germany,Submarine,Type XXIII,U2326,1944,Completed,230,1945,Transferred
GER_1251,244,Germany,Submarine,Type XXIII,U2327,1944,Completed,230,1945,Scuttled
GER_1252,244,Germany,Submarine,Type XXIII,U2328,1944,Completed,230,1945,Transferred
GER_1253,244,Germany,Submarine,Type XXIII,U2329,1944,Completed,230,1945,Transferred
GER_1254,244,Germany,Submarine,Type XXIII,U2330,1944,Completed,230,1945,Scuttled
GER_1255,244,Germany,Submarine,Type XXIII,U2331,1944,Completed,230,1944,Sunk
GER_1256,244,Germany,Submarine,Type XXIII,U2332,1944,Completed,230,1945,Scuttled
GER_1257,244,Germany,Submarine,Type XXIII,U2333,1944,Completed,230,1945,Scuttled
GER_1258,244,Germany,Submarine,Type XXIII,U2334,1944,Completed,230,1945,Transferred
GER_1259,244,Germany,Submarine,Type XXIII,U2335,1944,Completed,230,1945,Transferred
GER_1260,244,Germany,Submarine,Type XXIII,U2336,1944,Completed,230,1945,Transferred
GER_1261,244,Germany,Submarine,Type XXIII,U2337,1944,Completed,230,1945,Transferred
GER_1262,244,Germany,Submarine,Type XXIII,U2338,1944,Completed,230,1945,Sunk
GER_1263,244,Germany,Submarine,Type XXIII,U2339,1944,Completed,230,1945,Scuttled
GER_1264,244,Germany,Submarine,Type XXIII,U2340,1944,Completed,230,1945,Sunk
GER_1265,244,Germany,Submarine,Type XXIII,U2341,1944,Completed,230,1945,Transferred
GER_1266,244,Germany,Submarine,Type XXIII,U2342,1944,Completed,230,1944,Sunk
GER_1267,244,Germany,Submarine,Type XXIII,U2343,1944,Completed,230,1945,Scuttled
GER_1268,244,Germany,Submarine,Type XXIII,U2344,1944,Completed,230,1945,Transferred
GER_1269,244,Germany,Submarine,Type XXIII,U2345,1944,Completed,230,1945,Transferred
GER_1270,244,Germany,Submarine,Type XXIII,U2346,1944,Completed,230,1945,Scuttled
GER_1271,244,Germany,Submarine,Type XXIII,U2347,1944,Completed,230,1945,Scuttled
GER_1272,244,Germany,Submarine,Type XXIII,U2348,1944,Completed,230,1945,Transferred
GER_1273,244,Germany,Submarine,Type XXIII,U2349,1944,Completed,230,1945,Scuttled
GER_1274,244,Germany,Submarine,Type XXIII,U2350,1944,Completed,230,1945,Transferred
GER_1275,244,Germany,Submarine,Type XXIII,U2351,1944,Completed,230,1945,Transferred
GER_1276,244,Germany,Submarine,Type XXIII,U2352,1945,Completed,230,1945,Scuttled
GER_1277,244,Germany,Submarine,Type XXIII,U2353,1945,Completed,230,1945,Transferred
GER_1278,244,Germany,Submarine,Type XXIII,U2354,1945,Completed,230,1945,Transferred
GER_1279,244,Germany,Submarine,Type XXIII,U2355,1945,Completed,230,1945,Sunk
GER_1280,244,Germany,Submarine,Type XXIII,U2356,1945,Completed,230,1945,Transferred
GER_1281,244,Germany,Submarine,Type XXIII,U2357,1945,Completed,230,1945,Scuttled
GER_1282,244,Germany,Submarine,Type XXIII,U2358,1945,Completed,230,1945,Scuttled
GER_1283,244,Germany,Submarine,Type XXIII,U2359,1945,Completed,230,1945,Sunk
GER_1284,244,Germany,Submarine,Type XXIII,U2360,1945,Completed,230,1945,Scuttled
GER_1285,244,Germany,Submarine,Type XXIII,U2361,1945,Completed,230,1945,Transferred
GER_1286,244,Germany,Submarine,Type XXIII,U2362,1945,Completed,230,1945,Scuttled
GER_1287,244,Germany,Submarine,Type XXIII,U2363,1945,Completed,230,1945,Transferred
GER_1288,244,Germany,Submarine,Type XXIII,U2364,1945,Completed,230,1945,Scuttled
GER_1289,244,Germany,Submarine,Type XXIII,U2365,1945,Completed,230,1945,Transferred
GER_1290,244,Germany,Submarine,Type XXIII,U2366,1945,Completed,230,1945,Scuttled
GER_1291,244,Germany,Submarine,Type XXIII,U2367,1945,Completed,230,1945,Transferred
GER_1292,244,Germany,Submarine,Type XXIII,U2368,1945,Completed,230,1945,Scuttled
GER_1293,244,Germany,Submarine,Type XXIII,U2369,1945,Completed,230,1945,Scuttled
GER_1294,244,Germany,Submarine,Type XXIII,U2370,1945,Launched,230,1945,Scuttled
GER_1295,244,Germany,Submarine,Type XXIII,U2371,1945,Completed,230,1945,Scuttled
GER_1296,244,Germany,Submarine,Type XXIII,U4701,1945,Completed,230,1945,Scuttled
GER_1297,244,Germany,Submarine,Type XXIII,U4702,1945,Completed,230,1945,Scuttled
GER_1298,244,Germany,Submarine,Type XXIII,U4703,1945,Completed,230,1945,Scuttled
GER_1299,244,Germany,Submarine,Type XXIII,U4704,1945,Completed,230,1945,Scuttled
GER_1300,244,Germany,Submarine,Type XXIII,U4705,1945,Completed,230,1945,Scuttled
GER_1301,244,Germany,Submarine,Type XXIII,U4706,1945,Completed,230,1945,Transferred
GER_1302,244,Germany,Submarine,Type XXIII,U4707,1945,Completed,230,1945,Scuttled
GER_1303,244,Germany,Submarine,Type XXIII,U4708,1945,Launched,230,1945,Sunk
GER_1304,244,Germany,Submarine,Type XXIII,U4709,1945,Completed,230,1945,Sunk
GER_1305,244,Germany,Submarine,Type XXIII,U4710,1945,Completed,230,1945,Scuttled
GER_1306,244,Germany,Submarine,Type XXIII,U4711,1945,Completed,230,1945,Scuttled
GER_1307,244,Germany,Submarine,Type XXIII,U4712,1945,Completed,230,1945,Scuttled
GER_1308,245,Germany,Escort,F,F1,1935,Launched,712,1945,Transferred
GER_1309,245,Germany,Escort,F,F2,1935,Launched,712,1946,Sunk
GER_1310,245,Germany,Escort,F,F3,1935,Launched,712,1945,Sunk
GER_1311,245,Germany,Escort,F,F4,1935,Launched,712,1945,Scrapped
GER_1312,245,Germany,Escort,F,F5,1935,Launched,712,1945,Sunk
GER_1313,245,Germany,Escort,F,F6,1935,Launched,712,1945,Sunk
GER_1314,245,Germany,Escort,F,F7,1935,Launched,712,1945,Transferred
GER_1315,245,Germany,Escort,F,F8,1935,Launched,712,1945,Transferred
GER_1316,245,Germany,Escort,F,F9,1935,Launched,712,1939,Sunk
GER_1317,245,Germany,Escort,F,F10,1935,Launched,712,1945,Transferred
GER_1318,245,Germany,Mine Warfare,1935/1939 Mob Type,M1,N/A,N/A,682,N/A,N/A
GER_1319,245,Germany,Mine Warfare,1935/1939 Mob Type,M2,N/A,N/A,682,N/A,N/A
GER_1320,245,Germany,Mine Warfare,1935/1939 Mob Type,M3,N/A,N/A,682,N/A,N/A
GER_1321,245,Germany,Mine Warfare,1935/1939 Mob Type,M4,N/A,N/A,682,N/A,N/A
GER_1322,245,Germany,Mine Warfare,1935/1939 Mob Type,M5,N/A,N/A,682,N/A,N/A
GER_1323,245,Germany,Mine Warfare,1935/1939 Mob Type,M6,N/A,N/A,682,N/A,N/A
GER_1324,245,Germany,Mine Warfare,1935/1939 Mob Type,M7,N/A,N/A,682,N/A,N/A
GER_1325,245,Germany,Mine Warfare,1935/1939 Mob Type,M8,N/A,N/A,682,N/A,N/A
GER_1326,245,Germany,Mine Warfare,1935/1939 Mob Type,M9,N/A,N/A,682,N/A,N/A
GER_1327,245,Germany,Mine Warfare,1935/1939 Mob Type,M10,N/A,N/A,682,N/A,N/A
GER_1328,245,Germany,Mine Warfare,1935/1939 Mob Type,M11,N/A,N/A,682,N/A,N/A
GER_1329,245,Germany,Mine Warfare,1935/1939 Mob Type,M12,N/A,N/A,682,N/A,N/A
GER_1330,245,Germany,Mine Warfare,1935/1939 Mob Type,M13,N/A,N/A,682,N/A,N/A
GER_1331,245,Germany,Mine Warfare,1935/1939 Mob Type,M14,N/A,N/A,682,N/A,N/A
GER_1332,245,Germany,Mine Warfare,1935/1939 Mob Type,M15,N/A,N/A,682,N/A,N/A
GER_1333,245,Germany,Mine Warfare,1935/1939 Mob Type,M16,N/A,N/A,682,N/A,N/A
GER_1334,245,Germany,Mine Warfare,1935/1939 Mob Type,M17,N/A,N/A,682,N/A,N/A
GER_1335,245,Germany,Mine Warfare,1935/1939 Mob Type,M18,N/A,N/A,682,N/A,N/A
GER_1336,245,Germany,Mine Warfare,1935/1939 Mob Type,M19,N/A,N/A,682,N/A,N/A
GER_1337,245,Germany,Mine Warfare,1935/1939 Mob Type,M20,N/A,N/A,682,N/A,N/A
GER_1338,245,Germany,Mine Warfare,1935/1939 Mob Type,M21,N/A,N/A,682,N/A,N/A
GER_1339,245,Germany,Mine Warfare,1935/1939 Mob Type,M22,N/A,N/A,682,N/A,N/A
GER_1340,245,Germany,Mine Warfare,1935/1939 Mob Type,M23,N/A,N/A,682,N/A,N/A
GER_1341,245,Germany,Mine Warfare,1935/1939 Mob Type,M24,N/A,N/A,682,N/A,N/A
GER_1342,245,Germany,Mine Warfare,1935/1939 Mob Type,M25,N/A,N/A,682,N/A,N/A
GER_1343,245,Germany,Mine Warfare,1935/1939 Mob Type,M26,N/A,N/A,682,N/A,N/A
GER_1344,245,Germany,Mine Warfare,1935/1939 Mob Type,M27,N/A,N/A,682,N/A,N/A
GER_1345,245,Germany,Mine Warfare,1935/1939 Mob Type,M28,N/A,N/A,682,N/A,N/A
GER_1346,245,Germany,Mine Warfare,1935/1939 Mob Type,M29,N/A,N/A,682,N/A,N/A
GER_1347,245,Germany,Mine Warfare,1935/1939 Mob Type,M30,N/A,N/A,682,N/A,N/A
GER_1348,245,Germany,Mine Warfare,1935/1939 Mob Type,M31,N/A,N/A,682,N/A,N/A
GER_1349,245,Germany,Mine Warfare,1935/1939 Mob Type,M32,N/A,N/A,682,N/A,N/A
GER_1350,245,Germany,Mine Warfare,1935/1939 Mob Type,M33,N/A,N/A,682,N/A,N/A
GER_1351,245,Germany,Mine Warfare,1935/1939 Mob Type,M34,N/A,N/A,682,N/A,N/A
GER_1352,245,Germany,Mine Warfare,1935/1939 Mob Type,M35,N/A,N/A,682,N/A,N/A
GER_1353,245,Germany,Mine Warfare,1935/1939 Mob Type,M36,N/A,N/A,682,N/A,N/A
GER_1354,245,Germany,Mine Warfare,1935/1939 Mob Type,M37,N/A,N/A,682,N/A,N/A
GER_1355,245,Germany,Mine Warfare,1935/1939 Mob Type,M38,N/A,N/A,682,N/A,N/A
GER_1356,245,Germany,Mine Warfare,1935/1939 Mob Type,M39,N/A,N/A,682,N/A,N/A
GER_1357,245,Germany,Mine Warfare,1935/1939 Mob Type,M81,N/A,N/A,682,N/A,N/A
GER_1358,245,Germany,Mine Warfare,1935/1939 Mob Type,M82,N/A,N/A,682,N/A,N/A
GER_1359,245,Germany,Mine Warfare,1935/1939 Mob Type,M83,N/A,N/A,682,N/A,N/A
GER_1360,245,Germany,Mine Warfare,1935/1939 Mob Type,M84,N/A,N/A,682,N/A,N/A
GER_1361,245,Germany,Mine Warfare,1935/1939 Mob Type,M85,N/A,N/A,682,N/A,N/A
GER_1362,245,Germany,Mine Warfare,1935/1939 Mob Type,M101,N/A,N/A,682,N/A,N/A
GER_1363,245,Germany,Mine Warfare,1935/1939 Mob Type,M102,N/A,N/A,682,N/A,N/A
GER_1364,245,Germany,Mine Warfare,1935/1939 Mob Type,M103,N/A,N/A,682,N/A,N/A
GER_1365,245,Germany,Mine Warfare,1935/1939 Mob Type,M104,N/A,N/A,682,N/A,N/A
GER_1366,245,Germany,Mine Warfare,1935/1939 Mob Type,M131,N/A,N/A,682,N/A,N/A
GER_1367,245,Germany,Mine Warfare,1935/1939 Mob Type,M132,N/A,N/A,682,N/A,N/A
GER_1368,245,Germany,Mine Warfare,1935/1939 Mob Type,M133,N/A,N/A,682,N/A,N/A
GER_1369,245,Germany,Mine Warfare,1935/1939 Mob Type,M151,N/A,N/A,682,N/A,N/A
GER_1370,245,Germany,Mine Warfare,1935/1939 Mob Type,M152,N/A,N/A,682,N/A,N/A
GER_1371,245,Germany,Mine Warfare,1935/1939 Mob Type,M153,N/A,N/A,682,N/A,N/A
GER_1372,245,Germany,Mine Warfare,1935/1939 Mob Type,M154,N/A,N/A,682,N/A,N/A
GER_1373,245,Germany,Mine Warfare,1935/1939 Mob Type,M155,N/A,N/A,682,N/A,N/A
GER_1374,245,Germany,Mine Warfare,1935/1939 Mob Type,M156,N/A,N/A,682,N/A,N/A
GER_1375,245,Germany,Mine Warfare,1935/1939 Mob Type,M201,N/A,N/A,682,N/A,N/A
GER_1376,245,Germany,Mine Warfare,1935/1939 Mob Type,M202,N/A,N/A,682,N/A,N/A
GER_1377,245,Germany,Mine Warfare,1935/1939 Mob Type,M203,N/A,N/A,682,N/A,N/A
GER_1378,245,Germany,Mine Warfare,1935/1939 Mob Type,M204,N/A,N/A,682,N/A,N/A
GER_1379,245,Germany,Mine Warfare,1935/1939 Mob Type,M205,N/A,N/A,682,N/A,N/A
GER_1380,245,Germany,Mine Warfare,1935/1939 Mob Type,M206,N/A,N/A,682,N/A,N/A
GER_1381,245,Germany,Mine Warfare,1935/1939 Mob Type,M251,N/A,N/A,682,N/A,N/A
GER_1382,245,Germany,Mine Warfare,1935/1939 Mob Type,M252,N/A,N/A,682,N/A,N/A
GER_1383,245,Germany,Mine Warfare,1935/1939 Mob Type,M253,N/A,N/A,682,N/A,N/A
GER_1384,245,Germany,Mine Warfare,1935/1939 Mob Type,M254,N/A,N/A,682,N/A,N/A
GER_1385,245,Germany,Mine Warfare,1935/1939 Mob Type,M255,N/A,N/A,682,N/A,N/A
GER_1386,245,Germany,Mine Warfare,1935/1939 Mob Type,M256,N/A,N/A,682,N/A,N/A
GER_1387,246,Germany,Mine Warfare,1943 Type,M601,N/A,N/A,582,N/A,N/A
GER_1388,246,Germany,Mine Warfare,1943 Type,M602,N/A,N/A,582,N/A,N/A
GER_1389,246,Germany,Mine Warfare,1943 Type,M603,N/A,N/A,582,N/A,N/A
GER_1390,246,Germany,Mine Warfare,1943 Type,M604,N/A,N/A,582,N/A,N/A
GER_1391,246,Germany,Mine Warfare,1943 Type,M605,N/A,N/A,582,N/A,N/A
GER_1392,246,Germany,Mine Warfare,1943 Type,M606,N/A,N/A,582,N/A,N/A
GER_1393,246,Germany,Mine Warfare,1943 Type,M607,N/A,N/A,582,N/A,N/A
GER_1394,246,Germany,Mine Warfare,1943 Type,M608,N/A,N/A,582,N/A,N/A
GER_1395,246,Germany,Mine Warfare,1943 Type,M609,N/A,N/A,582,N/A,N/A
GER_1396,246,Germany,Mine Warfare,1943 Type,M610,N/A,N/A,582,N/A,N/A
GER_1397,246,Germany,Mine Warfare,1943 Type,M611,N/A,N/A,582,N/A,N/A
GER_1398,246,Germany,Mine Warfare,1943 Type,M612,N/A,N/A,582,N/A,N/A
GER_1399,246,Germany,Mine Warfare,1943 Type,M801,N/A,N/A,582,N/A,N/A
GER_1400,246,Germany,Mine Warfare,1943 Type,M802,N/A,N/A,582,N/A,N/A
GER_1401,246,Germany,Mine Warfare,1943 Type,M803,N/A,N/A,582,N/A,N/A
GER_1402,246,Germany,Mine Warfare,1943 Type,M804,N/A,N/A,582,N/A,N/A
GER_1403,246,Germany,Mine Warfare,1943 Type,M805,N/A,N/A,582,N/A,N/A
GER_1404,246,Germany,Mine Warfare,1943 Type,M806,N/A,N/A,582,N/A,N/A
GER_1405,246,Germany,Other,Orion,Orion,1939,Completed,15700,1945,Sunk
GER_1406,246,Germany,Other,Atlantis,Atlantis,1939,Completed,17600,1941,Sunk
GER_1407,247,Germany,Other,Widder,Widder,1939,Completed,16800,1945,Transferred
GER_1408,247,Germany,Other,Thor,Thor,1940,Completed,9200,1942,Sunk
GER_1409,247,Germany,Other,Stier,Stier,1942,Completed,11000,1942,Sunk
GER_1410,247,Germany,Other,Komet,Komet,1940,Completed,7500,1942,Sunk
GER_1411,247,Germany,Other,Pinguin,Pinguin,1940,Completed,17600,1941,Sunk
GER_1412,247,Germany,Other,Michel,Michel,1941,Completed,10900,1943,Sunk
GER_1413,248,Germany,Other,Kormoran,Kormoran,1940,Completed,19900,1941,Sunk
GER_1414,248,Germany,Other,Hansa,Schiff 5,1939,Laid Down,19200,1945,Transferred
GER_1415,252,Germany,Other,Bremse,Bremse,1931,Launched,1435,1941,Sunk
GER_1416,252,Germany,Other,Saar,Saar,1934,Launched,2710,1945,Transferred
GER_1417,252,Germany,Other,Brummer,Brummer,1935,Launched,2410,1940,Sunk
GER_1418,252,Germany,Other,Brummer,Brummer Ex-Olav Tryggvason,1932,Launched,1596,1945,Scuttled
GER_1419,252,Germany,Other,Wilhelm Bauer,Wilhelm Bauer,1940,Completed,4700,1945,Sunk
GER_1420,252,Germany,Other,Wilhelm Bauer,Waldemar Kophamel,1940,Completed,4700,1945,Transferred
GER_1421,252,Germany,Other,Wilhelm Bauer,Otto Wunsche,1943,Completed,5000,1945,Transferred
GER_1422,252,Germany,Other,Weichsel,Weichsel,1923,Launched,5200,1945,Transferred
GER_1423,252,Germany,Other,Isar,Isar,1930,Launched,4560,1946,Transferred
GER_1424,252,Germany,Other,Lech,Lech,1930,Launched,4560,1946,Transferred
GER_1425,252,Germany,Other,Erwin Wassner,Erwin Wassner,1938,Launched,6080,1944,Sunk
GER_1426,253,Germany,Other,Tsingtau,Tsingtau,1934,Launched,1980,1945,Transferred
GER_1427,253,Germany,Other,Tanga,Tanga,1937,Launched,2190,1946,Survived
GER_1428,253,Germany,Other,Grille,Grille,1934,Launched,2560,1945,Transferred
GER_1429,253,Germany,Other,Adolf Luderitz,Adolf Luderitz,1939,Launched,2900,1946,Transferred
GER_1430,253,Germany,Other,Adolf Luderitz,Carl Peters,1939,Launched,2900,1945,Sunk
GER_1431,253,Germany,Other,Hela,Hela,1939,Launched,2113,1946,Transferred
GER_1432,253,Germany,Other,Castor,Castor,1940,Launched,5150,1945,Sunk
GER_1433,253,Germany,Other,Gustav Nachtigal,Gustav Nachtigal,1944,Completed,3100,1945,Transferred
GER_1434,253,Germany,Other,Gustav Nachtigal,Hermann Von Wissmann,1943,Completed,3100,1944,Sunk
GER_1435,254,Germany,Escort,Schnelle Geleitboote,SG1,1942,Completed,1372,1944,Sunk
GER_1436,254,Germany,Escort,Schnelle Geleitboote,SG2,1942,Completed,1372,1944,Sunk
GER_1437,254,Germany,Escort,Schnelle Geleitboote,SG3,1942,Completed,1372,1945,Transferred
GER_1438,254,Germany,Escort,Schnelle Geleitboote,SG4,1942,Completed,1372,1945,Transferred
GER_1439,254,Germany,Escort,Schnelle Geleitboote,SG14,1943,Completed,1372,1943,Sunk
GER_1440,254,Germany,Escort,Schnelle Geleitboote,SG15,1943,Completed,1372,1944,Sunk
GER_1441,254,Germany,Escort,Schnelle Geleitboote,SG21,1943,Completed,1372,1944,Sunk
GER_1442,254,Germany,Escort,Schnelle Geleitboote,SG22,1943,Completed,1372,1945,Sunk
GER_1443,254,Germany,Escort,Schnelle Geleitboote,SG23,1943,Completed,1372,1945,Scuttled
GER_1444,254,Germany,Other,Togo,Togo,1943,Completed,12700,1946,Transferred
GER_1445,253,Germany,Other,Miscellaneous Ex-Enemy Vessels,K1,1942,Completed,1200,1945,Sunk
GER_1446,253,Germany,Other,Miscellaneous Ex-Enemy Vessels,K2,1942,Completed,1200,1944,Sunk
GER_1447,253,Germany,Other,Miscellaneous Ex-Enemy Vessels,K3,1942,Completed,1200,1945,Transferred
GER_1448,253,Germany,Other,Miscellaneous Ex-Enemy Vessels,K4,1942,Completed,1640,1945,Transferred
GER_1449,240,Germany,Submarine,Type Ia,U25,1936,Launched,848,1940,Sunk
GER_1450,240,Germany,Submarine,Type Ia,U26,1936,Launched,848,1940,Sunk
FRA_0001,276,France,Cruiser,Jeanne D'Arc,Jeanne D'Arc,1931,Completed,6496,1946,Survived
FRA_0002,276,France,Cruiser,Algerie,Algerie,1934,Completed,10000,1942,Scuttled
FRA_0003,277,France,Cruiser,Emile Bertin,Emile Bertin,1934,Completed,5886,1946,Survived
FRA_0004,277,France,Cruiser,La Galissonniere,La Galissonniere,1935,Completed,7600,1942,Scuttled
FRA_0005,277,France,Cruiser,La Galissonniere,Jean De Vienne,1937,Completed,7600,1942,Scuttled
FRA_0006,277,France,Cruiser,La Galissonniere,Marseillaise,1937,Completed,7600,1942,Scuttled
FRA_0007,277,France,Cruiser,La Galissonniere,Gloire,1937,Completed,7600,1946,Survived
FRA_0008,277,France,Cruiser,La Galissonniere,Montcalm,1937,Completed,7600,1946,Survived
FRA_0009,277,France,Cruiser,La Galissonniere,Georges Leygues,1937,Completed,7600,1946,Survived
FRA_0010,278,France,Cruiser,DE Grasse,De Grasse,1946,Launched,8000,1946,Survived
FRA_0011,278,France,Cruiser,DE Grasse,Chateaurenault,1945,Planned,8000,N/A,N/A
FRA_0012,278,France,Cruiser,DE Grasse,Guichen,1945,Planned,8000,N/A,N/A
FRA_0013,281,France,Destroyer,Bourrasque,Typhon,1924,Launched,1319,1942,Scuttled
FRA_0014,281,France,Destroyer,Bourrasque,Simoun,1924,Launched,1319,1946,Survived
FRA_0015,281,France,Destroyer,Bourrasque,Orage,1924,Launched,1319,1940,Sunk
FRA_0016,281,France,Destroyer,Bourrasque,Tramontane,1924,Launched,1319,1946,Survived
FRA_0017,281,France,Destroyer,Bourrasque,Ouragan,1924,Launched,1319,1946,Survived
FRA_0018,281,France,Destroyer,Bourrasque,Cyclone,1925,Launched,1319,1940,Scuttled
FRA_0019,281,France,Destroyer,Bourrasque,Tempete,1925,Launched,1319,1946,Survived
FRA_0020,281,France,Destroyer,Bourrasque,Mistral,1925,Launched,1319,1946,Survived
FRA_0021,281,France,Destroyer,Bourrasque,Tornade,1925,Launched,1319,1942,Sunk
FRA_0022,281,France,Destroyer,Bourrasque,Bourrasque,1925,Launched,1319,1940,Sunk
FRA_0023,281,France,Destroyer,Bourrasque,Sirocco,1925,Launched,1319,1940,Sunk
FRA_0024,281,France,Destroyer,Bourrasque,Trombe,1925,Launched,1319,1946,Survived
FRA_0025,279,France,Destroyer,Chacal,Jaguar,1923,Launched,2126,1940,Sunk
FRA_0026,279,France,Destroyer,Chacal,Lynx,1924,Launched,2126,1942,Scuttled
FRA_0027,279,France,Destroyer,Chacal,Tigre,1924,Launched,2126,1946,Survived
FRA_0028,279,France,Destroyer,Chacal,Chacal,1924,Launched,2126,1940,Sunk
FRA_0029,279,France,Destroyer,Chacal,Leopard,1924,Launched,2126,1943,Sunk
FRA_0030,279,France,Destroyer,Chacal,Panthere,1924,Launched,2126,1943,Scuttled
FRA_0031,279,France,Destroyer,Guepard,Guepard,1928,Launched,2436,1942,Scuttled
FRA_0032,279,France,Destroyer,Guepard,Valmy,1928,Launched,2436,1942,Scuttled
FRA_0033,279,France,Destroyer,Guepard,Verdun,1928,Launched,2436,1942,Scuttled
FRA_0034,279,France,Destroyer,Guepard,Bison,1928,Launched,2436,1940,Sunk
FRA_0035,279,France,Destroyer,Guepard,Lion,1929,Launched,2436,1942,Scuttled
FRA_0036,279,France,Destroyer,Guepard,Vauban,1930,Launched,2436,1942,Scuttled
FRA_0037,280,France,Destroyer,Aigle,Aigle,1931,Launched,2441,1942,Scuttled
FRA_0038,280,France,Destroyer,Aigle,Gerfaut,1930,Launched,2441,1942,Scuttled
FRA_0039,280,France,Destroyer,Aigle,Albatros,1930,Launched,2441,1946,Survived
FRA_0040,280,France,Destroyer,Aigle,Vautour,1930,Launched,2441,1942,Scuttled
FRA_0041,280,France,Destroyer,Aigle,Epervier,1931,Launched,2441,1946,Survived
FRA_0042,280,France,Destroyer,Aigle,Milan,1931,Launched,2441,1946,Survived
FRA_0043,280,France,Destroyer,Vauquelin,Vauquelin,1931,Launched,2441,1942,Scuttled
FRA_0044,280,France,Destroyer,Vauquelin,Cassard,1931,Launched,2441,1942,Scuttled
FRA_0045,280,France,Destroyer,Vauquelin,Maille Breze,1931,Launched,2441,1940,Sunk
FRA_0046,280,France,Destroyer,Vauquelin,Kersaint,1931,Launched,2441,1942,Scuttled
FRA_0047,280,France,Destroyer,Vauquelin,Tartu,1931,Launched,2441,1942,Scuttled
FRA_0048,280,France,Destroyer,Vauquelin,Chevalier Paul,1932,Launched,2441,1941,Sunk
FRA_0049,280,France,Destroyer,Le Fantasque,Le Malin,1933,Launched,2569,1946,Survived
FRA_0050,280,France,Destroyer,Le Fantasque,Le Terrible,1933,Launched,2569,1946,Survived
FRA_0051,280,France,Destroyer,Le Fantasque,L'Indomptable,1933,Launched,2569,1942,Scuttled
FRA_0052,280,France,Destroyer,Le Fantasque,L'Audacieux,1934,Launched,2569,1943,Sunk
FRA_0053,280,France,Destroyer,Le Fantasque,Le Fantasque,1934,Launched,2569,1946,Survived
FRA_0054,280,France,Destroyer,Le Fantasque,Le Triomphant,1934,Launched,2569,1946,Survived
FRA_0055,281,France,Destroyer,Mogador,Volta,1936,Launched,2884,1942,Scuttled
FRA_0056,281,France,Destroyer,Mogador,Mogador,1937,Launched,2884,1942,Scuttled
FRA_0057,282,France,Destroyer,L'Adroit,L'Alcyon,1926,Launched,1378,1946,Survived
FRA_0058,282,France,Destroyer,L'Adroit,La Palme,1926,Launched,1378,1942,Scuttled
FRA_0059,282,France,Destroyer,L'Adroit,Le Mars,1926,Launched,1378,1942,Scuttled
FRA_0060,282,France,Destroyer,L'Adroit,La Railleuse,1926,Launched,1378,1940,Sunk
FRA_0061,282,France,Destroyer,L'Adroit,Le Fortune,1926,Launched,1378,1946,Survived
FRA_0062,282,France,Destroyer,L'Adroit,L'Adroit,1927,Launched,1378,1940,Sunk
FRA_0063,282,France,Destroyer,L'Adroit,Brestois,1927,Launched,1378,1942,Sunk
FRA_0064,282,France,Destroyer,L'Adroit,Bordelais,1927,Launched,1378,1942,Scuttled
FRA_0065,282,France,Destroyer,L'Adroit,Boulonnais,1927,Launched,1378,1942,Sunk
FRA_0066,282,France,Destroyer,L'Adroit,Forbin,1928,Launched,1378,1946,Survived
FRA_0067,282,France,Destroyer,L'Adroit,Fougueux,1928,Launched,1378,1942,Sunk
FRA_0068,282,France,Destroyer,L'Adroit,Foudroyant,1929,Launched,1378,1940,Sunk
FRA_0069,282,France,Destroyer,L'Adroit,Basque,1929,Launched,1378,1946,Survived
FRA_0070,282,France,Destroyer,L'Adroit,Frondeur,1929,Launched,1378,1942,Sunk
FRA_0071,282,France,Destroyer,Le Hardi,Le Hardi,1938,Launched,1772,1945,Scuttled
FRA_0072,282,France,Destroyer,Le Hardi,Foudroyant,1938,Launched,1772,1944,Scuttled
FRA_0073,282,France,Destroyer,Le Hardi,L'Adroit,1938,Launched,1772,1944,Scrapped
FRA_0074,282,France,Destroyer,Le Hardi,Casque,1938,Launched,1772,1944,Sunk
FRA_0075,282,France,Destroyer,Le Hardi,Lansquenet,1939,Launched,1772,1946,Survived
FRA_0076,282,France,Destroyer,Le Hardi,Mameluck,1939,Launched,1772,1946,Survived
FRA_0077,282,France,Destroyer,Le Hardi,Sirocco,1939,Launched,1772,1946,Survived
FRA_0078,282,France,Destroyer,Le Hardi,Bison,1939,Launched,1772,1942,Scuttled
FRA_0079,282,France,Destroyer,Le Hardi,L'Intrepide,1941,Launched,1772,N/A,N/A
FRA_0080,282,France,Destroyer,Le Hardi,Le Temeraire,1941,Launched,1772,N/A,N/A
FRA_0081,282,France,Destroyer,Le Hardi,L'Aventurier,1939,Laid Down,1772,1960,Scrapped
FRA_0082,282,France,Destroyer,Le Hardi,L'Opiniatre,1943,Planned,1772,N/A,N/A
FRA_0083,283,France,Patrol And Coastal,La Melpomene,La Melpomene,1935,Launched,680,1946,Survived
FRA_0084,283,France,Patrol And Coastal,La Melpomene,La Pomone,1935,Launched,680,1943,Scuttled
FRA_0085,283,France,Patrol And Coastal,La Melpomene,La Flore,1935,Launched,680,1946,Survived
FRA_0086,283,France,Patrol And Coastal,La Melpomene,L'Iphigenie,1935,Launched,680,1943,Sunk
FRA_0087,283,France,Patrol And Coastal,La Melpomene,La Bayonnaise,1936,Launched,680,1944,Scuttled
FRA_0088,283,France,Patrol And Coastal,La Melpomene,Bombarde,1936,Launched,680,1944,Sunk
FRA_0089,283,France,Patrol And Coastal,La Melpomene,L'Incomprise,1936,Launched,680,1946,Survived
FRA_0090,283,France,Patrol And Coastal,La Melpomene,La Poursuivante,1936,Launched,680,1942,Scuttled
FRA_0091,283,France,Patrol And Coastal,La Melpomene,La Cordeliere,1936,Launched,680,1946,Survived
FRA_0092,283,France,Patrol And Coastal,La Melpomene,Baliste,1937,Launched,680,1943,Sunk
FRA_0093,283,France,Patrol And Coastal,La Melpomene,Branlebas,1937,Launched,680,1940,Sunk
FRA_0094,283,France,Patrol And Coastal,La Melpomene,Bouclier,1937,Launched,680,1946,Survived
FRA_0095,284,France,Submarine,Requin,Requin,1924,Launched,947,1943,Scuttled
FRA_0096,284,France,Submarine,Requin,Souffleur,1924,Launched,947,1941,Sunk
FRA_0097,284,France,Submarine,Requin,Marsouin,1924,Launched,947,1946,Scrapped
FRA_0098,284,France,Submarine,Requin,Dauphin,1925,Launched,947,1943,Scuttled
FRA_0099,284,France,Submarine,Requin,Narval,1925,Launched,947,1940,Sunk
FRA_0100,284,France,Submarine,Requin,Morse,1925,Launched,947,1940,Sunk
FRA_0101,284,France,Submarine,Requin,Phoque,1926,Launched,947,1943,Sunk
FRA_0102,284,France,Submarine,Requin,Espadon,1926,Launched,947,1943,Scuttled
FRA_0103,284,France,Submarine,Requin,Caiman,1927,Launched,947,1944,Sunk
FRA_0104,285,France,Submarine,Ariane,Ariane,1925,Launched,626,1942,Scuttled
FRA_0105,285,France,Submarine,Ariane,Ondine,1925,Launched,626,1928,Sunk
FRA_0106,285,France,Submarine,Ariane,Eurydice,1927,Launched,626,1944,Sunk
FRA_0107,285,France,Submarine,Ariane,Danae,1942,Launched,626,1942,Scuttled
FRA_0108,285,France,Submarine,Circe,Circe,1925,Launched,615,1943,Scuttled
FRA_0109,285,France,Submarine,Circe,Calypso,1926,Launched,615,1943,Sunk
FRA_0110,285,France,Submarine,Circe,Thetis,1927,Launched,615,1942,Scuttled
FRA_0111,285,France,Submarine,Circe,Doris,1927,Launched,615,1940,Sunk
FRA_0112,285,France,Submarine,Redoutable,Redoutable,1928,Launched,1384,1944,Sunk
FRA_0113,285,France,Submarine,Redoutable,Vengeur,1928,Launched,1384,1942,Scuttled
FRA_0114,285,France,Submarine,Redoutable,Archimede,1930,Launched,1384,1946,Survived
FRA_0115,285,France,Submarine,Redoutable,Fresnel,1929,Launched,1384,1944,Sunk
FRA_0116,285,France,Submarine,Redoutable,Henri Poincare,1929,Launched,1384,1943,Scuttled
FRA_0117,285,France,Submarine,Redoutable,Monge,1929,Launched,1384,1942,Sunk
FRA_0118,285,France,Submarine,Redoutable,Pascal,1928,Launched,1384,1944,Sunk
FRA_0119,285,France,Submarine,Redoutable,Pasteur,1928,Launched,1384,1940,Scuttled
FRA_0120,285,France,Submarine,Redoutable,Poncelet,1929,Launched,1384,1940,Scuttled
FRA_0121,285,France,Submarine,Redoutable,Achille,1930,Launched,1384,1940,Scuttled
FRA_0122,285,France,Submarine,Redoutable,Ajax,1930,Launched,1384,1940,Sunk
FRA_0123,285,France,Submarine,Redoutable,Acteon,1929,Launched,1384,1942,Sunk
FRA_0124,285,France,Submarine,Redoutable,Acheron,1929,Launched,1384,1943,Sunk
FRA_0125,285,France,Submarine,Redoutable,Argo,1929,Launched,1384,1946,Scrapped
FRA_0126,285,France,Submarine,Redoutable,Protee,1930,Launched,1384,1943,Sunk
FRA_0127,285,France,Submarine,Redoutable,Pegase,1930,Launched,1384,1946,Survived
FRA_0128,285,France,Submarine,Redoutable,Persee,1931,Launched,1384,1940,Sunk
FRA_0129,285,France,Submarine,Redoutable,Phenix,1930,Launched,1384,1939,Sunk
FRA_0130,285,France,Submarine,Redoutable,Promethee,1930,Launched,1384,1932,Sunk
FRA_0131,285,France,Submarine,Redoutable,L'Espoire,1931,Launched,1384,1942,Scuttled
FRA_0132,285,France,Submarine,Redoutable,Le Glorieux,1931,Launched,1384,1946,Survived
FRA_0133,285,France,Submarine,Redoutable,Le Centaure,1932,Launched,1384,1946,Survived
FRA_0134,285,France,Submarine,Redoutable,Le Heros,1932,Launched,1384,1942,Sunk
FRA_0135,285,France,Submarine,Redoutable,Le Conquerant,1934,Launched,1384,1942,Sunk
FRA_0136,285,France,Submarine,Redoutable,Le Tonnant,1934,Launched,1384,1942,Scuttled
FRA_0137,285,France,Submarine,Redoutable,Agosta,1934,Launched,1384,1940,Scuttled
FRA_0138,285,France,Submarine,Redoutable,Sfax,1934,Launched,1384,1940,Sunk
FRA_0139,285,France,Submarine,Redoutable,Casabianca,1935,Launched,1384,1946,Survived
FRA_0140,285,France,Submarine,Redoutable,Beveziers,1935,Launched,1384,1942,Sunk
FRA_0141,285,France,Submarine,Redoutable,Ouessant,1936,Launched,1384,1940,Scuttled
FRA_0142,285,France,Submarine,Redoutable,Sidi Ferruch,1937,Launched,1384,1942,Sunk
FRA_0143,286,France,Submarine,Saphir,Saphir,1928,Launched,761,1943,Scuttled
FRA_0144,286,France,Submarine,Saphir,Turquoise,1929,Launched,761,1943,Scuttled
FRA_0145,286,France,Submarine,Saphir,Nautilus,1930,Launched,761,1943,Sunk
FRA_0146,286,France,Submarine,Saphir,Rubis,1931,Launched,761,1946,Survived
FRA_0147,286,France,Submarine,Saphir,Diamant,1933,Launched,761,1942,Scuttled
FRA_0148,286,France,Submarine,Saphir,Perle,1935,Launched,761,1944,Sunk
FRA_0149,289,France,Escort,Elan,Elan,1938,Launched,630,1946,Survived
FRA_0150,289,France,Escort,Elan,Commandant Bory,1938,Launched,630,1946,Survived
FRA_0151,289,France,Escort,Elan,Commandant Delage,1938,Launched,630,1946,Survived
FRA_0152,289,France,Escort,Elan,Commandant Duboc,1938,Launched,630,1946,Survived
FRA_0153,289,France,Escort,Elan,Commandant Riviere,1939,Launched,630,1943,Sunk
FRA_0154,289,France,Escort,Elan,La Capricieuse,1939,Launched,630,1946,Survived
FRA_0155,289,France,Escort,Elan,La Moqueuse,1939,Launched,630,1946,Survived
FRA_0156,289,France,Escort,Elan,Commandant Domine,1940,Launched,630,1946,Survived
FRA_0157,289,France,Escort,Elan,L'Impetueuse,1940,Launched,630,1944,Scuttled
FRA_0158,289,France,Escort,Elan,La Curieuse,1940,Launched,630,1944,Scuttled
FRA_0159,289,France,Escort,Elan,La Batailleuse,1940,Launched,630,1945,Scuttled
FRA_0160,289,France,Escort,Elan,La Boudeuse,1940,Launched,630,1946,Survived
FRA_0161,289,France,Escort,Elan,La Gracieuse,1940,Launched,630,1946,Survived
FRA_0162,291,France,Other,Sans Souci,Sans Souci,1940,Launched,1372,1943,Transferred
FRA_0163,291,France,Other,Sans Souci,Sans Peur,1941,Launched,1372,1942,Transferred
FRA_0164,291,France,Other,Sans Souci,Sans Pareil,1942,Completed,1372,1942,Sunk
FRA_0165,291,France,Other,Sans Souci,Sans Reproche,1942,Completed,1372,1944,Sunk
FRA_0166,290,France,Patrol And Coastal,CH1-4,CH1,1933,Launched,148,N/A,N/A
FRA_0167,290,France,Patrol And Coastal,CH1-4,CH2,1933,Launched,148,N/A,N/A
FRA_0168,290,France,Patrol And Coastal,CH1-4,CH3,1934,Launched,148,N/A,N/A
FRA_0169,290,France,Patrol And Coastal,CH1-4,CH4,1934,Launched,148,N/A,N/A
FRA_0170,290,France,Patrol And Coastal,CH5-21,CH5,1939,Launched,107,N/A,N/A
FRA_0171,290,France,Patrol And Coastal,CH5-21,CH6,1939,Launched,107,N/A,N/A
FRA_0172,290,France,Patrol And Coastal,CH5-21,CH7,1940,Launched,107,N/A,N/A
FRA_0173,290,France,Patrol And Coastal,CH5-21,CH8,1940,Launched,107,N/A,N/A
FRA_0174,290,France,Patrol And Coastal,CH5-21,CH9,1940,Launched,107,1940,Sunk
FRA_0175,290,France,Patrol And Coastal,CH5-21,CH10,1940,Launched,107,N/A,N/A
FRA_0176,290,France,Patrol And Coastal,CH5-21,CH11,1940,Launched,107,N/A,N/A
FRA_0177,290,France,Patrol And Coastal,CH5-21,CH12,1940,Launched,107,N/A,N/A
FRA_0178,290,France,Patrol And Coastal,CH5-21,CH13,1940,Launched,107,N/A,N/A
FRA_0179,290,France,Patrol And Coastal,CH5-21,CH14,1940,Launched,107,N/A,N/A
FRA_0180,290,France,Patrol And Coastal,CH5-21,CH15,1940,Launched,107,N/A,N/A
FRA_0181,290,France,Patrol And Coastal,CH5-21,CH16,1940,Launched,107,1940,Scuttled
FRA_0182,290,France,Patrol And Coastal,CH5-21,CH17,1941,Launched,107,N/A,N/A
FRA_0183,290,France,Patrol And Coastal,CH5-21,CH18,1941,Launched,107,N/A,N/A
FRA_0184,290,France,Patrol And Coastal,CH5-21,CH19,1941,Launched,107,N/A,N/A
FRA_0185,290,France,Patrol And Coastal,CH5-21,CH20,1941,Launched,107,N/A,N/A
FRA_0186,290,France,Patrol And Coastal,CH5-21,CH21,1941,Launched,107,N/A,N/A
ITY_0001,289,Italy,Capital Ship,Littorio,Impero,1939,Launched,40724,1946,Survived
ITY_0002,289,Italy,Capital Ship,Littorio,Littorio,1940,Completed,40724,1946,Survived
ITY_0003,289,Italy,Capital Ship,Littorio,Roma,1942,Completed,40992,1943,Sunk
ITY_0004,289,Italy,Capital Ship,Littorio,Vittorio Veneto,1940,Completed,40517,1946,Survived
ITY_0005,290,Italy,Aircraft Carrier,Aquila,Aquila,1941,Laid Down,23500,1945,Scuttled
ITY_0006,291,Italy,Aircraft Carrier,Sparviero,Sparviero,1942,Laid Down,30418,1944,Scuttled
ITY_0007,292,Italy,Cruiser,Trento,Trento,1929,Completed,10344,1942,Sunk
ITY_0008,292,Italy,Cruiser,Trento,Trieste,1928,Completed,10339,1943,Sunk
ITY_0009,292,Italy,Cruiser,Zara,Fiume,1931,Completed,11326,1941,Sunk
ITY_0010,292,Italy,Cruiser,Zara,Gorizia,1932,Completed,11712,1944,Sunk
ITY_0011,292,Italy,Cruiser,Zara,Pola,1932,Completed,11545,1941,Sunk
ITY_0012,292,Italy,Cruiser,Zara,Zara,1931,Completed,11680,1941,Sunk
ITY_0013,293,Italy,Cruiser,Bolzano,Bolzano,1933,Completed,10890,1944,Sunk
ITY_0014,295,Italy,Cruiser,Montecuccoli,Raimondo Montecuccoli,1935,Completed,7405,1946,Survived
ITY_0015,295,Italy,Cruiser,Montecuccoli,Muzio Attendolo,1935,Completed,7405,1942,Sunk
ITY_0016,295,Italy,Cruiser,Duca D'Aosta,Emanuele Filiberto Duca D'Aosta,1935,Completed,8317,1946,Survived
ITY_0017,295,Italy,Cruiser,Duca D'Aosta,Eugenio Di Savoia,1936,Completed,8610,1946,Survived
ITY_0018,298,Italy,Cruiser,Etna,Etna,1942,Launched,5900,1943,Scuttled
ITY_0019,298,Italy,Cruiser,Etna,Vesuvio,1941,Launched,5900,1943,Scuttled
ITY_0020,298,Italy,Destroyer,Sella,Francesco Crispi,1925,Launched,955,1944,Scuttled
ITY_0021,298,Italy,Destroyer,Sella,Quintino Sella,1925,Launched,955,1943,Sunk
ITY_0022,298,Italy,Destroyer,Sella,Bettino Ricasoli,1926,Launched,955,1940,Transferred
ITY_0023,298,Italy,Destroyer,Sella,Giovanni Nicotera,1926,Launched,955,1940,Transferred
ITY_0024,298,Italy,Destroyer,Sauro,Cesare Battisti,1926,Launched,1040,1941,Scuttled
ITY_0025,298,Italy,Destroyer,Sauro,Daniele Manin,1925,Launched,1040,1941,Sunk
ITY_0026,298,Italy,Destroyer,Sauro,Francesco Nullo,1925,Launched,1040,1940,Sunk
ITY_0027,298,Italy,Destroyer,Sauro,Nazario Sauro,1926,Launched,1040,1941,Sunk
ITY_0028,299,Italy,Destroyer,Turbine,Aquilone,1927,Launched,1070,1940,Sunk
ITY_0029,299,Italy,Destroyer,Turbine,Borea,1927,Launched,1070,1940,Sunk
ITY_0030,299,Italy,Destroyer,Turbine,Espero,1927,Launched,1070,1940,Sunk
ITY_0031,299,Italy,Destroyer,Turbine,Euro,1927,Launched,1070,1943,Sunk
ITY_0032,299,Italy,Destroyer,Turbine,Nembo,1927,Launched,1070,1940,Sunk
ITY_0033,299,Italy,Destroyer,Turbine,Ostro,1928,Launched,1070,1940,Sunk
ITY_0034,299,Italy,Destroyer,Turbine,Turbine,1927,Launched,1070,1944,Sunk
ITY_0035,299,Italy,Destroyer,Turbine,Zeffiro,1927,Launched,1070,1940,Sunk
ITY_0036,299,Italy,Destroyer,Navigatori,Alvise Da Mosto,1929,Launched,1900,1941,Sunk
ITY_0037,299,Italy,Destroyer,Navigatori,Antonio Da Noli,1929,Launched,1900,1943,Sunk
ITY_0038,299,Italy,Destroyer,Navigatori,Nicoloso Da Recco,1930,Launched,1900,1946,Survived
ITY_0039,299,Italy,Destroyer,Navigatori,Giovanni Di Verrazzano,1928,Launched,1900,1942,Sunk
ITY_0040,299,Italy,Destroyer,Navigatori,Lanzerotto Malocello,1929,Launched,1900,1943,Sunk
ITY_0041,299,Italy,Destroyer,Navigatori,Leone Pancaldo,1929,Launched,1900,1943,Sunk
ITY_0042,299,Italy,Destroyer,Navigatori,Emanuele Pessagno,1929,Launched,1900,1942,Sunk
ITY_0043,299,Italy,Destroyer,Navigatori,Antonio Pigafetta,1929,Launched,1900,1945,Sunk
ITY_0044,299,Italy,Destroyer,Navigatori,Luca Tarigo,1928,Launched,1900,1941,Sunk
ITY_0045,299,Italy,Destroyer,Navigatori,Antoniotto Usodimare,1929,Launched,1900,1942,Sunk
ITY_0046,299,Italy,Destroyer,Navigatori,Ugolino Vivaldi,1929,Launched,1900,1943,Sunk
ITY_0047,299,Italy,Destroyer,Navigatori,Nicolo Zeno,1928,Launched,1900,1943,Scuttled
ITY_0048,300,Italy,Destroyer,Folgore,Baleno,1931,Launched,1238,1941,Sunk
ITY_0049,300,Italy,Destroyer,Folgore,Folgore,1931,Launched,1238,1942,Sunk
ITY_0050,300,Italy,Destroyer,Folgore,Fulmine,1931,Launched,1238,1941,Sunk
ITY_0051,300,Italy,Destroyer,Folgore,Lampo,1931,Launched,1238,1943,Sunk
ITY_0052,300,Italy,Destroyer,Maestrale,Grecale,1934,Launched,1615,1946,Survived
ITY_0053,300,Italy,Destroyer,Maestrale,Libeccio,1934,Launched,1615,1941,Sunk
ITY_0054,300,Italy,Destroyer,Maestrale,Maestrale,1934,Launched,1615,1945,Scuttled
ITY_0055,300,Italy,Destroyer,Maestrale,Scirocco,1934,Launched,1615,1942,Sunk
ITY_0056,300,Italy,Destroyer,Oriani,Vittorio Alfieri,1936,Launched,1675,1941,Sunk
ITY_0057,300,Italy,Destroyer,Oriani,Giosue Carducci,1936,Launched,1675,1941,Sunk
ITY_0058,300,Italy,Destroyer,Oriani,Vincenzo Gioberti,1936,Launched,1675,1943,Sunk
ITY_0059,300,Italy,Destroyer,Oriani,Alfredo Oriani,1936,Launched,1675,1946,Survived
ITY_0060,301,Italy,Destroyer,Soldati,Alpino,1938,Launched,1690,1943,Sunk
ITY_0061,301,Italy,Destroyer,Soldati,Artigliere,1937,Launched,1690,1940,Sunk
ITY_0062,301,Italy,Destroyer,Soldati,Ascari,1938,Launched,1690,1943,Sunk
ITY_0063,301,Italy,Destroyer,Soldati,Aviere,1937,Launched,1690,1942,Sunk
ITY_0064,301,Italy,Destroyer,Soldati,Bersagliere,1938,Launched,1690,1943,Sunk
ITY_0065,301,Italy,Destroyer,Soldati,Camicia Nera,1937,Launched,1690,1946,Survived
ITY_0066,301,Italy,Destroyer,Soldati,Carabiniere,1938,Launched,1690,1946,Survived
ITY_0067,301,Italy,Destroyer,Soldati,Corazziere,1938,Launched,1690,1944,Sunk
ITY_0068,301,Italy,Destroyer,Soldati,Fuciliere,1938,Launched,1690,1946,Survived
ITY_0069,301,Italy,Destroyer,Soldati,Geniere,1938,Launched,1690,1943,Sunk
ITY_0070,301,Italy,Destroyer,Soldati,Granatiere,1938,Launched,1690,1946,Survived
ITY_0071,301,Italy,Destroyer,Soldati,Lanciere,1938,Launched,1690,1942,Sunk
ITY_0072,301,Italy,Destroyer,Soldati,Bombardiere,1942,Launched,1690,1943,Sunk
ITY_0073,301,Italy,Destroyer,Soldati,Carrista,N/A,N/A,1690,N/A,Scrapped
ITY_0074,301,Italy,Destroyer,Soldati,Corsaro,1941,Launched,1690,1943,Sunk
ITY_0075,301,Italy,Destroyer,Soldati,Legionario,1941,Launched,1690,1946,Survived
ITY_0076,301,Italy,Destroyer,Soldati,Mitragliere,1941,Launched,1690,1946,Survived
ITY_0077,301,Italy,Destroyer,Soldati,Squadrista,1942,Launched,1690,1944,Sunk
ITY_0078,301,Italy,Destroyer,Soldati,Velite,1941,Launched,1690,1946,Survived
ITY_0079,309,Italy,Submarine,Argonauta,Argonauta,1931,Launched,650,1940,Sunk
ITY_0080,309,Italy,Submarine,Argonauta,Fisalia,1931,Launched,650,1941,Sunk
ITY_0081,309,Italy,Submarine,Argonauta,Jalae,1932,Launched,650,1946,Survived
ITY_0082,309,Italy,Submarine,Argonauta,Jantina,1932,Launched,650,1941,Sunk
ITY_0083,309,Italy,Submarine,Argonauta,Medusa,1931,Launched,650,1942,Sunk
ITY_0084,309,Italy,Submarine,Argonauta,Salpa,1932,Launched,650,1941,Sunk
ITY_0085,309,Italy,Submarine,Argonauta,Serpente,1932,Launched,650,1943,Scuttled
ITY_0086,309,Italy,Submarine,Sirena,Ametista,1933,Launched,680,1943,Scuttled
ITY_0087,309,Italy,Submarine,Sirena,Anfitrite,1933,Launched,680,1941,Sunk
ITY_0088,309,Italy,Submarine,Sirena,Diamante,1933,Launched,680,1940,Sunk
ITY_0089,309,Italy,Submarine,Sirena,Galatea,1933,Launched,680,1946,Survived
ITY_0090,309,Italy,Submarine,Sirena,Naiade,1933,Launched,680,1940,Sunk
ITY_0091,309,Italy,Submarine,Sirena,Nereide,1933,Launched,680,1943,Sunk
ITY_0092,309,Italy,Submarine,Sirena,Ondina,1933,Launched,680,1942,Sunk
ITY_0093,309,Italy,Submarine,Sirena,Rubino,1933,Launched,680,1940,Sunk
ITY_0094,309,Italy,Submarine,Sirena,Sirena,1933,Launched,680,1943,Scuttled
ITY_0095,309,Italy,Submarine,Sirena,Smeraldo,1933,Launched,680,1941,Sunk
ITY_0096,309,Italy,Submarine,Sirena,Topazio,1933,Launched,680,1943,Sunk
ITY_0097,309,Italy,Submarine,Sirena,Zaffiro,1933,Launched,680,1942,Sunk
ITY_0098,310,Italy,Submarine,Acciaio,Acciaio,1941,Launched,697,1943,Sunk
ITY_0099,310,Italy,Submarine,Acciaio,Alabastro,1941,Launched,697,1942,Sunk
ITY_0100,310,Italy,Submarine,Acciaio,Argento,1942,Launched,697,1943,Sunk
ITY_0101,310,Italy,Submarine,Acciaio,Asteria,1941,Launched,697,1943,Sunk
ITY_0102,310,Italy,Submarine,Acciaio,Avorio,1941,Launched,697,1943,Sunk
ITY_0103,310,Italy,Submarine,Acciaio,Bronzo,1941,Launched,697,1943,Transferred
ITY_0104,310,Italy,Submarine,Acciaio,Cobalto,1941,Launched,697,1942,Sunk
ITY_0105,310,Italy,Submarine,Acciaio,Giada,1941,Launched,697,1946,Survived
ITY_0106,310,Italy,Submarine,Acciaio,Granito,1941,Launched,697,1942,Sunk
ITY_0107,310,Italy,Submarine,Acciaio,Nichelio,1942,Launched,697,1946,Survived
ITY_0108,310,Italy,Submarine,Acciaio,Platino,1941,Launched,697,1946,Survived
ITY_0109,310,Italy,Submarine,Acciaio,Porfido,1941,Launched,697,1942,Sunk
ITY_0110,310,Italy,Submarine,Acciaio,Volframio,1941,Launched,697,1944,Sunk
ITY_0111,311,Italy,Submarine,Flutto,Litio,1944,Launched,913,1945,Scuttled
ITY_0112,311,Italy,Submarine,Flutto,Sodio,1944,Launched,913,1945,Scuttled
ITY_0113,312,Italy,Patrol And Coastal,MAS451,MAS451,1942,Completed,24,1941,Sunk
ITY_0114,312,Italy,Patrol And Coastal,MAS451,MAS452,1942,Completed,24,1941,Sunk
ITY_0115,316,Italy,Other,Giuseppe Miraglia,Giuseppe Miraglia,1924,Laid Down,4880,1946,Survived
ITY_0116,316,Italy,Escort,Eritrea,Eritrea,1937,Completed,2165,1946,Survived
ITY_0117,316,Italy,Escort,Diana,Diana,1940,Launched,1735,1942,Sunk
ITY_0118,317,Italy,Escort,Gabbiano,Alce,1942,Launched,660,1945,Scuttled
ITY_0119,317,Italy,Escort,Gabbiano,Antilope,1942,Launched,660,1944,Sunk
ITY_0120,317,Italy,Escort,Gabbiano,Ape,1942,Launched,660,1946,Survived
ITY_0121,317,Italy,Escort,Gabbiano,Ardea,1942,Launched,660,1945,Scuttled
ITY_0122,317,Italy,Escort,Gabbiano,Artemide,1942,Launched,660,1945,Scuttled
ITY_0123,317,Italy,Escort,Gabbiano,Baionetta,1942,Launched,660,1946,Survived
ITY_0124,317,Italy,Escort,Gabbiano,Berenice,1943,Launched,660,1943,Sunk
ITY_0125,317,Italy,Escort,Gabbiano,Bombarda,1942,Launched,660,1946,Survived
ITY_0126,317,Italy,Escort,Gabbiano,Calabrone,1943,Launched,660,1944,Scuttled
ITY_0127,317,Italy,Escort,Gabbiano,Camoscio,1942,Launched,660,1944,Sunk
ITY_0128,317,Italy,Escort,Gabbiano,Capriolo,1942,Launched,660,1945,Scuttled
ITY_0129,317,Italy,Escort,Gabbiano,Carabina,1943,Launched,660,1944,Sunk
ITY_0130,317,Italy,Escort,Gabbiano,Cavalletta,1942,Launched,660,1944,Scrapped
ITY_0131,317,Italy,Escort,Gabbiano,Cervo,1942,Launched,660,1945,Scuttled
ITY_0132,317,Italy,Escort,Gabbiano,Chimera,1943,Launched,660,1946,Survived
ITY_0133,317,Italy,Escort,Gabbiano,Cicala,1943,Launched,660,1944,Scuttled
ITY_0134,317,Italy,Escort,Gabbiano,Cicogna,1942,Launched,660,1943,Sunk
ITY_0135,317,Italy,Escort,Gabbiano,Clava,1942,Launched,660,1944,Sunk
ITY_0136,317,Italy,Escort,Gabbiano,Cocciniglia,1942,Launched,660,N/A,N/A
ITY_0137,317,Italy,Escort,Gabbiano,Columbrina,1942,Launched,660,1944,Sunk
ITY_0138,317,Italy,Escort,Gabbiano,Cormorano,1942,Launched,660,1946,Survived
ITY_0139,317,Italy,Escort,Gabbiano,Crisalide,1942,Launched,660,1946,Survived
ITY_0140,317,Italy,Escort,Gabbiano,Danaide,1942,Launched,660,1946,Survived
ITY_0141,317,Italy,Escort,Gabbiano,Daino,1942,Launched,660,1945,Scuttled
ITY_0142,317,Italy,Escort,Gabbiano,Driade,1942,Launched,660,1946,Survived
ITY_0143,317,Italy,Escort,Gabbiano,Egeria,1942,Launched,660,1943,Scuttled
ITY_0144,317,Italy,Escort,Gabbiano,Euridice,1944,Launched,660,1944,Sunk
ITY_0145,317,Italy,Escort,Gabbiano,Euterpe,1942,Launched,660,1945,Scuttled
ITY_0146,317,Italy,Escort,Gabbiano,Farfalla,1942,Launched,660,1946,Survived
ITY_0147,317,Italy,Escort,Gabbiano,Fenice,1943,Launched,660,1946,Survived
ITY_0148,317,Italy,Escort,Gabbiano,Flora,1942,Launched,660,1946,Survived
ITY_0149,317,Italy,Escort,Gabbiano,Folaga,1942,Launched,660,1946,Survived
ITY_0150,317,Italy,Escort,Gabbiano,Gabbiano,1942,Launched,660,1946,Survived
ITY_0151,317,Italy,Escort,Gabbiano,Gazzella,1942,Launched,660,1943,Sunk
ITY_0152,317,Italy,Escort,Gabbiano,Grillo,1943,Launched,660,1944,Scuttled
ITY_0153,317,Italy,Escort,Gabbiano,Gru,1942,Launched,660,1946,Survived
ITY_0154,317,Italy,Escort,Gabbiano,Ibis,1942,Launched,660,1946,Survived
ITY_0155,317,Italy,Escort,Gabbiano,Libellula,1942,Launched,660,1946,Survived
ITY_0156,317,Italy,Escort,Gabbiano,Lucciola,1943,Launched,660,1943,Scuttled
ITY_0157,317,Italy,Escort,Gabbiano,Marangone,1943,Launched,660,1944,Sunk
ITY_0158,317,Italy,Escort,Gabbiano,Maggiolino,1942,Launched,660,N/A,N/A
ITY_0159,317,Italy,Escort,Gabbiano,Melpomene,1943,Launched,660,1944,Sunk
ITY_0160,317,Italy,Escort,Gabbiano,Minerva,1942,Launched,660,1946,Survived
ITY_0161,317,Italy,Escort,Gabbiano,Persefone,1942,Launched,660,1945,Scuttled
ITY_0162,317,Italy,Escort,Gabbiano,Pomona,1942,Launched,660,1946,Survived
ITY_0163,317,Italy,Escort,Gabbiano,Procellaria,1942,Launched,660,1943,Sunk
ITY_0164,317,Italy,Escort,Gabbiano,Renna,1942,Launched,660,1944,Sunk
ITY_0165,317,Italy,Escort,Gabbiano,Scure,1942,Launched,660,1945,Scuttled
ITY_0166,317,Italy,Escort,Gabbiano,Scimitarra,1942,Launched,660,1946,Survived
ITY_0167,317,Italy,Escort,Gabbiano,Sfinge,1943,Launched,660,1946,Survived
ITY_0168,317,Italy,Escort,Gabbiano,Sibilla,1943,Launched,660,1946,Survived
ITY_0169,317,Italy,Escort,Gabbiano,Spingarda,1943,Launched,660,1944,Sunk
ITY_0170,317,Italy,Escort,Gabbiano,Stambecco,1942,Launched,660,1945,Scuttled
ITY_0171,317,Italy,Escort,Gabbiano,Strolaga,1942,Launched,660,1945,Scuttled
ITY_0172,317,Italy,Escort,Gabbiano,Tuffetto,1943,Launched,660,1945,Scuttled
ITY_0173,317,Italy,Escort,Gabbiano,Tersicore,1943,Launched,660,1944,Sunk
ITY_0174,317,Italy,Escort,Gabbiano,Urania,1943,Launched,660,1946,Survived
ITY_0175,317,Italy,Escort,Gabbiano,Vespa,1942,Launched,660,1945,Scuttled
ITY_0176,317,Italy,Escort,Gabbiano,Zagaglia,1942,Launched,660,1945,Scrapped
ITY_0177,293,Italy,Cruiser,Di Giussano,Alberico Da Barbiano,1931,Completed,5155,1941,Sunk
ITY_0178,293,Italy,Cruiser,Di Giussano,Alberto Di Giussano,1931,Completed,5110,1941,Sunk
ITY_0179,293,Italy,Cruiser,Di Giussano,Bartolomeo Colleoni,1932,Completed,5170,1940,Sunk
ITY_0180,293,Italy,Cruiser,Di Giussano,Giovanni Delle Bande Nere,1931,Completed,5130,1942,Sunk
ITY_0181,294,Italy,Cruiser,Cadorna,Luigi Cadorna,1933,Completed,5232,1946,Survived
ITY_0182,294,Italy,Cruiser,Cadorna,Armando Diaz,1933,Completed,5321,1941,Sunk
ITY_0183,296,Italy,Cruiser,Abruzzi,Luigi Di Savoia Duca Degli Abruzzi,1937,Completed,9440,1946,Survived
ITY_0184,296,Italy,Cruiser,Abruzzi,Giuseppe Garibaldi,1937,Completed,9050,1946,Survived
ITY_0185,297,Italy,Cruiser,Costanzo Ciano,Costanzo Ciano,1939,Planned,9615,N/A,N/A
ITY_0186,297,Italy,Cruiser,Costanzo Ciano,Venezia,1939,Planned,9615,N/A,N/A
ITY_0187,297,Italy,Cruiser,Capitani Romani,Attilio Regolo,1942,Completed,3686,1946,Survived
ITY_0188,297,Italy,Cruiser,Capitani Romani,Caio Mario,1941,Launched,3686,1944,Scuttled
ITY_0189,297,Italy,Cruiser,Capitani Romani,Claudio Druso,1939,Laid Down,3686,1941,Scrapped
ITY_0190,297,Italy,Cruiser,Capitani Romani,Claudio Tiberio,1939,Laid Down,3686,1941,Scrapped
ITY_0191,297,Italy,Cruiser,Capitani Romani,Cornelio Silla,1941,Launched,3686,1944,Sunk
ITY_0192,297,Italy,Cruiser,Capitani Romani,Giulio Germanico,1941,Launched,3686,1946,Survived
ITY_0193,297,Italy,Cruiser,Capitani Romani,Ottaviano Augusto,1941,Launched,3686,1943,Sunk
ITY_0194,297,Italy,Cruiser,Capitani Romani,Paolo Emilio,1939,Laid Down,3686,1941,Scrapped
ITY_0195,297,Italy,Cruiser,Capitani Romani,Pompeo Magno,1943,Completed,3686,1946,Survived
ITY_0196,297,Italy,Cruiser,Capitani Romani,Scipione Africano,1943,Completed,3686,1946,Survived
ITY_0197,297,Italy,Cruiser,Capitani Romani,Ulpio Traiano,1942,Launched,3686,1943,Sunk
ITY_0198,297,Italy,Cruiser,Capitani Romani,Vipsanio Agrippa,1939,Laid Down,3686,1941,Scrapped
ITY_0199,299,Italy,Destroyer,Dardo,Dardo,1930,Launched,1205,1945,Scuttled
ITY_0200,299,Italy,Destroyer,Dardo,Freccia,1930,Launched,1205,1943,Sunk
ITY_0201,299,Italy,Destroyer,Dardo,Saetta,1932,Launched,1205,1943,Sunk
ITY_0202,299,Italy,Destroyer,Dardo,Strale,1931,Launched,1205,1942,Sunk
ITY_0203,302,Italy,Destroyer,Albatros,Albatros,1934,Launched,334,1941,Sunk
ITY_0204,302,Italy,Destroyer,Spica,Astore,1934,Launched,620,1940,Transferred
ITY_0205,302,Italy,Destroyer,Spica,Spica,1934,Launched,620,1940,Transferred
ITY_0206,302,Italy,Destroyer,Spica,Canopo,1936,Launched,640,1941,Sunk
ITY_0207,302,Italy,Destroyer,Spica,Cassiopea,1936,Launched,640,1946,Survived
ITY_0208,302,Italy,Destroyer,Spica,Castore,1936,Launched,640,1943,Sunk
ITY_0209,302,Italy,Destroyer,Spica,Centauro,1936,Launched,640,1942,Sunk
ITY_0210,302,Italy,Destroyer,Spica,Cigno,1936,Launched,640,1943,Sunk
ITY_0211,302,Italy,Destroyer,Spica,Climene,1936,Launched,640,1943,Sunk
ITY_0212,302,Italy,Destroyer,Spica,Aldebaran,1936,Launched,630,1941,Sunk
ITY_0213,302,Italy,Destroyer,Spica,Altair,1936,Launched,630,1941,Sunk
ITY_0214,302,Italy,Destroyer,Spica,Andromeda,1936,Launched,630,1941,Sunk
ITY_0215,302,Italy,Destroyer,Spica,Antares,1936,Launched,630,1943,Sunk
ITY_0216,302,Italy,Destroyer,Spica,Perseo,1935,Launched,630,1943,Sunk
ITY_0217,302,Italy,Destroyer,Spica,Sagittario,1936,Launched,630,1946,Survived
ITY_0218,302,Italy,Destroyer,Spica,Sirio,1935,Launched,630,1946,Survived
ITY_0219,302,Italy,Destroyer,Spica,Vega,1936,Launched,630,1941,Sunk
ITY_0220,302,Italy,Destroyer,Spica,Airone,1938,Launched,670,1940,Sunk
ITY_0221,302,Italy,Destroyer,Spica,Alcione,1937,Launched,670,1941,Sunk
ITY_0222,302,Italy,Destroyer,Spica,Aretusa,1938,Launched,670,1946,Survived
ITY_0223,302,Italy,Destroyer,Spica,Ariel,1938,Launched,670,1940,Sunk
ITY_0224,302,Italy,Destroyer,Spica,Calipso,1937,Launched,670,1940,Sunk
ITY_0225,302,Italy,Destroyer,Spica,Calliope,1938,Launched,670,1946,Survived
ITY_0226,302,Italy,Destroyer,Spica,Circe,1938,Launched,670,1942,Sunk
ITY_0227,302,Italy,Destroyer,Spica,Clio,1938,Launched,670,1946,Survived
ITY_0228,302,Italy,Destroyer,Spica,Libra,1938,Launched,670,1946,Survived
ITY_0229,302,Italy,Destroyer,Spica,Lince,1938,Launched,670,1944,Sunk
ITY_0230,302,Italy,Destroyer,Spica,Lira,1937,Launched,670,1944,Sunk
ITY_0231,302,Italy,Destroyer,Spica,Lupo,1937,Launched,670,1942,Sunk
ITY_0232,302,Italy,Destroyer,Spica,Pallade,1937,Launched,670,1943,Sunk
ITY_0233,302,Italy,Destroyer,Spica,Partenope,1937,Launched,670,1943,Scuttled
ITY_0234,302,Italy,Destroyer,Spica,Pleiadi,1937,Launched,670,1941,Sunk
ITY_0235,302,Italy,Destroyer,Spica,Polluce,1937,Launched,670,1942,Sunk
ITY_0236,302,Italy,Destroyer,Pegaso,Pegaso,1936,Launched,840,1943,Scuttled
ITY_0237,302,Italy,Destroyer,Pegaso,Procione,1937,Launched,840,1943,Scuttled
ITY_0238,302,Italy,Destroyer,Pegaso,Orione,1937,Launched,840,1946,Survived
ITY_0239,302,Italy,Destroyer,Pegaso,Orsa,1937,Launched,840,1946,Survived
ITY_0240,303,Italy,Destroyer,Ciclone,Aliseo,1942,Launched,910,1946,Survived
ITY_0241,303,Italy,Destroyer,Ciclone,Animoso,1942,Launched,910,1946,Survived
ITY_0242,303,Italy,Destroyer,Ciclone,Ardente,1942,Launched,910,1943,Sunk
ITY_0243,303,Italy,Destroyer,Ciclone,Ardimentoso,1942,Launched,910,1946,Survived
ITY_0244,303,Italy,Destroyer,Ciclone,Ardito,1942,Launched,910,1944,Sunk
ITY_0245,303,Italy,Destroyer,Ciclone,Ciclone,1942,Launched,910,1943,Sunk
ITY_0246,303,Italy,Destroyer,Ciclone,Fortunale,1942,Launched,910,1946,Survived
ITY_0247,303,Italy,Destroyer,Ciclone,Ghibli,1943,Launched,910,1945,Scuttled
ITY_0248,303,Italy,Destroyer,Ciclone,Groppo,1942,Launched,910,1943,Sunk
ITY_0249,303,Italy,Destroyer,Ciclone,Impavido,1943,Launched,910,1944,Sunk
ITY_0250,303,Italy,Destroyer,Ciclone,Impetuoso,1943,Launched,910,1943,Scuttled
ITY_0251,303,Italy,Destroyer,Ciclone,Indomito,1943,Launched,910,1946,Survived
ITY_0252,303,Italy,Destroyer,Ciclone,Intrepido,1943,Launched,910,1944,Sunk
ITY_0253,303,Italy,Destroyer,Ciclone,Monsone,1942,Launched,910,1944,Sunk
ITY_0254,303,Italy,Destroyer,Ciclone,Tifone,1942,Launched,910,1943,Scuttled
ITY_0255,303,Italy,Destroyer,Ciclone,Uragano,1942,Launched,910,1943,Sunk
ITY_0256,303,Italy,Destroyer,Ariete,Alabarda,1944,Launched,745,1945,Sunk
ITY_0257,303,Italy,Destroyer,Ariete,Ariete,1943,Launched,745,1946,Survived
ITY_0258,303,Italy,Destroyer,Ariete,Arturo,1943,Launched,745,1945,Sunk
ITY_0259,303,Italy,Destroyer,Ariete,Auriga,1943,Launched,745,1944,Sunk
ITY_0260,303,Italy,Destroyer,Ariete,Daga,1943,Launched,745,1944,Scuttled
ITY_0261,303,Italy,Destroyer,Ariete,Dragone,1943,Launched,745,1944,Sunk
ITY_0262,303,Italy,Destroyer,Ariete,Eridano,1943,Launched,745,1945,Sunk
ITY_0263,303,Italy,Destroyer,Ariete,Fionda,1943,Launched,745,1946,Survived
ITY_0264,303,Italy,Destroyer,Ariete,Gladio,1943,Launched,745,1944,Sunk
ITY_0265,303,Italy,Destroyer,Ariete,Lancia,1944,Launched,745,1945,Scuttled
ITY_0266,303,Italy,Destroyer,Ariete,Pugnale,1943,Launched,745,1945,Scuttled
ITY_0267,303,Italy,Destroyer,Ariete,Rigel,1943,Launched,745,1944,Sunk
ITY_0268,303,Italy,Destroyer,Ariete,Spada,1943,Launched,745,1944,Scuttled
ITY_0269,303,Italy,Destroyer,Ariete,Spica,1944,Launched,745,1945,Sunk
ITY_0270,303,Italy,Destroyer,Ariete,Stella Polare,1944,Launched,745,1944,Sunk
ITY_0271,304,Italy,Submarine,Balilla,Balilla,1927,Launched,1427,1946,Survived
ITY_0272,304,Italy,Submarine,Balilla,Domenico Millelire,1927,Launched,1427,1946,Survived
ITY_0273,304,Italy,Submarine,Balilla,Antonio Sciesa,1928,Launched,1427,1942,Scuttled
ITY_0274,304,Italy,Submarine,Balilla,Enrico Toti,1928,Launched,1427,1946,Survived
ITY_0275,304,Italy,Submarine,Ettore Fieramosca,Ettore Fieramosca,1929,Launched,1530,1946,Survived
ITY_0276,304,Italy,Submarine,Archimede,Archimede,1933,Launched,970,1937,Transferred
ITY_0277,304,Italy,Submarine,Archimede,Galileo Ferraris,1934,Launched,970,1941,Sunk
ITY_0278,304,Italy,Submarine,Archimede,Galileo Galilei,1934,Launched,970,1940,Transferred
ITY_0279,304,Italy,Submarine,Archimede,Evangelista Torricelli,1934,Launched,970,1937,Transferred
ITY_0280,305,Italy,Submarine,Glauco,Glauco,1935,Launched,1054,1941,Scuttled
ITY_0281,305,Italy,Submarine,Glauco,Otaria,1935,Launched,1054,1946,Survived
ITY_0282,305,Italy,Submarine,Pietro Micca,Pietro Micca,1935,Launched,1545,1943,Sunk
ITY_0283,305,Italy,Submarine,Calvi,Pietro Calvi,1935,Launched,1525,1942,Scuttled
ITY_0284,305,Italy,Submarine,Calvi,Giuseppe Finzi,1935,Launched,1525,1944,Scuttled
ITY_0285,305,Italy,Submarine,Calvi,Enrico Tazzoli,1935,Launched,1525,1943,Sunk
ITY_0286,305,Italy,Submarine,Foca,Atropo,1938,Launched,1305,1946,Survived
ITY_0287,305,Italy,Submarine,Foca,Foca,1937,Launched,1305,1940,Sunk
ITY_0288,305,Italy,Submarine,Foca,Zoea,1937,Launched,1305,1946,Survived
ITY_0289,305,Italy,Submarine,Marcello,Barbarigo,1938,Launched,1043,1943,Sunk
ITY_0290,305,Italy,Submarine,Marcello,Dandolo,1937,Launched,1043,1946,Survived
ITY_0291,305,Italy,Submarine,Marcello,Emo,1938,Launched,1043,1942,Scuttled
ITY_0292,305,Italy,Submarine,Marcello,Marcello,1937,Launched,1043,1941,Sunk
ITY_0293,305,Italy,Submarine,Marcello,Mocenigo,1937,Launched,1043,1943,Sunk
ITY_0294,305,Italy,Submarine,Marcello,Morosini,1938,Launched,1043,1943,Sunk
ITY_0295,305,Italy,Submarine,Marcello,Nani,1938,Launched,1043,1941,Sunk
ITY_0296,305,Italy,Submarine,Marcello,Provana,1938,Launched,1043,1940,Sunk
ITY_0297,305,Italy,Submarine,Marcello,Veniero,1938,Launched,1043,1942,Sunk
ITY_0298,305,Italy,Submarine,Marcello,Comandante Cappellini,1939,Launched,1043,1946,Survived
ITY_0299,305,Italy,Submarine,Marcello,Comandante Faa Di Bruno,1939,Launched,1043,1940,Sunk
ITY_0300,306,Italy,Submarine,Brin,Archimede,1939,Launched,1000,1943,Sunk
ITY_0301,306,Italy,Submarine,Brin,Brin,1938,Launched,1000,1946,Survived
ITY_0302,306,Italy,Submarine,Brin,Galvani,1938,Launched,1000,1940,Sunk
ITY_0303,306,Italy,Submarine,Brin,Guglielmotti,1939,Launched,1000,1942,Sunk
ITY_0304,306,Italy,Submarine,Brin,Torricelli,1939,Launched,1000,1940,Scuttled
ITY_0305,306,Italy,Submarine,Liuzzi,Alpino Bagnolini,1939,Launched,1148,1944,Sunk
ITY_0306,306,Italy,Submarine,Liuzzi,Reginaldo Giuliani,1939,Launched,1148,1944,Sunk
ITY_0307,306,Italy,Submarine,Liuzzi,Console Generale Liuzzi,1939,Launched,1148,1940,Scuttled
ITY_0308,306,Italy,Submarine,Liuzzi,Capitano Tarantini,1940,Launched,1148,1940,Sunk
ITY_0309,306,Italy,Submarine,Marconi,Maggiore Baracca,1940,Launched,1175,1941,Sunk
ITY_0310,306,Italy,Submarine,Marconi,Michele Bianchi,1939,Launched,1175,1941,Sunk
ITY_0311,306,Italy,Submarine,Marconi,Leonardo Da Vinci,1939,Launched,1175,1943,Sunk
ITY_0312,306,Italy,Submarine,Marconi,Alessandro Malaspina,1940,Launched,1175,1941,Sunk
ITY_0313,306,Italy,Submarine,Marconi,Guglielmo Marconi,1939,Launched,1175,1941,Sunk
ITY_0314,306,Italy,Submarine,Marconi,Luigi Torelli,1940,Launched,1175,1946,Survived
ITY_0315,306,Italy,Submarine,Cagni,Ammiraglio Cagni,1940,Launched,1653,1946,Survived
ITY_0316,306,Italy,Submarine,Cagni,Ammiraglio Caracciolo,1940,Launched,1653,1941,Scuttled
ITY_0317,306,Italy,Submarine,Cagni,Ammiraglio Millo,1940,Launched,1653,1942,Sunk
ITY_0318,306,Italy,Submarine,Cagni,Ammiraglio Saint-Bon,1940,Launched,1653,1942,Sunk
ITY_0319,307,Italy,Submarine,Romolo,Remo,1943,Launched,2155,1943,Sunk
ITY_0320,307,Italy,Submarine,Romolo,Romolo,1943,Launched,2155,1943,Sunk
ITY_0321,307,Italy,Submarine,Romolo,R3,1946,Launched,2155,1946,Survived
ITY_0322,307,Italy,Submarine,Romolo,R4,1946,Launched,2155,1946,Survived
ITY_0323,307,Italy,Submarine,Romolo,R7,1943,Launched,2155,1944,Sunk
ITY_0324,307,Italy,Submarine,Romolo,R8,1943,Launched,2155,1944,Sunk
ITY_0325,307,Italy,Submarine,Romolo,R9,1944,Launched,2155,1945,Sunk
ITY_0326,307,Italy,Submarine,Romolo,R10,1944,Launched,2155,1945,Scuttled
ITY_0327,307,Italy,Submarine,Romolo,R11,1944,Launched,2155,1945,Scuttled
ITY_0328,307,Italy,Submarine,Romolo,R12,1944,Launched,2155,1945,Scuttled
ITY_0329,307,Italy,Submarine,Mameli,Pier Capponi,1927,Launched,810,1941,Sunk
ITY_0330,307,Italy,Submarine,Mameli,Giovanni Da Procida,1928,Launched,810,1946,Survived
ITY_0331,307,Italy,Submarine,Mameli,Goffredo Mameli,1926,Launched,810,1946,Survived
ITY_0332,307,Italy,Submarine,Mameli,Tito Speri,1928,Launched,810,1946,Survived
ITY_0333,307,Italy,Submarine,Pisani,Giovanni Bausan,1928,Launched,866,1946,Survived
ITY_0334,307,Italy,Submarine,Pisani,Marcantonio Colonna,1927,Launched,866,1946,Survived
ITY_0335,307,Italy,Submarine,Pisani,Des Geneys,1928,Launched,866,1946,Survived
ITY_0336,307,Italy,Submarine,Pisani,Vettor Pisani,1927,Launched,866,1946,Survived
ITY_0337,308,Italy,Submarine,Bandiera,Fratelli Bandiera,1929,Launched,925,1946,Survived
ITY_0338,308,Italy,Submarine,Bandiera,Luciano Manara,1929,Launched,925,1946,Survived
ITY_0339,308,Italy,Submarine,Bandiera,Ciro Menotti,1929,Launched,925,1946,Survived
ITY_0340,308,Italy,Submarine,Bandiera,Santorre Santarosa,1929,Launched,925,1943,Scuttled
ITY_0341,308,Italy,Submarine,Squalo,Delfino,1930,Launched,920,1943,Sunk
ITY_0342,308,Italy,Submarine,Squalo,Narvalo,1930,Launched,920,1943,Sunk
ITY_0343,308,Italy,Submarine,Squalo,Squalo,1930,Launched,920,1946,Survived
ITY_0344,308,Italy,Submarine,Squalo,Tricheco,1930,Launched,920,1942,Sunk
ITY_0345,308,Italy,Submarine,Bragadin,Marcantonio Bragadin,1929,Launched,965,1946,Survived
ITY_0346,308,Italy,Submarine,Bragadin,Filippo Corridoni,1930,Launched,965,1946,Survived
ITY_0347,308,Italy,Submarine,Settembrini,Luigi Settembrini,1930,Launched,938,1944,Sunk
ITY_0348,308,Italy,Submarine,Settembrini,Ruggiero Settimo,1931,Launched,938,1946,Survived
ITY_0349,309,Italy,Submarine,Perla,Ambra,1936,Launched,680,1943,Scuttled
ITY_0350,309,Italy,Submarine,Perla,Berillo,1936,Launched,680,1940,Sunk
ITY_0351,309,Italy,Submarine,Perla,Corallo,1936,Launched,680,1942,Sunk
ITY_0352,309,Italy,Submarine,Perla,Diaspro,1936,Launched,680,1946,Survived
ITY_0353,309,Italy,Submarine,Perla,Gemma,1936,Launched,680,1940,Sunk
ITY_0354,309,Italy,Submarine,Perla,Iride,1936,Launched,680,1940,Sunk
ITY_0355,309,Italy,Submarine,Perla,Malachite,1936,Launched,680,1943,Sunk
ITY_0356,309,Italy,Submarine,Perla,Onice,1936,Launched,680,1946,Survived
ITY_0357,309,Italy,Submarine,Perla,Perla,1936,Launched,680,1946,Survived
ITY_0358,309,Italy,Submarine,Perla,Turchese,1936,Launched,680,1946,Survived
ITY_0359,309,Italy,Submarine,Adua,Adua,1936,Launched,680,1941,Sunk
ITY_0360,309,Italy,Submarine,Adua,Alagi,1936,Launched,680,1946,Survived
ITY_0361,309,Italy,Submarine,Adua,Aradam,1936,Launched,680,1944,Sunk
ITY_0362,309,Italy,Submarine,Adua,Ascianghi,1937,Launched,680,1943,Sunk
ITY_0363,309,Italy,Submarine,Adua,Axum,1936,Launched,680,1943,Scuttled
ITY_0364,309,Italy,Submarine,Adua,Beilul,1938,Launched,680,1944,Sunk
ITY_0365,309,Italy,Submarine,Adua,Dagabur,1936,Launched,680,1942,Sunk
ITY_0366,309,Italy,Submarine,Adua,Dessie,1936,Launched,680,1942,Sunk
ITY_0367,309,Italy,Submarine,Adua,Durbo,1938,Launched,680,1940,Sunk
ITY_0368,309,Italy,Submarine,Adua,Gondar,1937,Launched,680,1940,Sunk
ITY_0369,309,Italy,Submarine,Adua,Lafole,1938,Launched,680,1940,Sunk
ITY_0370,309,Italy,Submarine,Adua,Macalle,1936,Launched,680,1940,Sunk
ITY_0371,309,Italy,Submarine,Adua,Neghelli,1937,Launched,680,1941,Sunk
ITY_0372,309,Italy,Submarine,Adua,Scire,1938,Launched,680,1942,Sunk
ITY_0373,309,Italy,Submarine,Adua,Tembien,1938,Launched,680,1941,Sunk
ITY_0374,309,Italy,Submarine,Adua,Uarsciek,1937,Launched,680,1942,Sunk
ITY_0375,309,Italy,Submarine,Adua,Uebi Scebeli,1937,Launched,680,1940,Sunk
ITY_0376,310,Italy,Submarine,Flutto,Flutto,1942,Launched,930,1943,Sunk
ITY_0377,310,Italy,Submarine,Flutto,Gorgo,1942,Launched,930,1943,Sunk
ITY_0378,310,Italy,Submarine,Flutto,Grongo,1943,Launched,930,1944,Sunk
ITY_0379,310,Italy,Submarine,Flutto,Marea,1942,Launched,930,1946,Survived
ITY_0380,310,Italy,Submarine,Flutto,Murena,1943,Launched,930,1944,Sunk
ITY_0381,310,Italy,Submarine,Flutto,Nautilo,1943,Launched,930,1944,Sunk
ITY_0382,310,Italy,Submarine,Flutto,Sparide,1943,Launched,930,1944,Sunk
ITY_0383,310,Italy,Submarine,Flutto,Tritone,1942,Launched,930,1943,Sunk
ITY_0384,310,Italy,Submarine,Flutto,Vortice,1943,Launched,930,1946,Survived
ITY_0385,310,Italy,Submarine,Flutto,Bario,1944,Launched,913,1945,Scuttled
USSR_0001,327,Soviet Union,Cruiser,Krasnyi Kavkaz,Krasnyi Kavkaz,1932,Completed,7650,1946,Survived
USSR_0002,329,Soviet Union,Destroyer,Leningrad,Kharkov,1936,Launched,2150,1943,Sunk
USSR_0003,329,Soviet Union,Destroyer,Leningrad,Leningrad,1933,Launched,2150,1946,Survived
USSR_0004,329,Soviet Union,Destroyer,Leningrad,Moskva,1935,Launched,2150,1941,Sunk
USSR_0005,329,Soviet Union,Destroyer,Leningrad,Minsk,1935,Launched,2150,1946,Survived
USSR_0006,329,Soviet Union,Destroyer,Leningrad,Baku,1938,Launched,2150,1946,Survived
USSR_0007,329,Soviet Union,Destroyer,Leningrad,Tbilisi,1938,Launched,2150,1946,Survived
USSR_0008,330,Soviet Union,Destroyer,Kiev,Kiev,1940,Launched,2600,1946,Survived
USSR_0009,330,Soviet Union,Destroyer,Kiev,Ochakov,N/A,N/A,2600,N/A,N/A
USSR_0010,330,Soviet Union,Destroyer,Kiev,Perekop,N/A,N/A,2600,N/A,N/A
USSR_0011,330,Soviet Union,Destroyer,Kiev,Yerevan,1941,Launched,2600,1946,Survived
USSR_0012,330,Soviet Union,Destroyer,Gnevnyi,Bditelnyi,1936,Launched,1855,1942,Sunk
USSR_0013,330,Soviet Union,Destroyer,Gnevnyi,Besposhchadnyi,1937,Launched,1855,1943,Sunk
USSR_0014,330,Soviet Union,Destroyer,Gnevnyi,Bezuprechnyi,1936,Launched,1855,1942,Sunk
USSR_0015,330,Soviet Union,Destroyer,Gnevnyi,Bodryi,1936,Launched,1855,1946,Survived
USSR_0016,330,Soviet Union,Destroyer,Gnevnyi,Boikiy,1936,Launched,1855,1946,Survived
USSR_0017,330,Soviet Union,Destroyer,Gnevnyi,Bystryi,1936,Launched,1855,1941,Sunk
USSR_0018,330,Soviet Union,Destroyer,Gnevnyi,Gnevnyi,1936,Launched,1855,1941,Sunk
USSR_0019,330,Soviet Union,Destroyer,Gnevnyi,Gordyi,1936,Launched,1855,1941,Sunk
USSR_0020,330,Soviet Union,Destroyer,Gnevnyi,Gremyashchiy,1937,Launched,1855,1946,Survived
USSR_0021,330,Soviet Union,Destroyer,Gnevnyi,Gromkiy,1937,Launched,1855,1946,Survived
USSR_0022,330,Soviet Union,Destroyer,Gnevnyi,Grozyashchiy,1936,Launched,1855,1946,Survived
USSR_0023,330,Soviet Union,Destroyer,Gnevnyi,Groznyi,1936,Launched,1855,1946,Survived
USSR_0024,330,Soviet Union,Destroyer,Gnevnyi,Rastropnyi,1939,Launched,1855,1946,Survived
USSR_0025,330,Soviet Union,Destroyer,Gnevnyi,Raziashchiy,1938,Launched,1855,1946,Survived
USSR_0026,330,Soviet Union,Destroyer,Gnevnyi,Reshitelnyi,1938,Launched,1855,1946,Survived
USSR_0027,330,Soviet Union,Destroyer,Gnevnyi,Rezkiy,1939,Launched,1855,1946,Survived
USSR_0028,330,Soviet Union,Destroyer,Gnevnyi,Rezvyi,1937,Launched,1855,1946,Survived
USSR_0029,330,Soviet Union,Destroyer,Gnevnyi,Ryaniy,1937,Launched,1855,1946,Survived
USSR_0030,331,Soviet Union,Destroyer,Storozhevoi,Silnyi,1938,Launched,2192,1946,Survived
USSR_0031,331,Soviet Union,Destroyer,Storozhevoi,Storozhevoi,1938,Launched,2192,1946,Survived
USSR_0032,332,Soviet Union,Destroyer,Ognevoi,Obrazcovyi,1940,Launched,2240,1946,Survived
USSR_0033,332,Soviet Union,Destroyer,Ognevoi,Odaryonnyi,1941,Launched,2240,1946,Survived
USSR_0034,332,Soviet Union,Destroyer,Ognevoi,Odvazhnyi,1940,Launched,2240,1946,Survived
USSR_0035,332,Soviet Union,Destroyer,Ognevoi,Otlichnyi,1940,Launched,2240,1946,Survived
USSR_0036,332,Soviet Union,Destroyer,Ognevoi,Ognevoi,1940,Launched,2240,1946,Survived
USSR_0037,332,Soviet Union,Destroyer,Ognevoi,Opasnyi,1940,Launched,2240,1946,Survived
USSR_0038,332,Soviet Union,Destroyer,Ognevoi,Otverzhdyonnyyi,1940,Launched,2240,1946,Survived
USSR_0039,332,Soviet Union,Destroyer,Ognevoi,Ozornoi,1941,Launched,2240,1946,Survived
USSR_0040,332,Soviet Union,Destroyer,Ognevoi,N/A,1940,Launched,2240,1946,Survived
USSR_0041,332,Soviet Union,Destroyer,Ognevoi,Osmotritelnyi,1944,Launched,2240,1946,Survived
USSR_0042,332,Soviet Union,Destroyer,Ognevoi,Otchotlivyi,N/A,N/A,2240,1946,Survived
USSR_0043,332,Soviet Union,Destroyer,Ognevoi,Stalin,1940,Laid Down,2240,1946,Survived
USSR_0044,332,Soviet Union,Destroyer,Ognevoi,Vlastnyi,1940,Laid Down,2240,1946,Survived
USSR_0045,332,Soviet Union,Destroyer,Ognevoi,Vnimatelnyi,1944,Launched,2240,1946,Survived
USSR_0046,332,Soviet Union,Destroyer,Ognevoi,Vnushitelnyi,1944,Launched,2240,1946,Survived
USSR_0047,332,Soviet Union,Destroyer,Ognevoi,Vynoslivyi,N/A,N/A,2240,1946,Survived
USSR_0048,333,Soviet Union,Submarine,L,L1 Leninec,1931,Launched,1051,1941,Sunk
USSR_0049,333,Soviet Union,Submarine,L,L2 Stalinec,1931,Launched,1051,1941,Sunk
USSR_0050,333,Soviet Union,Submarine,L,L3 Frunzovec,1931,Launched,1051,1946,Survived
USSR_0051,333,Soviet Union,Submarine,L,L4 Garibaldyec,1931,Launched,1051,1946,Survived
USSR_0052,333,Soviet Union,Submarine,L,L5 Charist,1931,Launched,1051,1946,Survived
USSR_0053,333,Soviet Union,Submarine,L,L6 Karbonariy,1931,Launched,1051,1944,Sunk
USSR_0054,333,Soviet Union,Submarine,L,L7 Voroshilovec,1935,Launched,1100,1941,Sunk
USSR_0055,333,Soviet Union,Submarine,L,L8 Dzherzhinec,1935,Launched,1100,1946,Survived
USSR_0056,333,Soviet Union,Submarine,L,L9 Kirovec,1935,Launched,1100,1946,Survived
USSR_0057,333,Soviet Union,Submarine,L,L10,1936,Launched,1100,1946,Survived
USSR_0058,333,Soviet Union,Submarine,L,L11,1936,Launched,1100,1946,Survived
USSR_0059,333,Soviet Union,Submarine,L,L12,1936,Launched,1100,1946,Survived
USSR_0060,333,Soviet Union,Submarine,L,L13,1937,Launched,1123,1941,Sunk
USSR_0061,333,Soviet Union,Submarine,L,L14,1937,Launched,1123,1946,Survived
USSR_0062,333,Soviet Union,Submarine,L,L15,1938,Launched,1123,1946,Survived
USSR_0063,333,Soviet Union,Submarine,L,L16,1938,Launched,1123,1942,Sunk
USSR_0064,333,Soviet Union,Submarine,L,L17,1938,Launched,1123,1946,Survived
USSR_0065,333,Soviet Union,Submarine,L,L18,1938,Launched,1123,1946,Survived
USSR_0066,333,Soviet Union,Submarine,L,L19,1938,Launched,1123,1946,Survived
USSR_0067,333,Soviet Union,Submarine,L,L20,1940,Launched,1123,1946,Survived
USSR_0068,333,Soviet Union,Submarine,L,L21,1941,Launched,1123,1946,Survived
USSR_0069,325,Soviet Union,Capital Ship,Sovyetskiy Soyuz,Sovyetskaya Byelorussiya,1939,Laid Down,59150,1946,Survived
USSR_0070,325,Soviet Union,Capital Ship,Sovyetskiy Soyuz,Sovyetskiy Soyuz,1938,Laid Down,59150,1946,Survived
USSR_0071,325,Soviet Union,Capital Ship,Sovyetskiy Soyuz,Sovyetskaya Ukraina,1938,Laid Down,59150,1946,Scrapped
USSR_0072,325,Soviet Union,Capital Ship,Sovyetskiy Soyuz,Sovyetskaya Rossiya,1938,Planned,59150,N/A,N/A
USSR_0073,326,Soviet Union,Cruiser,Kronshtadt,Kronshtadt,1939,Laid Down,35240,1946,Survived
USSR_0074,326,Soviet Union,Cruiser,Kronshtadt,Sevastopol,1939,Laid Down,35240,1946,Survived
USSR_0075,326,Soviet Union,Cruiser,Profintern,Chervona Ukraina,1927,Completed,6934,1941,Sunk
USSR_0076,326,Soviet Union,Cruiser,Profintern,Profintern,1928,Completed,6833,1946,Survived
USSR_0077,328,Soviet Union,Cruiser,Kirov,Kirov,1938,Completed,7880,1946,Survived
USSR_0078,328,Soviet Union,Cruiser,Kirov,Voroshilov,1940,Completed,7970,1946,Survived
USSR_0079,328,Soviet Union,Cruiser,Maxim Gorkiy,Maxim Gorkiy,1940,Completed,8177,1946,Survived
USSR_0080,328,Soviet Union,Cruiser,Maxim Gorkiy,Molotov,1941,Completed,8177,1946,Survived
USSR_0081,328,Soviet Union,Cruiser,Maxim Gorkiy,Kaganovich,1944,Completed,8177,1946,Survived
USSR_0082,328,Soviet Union,Cruiser,Maxim Gorkiy,Kalinin,1943,Completed,8177,1946,Survived
USSR_0083,328,Soviet Union,Cruiser,Chapayev,Chapayev,1940,Launched,11300,1946,Survived
USSR_0084,328,Soviet Union,Cruiser,Chapayev,Chkalov,1939,Laid Down,11300,1946,Survived
USSR_0085,328,Soviet Union,Cruiser,Chapayev,Zhelezniakov,1940,Launched,11300,1946,Survived
USSR_0086,328,Soviet Union,Cruiser,Chapayev,Frunze,1940,Launched,11300,1946,Survived
USSR_0087,328,Soviet Union,Cruiser,Chapayev,Kuibyshev,1941,Launched,11300,1946,Survived
USSR_0088,328,Soviet Union,Cruiser,Chapayev,Ordzhonikidze,1940,Laid Down,11300,N/A,N/A
USSR_0089,329,Soviet Union,Destroyer,Tashkent,Tashkent,1937,Launched,2893,1942,Sunk
USSR_0090,330,Soviet Union,Destroyer,Gnevnyi,Razyaryonnyi,1940,Launched,1855,1946,Survived
USSR_0091,330,Soviet Union,Destroyer,Gnevnyi,Razumnyi,1940,Launched,1855,1946,Survived
USSR_0092,330,Soviet Union,Destroyer,Gnevnyi,Redkiy,1940,Launched,1855,N/A,N/A
USSR_0093,330,Soviet Union,Destroyer,Gnevnyi,Retivyi,1940,Launched,1855,1946,Survived
USSR_0094,330,Soviet Union,Destroyer,Gnevnyi,Revnostnyi,1940,Launched,1855,1946,Survived
USSR_0095,330,Soviet Union,Destroyer,Gnevnyi,Smetlivyi,1937,Launched,1855,1941,Sunk
USSR_0096,330,Soviet Union,Destroyer,Gnevnyi,Sokrushitelnyi,1936,Launched,1855,1942,Sunk
USSR_0097,330,Soviet Union,Destroyer,Gnevnyi,Steregushchiy,1937,Launched,1855,1946,Survived
USSR_0098,330,Soviet Union,Destroyer,Gnevnyi,Stremitelnyi,1936,Launched,1855,1941,Sunk
USSR_0099,330,Soviet Union,Destroyer,Gnevnyi,Rekordnyi,1941,Launched,1855,1946,Survived
USSR_0100,331,Soviet Union,Destroyer,Storozhevoi,Serdityi,1939,Launched,2192,1941,Sunk
USSR_0101,331,Soviet Union,Destroyer,Storozhevoi,Slavnyi,1939,Launched,2192,1946,Survived
USSR_0102,331,Soviet Union,Destroyer,Storozhevoi,Smelyi,1939,Launched,2192,1941,Sunk
USSR_0103,331,Soviet Union,Destroyer,Storozhevoi,Stoikiy,1938,Launched,2192,1946,Survived
USSR_0104,331,Soviet Union,Destroyer,Storozhevoi,Strashnyi,1939,Launched,2192,1946,Survived
USSR_0105,331,Soviet Union,Destroyer,Storozhevoi,Surovyi,1939,Launched,2192,1941,Sunk
USSR_0106,331,Soviet Union,Destroyer,Storozhevoi,Skoryi,1939,Launched,2192,1941,Sunk
USSR_0107,331,Soviet Union,Destroyer,Storozhevoi,Statnyi,1939,Launched,2192,1941,Sunk
USSR_0108,331,Soviet Union,Destroyer,Storozhevoi,Strogiy,1939,Launched,2192,1946,Survived
USSR_0109,331,Soviet Union,Destroyer,Storozhevoi,Stroinyi,1940,Launched,2192,1946,Survived
USSR_0110,331,Soviet Union,Destroyer,Storozhevoi,Svirepyi,1940,Launched,2192,1946,Survived
USSR_0111,331,Soviet Union,Destroyer,Storozhevoi,Spokoinyi,1940,Launched,2192,N/A,N/A
USSR_0112,331,Soviet Union,Destroyer,Storozhevoi,Smyshlonnyi,1939,Launched,2192,1942,Sunk
USSR_0113,331,Soviet Union,Destroyer,Storozhevoi,Soobrazitelnyi,1939,Launched,2192,1946,Survived
USSR_0114,331,Soviet Union,Destroyer,Storozhevoi,Sovershennyi,1939,Launched,2192,1941,Sunk
USSR_0115,331,Soviet Union,Destroyer,Storozhevoi,Sposobnyi,1939,Launched,2192,1943,Sunk
USSR_0116,331,Soviet Union,Destroyer,Storozhevoi,Svobodnyi,1939,Launched,2192,1942,Sunk
USSR_0117,331,Soviet Union,Destroyer,Opytnyi,Opytnyi,1935,Launched,1670,1946,Survived
USSR_0118,332,Soviet Union,Submarine,D,D1 Dekabrist,1928,Launched,933,1940,Sunk
USSR_0119,332,Soviet Union,Submarine,D,D2 Narodovolec,1929,Launched,933,1946,Survived
USSR_0120,332,Soviet Union,Submarine,D,D3 Krasnogvardeyec,1929,Launched,933,1942,Sunk
USSR_0121,332,Soviet Union,Submarine,D,D4 Revolucyoner,1929,Launched,933,1943,Sunk
USSR_0122,332,Soviet Union,Submarine,D,D5 Spartakovec,1929,Launched,933,1946,Survived
USSR_0123,332,Soviet Union,Submarine,D,D6 Yakobinec,1929,Launched,933,1941,Sunk
USSR_0124,333,Soviet Union,Submarine,L,L22,1939,Launched,1123,1946,Survived
USSR_0125,333,Soviet Union,Submarine,L,L23,1940,Launched,1123,1944,Sunk
USSR_0126,333,Soviet Union,Submarine,L,L24,1940,Launched,1123,1942,Sunk
USSR_0127,333,Soviet Union,Submarine,L,L25,1941,Launched,1123,1944,Sunk
USSR_0128,337,Soviet Union,Submarine,S,S1 Nalim,1935,Launched,840,1941,Sunk
USSR_0129,337,Soviet Union,Submarine,S,S2,1935,Launched,840,1940,Sunk
USSR_0130,337,Soviet Union,Submarine,S,S3,1936,Launched,840,1941,Sunk
USSR_0131,337,Soviet Union,Submarine,S,S4,1936,Launched,856,1945,Sunk
USSR_0132,337,Soviet Union,Submarine,S,S5,1937,Launched,856,1941,Sunk
USSR_0133,337,Soviet Union,Submarine,S,S6,1937,Launched,856,1941,Sunk
USSR_0134,337,Soviet Union,Submarine,S,S7,1939,Launched,856,1942,Sunk
USSR_0135,337,Soviet Union,Submarine,S,S8,1939,Launched,856,1941,Sunk
USSR_0136,337,Soviet Union,Submarine,S,S9,1939,Launched,856,1943,Sunk
USSR_0137,337,Soviet Union,Submarine,S,S10,1939,Launched,856,1941,Sunk
USSR_0138,337,Soviet Union,Submarine,S,S11,1939,Launched,856,1941,Sunk
USSR_0139,337,Soviet Union,Submarine,S,S12,1939,Launched,856,1943,Sunk
USSR_0140,337,Soviet Union,Submarine,S,S13,1939,Launched,856,1946,Survived
USSR_0141,337,Soviet Union,Submarine,S,S14,1941,Launched,856,1946,Survived
USSR_0142,337,Soviet Union,Submarine,S,S15,1941,Launched,856,1946,Survived
USSR_0143,337,Soviet Union,Submarine,S,S16,1941,Launched,856,1946,Survived
USSR_0144,337,Soviet Union,Submarine,S,S17,1941,Launched,856,1946,Survived
USSR_0145,337,Soviet Union,Submarine,S,S18,1941,Launched,856,1946,Survived
USSR_0146,337,Soviet Union,Submarine,S,S19,1941,Launched,856,1946,Survived
USSR_0147,337,Soviet Union,Submarine,S,S20,1941,Launched,856,1946,Survived
USSR_0148,337,Soviet Union,Submarine,S,S21,1941,Launched,856,1946,Survived
USSR_0149,337,Soviet Union,Submarine,S,S22,1941,Launched,856,1946,Survived
USSR_0150,337,Soviet Union,Submarine,S,S31,1939,Launched,856,1946,Survived
USSR_0151,337,Soviet Union,Submarine,S,S32,1939,Launched,856,1942,Sunk
USSR_0152,337,Soviet Union,Submarine,S,S33,1939,Launched,856,1946,Survived
USSR_0153,337,Soviet Union,Submarine,S,S34,1939,Launched,856,1941,Sunk
USSR_0154,337,Soviet Union,Submarine,S,S35,1940,Launched,856,1946,Survived
USSR_0155,337,Soviet Union,Submarine,S,S36,N/A,N/A,856,1941,Sunk
USSR_0156,337,Soviet Union,Submarine,S,S37,N/A,N/A,856,1941,Sunk
USSR_0157,337,Soviet Union,Submarine,S,PS25,1945,Launched,856,1946,Survived
USSR_0158,337,Soviet Union,Submarine,S,PS52,1946,Launched,856,1946,Survived
USSR_0159,337,Soviet Union,Submarine,S,PS27,1946,Launched,856,1946,Survived
USSR_0160,338,Soviet Union,Submarine,K,K1,1938,Launched,1490,1943,Sunk
USSR_0161,338,Soviet Union,Submarine,K,K2,1938,Launched,1490,1942,Sunk
USSR_0162,338,Soviet Union,Submarine,K,K3,1938,Launched,1490,1943,Sunk
USSR_0163,338,Soviet Union,Submarine,K,K21,1938,Launched,1490,1946,Survived
USSR_0164,338,Soviet Union,Submarine,K,K22,1939,Launched,1490,1943,Sunk
USSR_0165,338,Soviet Union,Submarine,K,K23,1938,Launched,1490,1942,Sunk
USSR_0166,338,Soviet Union,Submarine,K,K51,1940,Launched,1490,1946,Survived
USSR_0167,338,Soviet Union,Submarine,K,K52,1939,Launched,1490,1946,Survived
USSR_0168,338,Soviet Union,Submarine,K,K53,1940,Launched,1490,1946,Survived
USSR_0169,338,Soviet Union,Submarine,K,K54,1941,Launched,1490,1946,Survived
USSR_0170,338,Soviet Union,Submarine,K,K55,1941,Launched,1490,1946,Survived
USSR_0171,338,Soviet Union,Submarine,K,K56,1940,Launched,1490,1946,Survived
POL_0001,349,Poland,Destroyer,Wicher,Burza,1929,Launched,1540,1946,Survived
POL_0002,349,Poland,Destroyer,Wicher,Wicher,1928,Launched,1540,1939,Sunk
POL_0003,349,Poland,Destroyer,Grom,Blyskawica,1936,Launched,2011,1946,Survived
POL_0004,349,Poland,Destroyer,Grom,Grom,1936,Launched,2011,1940,Sunk
POL_0005,350,Poland,Submarine,Wilk,Rys,1929,Launched,980,1946,Survived
POL_0006,350,Poland,Submarine,Wilk,Wilk,1929,Launched,980,1946,Survived
POL_0007,350,Poland,Submarine,Wilk,Zbik,1931,Launched,980,1946,Survived
POL_0008,350,Poland,Submarine,Orzel,Orzel,1939,Completed,1100,1940,Sunk
POL_0009,350,Poland,Submarine,Orzel,Sep,1939,Completed,1100,1946,Survived
POL_0010,350,Poland,Submarine,Orzel,I,1939,Laid Down,1175,1940,Scrapped
POL_0011,350,Poland,Submarine,Orzel,II,1939,Laid Down,1175,1940,Scrapped
POL_0012,351,Poland,Mine Warfare,Gryf,Gryf,1938,Completed,2250,1939,Sunk
POL_0013,351,Poland,Mine Warfare,Jaskolka,Czajka,1934,Launched,183,1939,Sunk
POL_0014,351,Poland,Mine Warfare,Jaskolka,Jaskolka,1934,Launched,183,1939,Sunk
POL_0015,351,Poland,Mine Warfare,Jaskolka,Mewa,1934,Launched,183,1939,Sunk
POL_0016,351,Poland,Mine Warfare,Jaskolka,Rybitwa,1934,Launched,183,1939,Sunk
POL_0017,351,Poland,Mine Warfare,Jaskolka,Czapla,1934,Launched,185,1939,Sunk
POL_0018,351,Poland,Mine Warfare,Jaskolka,Zuraw,1934,Launched,185,1939,Sunk
POL_0019,351,Poland,Other,Krakow,Krakow,1926,Completed,70.3,1941,Scuttled
POL_0020,351,Poland,Other,Krakow,Wilno,1926,Completed,70.3,1939,Sunk
POL_0021,351,Poland,Patrol And Coastal,Si,Krakow,1940,Completed,39,N/A,N/A
POL_0022,351,Poland,Patrol And Coastal,Si,Wilno,1940,Completed,39,N/A,N/A
POL_0023,349,Poland,Destroyer,Grom,Huragan,1939,Planned,2011,N/A,N/A
POL_0024,349,Poland,Destroyer,Grom,Orkan,1939,Planned,2011,N/A,N/A
POL_0025,351,Poland,Patrol And Coastal,S2,Wilczur,1940,Completed,N/A,1944,Scrapped
POL_0026,351,Poland,Patrol And Coastal,S3,Wyzel,1940,Completed,N/A,1943,Scrapped
POL_0027,351,Poland,Patrol And Coastal,S4,S4,1943,Completed,N/A,1944,Transferred
POL_0028,351,Poland,Patrol And Coastal,S5-S10,S5,1944,Completed,N/A,1944,Transferred
POL_0029,351,Poland,Patrol And Coastal,S5-S10,S6,1944,Completed,N/A,1945,Transferred
POL_0030,351,Poland,Patrol And Coastal,S5-S10,S7,1944,Completed,N/A,1945,Transferred
POL_0031,351,Poland,Patrol And Coastal,S5-S10,S8,1944,Completed,N/A,1945,Transferred
POL_0032,351,Poland,Patrol And Coastal,S5-S10,S9,1944,Completed,N/A,1945,Transferred
POL_0033,351,Poland,Patrol And Coastal,S5-S10,S10,1944,Completed,N/A,1945,Transferred
EST_0001,352,Estonia,Submarine,Kalev,Kalev,1937,Launched,620,1941,Sunk
EST_0002,352,Estonia,Submarine,Kalev,Lembit,1936,Launched,620,1946,Survived
EST_0003,352,Estonia,Patrol And Coastal,Pikkeri,Pikkeri,1939,Completed,500,1946,Survived
EST_0004,351,Estonia,Destroyer,Sulev,Sulev,1924,Completed,227,1946,Survived
EST_0005,352,Estonia,Patrol And Coastal,Kou,Kou,1939,Completed,N/A,1940,Transferred
LAT_0001,353,Latvia,Submarine,Ronis,Ronis,1926,Launched,390,1941,Scuttled
LAT_0002,353,Latvia,Submarine,Ronis,Spidola,1926,Launched,390,1941,Scuttled
LAT_0003,353,Latvia,Mine Warfare,Imanta,Imanta,1926,Launched,256,1941,Sunk
LAT_0004,353,Latvia,Mine Warfare,Imanta,Viesturs,1926,Launched,256,1946,Survived
LIT_0001,354,Lithuania,Patrol And Coastal,Presidentas Smetona,Presidentas Smetona,1927,Completed,500,1944,Sunk
CZE_0001,354,Czechoslovakia,Patrol And Coastal,President Masaryk,President Masaryk,1930,Completed,230,1946,Survived
CZE_0002,355,Czechoslovakia,Patrol And Coastal,OMM35,OMM35,1939,Launched,60,1941,Transferred
CZE_0003,355,Czechoslovakia,Patrol And Coastal,OMM35,OMM36,1939,Launched,60,1941,Transferred
HUN_0001,355,Hungary,Patrol And Coastal,Sopron,Sopron,1927,Completed,140,1946,Survived
HUN_0002,355,Hungary,Patrol And Coastal,Kecskemet,Baja,1929,Completed,133,1946,Survived
HUN_0003,355,Hungary,Patrol And Coastal,Kecskemet,Gyor,1927,Completed,133,1946,Survived
HUN_0004,355,Hungary,Patrol And Coastal,Godolo,Godolo,1927,Completed,60,1946,Survived
YUG_0001,357,Yugoslavia,Destroyer,Dubrovnik,Dubrovnik,1931,Launched,1880,1945,Sunk
YUG_0002,357,Yugoslavia,Destroyer,Beograd,Beograd,1937,Launched,1210,1945,Sunk
YUG_0003,357,Yugoslavia,Destroyer,Beograd,Ljubljana,1938,Launched,1210,1943,Sunk
YUG_0004,357,Yugoslavia,Destroyer,Beograd,Zagreb,1938,Launched,1210,1941,Sunk
YUG_0005,358,Yugoslavia,Submarine,Osvetnik,Osvetnik,1929,Launched,630,1943,Scuttled
YUG_0006,358,Yugoslavia,Submarine,Osvetnik,Smeli,1928,Launched,630,1943,Scuttled
YUG_0007,358,Yugoslavia,Submarine,Hrabri,Hrabri,1927,Launched,975,1941,Scrapped
YUG_0008,358,Yugoslavia,Submarine,Hrabri,Nebojsa,1927,Launched,975,1946,Survived
YUG_0009,358,Yugoslavia,Patrol And Coastal,Beli Orao,Beli Orao,1939,Launched,567,1946,Survived
YUG_0010,358,Yugoslavia,Patrol And Coastal,Cetnik,Cetnik,1927,Launched,15,N/A,N/A
YUG_0011,358,Yugoslavia,Patrol And Coastal,Cetnik,Uskok,1927,Launched,15,1942,Sunk
YUG_0012,359,Yugoslavia,Patrol And Coastal,Orjen,Orjen,1936,Launched,61.7,1943,Scuttled
YUG_0013,359,Yugoslavia,Patrol And Coastal,Orjen,Durmitor,1936,Launched,61.7,1946,Survived
YUG_0014,359,Yugoslavia,Patrol And Coastal,Orjen,Suvobor,1936,Launched,61.7,1943,Scuttled
YUG_0015,359,Yugoslavia,Patrol And Coastal,Orjen,Kajmakcalan,1936,Launched,61.7,1946,Survived
YUG_0016,359,Yugoslavia,Patrol And Coastal,Orjen,Velebit,1936,Launched,61.7,1944,Scuttled
YUG_0017,359,Yugoslavia,Patrol And Coastal,Orjen,Dinara,1936,Launched,61.7,1944,Scuttled
YUG_0018,359,Yugoslavia,Patrol And Coastal,Orjen,Rudnik,1936,Launched,61.7,1944,Scuttled
YUG_0019,359,Yugoslavia,Patrol And Coastal,Orjen,Triglav,1936,Launched,61.7,1944,Scuttled
YUG_0020,358,Yugoslavia,Mine Warfare,Malinska,Malinska,1931,Launched,130,1946,Survived
YUG_0021,358,Yugoslavia,Mine Warfare,Malinska,Marjan,1931,Launched,130,N/A,N/A
YUG_0022,358,Yugoslavia,Mine Warfare,Malinska,Meljine,1931,Launched,130,1946,Survived
YUG_0023,358,Yugoslavia,Mine Warfare,Malinska,Mljet,1931,Launched,130,1946,Survived
YUG_0024,358,Yugoslavia,Mine Warfare,Malinska,Mosor,1931,Launched,130,N/A,N/A
ROM_0001,361,Romania,Destroyer,Regele Ferdinand,Regele Ferdinand,1928,Launched,1400,1946,Survived
ROM_0002,361,Romania,Destroyer,Regele Ferdinand,Regina Maria,1929,Launched,1400,1946,Survived
ROM_0003,361,Romania,Submarine,Delfinul,Delfinul,1936,Completed,650,1946,Survived
ROM_0004,361,Romania,Submarine,Marsuinul,Marsuinul,1944,Completed,620,1944,Transferred
ROM_0005,361,Romania,Submarine,Requinul,Requinul,1944,Completed,585,1944,Transferred
ROM_0006,362,Romania,Mine Warfare,Amiral Murgescu,Amiral Murgescu,1934,Launched,812,1946,Survived
ROM_0007,362,Romania,Mine Warfare,Amiral Murgescu,Cetetea Alba,1934,Launched,812,N/A,N/A
ROM_0008,362,Romania,Patrol And Coastal,Viforul,Viforul,1940,Completed,32,N/A,Sunk
ROM_0009,362,Romania,Patrol And Coastal,Viforul,Vijelia,1940,Completed,32,N/A,Sunk
ROM_0010,362,Romania,Patrol And Coastal,Viforul,Viscolul,1940,Completed,32,1945,Transferred
ROM_0011,362,Romania,Patrol And Coastal,Vantul,Vantul,1940,Completed,32,1945,Transferred
ROM_0012,362,Romania,Patrol And Coastal,Vantul,Vartejul,1940,Completed,32,1945,Transferred
ROM_0013,362,Romania,Patrol And Coastal,Vantul,Vedenia,1940,Completed,32,1945,Transferred
ROM_0014,362,Romania,Patrol And Coastal,Vantul,Vulcanul,1940,Completed,32,1945,Transferred
BUL_0001,363,Bulgaria,Patrol And Coastal,Dutch Mtbs,I,1942,Completed,30,1945,Transferred
BUL_0002,363,Bulgaria,Patrol And Coastal,Dutch Mtbs,II,1942,Completed,30,1945,Transferred
BUL_0003,363,Bulgaria,Patrol And Coastal,Dutch Mtbs,III,1942,Completed,30,1945,Transferred
BUL_0004,363,Bulgaria,Patrol And Coastal,S2 Type Mtbs,F1,1939,Launched,47.8,1945,Transferred
BUL_0005,363,Bulgaria,Patrol And Coastal,S2 Type Mtbs,F2,1939,Launched,47.8,1945,Transferred
BUL_0006,363,Bulgaria,Patrol And Coastal,S2 Type Mtbs,F3,1939,Launched,47.8,1945,Transferred
BUL_0007,363,Bulgaria,Patrol And Coastal,S2 Type Mtbs,F4,1939,Launched,47.8,1945,Transferred
FIN_0001,365,Finland,Capital Ship,Vainamoinen,Vainamoinen,1932,Completed,3900,1946,Survived
FIN_0002,365,Finland,Capital Ship,Vainamoinen,Ilmarinen,1933,Completed,3900,1941,Sunk
FIN_0003,365,Finland,Submarine,Vesikko,Vesikko,1933,Completed,250,1946,Survived
FIN_0004,365,Finland,Submarine,Saukko,Saukko,1930,Launched,114,1946,Survived
FIN_0005,365,Finland,Submarine,Vetehinen,Vetehinen,1930,Completed,493,1946,Survived
FIN_0006,365,Finland,Submarine,Vetehinen,Vesihiisi,1930,Completed,493,1946,Survived
FIN_0007,365,Finland,Submarine,Vetehinen,Iku-Tursu,1930,Completed,493,1946,Survived
FIN_0008,365,Finland,Mine Warfare,Ruotsinsalmi,Ruotsinsalmi,1941,Completed,310,1946,Survived
FIN_0009,365,Finland,Mine Warfare,Ruotsinsalmi,Riilahti,1941,Completed,310,1943,Sunk
FIN_0010,366,Finland,Mine Warfare,Kuha,Kuha 1,N/A,N/A,17,1941,Sunk
FIN_0011,366,Finland,Mine Warfare,Kuha,Kuha 2,N/A,N/A,17,1946,Survived
FIN_0012,366,Finland,Mine Warfare,Kuha,Kuha 3,N/A,N/A,17,1944,Sunk
FIN_0013,366,Finland,Mine Warfare,Kuha,Kuha 4,N/A,N/A,17,1942,Sunk
FIN_0014,366,Finland,Mine Warfare,Kuha,Kuha 5,N/A,N/A,17,1946,Survived
FIN_0015,366,Finland,Mine Warfare,Kuha,Kuha 6,N/A,N/A,17,1944,Sunk
FIN_0016,366,Finland,Mine Warfare,Kuha,Kuha 7,N/A,N/A,17,1946,Survived
FIN_0017,366,Finland,Mine Warfare,Kuha,Kuha 8,N/A,N/A,17,1946,Survived
FIN_0018,366,Finland,Mine Warfare,Ahven,Ahven,1937,Launched,17,1946,Survived
FIN_0019,366,Finland,Mine Warfare,Ahven,Kiiski,1937,Launched,17,1946,Survived
FIN_0020,366,Finland,Mine Warfare,Ahven,Kuore,1937,Launched,17,1946,Survived
FIN_0021,366,Finland,Mine Warfare,Ahven,Lahna,1937,Launched,17,1946,Survived
FIN_0022,366,Finland,Mine Warfare,Ahven,Muikko,1937,Launched,17,1946,Survived
FIN_0023,366,Finland,Mine Warfare,Ahven,Sarki,1937,Launched,17,1946,Survived
FIN_0024,366,Finland,Mine Warfare,Narvi,Jurmo,1944,Launched,400,1944,Transferred
FIN_0025,366,Finland,Mine Warfare,Narvi,Narvi,1944,Launched,400,1944,Transferred
FIN_0026,366,Finland,Mine Warfare,SM1,SM1,1939,Launched,20,1946,Survived
FIN_0027,366,Finland,Mine Warfare,SM1,SM2,1939,Launched,20,1946,Survived
FIN_0028,366,Finland,Mine Warfare,SM1,SM3,1940,Launched,20,1944,Sunk
FIN_0029,366,Finland,Mine Warfare,SM1,SM4,1940,Launched,20,1946,Survived
FIN_0030,366,Finland,Mine Warfare,Pukkio,Pukkio,N/A,N/A,162,1946,Survived
FIN_0031,366,Finland,Mine Warfare,Pukkio,Porkkala,N/A,N/A,162,1941,Sunk
FIN_0032,366,Finland,Mine Warfare,Ajonpaa,Ajonpaa,N/A,N/A,52,1946,Survived
FIN_0033,366,Finland,Mine Warfare,Ajonpaa,Kallanpaa,N/A,N/A,52,1946,Survived
FIN_0034,366,Finland,Patrol And Coastal,Jymy,J1,1939,Launched,25,1946,Survived
FIN_0035,366,Finland,Patrol And Coastal,Jymy,J2,1939,Launched,25,1946,Survived
FIN_0036,366,Finland,Patrol And Coastal,Jymy,J3,1939,Launched,25,1946,Survived
FIN_0037,366,Finland,Patrol And Coastal,Jymy,J4,1939,Launched,25,1946,Survived
FIN_0038,366,Finland,Patrol And Coastal,Hurja,H1,1941,Launched,20,1946,Survived
FIN_0039,366,Finland,Patrol And Coastal,Hurja,H2,1941,Launched,20,1946,Survived
FIN_0040,366,Finland,Patrol And Coastal,Hurja,H3,1941,Launched,20,1946,Survived
FIN_0041,366,Finland,Patrol And Coastal,Hurja,H4,1941,Launched,20,1946,Survived
FIN_0042,366,Finland,Patrol And Coastal,Hurja,H5,1941,Launched,20,1946,Survived
FIN_0043,367,Finland,Patrol And Coastal,T,Tarmo,N/A,N/A,22,1946,Survived
FIN_0044,367,Finland,Patrol And Coastal,T,Taisto,N/A,N/A,22,1946,Survived
FIN_0045,367,Finland,Patrol And Coastal,T,Tyrsky,N/A,N/A,22,1946,Survived
FIN_0046,367,Finland,Patrol And Coastal,T,Tuima,N/A,N/A,22,1946,Survived
FIN_0047,367,Finland,Patrol And Coastal,T,Tuisku,N/A,N/A,22,1946,Survived
FIN_0048,367,Finland,Patrol And Coastal,T,Tuuli,N/A,N/A,22,1946,Survived
FIN_0049,367,Finland,Patrol And Coastal,T,T7,N/A,N/A,22,1946,Survived
FIN_0050,367,Finland,Patrol And Coastal,T,T8,N/A,N/A,22,1946,Survived
FIN_0051,367,Finland,Patrol And Coastal,VMV1,VMV1,1931,Launched,30,1946,Survived
FIN_0052,367,Finland,Patrol And Coastal,VMV1,VMV2,1931,Launched,30,1946,Survived
FIN_0053,367,Finland,Other,Jaakarhu,Jaakarhu,1926,Launched,4825,1946,Transferred
FIN_0054,367,Finland,Other,Otso,Otso,1936,Launched,900,1946,Survived
FIN_0055,367,Finland,Other,Sisu,Sisu,1938,Launched,2000,1946,Survived
FIN_0056,367,Finland,Patrol And Coastal,Aunus,Aunus,1927,Launched,N/A,1946,Survived
FIN_0057,367,Finland,Patrol And Coastal,Tursas,Tursas,1933,Launched,360,1946,Survived
SWE_0001,371,Sweden,Cruiser,Gotland,Gotland,1933,Launched,4700,1946,Survived
SWE_0002,371,Sweden,Cruiser,Tre Kronor,Tre Kronor,1944,Launched,8200,1946,Survived
SWE_0003,371,Sweden,Cruiser,Tre Kronor,Gota Lejon,1945,Launched,8200,1946,Survived
SWE_0004,372,Sweden,Destroyer,Psilander,Psilander,1926,Launched,1250,1946,Survived
SWE_0005,372,Sweden,Destroyer,Psilander,Puke,1926,Launched,1250,1946,Survived
SWE_0006,372,Sweden,Destroyer,Romulus,Romulus,1934,Launched,870,1946,Survived
SWE_0007,372,Sweden,Destroyer,Romulus,Remus,1934,Launched,870,1946,Survived
SWE_0008,372,Sweden,Destroyer,Klas Horn,Klas Horn,1927,Completed,1020,1946,Survived
SWE_0009,372,Sweden,Destroyer,Klas Horn,Klas Uggla,1927,Completed,1020,1941,Sunk
SWE_0010,372,Sweden,Destroyer,Goteborg,Goteborg,1936,Completed,1040,1946,Survived
SWE_0011,372,Sweden,Destroyer,Goteborg,Stockholm,1937,Completed,1040,1946,Survived
SWE_0012,372,Sweden,Destroyer,Goteborg,Malmo,1939,Completed,1040,1946,Survived
SWE_0013,372,Sweden,Destroyer,Goteborg,Karlskrona,1940,Completed,1040,1946,Survived
SWE_0014,372,Sweden,Destroyer,Goteborg,Norrkoping,1941,Completed,1040,1946,Survived
SWE_0015,372,Sweden,Destroyer,Goteborg,Gavle,1941,Completed,1040,1946,Survived
SWE_0016,372,Sweden,Destroyer,Mode,Mode,1942,Completed,750,1946,Survived
SWE_0017,372,Sweden,Destroyer,Mode,Magne,1942,Completed,750,1946,Survived
SWE_0018,372,Sweden,Destroyer,Mode,Mjolner,1942,Completed,750,1946,Survived
SWE_0019,372,Sweden,Destroyer,Mode,Munin,1943,Completed,750,1946,Survived
SWE_0020,373,Sweden,Destroyer,Visby,Visby,1942,Completed,1135,1946,Survived
SWE_0021,373,Sweden,Destroyer,Visby,Sundsvall,1943,Completed,1135,1946,Survived
SWE_0022,373,Sweden,Destroyer,Visby,Halsingborg,1943,Completed,1135,1946,Survived
SWE_0023,373,Sweden,Destroyer,Visby,Kalmar,1944,Completed,1135,1946,Survived
SWE_0024,373,Sweden,Destroyer,Oland,Oland,1945,Launched,1880,1946,Survived
SWE_0025,373,Sweden,Destroyer,Oland,Uppland,1946,Launched,1880,1946,Survived
SWE_0026,373,Sweden,Submarine,Valen,Valen,1925,Completed,548,1946,Survived
SWE_0027,373,Sweden,Submarine,Draken,Draken,1929,Completed,667,1946,Survived
SWE_0028,373,Sweden,Submarine,Draken,Gripen,1929,Completed,667,1946,Survived
SWE_0029,373,Sweden,Submarine,Draken,Ulven,1931,Completed,667,1943,Sunk
SWE_0030,374,Sweden,Submarine,Delfinen,Delfinen,1936,Completed,540,1946,Survived
SWE_0031,374,Sweden,Submarine,Delfinen,Nordkaparen,1936,Completed,540,1946,Survived
SWE_0032,374,Sweden,Submarine,Delfinen,Springaren,1937,Completed,540,1946,Survived
SWE_0033,374,Sweden,Submarine,Sjolejonet,Sjolejonet,1938,Completed,580,1946,Survived
SWE_0034,374,Sweden,Submarine,Sjolejonet,Sjobjornen,1938,Completed,580,1946,Survived
SWE_0035,374,Sweden,Submarine,Sjolejonet,Sjohunden,1939,Completed,580,1946,Survived
SWE_0036,374,Sweden,Submarine,Sjolejonet,Svardfisken,1941,Completed,580,1946,Survived
SWE_0037,374,Sweden,Submarine,Sjolejonet,Tumlaren,1941,Completed,580,1946,Survived
SWE_0038,374,Sweden,Submarine,Sjolejonet,Dykaren,1941,Completed,580,1946,Survived
SWE_0039,374,Sweden,Submarine,Sjolejonet,Sjohasten,1941,Completed,580,1946,Survived
SWE_0040,374,Sweden,Submarine,Sjolejonet,Sjoormen,1941,Completed,580,1946,Survived
SWE_0041,374,Sweden,Submarine,Sjolejonet,Sjoborren,1942,Completed,580,1946,Survived
SWE_0042,374,Sweden,Submarine,U1,U1,1942,Completed,367,1946,Survived
SWE_0043,374,Sweden,Submarine,U1,U2,1942,Completed,367,1946,Survived
SWE_0044,374,Sweden,Submarine,U1,U3,1943,Completed,367,1946,Survived
SWE_0045,374,Sweden,Submarine,U1,U4,1944,Completed,367,1946,Survived
SWE_0046,374,Sweden,Submarine,U1,U5,1944,Completed,367,1946,Survived
SWE_0047,374,Sweden,Submarine,U1,U6,1944,Completed,367,1946,Survived
SWE_0048,374,Sweden,Submarine,U1,U7,1944,Completed,367,1946,Survived
SWE_0049,374,Sweden,Submarine,U1,U8,1945,Completed,367,1946,Survived
SWE_0050,374,Sweden,Submarine,U1,U9,1945,Completed,367,1946,Survived
SWE_0051,377,Sweden,Other,Atle,Atle,1925,Launched,1725,1946,Survived
SWE_0052,377,Sweden,Other,Ymer,Ymer,1932,Launched,3465,1946,Survived
SWE_0053,374,Sweden,Submarine,Neptun,Neptun,1943,Completed,550,1946,Survived
SWE_0054,374,Sweden,Submarine,Neptun,Najad,1943,Completed,550,1946,Survived
SWE_0055,374,Sweden,Submarine,Neptun,Nacken,1943,Completed,550,1946,Survived
SWE_0056,374,Sweden,Mine Warfare,Alvsnabben,Alvsnabben,1943,Launched,4250,1946,Survived
SWE_0057,375,Sweden,Patrol And Coastal,MTB3,MTB3,1925,Completed,12.5,1940,Scrapped
SWE_0058,375,Sweden,Patrol And Coastal,MTB3,MTB4,1925,Completed,12.5,1940,Scrapped
SWE_0059,375,Sweden,Patrol And Coastal,T15,T15,1941,Completed,22.5,1946,Survived
SWE_0060,375,Sweden,Patrol And Coastal,T15,T16,1941,Completed,22.5,1946,Survived
SWE_0061,375,Sweden,Patrol And Coastal,T15,T17,1941,Completed,22.5,1946,Survived
SWE_0062,375,Sweden,Patrol And Coastal,T15,T18,1941,Completed,22.5,1946,Survived
SWE_0063,375,Sweden,Patrol And Coastal,T3,T3,1940,Completed,20,1946,Survived
SWE_0064,375,Sweden,Patrol And Coastal,T3,T4,1940,Completed,20,1946,Survived
SWE_0065,375,Sweden,Patrol And Coastal,T21,T21,N/A,N/A,27,1946,Survived
SWE_0066,375,Sweden,Patrol And Coastal,T21,T22,N/A,N/A,27,1946,Survived
SWE_0067,375,Sweden,Patrol And Coastal,T21,T23,N/A,N/A,27,1946,Survived
SWE_0068,375,Sweden,Patrol And Coastal,T21,T24,N/A,N/A,27,1946,Survived
SWE_0069,375,Sweden,Patrol And Coastal,T21,T25,N/A,N/A,27,1946,Survived
SWE_0070,375,Sweden,Patrol And Coastal,T21,T26,N/A,N/A,27,1946,Survived
SWE_0071,375,Sweden,Patrol And Coastal,T21,T27,N/A,N/A,27,1946,Survived
SWE_0072,375,Sweden,Patrol And Coastal,T21,T28,N/A,N/A,27,1946,Survived
SWE_0073,375,Sweden,Patrol And Coastal,T21,T29,N/A,N/A,27,1946,Survived
SWE_0074,375,Sweden,Patrol And Coastal,T21,T30,N/A,N/A,27,1946,Survived
SWE_0075,375,Sweden,Patrol And Coastal,T21,T31,N/A,N/A,27,1946,Survived
SWE_0076,375,Sweden,Patrol And Coastal,T11,T11,1936,Completed,17,1946,Survived
SWE_0077,375,Sweden,Patrol And Coastal,T11,T12,1936,Completed,17,1946,Survived
SWE_0078,375,Sweden,Patrol And Coastal,T11,T13,1936,Completed,17,1946,Survived
SWE_0079,375,Sweden,Patrol And Coastal,T11,T14,1936,Completed,17,1946,Survived
SWE_0080,375,Sweden,Patrol And Coastal,Styrbjorn,Styrbjorn,1923,Launched,N/A,1946,Survived
SWE_0081,375,Sweden,Patrol And Coastal,Styrbjorn,Kanon,1924,Launched,N/A,1946,Survived
SWE_0082,375,Sweden,Patrol And Coastal,Styrbjorn,Krut,1924,Launched,N/A,1946,Survived
SWE_0083,375,Sweden,Patrol And Coastal,Styrbjorn,Granat,1925,Launched,N/A,1946,Survived
SWE_0084,375,Sweden,Patrol And Coastal,Styrbjorn,Harpun,1925,Launched,N/A,1946,Survived
SWE_0085,375,Sweden,Patrol And Coastal,Styrbjorn,Starkodder,1925,Launched,N/A,1946,Survived
SWE_0086,376,Sweden,Patrol And Coastal,Askofjard,Askofjard,1931,Launched,25,1946,Survived
SWE_0087,376,Sweden,Patrol And Coastal,Askofjard,Baggensfjard,1932,Launched,25,1946,Survived
SWE_0088,376,Sweden,Patrol And Coastal,Askofjard,Namdofjard,1932,Launched,25,1946,Survived
SWE_0089,376,Sweden,Patrol And Coastal,Edofjard,Edofjard,1933,Launched,28,1946,Survived
SWE_0090,376,Sweden,Patrol And Coastal,Edofjard,Kanholmsfjord,1933,Launched,28,1946,Survived
SWE_0091,376,Sweden,Patrol And Coastal,Edofjard,Lidofjard,1933,Launched,28,1946,Survived
SWE_0092,376,Sweden,Mine Warfare,Arholma,Arholma,1937,Launched,365,1946,Survived
SWE_0093,376,Sweden,Mine Warfare,Arholma,Landsort,1937,Launched,365,1946,Survived
SWE_0094,376,Sweden,Mine Warfare,Arholma,Bredskar,1940,Launched,365,1946,Survived
SWE_0095,376,Sweden,Mine Warfare,Arholma,Bremon,1940,Launched,365,1946,Survived
SWE_0096,376,Sweden,Mine Warfare,Arholma,Gronskar,1940,Launched,365,1946,Survived
SWE_0097,376,Sweden,Mine Warfare,Arholma,Holmon,1940,Launched,365,1946,Survived
SWE_0098,376,Sweden,Mine Warfare,Arholma,Koster,1940,Launched,365,1946,Survived
SWE_0099,376,Sweden,Mine Warfare,Arholma,Kullen,1940,Launched,365,1946,Survived
SWE_0100,376,Sweden,Mine Warfare,Arholma,Ramskar,1940,Launched,365,1946,Survived
SWE_0101,376,Sweden,Mine Warfare,Arholma,Sandon,1940,Launched,365,1946,Survived
SWE_0102,376,Sweden,Mine Warfare,Arholma,Ulvon,1941,Launched,365,1946,Survived
SWE_0103,376,Sweden,Mine Warfare,Arholma,Ven,1940,Launched,365,1946,Survived
SWE_0104,376,Sweden,Mine Warfare,Arholma,Vinga,1940,Launched,365,1946,Survived
SWE_0105,376,Sweden,Mine Warfare,Arholma,Orskar,1940,Launched,365,1946,Survived
SWE_0106,376,Sweden,Patrol And Coastal,Jagaren,Jagaren,1932,Launched,310,1946,Survived
SWE_0107,376,Sweden,Patrol And Coastal,Jagaren,Kaparen,1933,Launched,310,1946,Survived
SWE_0108,376,Sweden,Patrol And Coastal,Jagaren,Snapphanen,1934,Launched,310,1946,Survived
SWE_0109,376,Sweden,Patrol And Coastal,Jagaren,Vaktaren,1934,Launched,310,1946,Survived
SWE_0110,376,Sweden,Patrol And Coastal,SVK1,SVK1,1944,Launched,19,N/A,N/A
SWE_0111,376,Sweden,Patrol And Coastal,SVK1,SVK2,1944,Launched,19,N/A,N/A
SWE_0112,376,Sweden,Patrol And Coastal,SVK1,SVK3,1944,Launched,19,N/A,N/A
SWE_0113,376,Sweden,Patrol And Coastal,SVK1,SVK4,1944,Launched,19,N/A,N/A
SWE_0114,376,Sweden,Patrol And Coastal,SVK1,SVK5,1944,Launched,19,N/A,N/A
SWE_0115,376,Sweden,Patrol And Coastal,SVK1,SVK6,1944,Launched,19,N/A,N/A
SWE_0116,376,Sweden,Patrol And Coastal,SVK1,SVK7,1944,Launched,19,N/A,N/A
SWE_0117,376,Sweden,Patrol And Coastal,SVK1,SVK8,1944,Launched,19,N/A,N/A
SWE_0118,376,Sweden,Patrol And Coastal,V51,V51,N/A,N/A,145,1946,Survived
SWE_0119,376,Sweden,Patrol And Coastal,V51,V52,N/A,N/A,145,1946,Survived
SWE_0120,376,Sweden,Patrol And Coastal,V51,V53,N/A,N/A,145,1946,Survived
SWE_0121,376,Sweden,Patrol And Coastal,V51,V54,N/A,N/A,145,1946,Survived
SWE_0122,376,Sweden,Patrol And Coastal,V51,V55,N/A,N/A,145,1946,Survived
SWE_0123,376,Sweden,Patrol And Coastal,V51,V56,N/A,N/A,145,1946,Survived
SWE_0124,376,Sweden,Mine Warfare,M1,M1,1937,Launched,61,1946,Survived
SWE_0125,376,Sweden,Mine Warfare,M1,M2,1937,Launched,61,1946,Survived
SWE_0126,377,Sweden,Mine Warfare,M3,M3,N/A,N/A,50,1946,Survived
SWE_0127,377,Sweden,Mine Warfare,M3,M4,N/A,N/A,50,1946,Survived
SWE_0128,377,Sweden,Mine Warfare,M3,M5,N/A,N/A,50,1946,Survived
SWE_0129,377,Sweden,Mine Warfare,M3,M6,N/A,N/A,50,1946,Survived
SWE_0130,377,Sweden,Mine Warfare,M3,M7,N/A,N/A,50,1946,Survived
SWE_0131,377,Sweden,Mine Warfare,M3,M8,N/A,N/A,50,1946,Survived
SWE_0132,377,Sweden,Mine Warfare,M3,M9,N/A,N/A,50,1946,Survived
SWE_0133,377,Sweden,Mine Warfare,M3,M10,N/A,N/A,50,1946,Survived
SWE_0134,377,Sweden,Mine Warfare,M3,M11,N/A,N/A,50,1946,Survived
SWE_0135,377,Sweden,Mine Warfare,M3,M12,N/A,N/A,50,1946,Survived
SWE_0136,377,Sweden,Mine Warfare,M3,M13,N/A,N/A,50,1946,Survived
SWE_0137,377,Sweden,Mine Warfare,M3,M14,N/A,N/A,50,1946,Survived
SWE_0138,377,Sweden,Mine Warfare,M15,M15,1941,Launched,70,1946,Survived
SWE_0139,377,Sweden,Mine Warfare,M15,M16,1941,Launched,70,1946,Survived
SWE_0140,377,Sweden,Mine Warfare,M15,M17,1941,Launched,70,1946,Survived
SWE_0141,377,Sweden,Mine Warfare,M15,M18,1941,Launched,70,1946,Survived
SWE_0142,377,Sweden,Mine Warfare,M15,M19,1941,Launched,70,1946,Survived
SWE_0143,377,Sweden,Mine Warfare,M15,M20,1941,Launched,70,1946,Survived
SWE_0144,377,Sweden,Mine Warfare,M15,M21,1941,Launched,70,1946,Survived
SWE_0145,377,Sweden,Mine Warfare,M15,M22,1941,Launched,70,1946,Survived
SWE_0146,377,Sweden,Mine Warfare,M15,M23,1941,Launched,70,1946,Survived
SWE_0147,377,Sweden,Mine Warfare,M15,M24,1941,Launched,70,1946,Survived
SWE_0148,377,Sweden,Mine Warfare,M15,M25,1941,Launched,70,1946,Survived
SWE_0149,377,Sweden,Mine Warfare,M15,M26,1941,Launched,70,1946,Survived
NOR_0001,379,Norway,Destroyer,Aalesund,Aalesund,1941,Launched,1220,1946,Survived
NOR_0002,379,Norway,Destroyer,Aalesund,ZN5,1941,Launched,1220,1946,Survived
NOR_0003,379,Norway,Destroyer,Sleipner,Sleipner,1937,Completed,597,1946,Survived
NOR_0004,379,Norway,Destroyer,Sleipner,Aeger,1938,Completed,597,1940,Sunk
NOR_0005,379,Norway,Destroyer,Sleipner,Gyller,1939,Completed,597,1946,Survived
NOR_0006,380,Norway,Destroyer,Odin,Odin,1940,Completed,632,1946,Survived
NOR_0007,380,Norway,Destroyer,Odin,Balder,1939,Launched,632,1946,Survived
NOR_0008,380,Norway,Destroyer,Odin,Tor,1939,Launched,632,1946,Survived
NOR_0009,381,Norway,Mine Warfare,Olav Tryggvason,Olav Tryggvason,1934,Completed,1596,1945,Scuttled
NOR_0010,381,Norway,Mine Warfare,Otra,Otra,1940,Completed,370,1945,Transferred
NOR_0011,381,Norway,Mine Warfare,Otra,Rauma,1940,Completed,370,1945,Transferred
NOR_0012,381,Norway,Patrol And Coastal,Fridtjof Nansen,Fridtjof Nansen,1931,Completed,1275,1940,Sunk
NOR_0013,381,Norway,Patrol And Coastal,Nordkapp,Nordkapp,1937,Launched,266,1940,Transferred
NOR_0014,381,Norway,Patrol And Coastal,Nordkapp,Senja,1937,Launched,266,1945,Transferred
DEN_0001,383,Denmark,Patrol And Coastal,Glenten,Glenten,1934,Completed,290,1946,Survived
DEN_0002,383,Denmark,Patrol And Coastal,Glenten,Hogen,1934,Completed,290,1946,Survived
DEN_0003,383,Denmark,Patrol And Coastal,Glenten,Ornen,1935,Completed,290,1946,Survived
DEN_0004,383,Denmark,Patrol And Coastal,Dragen,Dragen,1929,Launched,290,1945,Sunk
DEN_0005,383,Denmark,Patrol And Coastal,Dragen,Hvalen,1930,Launched,290,N/A,N/A
DEN_0006,383,Denmark,Patrol And Coastal,Dragen,Laxen,1930,Launched,290,N/A,N/A
DEN_0007,383,Denmark,Destroyer,Najaden,Najaden,1943,Launched,782,1946,Survived
DEN_0008,383,Denmark,Destroyer,Najaden,Nymfen,1943,Launched,782,1946,Survived
DEN_0009,383,Denmark,Submarine,Daphne,Daphne,1926,Completed,308,1943,Scuttled
DEN_0010,383,Denmark,Submarine,Daphne,Dryaden,1927,Completed,308,1943,Scuttled
DEN_0011,384,Denmark,Submarine,Havmanden,Havmanden,1938,Completed,320,1943,Scuttled
DEN_0012,384,Denmark,Submarine,Havmanden,Havfruen,1939,Completed,320,1943,Scuttled
DEN_0013,384,Denmark,Submarine,Havmanden,Havkalen,1939,Completed,320,1943,Scuttled
DEN_0014,384,Denmark,Submarine,Havmanden,Havhesten,1942,Completed,320,1943,Scuttled
DEN_0015,384,Denmark,Mine Warfare,Lindormen,Lindormen,1940,Launched,614,1945,Scuttled
DEN_0016,384,Denmark,Mine Warfare,N/A,Laaland,1941,Launched,350,1945,Scuttled
DEN_0017,384,Denmark,Mine Warfare,N/A,Lougen,1941,Launched,350,1945,Scuttled
DEN_0018,384,Denmark,Other,Hvidbjornen,Hvidbjornen,1928,Launched,1050,1946,Survived
DEN_0019,384,Denmark,Other,Ingolf,Ingolf,1933,Launched,1180,1943,Scuttled
DEN_0020,384,Denmark,Other,Hejmdal,Hejmdal,1935,Launched,705,1945,Scuttled
DEN_0021,384,Denmark,Other,Freja,Freja,1938,Launched,322,1945,Scuttled
DEN_0022,382,Denmark,Capital Ship,Niels Juel,Niels Juel,1923,Completed,4100,1943,Scuttled
BEL_0001,385,Belgium,Other,Artevelde,Artevelde,1943,Completed,1640,1946,Survived
NLD_0001,388,The Netherlands,Cruiser,DE Ruyter,De Ruyter,1935,Launched,6000,1942,Sunk
NLD_0002,389,The Netherlands,Cruiser,Tromp,Jacob Van Heemskerck,1939,Launched,3787,1946,Survived
NLD_0003,389,The Netherlands,Cruiser,Tromp,Tromp,1937,Launched,3787,1946,Survived
NLD_0004,390,The Netherlands,Destroyer,Van Ghent,Banckert,1929,Launched,1316,1946,Survived
NLD_0005,390,The Netherlands,Destroyer,Van Ghent,Van Galen,1928,Launched,1316,1942,Scrapped
NLD_0006,390,The Netherlands,Destroyer,Van Ghent,Van Nes,1930,Launched,1316,1942,Sunk
NLD_0007,390,The Netherlands,Destroyer,Van Ghent,Witte De With,1928,Launched,1316,1942,Scuttled
NLD_0008,390,The Netherlands,Destroyer,Gerard Callenburgh,Gerard Callenburgh,1939,Launched,1604,1944,Sunk
NLD_0009,390,The Netherlands,Destroyer,Gerard Callenburgh,Isaac Sweers,1940,Launched,1604,1942,Sunk
NLD_0010,390,The Netherlands,Destroyer,Gerard Callenburgh,Philips Van Almonde,1939,Laid Down,1604,1946,Survived
NLD_0011,390,The Netherlands,Destroyer,Gerard Callenburgh,Tjerk Hiddes,1939,Launched,1604,1942,Scrapped
NLD_0012,391,The Netherlands,Submarine,012,012,1930,Launched,568,1945,Scuttled
NLD_0013,391,The Netherlands,Submarine,012,013,1930,Launched,568,1940,Sunk
NLD_0014,391,The Netherlands,Submarine,012,014,1931,Launched,568,1943,Scrapped
NLD_0015,391,The Netherlands,Submarine,012,015,1931,Launched,568,1946,Scrapped
NLD_0016,391,The Netherlands,Submarine,Kxiv,Kxiv,1932,Launched,771,1946,Survived
NLD_0017,391,The Netherlands,Submarine,Kxiv,Kxv,1932,Launched,771,1946,Survived
NLD_0018,391,The Netherlands,Submarine,Kxiv,Kxvi,1933,Launched,771,1941,Sunk
NLD_0019,391,The Netherlands,Submarine,Kxiv,Kxvii,1932,Launched,771,1941,Sunk
NLD_0020,391,The Netherlands,Submarine,Kxiv,Kxviii,1932,Launched,771,1941,Sunk
NLD_0021,392,The Netherlands,Submarine,021,021,1939,Launched,934,1946,Survived
NLD_0022,392,The Netherlands,Submarine,021,022,1940,Launched,934,1940,Sunk
NLD_0023,392,The Netherlands,Submarine,021,023,1939,Launched,934,1946,Survived
NLD_0024,392,The Netherlands,Submarine,021,024,1940,Launched,934,1946,Survived
NLD_0025,392,The Netherlands,Submarine,021,025,1940,Launched,934,1945,Scuttled
NLD_0026,392,The Netherlands,Submarine,021,026,1940,Launched,934,1945,Scuttled
NLD_0027,392,The Netherlands,Submarine,021,027,1941,Launched,934,1946,Survived
NLD_0028,392,The Netherlands,Patrol And Coastal,Flores,Flores,1925,Launched,1457,1946,Survived
NLD_0029,392,The Netherlands,Patrol And Coastal,Flores,Soemba,1925,Launched,1457,1946,Survived
NLD_0030,392,The Netherlands,Patrol And Coastal,Johan Maurits Van Nassau,Johan Maurits Van Nassau,1932,Launched,1520,1940,Sunk
NLD_0031,393,The Netherlands,Patrol And Coastal,1938 Programme,A,1940,Launched,1180,1945,Sunk
NLD_0032,393,The Netherlands,Patrol And Coastal,1938 Programme,B,1941,Launched,1180,1944,Sunk
NLD_0033,393,The Netherlands,Patrol And Coastal,1938 Programme,C,1941,Launched,1180,1946,Survived
NLD_0034,393,The Netherlands,Mine Warfare,Rigel,Rigel,1931,Launched,1631,1946,Survived
NLD_0035,393,The Netherlands,Mine Warfare,Van Oranje,Gouden Leeuw,1931,Launched,1291,1942,Scuttled
NLD_0036,393,The Netherlands,Mine Warfare,Van Oranje,Prins Van Oranje,1931,Launched,1291,1942,Sunk
NLD_0037,393,The Netherlands,Mine Warfare,Pro Patria,Pro Patria,1922,Launched,537,1942,Scuttled
NLD_0038,393,The Netherlands,Mine Warfare,Krakatau,Krakatau,1924,Completed,982,N/A,N/A
NLD_0039,387,The Netherlands,Cruiser,Sumatra,Java,1924,Completed,6670,1942,Sunk
NLD_0040,387,The Netherlands,Cruiser,Sumatra,Sumatra,1925,Completed,6670,1944,Scuttled
PRT_0001,397,Portugal,Escort,Velho,Goncalves Zarco,1932,Launched,950,1946,Survived
PRT_0002,397,Portugal,Escort,Velho,Goncalo Velho,1932,Launched,950,1946,Survived
PRT_0003,397,Portugal,Escort,Nunes,Pedro Nunes,1934,Launched,1090,1946,Survived
PRT_0004,397,Portugal,Escort,Nunes,Joao De Lisboa,1936,Launched,1090,1946,Survived
PRT_0005,398,Portugal,Patrol And Coastal,Zaire,Zaire,1925,Launched,397,N/A,N/A
PRT_0006,398,Portugal,Patrol And Coastal,Zaire,Damao,1925,Launched,397,N/A,N/A
PRT_0007,398,Portugal,Patrol And Coastal,Zaire,Dio,1925,Launched,397,N/A,N/A
PRT_0008,398,Portugal,Patrol And Coastal,Torres Garcia,Torres Garcia,1928,Launched,250,N/A,N/A
PRT_0009,398,Portugal,Patrol And Coastal,Faro,Faro,1927,Launched,295,N/A,N/A
PRT_0010,398,Portugal,Patrol And Coastal,Faro,Lagos,1927,Launched,295,N/A,N/A
PRT_0050,398,Portugal,Patrol And Coastal,Azevia,Azevia,1941,Launched,230,N/A,N/A
PRT_0051,398,Portugal,Patrol And Coastal,Azevia,Bicuda,1941,Launched,230,N/A,N/A
PRT_0052,398,Portugal,Patrol And Coastal,Azevia,Corvina,1941,Launched,230,N/A,N/A
PRT_0053,398,Portugal,Patrol And Coastal,Azevia,Dourada,1941,Launched,230,N/A,N/A
PRT_0054,398,Portugal,Patrol And Coastal,Azevia,Fataca,1941,Launched,230,N/A,N/A
PRT_0055,398,Portugal,Patrol And Coastal,Azevia,Espadilha,1941,Launched,230,N/A,N/A
SPA_0001,400,Spain,Patrol And Coastal,Castillo,Antonio Canovas Del Castillo,1922,Launched,1314,1946,Survived
SPA_0002,400,Spain,Patrol And Coastal,Castillo,Jose Canalejas,1922,Launched,1314,1946,Survived
SPA_0003,400,Spain,Patrol And Coastal,Castillo,Eduardo Dato,1923,Launched,1314,1936,Sunk
SPA_0004,400,Spain,Cruiser,Alfonso,Principe Alfonso,1925,Launched,7475,1946,Survived
SPA_0005,400,Spain,Cruiser,Alfonso,Almirante Cervera,1925,Launched,7475,1946,Survived
SPA_0006,400,Spain,Cruiser,Alfonso,Miguel De Cervantes,1928,Launched,7475,1946,Survived
SPA_0007,401,Spain,Cruiser,Canarias,Baleares,1932,Launched,10113,1938,Sunk
SPA_0008,401,Spain,Cruiser,Canarias,Canarias,1931,Launched,10113,1946,Survived
SPA_0009,401,Spain,Destroyer,Churruca,Sanchez Barcaiztegui,1926,Launched,1536,1946,Survived
SPA_0010,401,Spain,Destroyer,Churruca,Almirante Juan Ferrandiz,1928,Launched,1536,1936,Sunk
SPA_0011,401,Spain,Destroyer,Churruca,Jose Luis Diez,1928,Launched,1536,1946,Survived
SPA_0012,401,Spain,Destroyer,Churruca,Lepanto,1928,Launched,1536,1946,Survived
SPA_0013,401,Spain,Destroyer,Churruca,Alcala Galiano,1930,Launched,1536,1946,Survived
SPA_0014,401,Spain,Destroyer,Churruca,Almirante Valdes,1930,Launched,1536,1946,Survived
SPA_0015,401,Spain,Destroyer,Churruca,Churruca,1929,Launched,1536,1946,Survived
SPA_0016,401,Spain,Destroyer,Churruca,Almirante Antequera,1930,Launched,1536,1946,Survived
SPA_0017,401,Spain,Destroyer,Churruca,Almirante Miranda,1931,Launched,1536,1946,Survived
SPA_0018,401,Spain,Destroyer,Churruca,Gravina,1931,Launched,1536,1946,Survived
SPA_0019,401,Spain,Destroyer,Churruca,Escano,1932,Launched,1536,1946,Survived
SPA_0020,401,Spain,Destroyer,Churruca,Ulloa,1933,Launched,1536,1946,Survived
SPA_0021,401,Spain,Destroyer,Churruca,Jorge Juan,1933,Launched,1536,1946,Survived
SPA_0022,401,Spain,Destroyer,Churruca,Ciscar,1933,Launched,1536,1946,Survived
SPA_0023,402,Spain,Submarine,D,D1,1944,Launched,1480,1946,Survived
SPA_0024,402,Spain,Submarine,D,D2,1944,Launched,1480,1946,Survived
SPA_0025,402,Spain,Submarine,D,D3,1944,Launched,1480,1971,Scrapped
SPA_0026,402,Spain,Mine Warfare,Bidasoa,Bidasoa,1946,Completed,550,1946,Survived
SPA_0027,402,Spain,Mine Warfare,Bidasoa,Guadalete,1946,Completed,550,1946,Survived
SPA_0028,402,Spain,Mine Warfare,Bidasoa,Lerez,1946,Completed,550,1946,Survived
SPA_0029,402,Spain,Mine Warfare,Bidasoa,Nervion,1946,Completed,550,1946,Survived
SPA_0030,402,Spain,Mine Warfare,Bidasoa,Segura,1946,Completed,550,1946,Survived
SPA_0031,402,Spain,Mine Warfare,Bidasoa,Tambre,1946,Completed,550,1946,Survived
SPA_0032,402,Spain,Mine Warfare,Bidasoa,Ter,1946,Completed,550,1946,Survived
GRE_0001,405,Greece,Destroyer,Italian-Built,Condouriotis,1931,Launched,1389,1946,Scrapped
GRE_0002,405,Greece,Destroyer,Italian-Built,Psara,1932,Launched,1389,1941,Sunk
GRE_0003,405,Greece,Destroyer,Italian-Built,Spetsai,1932,Launched,1389,1946,Scrapped
GRE_0004,405,Greece,Destroyer,Italian-Built,Ydra,1931,Launched,1389,1941,Sunk
GRE_0005,405,Greece,Destroyer,Vasilefs Georgios,Vasilefs Georgios,1939,Completed,1350,1943,Scuttled
GRE_0006,405,Greece,Destroyer,Vasilefs Georgios,Vasilissa Olga,1939,Completed,1350,1943,Sunk
GRE_0007,405,Greece,Submarine,Katsonis,Katsonis,1926,Launched,595,1943,Sunk
GRE_0008,405,Greece,Submarine,Katsonis,Papamicolis,1926,Launched,595,1945,Scrapped
GRE_0009,405,Greece,Submarine,Proteus,Glavkos,1928,Launched,750,1942,Sunk
GRE_0010,405,Greece,Submarine,Proteus,Nereus,1927,Launched,750,1945,Scrapped
GRE_0011,405,Greece,Submarine,Proteus,Proteus,1927,Launched,750,1940,Sunk
GRE_0012,405,Greece,Submarine,Proteus,Triton,1928,Launched,750,1942,Sunk
GRE_0015,406,Greece,Mine Warfare,N/A,Paralos,1925,Launched,395,1941,Sunk
GRE_0016,406,Greece,Mine Warfare,N/A,Pleias,1926,Launched,520,1941,Sunk
TUR_0001,407,Turkey,Destroyer,Kocatepe,Adatepe,1931,Launched,1250,1946,Survived
TUR_0002,407,Turkey,Destroyer,Kocatepe,Kocatepe,1931,Launched,1250,1946,Survived
TUR_0003,407,Turkey,Destroyer,Gayret,Demirhisar,1942,Completed,1360,1946,Survived
TUR_0004,407,Turkey,Destroyer,Gayret,Gayret,1940,Launched,1360,1946,Scrapped
TUR_0005,407,Turkey,Destroyer,Gayret,Muavenet,1941,Launched,1360,1946,Survived
TUR_0006,407,Turkey,Destroyer,Gayret,Sultanhisar,1942,Completed,1360,1946,Survived
TUR_0007,407,Turkey,Destroyer,Italian-Designed,Tinaztepe,1932,Completed,1206,1946,Survived
TUR_0008,407,Turkey,Destroyer,Italian-Designed,Zafer,1932,Completed,1206,1946,Survived
TUR_0009,407,Turkey,Submarine,Birindci Inonu,Birindci Inonu,1928,Completed,505,1946,Survived
TUR_0010,407,Turkey,Submarine,Birindci Inonu,Ikindci Inonu,1928,Completed,505,1946,Survived
TUR_0011,407,Turkey,Submarine,Dumlupynar,Dumlupynar,1931,Completed,920,1946,Survived
TUR_0012,407,Turkey,Submarine,Sakarya,Sakarya,1932,Completed,710,1946,Survived
TUR_0013,408,Turkey,Submarine,Gur,Gur,1935,Completed,750,1946,Survived
TUR_0014,408,Turkey,Submarine,Ay,Atilay,1938,Launched,934,1942,Sunk
TUR_0015,408,Turkey,Submarine,Ay,Yildiray,1939,Launched,934,1946,Survived
TUR_0016,408,Turkey,Submarine,Ay,Saldiray,1938,Launched,934,1946,Survived
TUR_0017,408,Turkey,Submarine,Batiray,Batiray,1939,Completed,1375,1945,Scuttled
TUR_0018,408,Turkey,Submarine,Oruc Reis,Burac Reis,1940,Launched,624,1946,Survived
TUR_0019,408,Turkey,Submarine,Oruc Reis,Murat Reis,1942,Completed,624,1946,Survived
TUR_0020,408,Turkey,Submarine,Oruc Reis,Oruc Reis,1942,Completed,624,1946,Survived
TUR_0021,408,Turkey,Submarine,Oruc Reis,Ulac Ali Reis,1940,Launched,624,1943,Sunk
EGY_0001,409,Egypt,Escort,El Amir Faroug,El Amir Faroug,1926,Launched,1441,1946,Survived
EGY_0002,409,Egypt,Patrol And Coastal,N/A,Darfeel,1925,Launched,20,N/A,N/A
EGY_0003,409,Egypt,Patrol And Coastal,N/A,Noor El Bahr,1925,Launched,20,N/A,N/A
EGY_0004,409,Egypt,Patrol And Coastal,N/A,Al Sarea,1936,Launched,20,N/A,N/A
EGY_0005,409,Egypt,Patrol And Coastal,N/A,Raqib,1938,Launched,20,N/A,N/A
PERS_0001,409,Persia,Patrol And Coastal,Azerbaijan,Azerbaijan,1935,Laid Down,30,1941,Scuttled
PERS_0002,409,Persia,Patrol And Coastal,Azerbaijan,Gehlani,1935,Laid Down,30,1941,Scuttled
PERS_0003,409,Persia,Patrol And Coastal,Azerbaijan,Mazendem,1935,Laid Down,30,1941,Scuttled
PERS_0004,409,Persia,Patrol And Coastal,Azerbaijan,Babolsar,1935,Laid Down,30,1946,Survived
PERS_0005,409,Persia,Patrol And Coastal,Azerbaijan,Gorgan,1935,Laid Down,30,1946,Survived
PERS_0006,409,Persia,Patrol And Coastal,Azerbaijan,Sefindreude,1935,Laid Down,30,1946,Survived
PERS_0007,409,Persia,Escort,Babr,Babr,1931,Launched,950,1941,Sunk
PERS_0008,409,Persia,Escort,Babr,Palang,1931,Launched,950,1941,Sunk
PERS_0009,409,Persia,Patrol And Coastal,Charogh,Charogh,1931,Launched,331,1946,Survived
PERS_0010,409,Persia,Patrol And Coastal,Charogh,Chanbaaz,1931,Launched,331,1946,Survived
PERS_0011,409,Persia,Patrol And Coastal,Charogh,Karkass,1931,Launched,331,1946,Scrapped
PERS_0012,409,Persia,Patrol And Coastal,Charogh,Simorgh,1931,Launched,331,1946,Survived
SIA_0001,410,Siam,Other,Ratanakosindra,Ratanakosindra,1925,Completed,886,1946,Survived
SIA_0002,410,Siam,Other,Ratanakosindra,Sukhothai,1930,Completed,886,1946,Survived
SIA_0003,410,Siam,Other,Sri Ayuthia,Sri Ayuthia,1938,Completed,2265,1946,Survived
SIA_0004,410,Siam,Other,Sri Ayuthia,Dhonburi,1938,Completed,2265,1941,Sunk
SIA_0005,410,Siam,Cruiser,Taksin,Taksin,1939,Laid Down,5500,1941,Transferred
SIA_0006,410,Siam,Cruiser,Taksin,Naresuan,1939,Laid Down,5500,1941,Transferred
SIA_0007,410,Siam,Patrol And Coastal,Puket,Chandrabun,1937,Launched,318,1946,Survived
SIA_0008,410,Siam,Patrol And Coastal,Puket,Chonbun,1937,Launched,318,1941,Sunk
SIA_0009,410,Siam,Patrol And Coastal,Puket,Chunphorn,1937,Launched,318,1946,Survived
SIA_0010,410,Siam,Patrol And Coastal,Puket,Patam,1936,Launched,318,1946,Survived
SIA_0011,410,Siam,Patrol And Coastal,Puket,Puket,1935,Launched,318,1946,Survived
SIA_0012,410,Siam,Patrol And Coastal,Puket,Rayong,1937,Launched,318,1946,Survived
SIA_0013,410,Siam,Patrol And Coastal,Puket,Songhkli,1937,Launched,318,1941,Sunk
SIA_0014,410,Siam,Patrol And Coastal,Puket,Surasdra,1936,Launched,318,1946,Survived
SIA_0015,410,Siam,Patrol And Coastal,Puket,Trad,1935,Launched,318,1941,Sunk
SIA_0016,410,Siam,Patrol And Coastal,Kantan,Kantan,1937,Launched,110,1946,Survived
SIA_0017,410,Siam,Patrol And Coastal,Kantan,Kylongyai,1937,Launched,110,1946,Survived
SIA_0018,410,Siam,Patrol And Coastal,Kantan,Takbai,1937,Launched,110,1946,Survived
SIA_0019,410,Siam,Mine Warfare,Bangrachan,Bangrachan,1936,Launched,368,1946,Survived
SIA_0020,410,Siam,Mine Warfare,Bangrachan,Nhongarhai,1936,Launched,368,1946,Survived
SIA_0021,410,Siam,Escort,Meklong,Tachin,1937,Completed,1400,1945,Scrapped
SIA_0022,410,Siam,Escort,Meklong,Meklong,1937,Completed,1400,1946,Survived
SIA_0023,410,Siam,Submarine,Sinsamudar,Blajunbol,1938,Completed,370,1946,Survived
SIA_0024,410,Siam,Submarine,Sinsamudar,Machanu,1938,Completed,370,1946,Survived
SIA_0025,410,Siam,Submarine,Sinsamudar,Sinsamudar,1938,Completed,370,1946,Survived
SIA_0026,410,Siam,Submarine,Sinsamudar,Vilun,1938,Completed,370,1946,Survived
CHN_0039,412,China,Cruiser,Ning Hai,Ning Hai,1932,Completed,2500,1944,Sunk
CHN_0040,412,China,Cruiser,Ning Hai,Ping Hai,1936,Completed,2500,1944,Sunk
CHN_0041,413,China,Patrol And Coastal,N/A,Yung Shen,1928,Launched,300,1937,Scuttled
CHN_0042,413,China,Patrol And Coastal,N/A,Jen Shen,1931,Launched,300,1937,Scuttled
CHN_0043,413,China,Other,N/A,Fu Po,1945,Completed,300,1946,Survived
CHN_0044,413,China,Patrol And Coastal,N/A,Ying Shan,1942,Completed,300,1946,Survived
CHN_0045,413,China,Patrol And Coastal,N/A,Ying Hao,1942,Completed,300,1946,Survived
CHN_0046,413,China,Patrol And Coastal,N/A,Lung Huan,1942,Completed,300,1946,Survived
CHN_0047,413,China,Patrol And Coastal,N/A,Met Yuan,1942,Completed,300,1946,Survived
CHN_0048,413,China,Patrol And Coastal,Kuai,Kuai 3,1931,Launched,18,1938,Sunk
CHN_0049,413,China,Patrol And Coastal,Kuai,Kuai 4,1931,Launched,18,1938,Sunk
CHN_0050,413,China,Patrol And Coastal,Kuai,Kuai 1,1934,Launched,14,1939,Sunk
CHN_0051,413,China,Patrol And Coastal,Kuai,Kuai 2,1934,Launched,14,1939,Sunk
CHN_0052,413,China,Patrol And Coastal,Kuai,Kuai 5,1936,Launched,14,1938,Sunk
CHN_0053,413,China,Patrol And Coastal,Kuai,Kuai 6,1936,Launched,14,1938,Sunk
CHN_0054,413,China,Patrol And Coastal,Kuai,Kuai 7,1936,Launched,14,1938,Sunk
CHN_0055,413,China,Patrol And Coastal,Kuai,Kuai 8,1936,Launched,14,1938,Sunk
CHN_0056,413,China,Patrol And Coastal,Kuai,Kuai 101,1937,Launched,49,1938,Sunk
CHN_0057,413,China,Patrol And Coastal,Kuai,Kuai 102,1937,Launched,49,N/A,N/A
CHN_0058,413,China,Patrol And Coastal,Kuai,Kuai 103,1937,Launched,49,1938,Sunk
MAN_0001,414,Manchukuo,Destroyer,Momo,Hai Wei,1937,Completed,835,1937,Transferred
MAN_0002,414,Manchukuo,Patrol And Coastal,N/A,Shun Tien,1934,Launched,270,N/A,N/A
MAN_0003,414,Manchukuo,Patrol And Coastal,N/A,Yang Min,1934,Launched,270,N/A,N/A
MAN_0004,414,Manchukuo,Patrol And Coastal,N/A,Ting Pien,1935,Launched,20,N/A,N/A
MAN_0005,414,Manchukuo,Patrol And Coastal,N/A,Chin Yen,1935,Launched,20,N/A,N/A
MAN_0006,414,Manchukuo,Patrol And Coastal,N/A,Lisui,1903,Launched,266,1932,Transferred
MAN_0007,414,Manchukuo,Patrol And Coastal,N/A,Tatung,1933,Launched,65,N/A,N/A
MAN_0008,414,Manchukuo,Patrol And Coastal,N/A,Limin,1933,Launched,65,N/A,N/A
MEX_0001,414,Mexico,Other,Anahuac,Anahuac,1924,Completed,3162,1938,Scrapped
MEX_0002,414,Mexico,Escort,Guanajuato,Guanajuato,1935,Completed,1300,1946,Survived
MEX_0003,414,Mexico,Escort,Guanajuato,Querelaro,1935,Completed,1300,1946,Survived
MEX_0004,414,Mexico,Escort,Guanajuato,Potosi,1935,Completed,1300,1946,Survived
MEX_0005,415,Mexico,Other,Durango,Durango,1934,Launched,1600,1946,Survived
MEX_0006,415,Mexico,Other,Durango,Zacatecas,1934,Launched,1600,N/A,N/A
MEX_0007,415,Mexico,Patrol And Coastal,G,G20,1934,Launched,130,1946,Survived
MEX_0008,415,Mexico,Patrol And Coastal,G,G21,1934,Launched,130,1946,Survived
MEX_0009,415,Mexico,Patrol And Coastal,G,G22,1934,Launched,130,1946,Survived
MEX_0010,415,Mexico,Patrol And Coastal,G,G23,1934,Launched,130,1946,Survived
MEX_0011,415,Mexico,Patrol And Coastal,G,G24,1934,Launched,130,1945,Scrapped
MEX_0012,415,Mexico,Patrol And Coastal,G,G25,1934,Launched,130,1946,Survived
MEX_0013,415,Mexico,Patrol And Coastal,G,G26,1934,Launched,130,1946,Survived
MEX_0014,415,Mexico,Patrol And Coastal,G,G27,1934,Launched,130,1946,Survived
MEX_0015,415,Mexico,Patrol And Coastal,G,G28,1934,Launched,130,1946,Survived
MEX_0016,415,Mexico,Patrol And Coastal,G,G29,1934,Launched,130,N/A,N/A
COL_0001,415,Colombia,Destroyer,Portuguese,Antiquois,1933,Completed,N/A,1946,Survived
COL_0002,415,Colombia,Destroyer,Portuguese,Caldas,1933,Completed,N/A,1946,Survived
COL_0003,415,Colombia,Patrol And Coastal,Cartegena,Barranquilla,1930,Completed,142,1946,Survived
COL_0004,415,Colombia,Patrol And Coastal,Cartegena,Cartagena,1930,Completed,142,1946,Survived
COL_0005,415,Colombia,Patrol And Coastal,Cartegena,Santa Maria,1930,Completed,142,1946,Survived
VEN_0001,415,Venezuela,Escort,Flower,Carabobo,1946,Completed,925,1946,Sunk
VEN_0002,415,Venezuela,Escort,Flower,Constitucion,1946,Completed,925,1946,Survived
VEN_0003,415,Venezuela,Escort,Flower,Feberacion,1946,Completed,925,1946,Survived
VEN_0004,415,Venezuela,Escort,Flower,Independencia,1946,Completed,925,1946,Survived
VEN_0005,415,Venezuela,Escort,Flower,Libertad,1946,Completed,925,1946,Survived
VEN_0006,415,Venezuela,Escort,Flower,Patria,1946,Completed,925,1946,Survived
VEN_0007,415,Venezuela,Escort,Flower,Victoria,1946,Completed,925,1946,Survived
VEN_0008,415,Venezuela,Patrol And Coastal,Italian,General Soublette,1938,Completed,615,1946,Survived
VEN_0009,415,Venezuela,Patrol And Coastal,Italian,General Urdaneta,1938,Completed,615,1946,Survived
BRA_0001,417,Brazil,Destroyer,Marcilio Dias,Greenhalgh,1943,Completed,1500,1946,Survived
BRA_0002,417,Brazil,Destroyer,Marcilio Dias,Marcilio Dias,1943,Completed,1500,1946,Survived
BRA_0003,417,Brazil,Destroyer,Marcilio Dias,Mariz E Barros,1943,Completed,1500,1946,Survived
BRA_0004,417,Brazil,Submarine,Tupi,Tamoio,1938,Completed,620,1946,Survived
BRA_0005,417,Brazil,Submarine,Tupi,Timbira,1938,Completed,620,1946,Survived
BRA_0006,417,Brazil,Submarine,Tupi,Tupi,1938,Completed,620,1946,Survived
BRA_0007,417,Brazil,Destroyer,Acre,Acre,1945,Launched,1340,1946,Survived
BRA_0008,417,Brazil,Destroyer,Acre,Ajuricaba,1945,Launched,1340,1946,Survived
BRA_0009,417,Brazil,Destroyer,Acre,Amazonas,1943,Launched,1340,1946,Survived
BRA_0010,417,Brazil,Destroyer,Acre,Apa,1945,Launched,1340,1946,Survived
BRA_0011,417,Brazil,Destroyer,Acre,Araguary,1946,Launched,1340,1946,Survived
BRA_0012,417,Brazil,Destroyer,Acre,Araguaya,1943,Launched,1340,1946,Survived
BRA_0013,417,Brazil,Submarine,Humaita,Humaita,1929,Completed,1390,1946,Survived
BRA_0014,417,Brazil,Escort,N/A,Babitonga,1945,Completed,1253,1946,Survived
BRA_0015,417,Brazil,Escort,N/A,Baependi,1945,Completed,1253,1946,Survived
BRA_0016,417,Brazil,Escort,Cannon,Bauru,1945,Completed,1253,1946,Survived
BRA_0017,417,Brazil,Escort,Cannon,Beberibe,1945,Completed,1253,1946,Survived
BRA_0018,417,Brazil,Escort,Cannon,Benevente,1945,Completed,1253,1946,Survived
BRA_0019,417,Brazil,Escort,Cannon,Bertioga,1945,Completed,1253,1946,Survived
BRA_0020,417,Brazil,Escort,Cannon,Bocaina,1945,Completed,1253,1946,Survived
BRA_0021,417,Brazil,Escort,Cannon,Bracui,1945,Completed,1253,1946,Survived
BRA_0022,417,Brazil,Escort,Henrique Dias,Barreto De Menezes,1942,Completed,813,1946,Survived
BRA_0023,417,Brazil,Escort,Henrique Dias,Felipe Camarao,1942,Completed,813,1946,Survived
BRA_0024,417,Brazil,Escort,Henrique Dias,Fernandes Vieira,1942,Completed,813,1946,Survived
BRA_0025,417,Brazil,Escort,Henrique Dias,Henrique Dias,1942,Completed,813,1946,Survived
BRA_0026,417,Brazil,Escort,Henrique Dias,Mathias De Albuquerque,1942,Completed,813,1946,Survived
BRA_0027,417,Brazil,Escort,Henrique Dias,Vidal De Negreiros,1942,Completed,813,1946,Survived
BRA_0028,417,Brazil,Patrol And Coastal,Rio Pardo,Rio Pardo,1943,Completed,132,1946,Survived
BRA_0029,418,Brazil,Mine Warfare,Carioca,Cabedelo,1939,Launched,552,1946,Survived
BRA_0030,418,Brazil,Mine Warfare,Carioca,Camaqua,1939,Launched,552,1944,Sunk
BRA_0031,418,Brazil,Mine Warfare,Carioca,Camocim,1939,Launched,552,1946,Survived
BRA_0032,418,Brazil,Mine Warfare,Carioca,Cananela,1938,Launched,552,1946,Survived
BRA_0033,418,Brazil,Mine Warfare,Carioca,Caravelas,1939,Launched,552,1946,Survived
BRA_0034,418,Brazil,Mine Warfare,Carioca,Carioca,1938,Launched,552,1946,Survived
BRA_0035,418,Brazil,Patrol And Coastal,Parnaiba,Parnaiba,1937,Completed,595,1946,Survived
BRA_0036,418,Brazil,Patrol And Coastal,Paraguacu,Paraguacu,1938,Completed,430,1946,Survived
PAR_0001,418,Paraguay,Patrol And Coastal,Paraguay,Humaita,1931,Completed,745,1946,Survived
PAR_0002,418,Paraguay,Patrol And Coastal,Paraguay,Paraguay,1931,Completed,745,1946,Survived
URU_0001,419,Uruguay,Patrol And Coastal,Paysandu,Paysandu,1939,Completed,180,1946,Survived
URU_0002,419,Uruguay,Patrol And Coastal,Paysandu,Rio Negro,1939,Completed,180,1946,Survived
URU_0003,419,Uruguay,Patrol And Coastal,Paysandu,Salto,1939,Completed,180,1946,Survived
ARG_0001,420,Argentina,Cruiser,Veinticinco DE Mayo,Almirante Brown,1931,Completed,6800,1946,Survived
ARG_0002,420,Argentina,Cruiser,Veinticinco DE Mayo,Veinticinco De Mayo,1931,Completed,6800,1946,Survived
ARG_0003,420,Argentina,Cruiser,La Argentina,La Argentina,1939,Completed,6500,1946,Survived
ARG_0004,420,Argentina,Destroyer,Buenos Aires,Buenos Aires,1937,Completed,1375,1946,Survived
ARG_0005,420,Argentina,Destroyer,Buenos Aires,Corrientes,1937,Completed,1375,1946,Survived
ARG_0006,420,Argentina,Destroyer,Buenos Aires,Entre Rios,1937,Completed,1375,1946,Survived
ARG_0007,420,Argentina,Destroyer,Buenos Aires,Misiones,1937,Completed,1375,1946,Survived
ARG_0008,420,Argentina,Destroyer,Buenos Aires,San Juan,1937,Completed,1375,1946,Survived
ARG_0009,420,Argentina,Destroyer,Buenos Aires,San Luis,1937,Completed,1375,1946,Survived
ARG_0010,420,Argentina,Destroyer,Buenos Aires,Santa Cruz,1937,Completed,1375,1946,Survived
ARG_0011,421,Argentina,Destroyer,Churucca,Cervantes,1926,Completed,1522,1946,Survived
ARG_0012,421,Argentina,Destroyer,Churucca,Juan De Garay,1926,Completed,1522,1946,Survived
ARG_0013,421,Argentina,Destroyer,Mendoza,La Rioja,1929,Completed,1570,1946,Survived
ARG_0014,421,Argentina,Destroyer,Mendoza,Mendoza,1929,Completed,1570,1946,Survived
ARG_0015,421,Argentina,Destroyer,Mendoza,Tucuman,1929,Completed,1570,1946,Survived
ARG_0016,421,Argentina,Submarine,Santa Fe,Salta,1932,Completed,775,1946,Survived
ARG_0017,421,Argentina,Submarine,Santa Fe,Santa Fe,1932,Completed,775,1946,Survived
ARG_0018,421,Argentina,Submarine,Santa Fe,Santiago Del Estero,1932,Completed,775,1946,Survived
ARG_0019,421,Argentina,Mine Warfare,Bouchard,Bouchard,1936,Launched,450,1946,Survived
ARG_0020,421,Argentina,Mine Warfare,Bouchard,Drummond,1936,Launched,450,1946,Survived
ARG_0021,421,Argentina,Mine Warfare,Bouchard,Fournier,1936,Launched,450,1946,Survived
ARG_0022,421,Argentina,Mine Warfare,Bouchard,Granville,1936,Launched,450,1946,Survived
ARG_0023,421,Argentina,Mine Warfare,Bouchard,Parker,1936,Launched,450,1946,Survived
ARG_0024,421,Argentina,Mine Warfare,Bouchard,Py,1936,Launched,450,1946,Survived
ARG_0025,421,Argentina,Mine Warfare,Bouchard,Robinson,1936,Launched,450,1946,Survived
ARG_0026,421,Argentina,Mine Warfare,Bouchard,Seaver,1936,Launched,450,1946,Survived
ARG_0027,421,Argentina,Mine Warfare,Bouchard,Spiro,1936,Launched,450,1946,Survived
ARG_0028,421,Argentina,Patrol And Coastal,King,King,1943,Launched,900,1946,Survived
ARG_0029,421,Argentina,Patrol And Coastal,King,Murature,1943,Launched,900,1946,Survived
CHL_0001,423,Chile,Submarine,Capitan O'Brien,Almirante Simpson,1929,Completed,1540,1946,Survived
CHL_0002,423,Chile,Submarine,Capitan O'Brien,Capitan O'Brien,1929,Completed,1540,1946,Survived
CHL_0003,423,Chile,Submarine,Capitan O'Brien,Capitan Thompson,1929,Completed,1540,1946,Survived
CHL_0004,423,Chile,Escort,River,Casma,1946,Completed,1370,1946,Survived
CHL_0005,423,Chile,Escort,River,Chipana,1946,Completed,1370,1946,Survived
CHL_0006,423,Chile,Escort,River,Papudo,1946,Completed,1370,1946,Survived
CHL_0007,423,Chile,Other,Araucano,Araucano,1929,Launched,9000,1946,Survived
PER_0001,424,Peru,Destroyer,Estonian,Guise,1933,Completed,1070,1946,Survived
PER_0002,424,Peru,Destroyer,Estonian,Villar,1933,Completed,1070,1946,Survived
PER_0003,424,Peru,Submarine,R,R1,1926,Completed,576,1946,Survived
PER_0004,424,Peru,Submarine,R,R2,1926,Completed,576,1946,Survived
PER_0005,424,Peru,Submarine,R,R3,1928,Completed,576,1946,Survived
PER_0006,424,Peru,Submarine,R,R4,1928,Completed,576,1946,Survived
PER_0007,424,Peru,Patrol And Coastal,Loreta,Amazonas,1934,Completed,250,1946,Survived
PER_0008,424,Peru,Patrol And Coastal,Loreta,Loreta,1934,Completed,250,1946,Survived
ALB_0001,424,Albania,Mine Warfare,German,Skenerbeg,1917,Launched,N/A,1935,Scrapped
ALB_0002,424,Albania,Mine Warfare,German,Squipnia,1917,Launched,N/A,1935,Scrapped
ALB_0003,424,Albania,Patrol And Coastal,Svan,Tirane,1926,Launched,46,N/A,N/A
ALB_0004,424,Albania,Patrol And Coastal,Svan,Saranda,1926,Launched,46,N/A,N/A
ALB_0005,424,Albania,Patrol And Coastal,Svan,Dunes,1926,Launched,46,N/A,N/A
ALB_0006,424,Albania,Patrol And Coastal,Svan,Vlore,1926,Launched,46,N/A,N/A
CUB_0001,424,Cuba,Escort,N/A,Cuba,1911,Launched,2055,1946,Survived
CUB_0002,424,Cuba,Escort,N/A,Patna,1911,Launched,1200,1946,Survived
CUB_0003,424,Cuba,Patrol And Coastal,Diez DE Octubre,Diez De Octubre,1911,Launched,208,1946,Scrapped
CUB_0004,424,Cuba,Patrol And Coastal,Diez DE Octubre,Veinte Y Cuarto De Febrero,1911,Launched,208,1946,Scrapped
CUB_0005,424,Cuba,Patrol And Coastal,N/A,Baire,1906,Launched,500,1946,Survived
DOM_0001,425,Dominican Republic,Escort,River,Presidente Trujillo,1946,Completed,1370,1946,Survived
DOM_0002,425,Dominican Republic,Escort,Flower,Colon,1946,Completed,925,1946,Survived
ECU_0001,425,Ecuador,Patrol And Coastal,N/A,Libertador Bolivar,N/A,N/A,750,1932,Scrapped
ECU_0002,425,Ecuador,Patrol And Coastal,N/A,Cotopaxi,N/A,N/A,300,1932,Scrapped
EIR_0001,425,Eire,Other,N/A,Muircha,1908,Launched,323,1946,Scrapped
EIR_0003,425,Eire,Patrol And Coastal,M1-M8,M1,1939,Launched,32,N/A,N/A
EIR_0004,425,Eire,Patrol And Coastal,M1-M8,M2,1939,Launched,32,N/A,N/A
EIR_0005,425,Eire,Patrol And Coastal,M1-M8,M3,1939,Launched,32,N/A,N/A
EIR_0006,425,Eire,Patrol And Coastal,M1-M8,M4,1939,Launched,32,N/A,N/A
EIR_0007,425,Eire,Patrol And Coastal,M1-M8,M5,1939,Launched,32,N/A,N/A
EIR_0008,425,Eire,Patrol And Coastal,M1-M8,M6,1939,Launched,32,N/A,N/A
EIR_0009,425,Eire,Patrol And Coastal,M1-M8,M7,1939,Launched,32,N/A,N/A
EIR_0010,425,Eire,Patrol And Coastal,M1-M8,M8,1939,Launched,32,N/A,N/A
EIR_0011,425,Eire,Other,N/A,Fort Rannoch,1936,Completed,323,1946,Survived
ICE_0001,425,Iceland,Other,N/A,Esja,1939,Launched,1347,1946,Survived
ICE_0002,425,Iceland,Other,N/A,Aegir,1929,Launched,497,1946,Survived
ICE_0003,425,Iceland,Other,N/A,Thor,1922,Launched,226,1946,Survived
ICE_0004,425,Iceland,Other,N/A,Odinn,1938,Launched,72,1946,Survived
ICE_0005,425,Iceland,Other,N/A,Sudin,N/A,N/A,811,1946,Survived
IRQ_0001,425,Iraq,Patrol And Coastal,Thornycroft,1,1937,Launched,67,1946,Survived
IRQ_0002,425,Iraq,Patrol And Coastal,Thornycroft,2,1937,Launched,67,1946,Survived
IRQ_0003,425,Iraq,Patrol And Coastal,Thornycroft,3,1937,Launched,67,1946,Survived
IRQ_0004,425,Iraq,Patrol And Coastal,Thornycroft,4,1937,Launched,67,1946,Survived
IRQ_0005,425,Iraq,Other,Saint,Alarm,1926,Completed,820,1946,Survived
IRQ_0006,425,Iraq,Other,N/A,Faisal I,1926,Completed,1025,1946,Survived
