category,date_actual,merchant,avg_unit_price,avg_discount,avg_price_delta,coupons_used
Category 1,2025-09-09,Merchant 1,35.285,1.765,3.86,{'WELCOME'}
Category 1,2025-09-09,Merchant 15,57.68,0,-14.3,{'NONE'}
Category 1,2025-09-09,Merchant 17,76.33,7.63,18.08,{'SAVE10'}
Category 1,2025-09-09,Merchant 7,59.3,5.93,-35.46,{'SAVE10'}
Category 1,2025-09-09,Merchant 9,94.395,4.72,56.94,{'WELCOME'}
Category 1,2025-09-10,Merchant 11,18.755,0.645,6.23,"{'NONE','WELCOME'}"
Category 1,2025-09-10,Merchant 12,102.62,0,40.81,{'NONE'}
Category 1,2025-09-10,Merchant 14,78.3,7.83,-5.76,{'SAVE10'}
Category 1,2025-09-10,Merchant 15,72.93375,1.915,21.20125,"{'NONE','SAVE10','WELCOME'}"
Category 1,2025-09-10,Merchant 17,49.32666666666667,2.466666666666667,-3.76,{'WELCOME'}
Category 1,2025-09-10,Merchant 18,44.64,2.105,13.385,"{'NONE','WELCOME'}"
Category 1,2025-09-10,Merchant 19,58.875,2.3775,-29.0325,"{'NONE','WELCOME'}"
Category 1,2025-09-10,Merchant 2,103.04,5.15,1.72,{'WELCOME'}
Category 1,2025-09-10,Merchant 3,41.006,2.654,-32.496,"{'SAVE10','WELCOME'}"
Category 1,2025-09-10,Merchant 5,54.61,2.73,24.78,{'WELCOME'}
Category 1,2025-09-10,Merchant 6,56.7,5.38,36.59,"{'SAVE10','WELCOME'}"
Category 1,2025-09-10,Merchant 7,61.336666666666666,3.3066666666666666,-23.523333333333333,"{'NONE','SAVE10','WELCOME'}"
Category 1,2025-09-10,Merchant 8,49.42333333333333,3.8266666666666667,-33.78333333333333,"{'NONE','SAVE10'}"
Category 1,2025-09-10,Merchant 9,54.834,1.008,-8.452,"{'NONE','WELCOME'}"
Category 1,2025-09-11,Merchant 1,75.085,3.0825,42.3425,"{'NONE','SAVE10'}"
Category 1,2025-09-11,Merchant 10,38.52,0,22.32,{'NONE'}
Category 1,2025-09-11,Merchant 11,27.64,1.38,14.38,{'WELCOME'}
Category 1,2025-09-11,Merchant 12,46.6,3.0966666666666667,-18.30666666666667,"{'NONE','SAVE10','WELCOME'}"
Category 1,2025-09-11,Merchant 14,19.95,1,-57.28,{'WELCOME'}
Category 1,2025-09-11,Merchant 15,44.75,1.538,-23.622,"{'NONE','WELCOME'}"
Category 1,2025-09-11,Merchant 18,91.21666666666667,7.64,54.42666666666667,"{'SAVE10','WELCOME'}"
Category 1,2025-09-11,Merchant 19,42.682,2.928,-51.422,"{'NONE','SAVE10','WELCOME'}"
Category 1,2025-09-11,Merchant 2,103.8,0,7.63,{'NONE'}
Category 1,2025-09-11,Merchant 20,55.443333333333335,4.276666666666666,-0.3333333333333333,"{'SAVE10','WELCOME'}"
Category 1,2025-09-11,Merchant 3,34.95,0,-45.49,{'NONE'}
Category 1,2025-09-11,Merchant 5,103.29,10.33,49.72,{'SAVE10'}
Category 1,2025-09-11,Merchant 6,14.45,0.72,-1,{'WELCOME'}
Category 1,2025-09-11,Merchant 7,29.705,1.2525,-38.0925,"{'NONE','SAVE10','WELCOME'}"
Category 1,2025-09-11,Merchant 8,9.89,0.49,-48.56,{'WELCOME'}
Category 1,2025-09-11,Merchant 9,62.645,3.045,-6.685,"{'NONE','SAVE10'}"
Category 1,2025-09-12,Merchant 1,88.59,0,58.93,{'NONE'}
Category 1,2025-09-12,Merchant 10,41.235,3.96,21.075,"{'SAVE10','WELCOME'}"
Category 1,2025-09-12,Merchant 11,53.01,1.695,39.435,"{'NONE','WELCOME'}"
Category 1,2025-09-12,Merchant 12,44.02,4.4,-22.19,{'SAVE10'}
Category 1,2025-09-12,Merchant 13,30.17,1.51,11.71,{'WELCOME'}
Category 1,2025-09-12,Merchant 14,35.68333333333333,2.29,-42.836666666666666,"{'SAVE10','WELCOME'}"
Category 1,2025-09-12,Merchant 15,78.83333333333333,6.273333333333333,15.306666666666667,"{'SAVE10','WELCOME'}"
Category 1,2025-09-12,Merchant 18,51.1,1.225,20.725,"{'NONE','WELCOME'}"
Category 1,2025-09-12,Merchant 19,32.18666666666667,0.805,-51.01166666666666,"{'NONE','WELCOME'}"
Category 1,2025-09-12,Merchant 2,45.02,0,-51.15,{'NONE'}
Category 1,2025-09-12,Merchant 20,62.795,1.595,9.7,"{'NONE','WELCOME'}"
Category 1,2025-09-12,Merchant 3,45.648,2.892,-30.49,"{'NONE','SAVE10','WELCOME'}"
Category 1,2025-09-12,Merchant 5,76.885,5.44,60.49,"{'SAVE10','WELCOME'}"
Category 1,2025-09-12,Merchant 6,87.75,4.39,68.63,{'WELCOME'}
Category 1,2025-09-12,Merchant 7,55.69857142857143,2.6985714285714284,-27.96857142857143,"{'NONE','SAVE10','WELCOME'}"
Category 1,2025-09-12,Merchant 8,57.28,2.685,-29.275,"{'NONE','WELCOME'}"
Category 1,2025-09-12,Merchant 9,59.72,4,0.5566666666666666,"{'SAVE10','WELCOME'}"
Category 1,2025-09-13,Merchant 1,51.68333333333333,2.5966666666666667,19.426666666666666,"{'NONE','SAVE10','WELCOME'}"
Category 1,2025-09-13,Merchant 10,59.82,5.98,37.64,{'SAVE10'}
Category 1,2025-09-13,Merchant 11,10.91,0.55,-1.52,{'WELCOME'}
Category 1,2025-09-13,Merchant 12,5.33,0.53,-57.01,{'SAVE10'}
Category 1,2025-09-13,Merchant 14,68.95,2.605,-9.885,"{'NONE','SAVE10'}"
Category 1,2025-09-13,Merchant 15,70.48333333333333,2.818888888888889,14.423333333333334,"{'NONE','SAVE10','WELCOME'}"
Category 1,2025-09-13,Merchant 17,12.3,1.23,-39.55,{'SAVE10'}
Category 1,2025-09-13,Merchant 19,68.7325,2.63,-24.1325,"{'NONE','SAVE10','WELCOME'}"
Category 1,2025-09-13,Merchant 20,31.91,0.945,-20.535,"{'NONE','WELCOME'}"
Category 1,2025-09-13,Merchant 3,31.755,1.585,-44.275,{'WELCOME'}
Category 1,2025-09-13,Merchant 5,50.59,0.7,22.79,"{'NONE','WELCOME'}"
Category 1,2025-09-13,Merchant 6,91.26333333333334,4.566666666666666,71.97,{'WELCOME'}
Category 1,2025-09-13,Merchant 7,54.355,2.72,-14.91,{'WELCOME'}
Category 1,2025-09-13,Merchant 8,74.45,3.72,-12.11,{'WELCOME'}
Category 1,2025-09-13,Merchant 9,56.342,3.304,6.846,"{'NONE','SAVE10','WELCOME'}"
Category 1,2025-09-14,Merchant 1,14.22,0.965,-16.405,"{'SAVE10','WELCOME'}"
Category 1,2025-09-14,Merchant 10,76.45,5.14,55.11,"{'NONE','SAVE10','WELCOME'}"
Category 1,2025-09-14,Merchant 12,82.06,6.72,13.53,"{'SAVE10','WELCOME'}"
Category 1,2025-09-14,Merchant 13,52.91,0,35.96,{'NONE'}
Category 1,2025-09-14,Merchant 15,69.045,3.0083333333333333,19.183333333333334,"{'NONE','SAVE10','WELCOME'}"
Category 1,2025-09-14,Merchant 17,32.03,0,-18.59,{'NONE'}
Category 1,2025-09-14,Merchant 18,59.875,2.34,28.385,"{'NONE','WELCOME'}"
Category 1,2025-09-14,Merchant 19,56.73,2.84,-22.23,{'WELCOME'}
Category 1,2025-09-14,Merchant 2,97.38,4.87,-3.66,{'WELCOME'}
Category 1,2025-09-14,Merchant 20,60.555,6.055,3,{'SAVE10'}
Category 1,2025-09-14,Merchant 3,56.732,4.972,-23.884,"{'SAVE10','WELCOME'}"
Category 1,2025-09-14,Merchant 5,69.06,0,36.58,{'NONE'}
Category 1,2025-09-14,Merchant 6,22.66,1.13,6.8,{'WELCOME'}
Category 1,2025-09-14,Merchant 7,68.99,3.152,-9.712,"{'NONE','WELCOME'}"
Category 1,2025-09-14,Merchant 8,52.72,3.61,-15.07,"{'SAVE10','WELCOME'}"
Category 1,2025-09-14,Merchant 9,66.17,3.31,14.485,{'WELCOME'}
Category 1,2025-09-15,Merchant 1,77.3475,2.9525,44.735,"{'NONE','SAVE10','WELCOME'}"
Category 1,2025-09-15,Merchant 10,42.235,4.22,21.815,{'SAVE10'}
Category 1,2025-09-15,Merchant 13,16.57,0,-0.38,{'NONE'}
Category 1,2025-09-15,Merchant 15,70.66571428571429,5.351428571428571,23.815714285714286,"{'SAVE10','WELCOME'}"
Category 1,2025-09-15,Merchant 17,59.05,2.95,5.48,{'WELCOME'}
Category 1,2025-09-15,Merchant 18,53.553333333333335,1.29,23.113333333333333,"{'NONE','WELCOME'}"
Category 1,2025-09-15,Merchant 19,50.635,3.33,-28.815,"{'NONE','SAVE10'}"
Category 1,2025-09-15,Merchant 2,31.68,3.17,-67.66,{'SAVE10'}
Category 1,2025-09-15,Merchant 20,12.37,0,-39.13,{'NONE'}
Category 1,2025-09-15,Merchant 5,52.38875,3.34625,21.9425,"{'SAVE10','WELCOME'}"
Category 1,2025-09-15,Merchant 6,40.76,0,26.03,{'NONE'}
Category 1,2025-09-15,Merchant 7,53.43,2.263333333333333,-26.596666666666668,"{'NONE','WELCOME'}"
Category 1,2025-09-15,Merchant 8,57.5125,4.3175,-20.83,"{'SAVE10','WELCOME'}"
Category 1,2025-09-15,Merchant 9,45.66,2.285,0.55,{'WELCOME'}
Category 1,2025-09-16,Merchant 1,74.695,7.47,37.57,{'SAVE10'}
Category 1,2025-09-16,Merchant 10,80.675,4.035,60.44,{'WELCOME'}
Category 1,2025-09-16,Merchant 11,67.51333333333334,5.4366666666666665,50.196666666666665,"{'SAVE10','WELCOME'}"
Category 1,2025-09-16,Merchant 12,43.71,2.19,-20.29,{'WELCOME'}
Category 1,2025-09-16,Merchant 13,67.95,0,51,{'NONE'}
Category 1,2025-09-16,Merchant 14,32.47,1.62,-45.38,{'WELCOME'}
Category 1,2025-09-16,Merchant 15,63.59625,2.205,13.8125,"{'NONE','WELCOME'}"
Category 1,2025-09-16,Merchant 17,33.53,0.54,-17.63,"{'NONE','WELCOME'}"
Category 1,2025-09-16,Merchant 18,29.846666666666668,0.8466666666666667,-0.15,"{'NONE','WELCOME'}"
Category 1,2025-09-16,Merchant 19,66.10666666666667,3.2583333333333333,-14.818333333333333,"{'NONE','SAVE10','WELCOME'}"
Category 1,2025-09-16,Merchant 2,80.28,0,-15.89,{'NONE'}
Category 1,2025-09-16,Merchant 20,9.69,0.48,-42.29,{'WELCOME'}
Category 1,2025-09-16,Merchant 3,72.66,4.8825,-6.665,"{'NONE','SAVE10','WELCOME'}"
Category 1,2025-09-16,Merchant 5,31.12,3.11,17.05,{'SAVE10'}
Category 1,2025-09-16,Merchant 6,34.123333333333335,1.86,17.533333333333335,"{'NONE','SAVE10','WELCOME'}"
Category 1,2025-09-16,Merchant 7,65.928,1.574,-11.196,"{'NONE','SAVE10','WELCOME'}"
Category 1,2025-09-16,Merchant 8,25.05,1.1466666666666667,-68.60333333333334,"{'NONE','SAVE10','WELCOME'}"
Category 1,2025-09-16,Merchant 9,50.61,2.53,1.83,{'WELCOME'}
Category 1,2025-09-17,Merchant 10,55.36,5.54,33.62,{'SAVE10'}
Category 1,2025-09-17,Merchant 11,66.01,1.735,52.395,"{'NONE','WELCOME'}"
Category 1,2025-09-17,Merchant 12,11.94,0.6,-50.47,{'WELCOME'}
Category 1,2025-09-17,Merchant 15,52.36888888888889,2.9633333333333334,8.12888888888889,"{'NONE','SAVE10','WELCOME'}"
Category 1,2025-09-17,Merchant 17,6.23,0.31,-44.7,{'WELCOME'}
Category 1,2025-09-17,Merchant 18,40.03,0.43666666666666665,10.443333333333333,"{'NONE','WELCOME'}"
Category 1,2025-09-17,Merchant 19,26.685,1.9025,-41.8625,"{'SAVE10','WELCOME'}"
Category 1,2025-09-17,Merchant 2,51.69,4.895,-49.375,"{'SAVE10','WELCOME'}"
Category 1,2025-09-17,Merchant 20,20.42,1.02,-32.1,{'WELCOME'}
Category 1,2025-09-17,Merchant 3,80.13,2.31,-2.62,"{'NONE','WELCOME'}"
Category 1,2025-09-17,Merchant 5,73.83,3.692,39.81,{'WELCOME'}
Category 1,2025-09-17,Merchant 7,48.105,2.4075,-45.975,{'WELCOME'}
Category 1,2025-09-17,Merchant 8,64.82,2.13,-14.445,"{'NONE','SAVE10','WELCOME'}"
Category 1,2025-09-17,Merchant 9,74.908,3.746,38.464,{'WELCOME'}
Category 1,2025-09-18,Merchant 11,11.12,0.56,-1.32,{'WELCOME'}
Category 1,2025-09-18,Merchant 13,39.405,1.045,21.41,"{'NONE','SAVE10'}"
Category 1,2025-09-18,Merchant 14,66.32666666666667,2.72,-12.623333333333333,"{'NONE','WELCOME'}"
Category 1,2025-09-18,Merchant 15,45.461666666666666,2.1466666666666665,-1.86,"{'NONE','SAVE10','WELCOME'}"
Category 1,2025-09-18,Merchant 17,81.97,4.1,27.25,{'WELCOME'}
Category 1,2025-09-18,Merchant 18,36.87,1.84,5.88,{'WELCOME'}
Category 1,2025-09-18,Merchant 19,54.585,2.73,-10.085,{'WELCOME'}
Category 1,2025-09-18,Merchant 2,80.72333333333333,2.6333333333333333,-18.08,"{'NONE','WELCOME'}"
Category 1,2025-09-18,Merchant 20,56.205,5.62,-0.915,{'SAVE10'}
Category 1,2025-09-18,Merchant 3,58.2325,3.65,-22.86,"{'SAVE10','WELCOME'}"
Category 1,2025-09-18,Merchant 5,75.675,3.785,44.79,{'WELCOME'}
Category 1,2025-09-18,Merchant 7,64.16666666666667,3.8333333333333335,-2.5733333333333333,"{'NONE','SAVE10','WELCOME'}"
Category 1,2025-09-18,Merchant 8,61.112,3.056,-36.384,{'WELCOME'}
Category 1,2025-09-18,Merchant 9,33.215,1.97,-35.04,"{'NONE','SAVE10'}"
Category 1,2025-09-19,Merchant 11,54.625,2.73,40.015,{'WELCOME'}
Category 1,2025-09-19,Merchant 13,83.43,4.17,62.31,{'WELCOME'}
Category 1,2025-09-19,Merchant 14,47.62,0.9,-29.51,"{'NONE','WELCOME'}"
Category 1,2025-09-19,Merchant 15,64.77666666666667,6.273333333333333,-10.953333333333333,"{'SAVE10','WELCOME'}"
Category 1,2025-09-19,Merchant 18,100.99,5.05,66.79,{'WELCOME'}
Category 1,2025-09-19,Merchant 19,68.42333333333333,3.42,-23.663333333333334,{'WELCOME'}
Category 1,2025-09-19,Merchant 2,84.49,4.22,-15.9,{'WELCOME'}
Category 1,2025-09-19,Merchant 20,12.85,1.29,-39.94,{'SAVE10'}
Category 1,2025-09-19,Merchant 3,36.28666666666667,0.38333333333333336,-36.54333333333334,"{'NONE','WELCOME'}"
Category 1,2025-09-19,Merchant 5,43.958333333333336,1.84,15.02,"{'NONE','SAVE10','WELCOME'}"
Category 1,2025-09-19,Merchant 6,58.32,2.92,40.67,{'WELCOME'}
Category 1,2025-09-19,Merchant 7,69.23,5.7975,-5.955,"{'NONE','SAVE10','WELCOME'}"
Category 1,2025-09-19,Merchant 8,47.12,1.63,-32.16,"{'NONE','WELCOME'}"
Category 1,2025-09-19,Merchant 9,67.8,4.757142857142857,14.982857142857142,"{'SAVE10','WELCOME'}"
Category 1,2025-09-20,Merchant 1,95.96,9.6,56.7,{'SAVE10'}
Category 1,2025-09-20,Merchant 10,14.17,1.42,-3.45,{'SAVE10'}
Category 1,2025-09-20,Merchant 11,52.375,1.18,39.315,"{'NONE','WELCOME'}"
Category 1,2025-09-20,Merchant 12,7.71,0.77,-54.87,{'SAVE10'}
Category 1,2025-09-20,Merchant 13,52.46,0,35.51,{'NONE'}
Category 1,2025-09-20,Merchant 14,5.14,0,-71.09,{'NONE'}
Category 1,2025-09-20,Merchant 15,52.297,1.971,7.767,"{'NONE','SAVE10','WELCOME'}"
Category 1,2025-09-20,Merchant 18,65.58,3.28,33.15,{'WELCOME'}
Category 1,2025-09-20,Merchant 19,38.81333333333333,3.5533333333333332,-28.226666666666667,"{'SAVE10','WELCOME'}"
Category 1,2025-09-20,Merchant 2,35.185,1.76,-62.745,{'WELCOME'}
Category 1,2025-09-20,Merchant 20,22.766666666666666,1.6933333333333334,-30.426666666666666,"{'SAVE10','WELCOME'}"
Category 1,2025-09-20,Merchant 3,54.368,3.05,-19.53,"{'NONE','SAVE10','WELCOME'}"
Category 1,2025-09-20,Merchant 5,69.26333333333334,4.623333333333333,42.92,"{'NONE','SAVE10'}"
Category 1,2025-09-20,Merchant 6,50.62,5.06,30.83,{'SAVE10'}
Category 1,2025-09-20,Merchant 7,63.22222222222222,3.727777777777778,-29.436666666666667,"{'NONE','SAVE10','WELCOME'}"
Category 1,2025-09-20,Merchant 8,60.328,3.906,-29.318,"{'SAVE10','WELCOME'}"
Category 1,2025-09-20,Merchant 9,60.95,2.3525,5.6825,"{'NONE','SAVE10','WELCOME'}"
Category 1,2025-09-21,Merchant 1,41.52,0,11.86,{'NONE'}
Category 1,2025-09-21,Merchant 11,94.025,2.2575,79.8875,"{'NONE','WELCOME'}"
Category 1,2025-09-21,Merchant 12,39.62,1.98,-24.17,{'WELCOME'}
Category 1,2025-09-21,Merchant 13,79.37,2.36,60.06,"{'NONE','WELCOME'}"
Category 1,2025-09-21,Merchant 14,42.865,1.085,-34.45,"{'NONE','WELCOME'}"
Category 1,2025-09-21,Merchant 15,45.47,2.948,-4.456,"{'SAVE10','WELCOME'}"
Category 1,2025-09-21,Merchant 17,40.635,2.03,-12.015,{'WELCOME'}
Category 1,2025-09-21,Merchant 18,18.79,0.35,-10.71,"{'NONE','WELCOME'}"
Category 1,2025-09-21,Merchant 19,65.3825,5.105,-29.9575,"{'SAVE10','WELCOME'}"
Category 1,2025-09-21,Merchant 2,85.68,8.57,-19.06,{'SAVE10'}
Category 1,2025-09-21,Merchant 20,96.27,0,44.77,{'NONE'}
Category 1,2025-09-21,Merchant 3,58.64,2.51,-16.316666666666666,"{'NONE','SAVE10','WELCOME'}"
Category 1,2025-09-21,Merchant 5,55.50333333333333,1.685,26.718333333333334,"{'NONE','WELCOME'}"
Category 1,2025-09-21,Merchant 6,103.27,5.16,83.38,{'WELCOME'}
Category 1,2025-09-21,Merchant 7,29.605,2.035,-55.8,"{'NONE','SAVE10','WELCOME'}"
Category 1,2025-09-21,Merchant 8,50.725,2.6025,-9.8375,"{'NONE','SAVE10'}"
Category 1,2025-09-21,Merchant 9,54.534,3.068,5.29,"{'SAVE10','WELCOME'}"
Category 1,2025-09-22,Merchant 10,40.36,2.0166666666666666,22.143333333333334,{'WELCOME'}
Category 1,2025-09-22,Merchant 11,53.89,0,42.01,{'NONE'}
Category 1,2025-09-22,Merchant 12,37.42,0,-24.39,{'NONE'}
Category 1,2025-09-22,Merchant 14,14.885,0.745,-62.09,{'WELCOME'}
Category 1,2025-09-22,Merchant 15,56.192,1.578,-12.22,"{'NONE','WELCOME'}"
Category 1,2025-09-22,Merchant 18,49.06333333333333,2.9566666666666666,16.956666666666667,"{'NONE','SAVE10'}"
Category 1,2025-09-22,Merchant 19,100.78,5.04,0.8,{'WELCOME'}
Category 1,2025-09-22,Merchant 2,51.54,1.59,-46.22,"{'NONE','WELCOME'}"
Category 1,2025-09-22,Merchant 3,78.145,1.66,2.04,"{'NONE','WELCOME'}"
Category 1,2025-09-22,Merchant 5,34.91,1.82,5.99,"{'SAVE10','WELCOME'}"
Category 1,2025-09-22,Merchant 6,56.12,4.36,37.035,"{'SAVE10','WELCOME'}"
Category 1,2025-09-22,Merchant 7,56.998,3.56,-28.752,"{'SAVE10','WELCOME'}"
Category 1,2025-09-22,Merchant 8,41.375,3,-43.42166666666667,"{'NONE','SAVE10','WELCOME'}"
Category 1,2025-09-22,Merchant 9,54.797777777777775,3.942222222222222,1.7077777777777778,"{'NONE','SAVE10','WELCOME'}"
Category 1,2025-09-23,Merchant 11,44.306666666666665,3.1233333333333335,29.303333333333335,"{'SAVE10','WELCOME'}"
Category 1,2025-09-23,Merchant 13,9.16,0.46,-8.25,{'WELCOME'}
Category 1,2025-09-23,Merchant 14,100.34,5.02,19.09,{'WELCOME'}
Category 1,2025-09-23,Merchant 15,47.04666666666667,2.3533333333333335,-18.61,{'WELCOME'}
Category 1,2025-09-23,Merchant 17,83.26,4.01,28.63,"{'NONE','SAVE10','WELCOME'}"
Category 1,2025-09-23,Merchant 18,32.87,1.64,2.08,{'WELCOME'}
Category 1,2025-09-23,Merchant 19,50.78333333333333,1.4766666666666668,-23.633333333333333,"{'NONE','WELCOME'}"
Category 1,2025-09-23,Merchant 2,28.596666666666668,0.43,-68.00333333333333,"{'NONE','WELCOME'}"
Category 1,2025-09-23,Merchant 20,25.19,0.875,-27.185,"{'NONE','WELCOME'}"
Category 1,2025-09-23,Merchant 3,13.85,0.695,-61.29,{'WELCOME'}
Category 1,2025-09-23,Merchant 5,42.68,0.81,14.77,"{'NONE','WELCOME'}"
Category 1,2025-09-23,Merchant 6,66.55,6.655,45.165,{'SAVE10'}
Category 1,2025-09-23,Merchant 7,69.4,4.53,-27.75,"{'SAVE10','WELCOME'}"
Category 1,2025-09-23,Merchant 8,55.51,2.962,-26.14,"{'NONE','SAVE10','WELCOME'}"
Category 1,2025-09-23,Merchant 9,63.42,2.106666666666667,21.851666666666667,"{'NONE','WELCOME'}"
Category 1,2025-09-24,Merchant 1,71.8,3.59,38.55,{'WELCOME'}
Category 1,2025-09-24,Merchant 11,51.7,2.586666666666667,37.233333333333334,{'WELCOME'}
Category 1,2025-09-24,Merchant 12,48.45,1.61,-14.97,"{'NONE','WELCOME'}"
Category 1,2025-09-24,Merchant 13,56.495,5.145,34.4,"{'SAVE10','WELCOME'}"
Category 1,2025-09-24,Merchant 15,50.16571428571429,0.9342857142857143,-1.2142857142857142,"{'NONE','WELCOME'}"
Category 1,2025-09-24,Merchant 17,21.72,2.17,-31.07,{'SAVE10'}
Category 1,2025-09-24,Merchant 18,28.29,0.955,-1.815,"{'NONE','WELCOME'}"
Category 1,2025-09-24,Merchant 19,48.7,4.07,-45.605,"{'SAVE10','WELCOME'}"
Category 1,2025-09-24,Merchant 2,52.06,3.9975,-48.1075,"{'SAVE10','WELCOME'}"
Category 1,2025-09-24,Merchant 3,55.55,2.844,-25.336,"{'NONE','SAVE10','WELCOME'}"
Category 1,2025-09-24,Merchant 5,29.416666666666668,1.4733333333333334,6.223333333333334,{'WELCOME'}
Category 1,2025-09-24,Merchant 7,45.07,2.25,-1.44,{'WELCOME'}
Category 1,2025-09-24,Merchant 8,49.76,3.248,-26.376,"{'NONE','SAVE10','WELCOME'}"
Category 1,2025-09-24,Merchant 9,51.20285714285714,2.317142857142857,4.645714285714286,"{'NONE','SAVE10','WELCOME'}"
Category 1,2025-09-25,Merchant 1,68.11,5.865,32.585,"{'SAVE10','WELCOME'}"
Category 1,2025-09-25,Merchant 10,50.9825,3.4,31.3825,"{'SAVE10','WELCOME'}"
Category 1,2025-09-25,Merchant 12,54.55,2.73,-9.99,{'WELCOME'}
Category 1,2025-09-25,Merchant 13,38.655,0.56,21.145,"{'NONE','WELCOME'}"
Category 1,2025-09-25,Merchant 14,54.195,0,-22.035,{'NONE'}
Category 1,2025-09-25,Merchant 15,65.32833333333333,3.5933333333333333,-5.908333333333333,"{'NONE','SAVE10','WELCOME'}"
Category 1,2025-09-25,Merchant 17,59.64666666666667,2.5633333333333335,6.463333333333333,"{'NONE','WELCOME'}"
Category 1,2025-09-25,Merchant 18,23.11,1.4,-7.44,"{'SAVE10','WELCOME'}"
Category 1,2025-09-25,Merchant 19,81.6475,2.185,1.0225,"{'NONE','SAVE10','WELCOME'}"
Category 1,2025-09-25,Merchant 3,67.98666666666666,3.473333333333333,-7.933333333333334,"{'NONE','SAVE10'}"
Category 1,2025-09-25,Merchant 5,75.13,7.515,56.66,{'SAVE10'}
Category 1,2025-09-25,Merchant 6,71.75,2.0933333333333333,54.92666666666667,"{'NONE','WELCOME'}"
Category 1,2025-09-25,Merchant 7,64.6,4.16,-20.09,"{'SAVE10','WELCOME'}"
Category 1,2025-09-25,Merchant 8,41.535,3.53,-39.645,"{'SAVE10','WELCOME'}"
Category 1,2025-09-25,Merchant 9,47.37428571428571,2.045714285714286,-6.5928571428571425,"{'NONE','SAVE10','WELCOME'}"
Category 1,2025-09-26,Merchant 1,53.01,3.275,20.075,"{'SAVE10','WELCOME'}"
Category 1,2025-09-26,Merchant 10,69.9,3.495,50.205,{'WELCOME'}
Category 1,2025-09-26,Merchant 12,65.095,1.5225,1.7625,"{'NONE','WELCOME'}"
Category 1,2025-09-26,Merchant 13,25.99,1.3,7.74,{'WELCOME'}
Category 1,2025-09-26,Merchant 14,33.56,0,-42.67,{'NONE'}
Category 1,2025-09-26,Merchant 15,53.02,2.7945454545454544,-4.741818181818182,"{'NONE','SAVE10','WELCOME'}"
Category 1,2025-09-26,Merchant 17,20.37,0,-30.25,{'NONE'}
Category 1,2025-09-26,Merchant 18,62.1,3.11,29.85,{'WELCOME'}
Category 1,2025-09-26,Merchant 19,44.454,1.656,-40.85,"{'NONE','SAVE10','WELCOME'}"
Category 1,2025-09-26,Merchant 2,48.47,3.365,-51.065,"{'NONE','SAVE10'}"
Category 1,2025-09-26,Merchant 3,56.86142857142857,3.19,-19.917142857142856,"{'NONE','SAVE10','WELCOME'}"
Category 1,2025-09-26,Merchant 5,71.42,3.57,40.75,{'WELCOME'}
Category 1,2025-09-26,Merchant 6,67.6575,4.63,48.2975,"{'SAVE10','WELCOME'}"
Category 1,2025-09-26,Merchant 7,63.128571428571426,3.1671428571428573,-9.765714285714285,"{'NONE','SAVE10','WELCOME'}"
Category 1,2025-09-26,Merchant 8,75.0825,4.3875,-13.175,"{'NONE','SAVE10','WELCOME'}"
Category 1,2025-09-26,Merchant 9,58.468,2.86,9.474,"{'NONE','SAVE10','WELCOME'}"
Category 1,2025-09-27,Merchant 1,17.12,0.86,-13.4,{'WELCOME'}
Category 1,2025-09-27,Merchant 11,13.15,1.32,-0.05,{'SAVE10'}
Category 1,2025-09-27,Merchant 12,12.62,0.34,-49.53,"{'NONE','WELCOME'}"
Category 1,2025-09-27,Merchant 13,55.68333333333333,4.553333333333334,34.18,"{'SAVE10','WELCOME'}"
Category 1,2025-09-27,Merchant 14,78.53,3.93,-1.63,{'WELCOME'}
Category 1,2025-09-27,Merchant 15,42.495,3.205,9.7425,"{'NONE','SAVE10','WELCOME'}"
Category 1,2025-09-27,Merchant 17,41.18,1.6866666666666668,-11.126666666666667,"{'NONE','SAVE10','WELCOME'}"
Category 1,2025-09-27,Merchant 18,82.63,8.26,45.22,{'SAVE10'}
Category 1,2025-09-27,Merchant 19,49.67,2.48,-28.93,{'WELCOME'}
Category 1,2025-09-27,Merchant 2,29.32,2.545,-69.395,"{'SAVE10','WELCOME'}"
Category 1,2025-09-27,Merchant 20,70.57,2.015,17.055,"{'NONE','WELCOME'}"
Category 1,2025-09-27,Merchant 3,29.93,0,-50.51,{'NONE'}
Category 1,2025-09-27,Merchant 5,44.82333333333333,3.578333333333333,14.145,"{'SAVE10','WELCOME'}"
Category 1,2025-09-27,Merchant 7,42.58,1.8,-40.77333333333333,"{'NONE','WELCOME'}"
Category 1,2025-09-27,Merchant 8,67.80166666666666,5.4383333333333335,-14.6,"{'NONE','SAVE10'}"
Category 1,2025-09-27,Merchant 9,64.03125,3.90375,10.60875,"{'NONE','SAVE10','WELCOME'}"
Category 1,2025-09-28,Merchant 1,24.93,2.1,-6.83,"{'NONE','SAVE10'}"
Category 1,2025-09-28,Merchant 11,56.845,4.7175,40.2475,"{'SAVE10','WELCOME'}"
Category 1,2025-09-28,Merchant 12,83.59333333333333,6.723333333333334,15.06,"{'SAVE10','WELCOME'}"
Category 1,2025-09-28,Merchant 15,47.045,3.0275,-10.165,"{'SAVE10','WELCOME'}"
Category 1,2025-09-28,Merchant 17,80.62,4.03,25.97,{'WELCOME'}
Category 1,2025-09-28,Merchant 18,56.17,5.62,21.4,{'SAVE10'}
Category 1,2025-09-28,Merchant 19,49.95,1.6266666666666667,-8.89,"{'NONE','WELCOME'}"
Category 1,2025-09-28,Merchant 2,77.975,2.455,-20.65,"{'NONE','WELCOME'}"
Category 1,2025-09-28,Merchant 20,62.72,0.745,10.475,"{'NONE','WELCOME'}"
Category 1,2025-09-28,Merchant 3,45.20166666666667,2.8916666666666666,-30.136666666666667,"{'SAVE10','WELCOME'}"
Category 1,2025-09-28,Merchant 5,47.516666666666666,1.2366666666666666,24.56,"{'NONE','WELCOME'}"
Category 1,2025-09-28,Merchant 6,72.69666666666667,5.1466666666666665,52.82333333333333,"{'SAVE10','WELCOME'}"
Category 1,2025-09-28,Merchant 7,57.35142857142857,2.597142857142857,-38.94857142857143,"{'NONE','SAVE10','WELCOME'}"
Category 1,2025-09-28,Merchant 8,36.28,3.63,-50.19,{'SAVE10'}
Category 1,2025-09-28,Merchant 9,48.645,1.265,-8.8875,"{'NONE','WELCOME'}"
Category 1,2025-09-29,Merchant 1,47.52,4.135,13.725,"{'SAVE10','WELCOME'}"
Category 1,2025-09-29,Merchant 10,50.483333333333334,3.75,30.533333333333335,"{'SAVE10','WELCOME'}"
Category 1,2025-09-29,Merchant 11,8.91,0.89,-3.86,{'SAVE10'}
Category 1,2025-09-29,Merchant 12,61.94,3.1,-2.97,{'WELCOME'}
Category 1,2025-09-29,Merchant 14,40.775,1.27,-36.725,"{'NONE','WELCOME'}"
Category 1,2025-09-29,Merchant 15,56.142857142857146,4.417142857142857,6.551428571428572,"{'NONE','SAVE10','WELCOME'}"
Category 1,2025-09-29,Merchant 18,60.22,3.01,28.06,{'WELCOME'}
Category 1,2025-09-29,Merchant 19,63.41,1.67,-9.61,"{'NONE','WELCOME'}"
Category 1,2025-09-29,Merchant 2,18.97,0.95,-78.15,{'WELCOME'}
Category 1,2025-09-29,Merchant 20,75.22,3.76,19.96,{'WELCOME'}
Category 1,2025-09-29,Merchant 3,65.72666666666667,4.623333333333333,-7.346666666666667,"{'SAVE10','WELCOME'}"
Category 1,2025-09-29,Merchant 5,32.9025,0.4175,-10.755,"{'NONE','SAVE10','WELCOME'}"
Category 1,2025-09-29,Merchant 7,52.795,4.19,-17.94,"{'SAVE10','WELCOME'}"
Category 1,2025-09-29,Merchant 8,70.89,7.09,-20.07,{'SAVE10'}
Category 1,2025-09-29,Merchant 9,54.184444444444445,2.7911111111111113,3.7688888888888887,"{'NONE','SAVE10','WELCOME'}"
Category 1,2025-09-30,Merchant 1,84.59,4.23,50.7,{'WELCOME'}
Category 1,2025-09-30,Merchant 10,20.16,2.02,1.94,{'SAVE10'}
Category 1,2025-09-30,Merchant 11,42.93,2.15,28.9,{'WELCOME'}
Category 1,2025-09-30,Merchant 12,96.45,4.82,29.82,{'WELCOME'}
Category 1,2025-09-30,Merchant 13,75.975,6.14,52.885,"{'SAVE10','WELCOME'}"
Category 1,2025-09-30,Merchant 14,66.11,2.12,-12.24,"{'NONE','WELCOME'}"
Category 1,2025-09-30,Merchant 15,52.4,3.68,-1.3427272727272728,"{'NONE','SAVE10','WELCOME'}"
Category 1,2025-09-30,Merchant 18,64.05,6.41,28.5,{'SAVE10'}
Category 1,2025-09-30,Merchant 19,54.64,3.3633333333333333,-37.39,"{'NONE','SAVE10','WELCOME'}"
Category 1,2025-09-30,Merchant 2,63.71,3.19,-35.65,{'WELCOME'}
Category 1,2025-09-30,Merchant 20,12.28,0.61,-39.83,{'WELCOME'}
Category 1,2025-09-30,Merchant 3,58.29,3.865,-20.02,"{'SAVE10','WELCOME'}"
Category 1,2025-09-30,Merchant 5,61.81,2.135,16.435,"{'NONE','WELCOME'}"
Category 1,2025-09-30,Merchant 7,40.623333333333335,1.0666666666666667,-41.99666666666667,"{'NONE','SAVE10','WELCOME'}"
Category 1,2025-09-30,Merchant 8,64.49,5.85,-19.01,"{'NONE','SAVE10'}"
Category 1,2025-09-30,Merchant 9,48.33714285714286,2.432857142857143,-4.082857142857143,"{'NONE','SAVE10','WELCOME'}"
Category 1,2025-10-01,Merchant 1,48.45,4.85,13.95,{'SAVE10'}
Category 1,2025-10-01,Merchant 10,58.9275,0.5825,42.145,"{'NONE','WELCOME'}"
Category 1,2025-10-01,Merchant 11,44.24666666666667,2.64,29.726666666666667,"{'SAVE10','WELCOME'}"
Category 1,2025-10-01,Merchant 13,64.50333333333333,3.3,44.25333333333333,"{'NONE','SAVE10','WELCOME'}"
Category 1,2025-10-01,Merchant 14,82.565,4.125,2.21,{'WELCOME'}
Category 1,2025-10-01,Merchant 15,52.004,3.88,-20.382,"{'SAVE10','WELCOME'}"
Category 1,2025-10-01,Merchant 17,73.82,3.69,19.51,{'WELCOME'}
Category 1,2025-10-01,Merchant 18,58.6775,1.7775,27.75,"{'NONE','WELCOME'}"
Category 1,2025-10-01,Merchant 19,64.645,5.9875,-19.7825,"{'SAVE10','WELCOME'}"
Category 1,2025-10-01,Merchant 2,63.448,3.048,-35.77,"{'NONE','SAVE10','WELCOME'}"
Category 1,2025-10-01,Merchant 20,14.22,1.42,-38.7,{'SAVE10'}
Category 1,2025-10-01,Merchant 5,63.05,3.16,32.79,"{'NONE','SAVE10'}"
Category 1,2025-10-01,Merchant 6,15.74,0.79,0.22,{'WELCOME'}
Category 1,2025-10-01,Merchant 7,58.9825,5.7525,-2.1725,"{'SAVE10','WELCOME'}"
Category 1,2025-10-01,Merchant 8,7.72,0.77,-51.01,{'SAVE10'}
Category 1,2025-10-01,Merchant 9,61.758,2.342,18.688,"{'NONE','SAVE10','WELCOME'}"
Category 1,2025-10-02,Merchant 10,10.97,0,-5.23,{'NONE'}
Category 1,2025-10-02,Merchant 11,64.7125,3.7325,49.1025,"{'NONE','SAVE10','WELCOME'}"
Category 1,2025-10-02,Merchant 12,26.2,1.105,-36.715,"{'NONE','WELCOME'}"
Category 1,2025-10-02,Merchant 13,27.54,2.58,8.01,"{'SAVE10','WELCOME'}"
Category 1,2025-10-02,Merchant 14,78.9,7.89,-5.22,{'SAVE10'}
Category 1,2025-10-02,Merchant 15,54.85333333333333,1.9755555555555555,18.555555555555557,"{'NONE','SAVE10','WELCOME'}"
Category 1,2025-10-02,Merchant 17,67.3,0,16.68,{'NONE'}
Category 1,2025-10-02,Merchant 18,87.37666666666667,3.6666666666666665,54.56,"{'NONE','SAVE10','WELCOME'}"
Category 1,2025-10-02,Merchant 19,65.345,4.215,-24.4,"{'SAVE10','WELCOME'}"
Category 1,2025-10-02,Merchant 2,52.13,0.66,-44.7,"{'NONE','WELCOME'}"
Category 1,2025-10-02,Merchant 3,29.59,0.535,-45.39,"{'NONE','SAVE10'}"
Category 1,2025-10-02,Merchant 6,57.885,2.895,40.26,{'WELCOME'}
Category 1,2025-10-02,Merchant 7,54.522,3.746,-13.586,"{'NONE','SAVE10','WELCOME'}"
Category 1,2025-10-02,Merchant 8,65.7,3.285,-7.985,{'WELCOME'}
Category 1,2025-10-02,Merchant 9,44.428,3.566,-7.996,"{'SAVE10','WELCOME'}"
Category 1,2025-10-03,Merchant 1,35.57,0.96,4.95,"{'NONE','SAVE10','WELCOME'}"
Category 1,2025-10-03,Merchant 11,16.81,1.68,3.25,{'SAVE10'}
Category 1,2025-10-03,Merchant 13,55.99666666666667,2.836666666666667,36.21,"{'NONE','SAVE10','WELCOME'}"
Category 1,2025-10-03,Merchant 15,67.32,3.74,16.77166666666667,"{'SAVE10','WELCOME'}"
Category 1,2025-10-03,Merchant 17,29.67,0.6666666666666666,-21.616666666666667,"{'NONE','WELCOME'}"
Category 1,2025-10-03,Merchant 18,75.79,2,44.64,"{'NONE','WELCOME'}"
Category 1,2025-10-03,Merchant 19,65.01,3.9725,-24.4925,"{'NONE','SAVE10','WELCOME'}"
Category 1,2025-10-03,Merchant 2,91.88,9.19,-13.48,{'SAVE10'}
Category 1,2025-10-03,Merchant 20,85.465,4.27,29.695,{'WELCOME'}
Category 1,2025-10-03,Merchant 3,51.276666666666664,2.5633333333333335,-27.73,{'WELCOME'}
Category 1,2025-10-03,Merchant 5,48.04,2.8525,18.0875,"{'SAVE10','WELCOME'}"
Category 1,2025-10-03,Merchant 6,27.82,1.39,11.7,{'WELCOME'}
Category 1,2025-10-03,Merchant 7,81.47,3.7533333333333334,-0.04666666666666667,"{'NONE','SAVE10','WELCOME'}"
Category 1,2025-10-03,Merchant 8,58,3.775714285714286,-33.347142857142856,"{'NONE','SAVE10','WELCOME'}"
Category 1,2025-10-03,Merchant 9,41.9,3.1777777777777776,-14.886666666666667,"{'NONE','SAVE10','WELCOME'}"
Category 1,2025-10-04,Merchant 10,65.86,0,49.66,{'NONE'}
Category 1,2025-10-04,Merchant 11,40.25,2.01,26.36,{'WELCOME'}
Category 1,2025-10-04,Merchant 12,82.65,0,20.84,{'NONE'}
Category 1,2025-10-04,Merchant 13,21.365,1.07,3.345,{'WELCOME'}
Category 1,2025-10-04,Merchant 14,100.92,5.05,19.64,{'WELCOME'}
Category 1,2025-10-04,Merchant 15,47.80714285714286,2.027142857142857,5.722857142857143,"{'NONE','SAVE10','WELCOME'}"
Category 1,2025-10-04,Merchant 17,40.17,4.02,-14.47,{'SAVE10'}
Category 1,2025-10-04,Merchant 2,75.31,3.116,-23.976,"{'NONE','SAVE10','WELCOME'}"
Category 1,2025-10-04,Merchant 20,7.03,0.7,-45.17,{'SAVE10'}
Category 1,2025-10-04,Merchant 3,62.84,3.14,-8.75,{'WELCOME'}
Category 1,2025-10-04,Merchant 5,70.42,3.52,55.94,{'WELCOME'}
Category 1,2025-10-04,Merchant 6,76.34,4.715,56.895,"{'NONE','SAVE10'}"
Category 1,2025-10-04,Merchant 7,61.355,6.135,-17.01,{'SAVE10'}
Category 1,2025-10-04,Merchant 8,58.67,1.624,-23.718,"{'NONE','SAVE10'}"
Category 1,2025-10-04,Merchant 9,46.102222222222224,2.042222222222222,-18.5,"{'NONE','WELCOME'}"
Category 1,2025-10-05,Merchant 10,23.34,1.17,5.97,{'WELCOME'}
Category 1,2025-10-05,Merchant 12,61.3,2.425,-2.935,"{'NONE','WELCOME'}"
Category 1,2025-10-05,Merchant 14,63.082,4.018,-17.166,"{'NONE','SAVE10'}"
Category 1,2025-10-05,Merchant 15,55.335,1.625,12.9825,"{'NONE','SAVE10','WELCOME'}"
Category 1,2025-10-05,Merchant 17,75.89,5.333333333333333,19.94,"{'SAVE10','WELCOME'}"
Category 1,2025-10-05,Merchant 18,84.1,4.67,50.285,"{'NONE','SAVE10'}"
Category 1,2025-10-05,Merchant 19,71.66333333333333,3.9266666666666667,-5.203333333333333,"{'SAVE10','WELCOME'}"
Category 1,2025-10-05,Merchant 2,41.8,0,-54.37,{'NONE'}
Category 1,2025-10-05,Merchant 20,33.57,0,-17.93,{'NONE'}
Category 1,2025-10-05,Merchant 3,38.67,3.7,-39.475,"{'SAVE10','WELCOME'}"
Category 1,2025-10-05,Merchant 5,65.05,3.25,50.84,{'WELCOME'}
Category 1,2025-10-05,Merchant 6,76.09333333333333,2.49,58.873333333333335,"{'NONE','WELCOME'}"
Category 1,2025-10-05,Merchant 7,59.346,5.186,-36.944,"{'SAVE10','WELCOME'}"
Category 1,2025-10-05,Merchant 8,35.5075,1.8825,-40.4,"{'SAVE10','WELCOME'}"
Category 1,2025-10-05,Merchant 9,49.4825,0.9475,-11.065,"{'NONE','WELCOME'}"
Category 1,2025-10-06,Merchant 1,57.36333333333334,2.8666666666666667,24.836666666666666,{'WELCOME'}
Category 1,2025-10-06,Merchant 10,56.56,2.83,37.53,{'WELCOME'}
Category 1,2025-10-06,Merchant 11,80.92,8.09,60.95,{'SAVE10'}
Category 1,2025-10-06,Merchant 15,44.57375,1.45625,-21.2,"{'NONE','SAVE10','WELCOME'}"
Category 1,2025-10-06,Merchant 19,36.16,1.095,-50.465,"{'NONE','WELCOME'}"
Category 1,2025-10-06,Merchant 2,88.4,4.42,-12.19,{'WELCOME'}
Category 1,2025-10-06,Merchant 20,37.345,3.735,-17.885,{'SAVE10'}
Category 1,2025-10-06,Merchant 3,36.035,3.245,-41.655,"{'SAVE10','WELCOME'}"
Category 1,2025-10-06,Merchant 5,70.46,2.25,46.49,"{'NONE','WELCOME'}"
Category 1,2025-10-06,Merchant 6,80.01,4,61.28,{'WELCOME'}
Category 1,2025-10-06,Merchant 7,43.32,2.17,-59.05,{'WELCOME'}
Category 1,2025-10-06,Merchant 8,33.9575,0.49,-50.4025,"{'NONE','SAVE10','WELCOME'}"
Category 1,2025-10-06,Merchant 9,66.00333333333333,2.4766666666666666,21.843333333333334,"{'NONE','WELCOME'}"
Category 1,2025-10-07,Merchant 1,68.81,0,39.15,{'NONE'}
Category 1,2025-10-07,Merchant 11,65.12,3.26,49.98,{'WELCOME'}
Category 1,2025-10-07,Merchant 15,45.394,1.946,8.996,"{'NONE','WELCOME'}"
Category 1,2025-10-07,Merchant 17,74.41,3.72,20.07,{'WELCOME'}
Category 1,2025-10-07,Merchant 18,61.836666666666666,1.0366666666666666,31.65,"{'NONE','WELCOME'}"
Category 1,2025-10-07,Merchant 19,55.795,2.79,5.245,{'WELCOME'}
Category 1,2025-10-07,Merchant 20,67.2275,3.4375,12.29,"{'NONE','SAVE10','WELCOME'}"
Category 1,2025-10-07,Merchant 5,35.69,1.78,22.95,{'WELCOME'}
Category 1,2025-10-07,Merchant 6,14.55,0.73,-0.91,{'WELCOME'}
Category 1,2025-10-07,Merchant 7,71.08555555555556,4.552222222222222,-19.97222222222222,"{'SAVE10','WELCOME'}"
Category 1,2025-10-07,Merchant 8,30.17,0,-67.17,{'NONE'}
Category 1,2025-10-07,Merchant 9,64.84,2.302,19.028,"{'NONE','WELCOME'}"
Category 1,2025-10-08,Merchant 10,46.965,2.795,27.97,"{'SAVE10','WELCOME'}"
Category 1,2025-10-08,Merchant 11,53.12,2.66,38.58,{'WELCOME'}
Category 1,2025-10-08,Merchant 14,19.62,0,-56.61,{'NONE'}
Category 1,2025-10-08,Merchant 15,64.6425,0.88,18.495,"{'NONE','WELCOME'}"
Category 1,2025-10-08,Merchant 17,7.79,0.39,-43.22,{'WELCOME'}
Category 1,2025-10-08,Merchant 18,34.54,2.225,3.165,"{'SAVE10','WELCOME'}"
Category 1,2025-10-08,Merchant 2,93.89,4.69,-6.97,{'WELCOME'}
Category 1,2025-10-08,Merchant 20,27.7,2.77,-26.57,{'SAVE10'}
Category 1,2025-10-08,Merchant 3,81.675,3.36,3.87,"{'NONE','SAVE10'}"
Category 1,2025-10-08,Merchant 5,47.24,2.36,33.92,{'WELCOME'}
Category 1,2025-10-08,Merchant 6,58.14,4.583333333333333,38.82666666666667,"{'SAVE10','WELCOME'}"
Category 1,2025-10-08,Merchant 7,61.042,1.906,-16.414,"{'NONE','SAVE10'}"
Category 1,2025-10-08,Merchant 9,67.2775,2.4025,8.68,"{'NONE','WELCOME'}"
Category 1,2025-10-09,Merchant 1,86.67333333333333,2.78,54.233333333333334,"{'NONE','WELCOME'}"
Category 1,2025-10-09,Merchant 11,93.98,4.7,77.4,{'WELCOME'}
Category 1,2025-10-09,Merchant 13,46.06,2.76,26.35,"{'NONE','SAVE10'}"
Category 1,2025-10-09,Merchant 14,78.58666666666667,4.036666666666667,-1.68,"{'NONE','SAVE10','WELCOME'}"
Category 1,2025-10-09,Merchant 15,52.43666666666667,4.205,-0.018333333333333333,"{'NONE','SAVE10','WELCOME'}"
Category 1,2025-10-09,Merchant 17,58.53,0.375,7.535,"{'NONE','WELCOME'}"
Category 1,2025-10-09,Merchant 18,89.16,4.46,55.55,{'WELCOME'}
Category 1,2025-10-09,Merchant 19,39.4,2.06,-51.32666666666667,"{'SAVE10','WELCOME'}"
Category 1,2025-10-09,Merchant 2,44.205,4.27,-56.235,"{'SAVE10','WELCOME'}"
Category 1,2025-10-09,Merchant 20,72.57,3.63,17.44,{'WELCOME'}
Category 1,2025-10-09,Merchant 5,49.624,3.086,29.122,"{'SAVE10','WELCOME'}"
Category 1,2025-10-09,Merchant 7,31.992,0.588,-41.872,"{'NONE','WELCOME'}"
Category 1,2025-10-09,Merchant 8,69.23,4.2125,-2.7875,"{'NONE','SAVE10','WELCOME'}"
Category 1,2025-10-09,Merchant 9,52.288,2.736,6.042,"{'NONE','SAVE10','WELCOME'}"
Category 1,2025-10-10,Merchant 1,92.57,9.26,53.65,{'SAVE10'}
Category 1,2025-10-10,Merchant 10,7.36,0,-8.84,{'NONE'}
Category 1,2025-10-10,Merchant 11,41.6575,2.8325,26.945,"{'NONE','SAVE10','WELCOME'}"
Category 1,2025-10-10,Merchant 12,31.35,1.57,-32.03,{'WELCOME'}
Category 1,2025-10-10,Merchant 13,16.835,0.66,-0.775,"{'NONE','WELCOME'}"
Category 1,2025-10-10,Merchant 14,104.39,10.44,17.72,{'SAVE10'}
Category 1,2025-10-10,Merchant 15,69.996,3.564,-4.034,"{'NONE','SAVE10','WELCOME'}"
Category 1,2025-10-10,Merchant 17,47.565,2.38,-5.435,{'WELCOME'}
Category 1,2025-10-10,Merchant 18,102.65,0,73.5,{'NONE'}
Category 1,2025-10-10,Merchant 19,57.78333333333333,1.1566666666666667,-22.586666666666666,"{'NONE','WELCOME'}"
Category 1,2025-10-10,Merchant 2,28.2,1.41,-69.38,{'WELCOME'}
Category 1,2025-10-10,Merchant 20,57.81666666666667,4.616666666666667,1.7,"{'SAVE10','WELCOME'}"
Category 1,2025-10-10,Merchant 3,40.77,0,-39.67,{'NONE'}
Category 1,2025-10-10,Merchant 5,70.555,3.525,39.93,{'WELCOME'}
Category 1,2025-10-10,Merchant 6,66.93,0,52.2,{'NONE'}
Category 1,2025-10-10,Merchant 7,59.905,5.99,-12.63,{'SAVE10'}
Category 1,2025-10-10,Merchant 8,77.05666666666667,3.8533333333333335,-6.176666666666667,{'WELCOME'}
Category 1,2025-10-10,Merchant 9,67.6525,4.1025,3.95,"{'NONE','SAVE10','WELCOME'}"
Category 1,2025-10-11,Merchant 10,28.223333333333333,0.79,11.233333333333333,"{'NONE','SAVE10','WELCOME'}"
Category 1,2025-10-11,Merchant 11,79.28,7.93,59.47,{'SAVE10'}
Category 1,2025-10-11,Merchant 12,64.16,3.21,-0.86,{'WELCOME'}
Category 1,2025-10-11,Merchant 13,42.88,4.29,21.64,{'SAVE10'}
Category 1,2025-10-11,Merchant 14,35.04,2.65,-43.84,"{'NONE','SAVE10','WELCOME'}"
Category 1,2025-10-11,Merchant 15,41.7475,1.405,-19.64125,"{'NONE','SAVE10','WELCOME'}"
Category 1,2025-10-11,Merchant 18,25.77,2.58,-5.96,{'SAVE10'}
Category 1,2025-10-11,Merchant 19,23.905,1.195,-55.73,{'WELCOME'}
Category 1,2025-10-11,Merchant 2,35.4,0,-60.77,{'NONE'}
Category 1,2025-10-11,Merchant 20,58.785,2.8875,4.3975,"{'NONE','SAVE10','WELCOME'}"
Category 1,2025-10-11,Merchant 5,39.04,3.77,8.17,"{'SAVE10','WELCOME'}"
Category 1,2025-10-11,Merchant 6,54.245,3.14,36.38,"{'SAVE10','WELCOME'}"
Category 1,2025-10-11,Merchant 7,76.865,7.685,-31.02,{'SAVE10'}
Category 1,2025-10-11,Merchant 8,60.79666666666667,2.3633333333333333,-20.946666666666665,"{'NONE','WELCOME'}"
Category 1,2025-10-11,Merchant 9,41.57833333333333,0.78,-14.303333333333333,"{'NONE','SAVE10','WELCOME'}"
Category 1,2025-10-12,Merchant 1,56.345,5.635,21.05,{'SAVE10'}
Category 1,2025-10-12,Merchant 10,60.38,6.04,38.14,{'SAVE10'}
Category 1,2025-10-12,Merchant 11,18.42,1.84,4.7,{'SAVE10'}
Category 1,2025-10-12,Merchant 12,53.725,1.395,-9.48,"{'NONE','WELCOME'}"
Category 1,2025-10-12,Merchant 13,89.17,4.46,67.76,{'WELCOME'}
Category 1,2025-10-12,Merchant 15,61.731818181818184,2.56,13.2,"{'NONE','SAVE10','WELCOME'}"
Category 1,2025-10-12,Merchant 17,79.23333333333333,3.36,25.253333333333334,"{'NONE','WELCOME'}"
Category 1,2025-10-12,Merchant 18,27.05,1.35,-3.45,{'WELCOME'}
Category 1,2025-10-12,Merchant 2,87.86,8.79,-17.1,{'SAVE10'}
Category 1,2025-10-12,Merchant 3,20.28,1.015,-55.18,{'WELCOME'}
Category 1,2025-10-12,Merchant 5,41.4375,2.775,11.565,"{'SAVE10','WELCOME'}"
Category 1,2025-10-12,Merchant 7,61.29666666666667,5.206666666666667,-4.921666666666667,"{'SAVE10','WELCOME'}"
Category 1,2025-10-12,Merchant 8,54.145,2.35,-25.855,"{'NONE','WELCOME'}"
Category 1,2025-10-12,Merchant 9,60.696666666666665,2.5966666666666667,20.921666666666667,"{'NONE','WELCOME'}"
Category 1,2025-10-13,Merchant 1,53.57,2.92,20.99,"{'SAVE10','WELCOME'}"
Category 1,2025-10-13,Merchant 10,55.55,2.78,36.57,{'WELCOME'}
Category 1,2025-10-13,Merchant 13,66.74666666666667,1.9966666666666666,47.8,"{'NONE','SAVE10','WELCOME'}"
Category 1,2025-10-13,Merchant 15,37.6375,3.035,-15.215,"{'NONE','SAVE10'}"
Category 1,2025-10-13,Merchant 17,44.785,2.24,-8.075,{'WELCOME'}
Category 1,2025-10-13,Merchant 18,67.02,1.63,36.24,"{'NONE','WELCOME'}"
Category 1,2025-10-13,Merchant 19,45.325,2.265,-4.7,{'WELCOME'}
Category 1,2025-10-13,Merchant 2,92.41,4.62,-8.38,{'WELCOME'}
Category 1,2025-10-13,Merchant 20,70.27666666666667,3.513333333333333,15.263333333333334,{'WELCOME'}
Category 1,2025-10-13,Merchant 3,51.38666666666666,3.763333333333333,-24.823333333333334,"{'SAVE10','WELCOME'}"
Category 1,2025-10-13,Merchant 5,34.025,2.69,4.235,"{'SAVE10','WELCOME'}"
Category 1,2025-10-13,Merchant 6,49.61,3.985,30.9,"{'SAVE10','WELCOME'}"
Category 1,2025-10-13,Merchant 7,43.79,0,-0.47,{'NONE'}
Category 1,2025-10-13,Merchant 8,51.85375,2.17,-20.71625,"{'NONE','SAVE10','WELCOME'}"
Category 1,2025-10-13,Merchant 9,44.443333333333335,2.223333333333333,-12.943333333333333,{'WELCOME'}
Category 1,2025-10-14,Merchant 1,33.59,1.84,2.09,"{'SAVE10','WELCOME'}"
Category 1,2025-10-14,Merchant 10,36.05,1.8,18.05,{'WELCOME'}
Category 1,2025-10-14,Merchant 11,33.51,3.35,18.28,{'SAVE10'}
Category 1,2025-10-14,Merchant 12,27.67,1.38,-35.52,{'WELCOME'}
Category 1,2025-10-14,Merchant 14,76.5,5.615,-5.345,"{'SAVE10','WELCOME'}"
Category 1,2025-10-14,Merchant 15,51.287,2.725,-21.987,"{'NONE','SAVE10','WELCOME'}"
Category 1,2025-10-14,Merchant 17,30.24,1.51,-21.89,{'WELCOME'}
Category 1,2025-10-14,Merchant 18,91.45,9.15,53.16,{'SAVE10'}
Category 1,2025-10-14,Merchant 19,28.78,1.914,-47.346,"{'NONE','SAVE10','WELCOME'}"
Category 1,2025-10-14,Merchant 2,29.61,0.515,-67.075,"{'NONE','WELCOME'}"
Category 1,2025-10-14,Merchant 20,75.78,3.79,20.49,{'WELCOME'}
Category 1,2025-10-14,Merchant 3,46.676,1.824,-28.394,"{'NONE','SAVE10','WELCOME'}"
Category 1,2025-10-14,Merchant 5,38.32,0.7,10.52,"{'NONE','WELCOME'}"
Category 1,2025-10-14,Merchant 7,59.86875,3.56875,-20.08,"{'NONE','SAVE10','WELCOME'}"
Category 1,2025-10-14,Merchant 8,50.13666666666666,3.8666666666666667,-33.11,"{'SAVE10','WELCOME'}"
Category 1,2025-10-14,Merchant 9,51.14727272727273,2.7463636363636366,1.0527272727272727,"{'NONE','SAVE10','WELCOME'}"
Category 1,2025-10-15,Merchant 10,21.4,1.07,4.13,{'WELCOME'}
Category 1,2025-10-15,Merchant 11,103.55,5.18,86.49,{'WELCOME'}
Category 1,2025-10-15,Merchant 12,63.45,2.205,-0.565,"{'NONE','WELCOME'}"
Category 1,2025-10-15,Merchant 13,32.39,0,15.44,{'NONE'}
Category 1,2025-10-15,Merchant 14,8.17,0.82,-68.88,{'SAVE10'}
Category 1,2025-10-15,Merchant 15,55.662,1.962,-0.608,"{'NONE','SAVE10','WELCOME'}"
Category 1,2025-10-15,Merchant 17,79.97,4,25.35,{'WELCOME'}
Category 1,2025-10-15,Merchant 19,69.53,4.44,-23.576666666666668,"{'SAVE10','WELCOME'}"
Category 1,2025-10-15,Merchant 2,34.32,3.43,-65.28,{'SAVE10'}
Category 1,2025-10-15,Merchant 3,46.71,4.67,-38.4,{'SAVE10'}
Category 1,2025-10-15,Merchant 5,82.84,4.14,67.74,{'WELCOME'}
Category 1,2025-10-15,Merchant 6,98.47,0,83.74,{'NONE'}
Category 1,2025-10-15,Merchant 7,48.51571428571429,3.3857142857142857,-34.214285714285715,"{'NONE','SAVE10','WELCOME'}"
Category 1,2025-10-15,Merchant 8,30.49,1.5233333333333332,-45.58,{'WELCOME'}
Category 1,2025-10-15,Merchant 9,30.91,3.09,-18.285,{'SAVE10'}
Category 1,2025-10-16,Merchant 1,23.67,1.18,-7.17,{'WELCOME'}
Category 1,2025-10-16,Merchant 12,23.04,2.3,-41.07,{'SAVE10'}
Category 1,2025-10-16,Merchant 13,75.54333333333334,3.776666666666667,54.82,{'WELCOME'}
Category 1,2025-10-16,Merchant 14,76.1375,1.0425,-1.135,"{'NONE','WELCOME'}"
Category 1,2025-10-16,Merchant 15,54.535,2.3733333333333335,12.806666666666667,"{'NONE','SAVE10','WELCOME'}"
Category 1,2025-10-16,Merchant 18,57.87,2.89,25.83,{'WELCOME'}
Category 1,2025-10-16,Merchant 19,39.814,3.198,-31.924,"{'SAVE10','WELCOME'}"
Category 1,2025-10-16,Merchant 2,47.95,4.8,-53.02,{'SAVE10'}
Category 1,2025-10-16,Merchant 20,35.435,1.295,-17.36,"{'NONE','SAVE10','WELCOME'}"
Category 1,2025-10-16,Merchant 3,37.22,1.1266666666666667,-40.35,"{'NONE','SAVE10','WELCOME'}"
Category 1,2025-10-16,Merchant 5,65.06,6.51,47.59,{'SAVE10'}
Category 1,2025-10-16,Merchant 6,14.08,0.7,-1.35,{'WELCOME'}
Category 1,2025-10-16,Merchant 7,30.76,0.9333333333333333,-47.93666666666667,"{'NONE','WELCOME'}"
Category 1,2025-10-16,Merchant 8,55.93,1.772857142857143,-29.271428571428572,"{'NONE','SAVE10','WELCOME'}"
Category 1,2025-10-16,Merchant 9,38.91,2.775,-23.465,"{'SAVE10','WELCOME'}"
Category 1,2025-10-17,Merchant 1,64.98,3.25,32.07,{'WELCOME'}
Category 1,2025-10-17,Merchant 10,29.926666666666666,2.546666666666667,11.18,"{'SAVE10','WELCOME'}"
Category 1,2025-10-17,Merchant 11,104.82,10.48,82.46,{'SAVE10'}
Category 1,2025-10-17,Merchant 12,95.875,4.795,29.27,{'WELCOME'}
Category 1,2025-10-17,Merchant 15,44.56333333333333,3.76,10.493333333333334,"{'SAVE10','WELCOME'}"
Category 1,2025-10-17,Merchant 17,27.34,1.37,-24.65,{'WELCOME'}
Category 1,2025-10-17,Merchant 19,18.51,1.85,-78.28,{'SAVE10'}
Category 1,2025-10-17,Merchant 2,51.71,2.59,-47.05,{'WELCOME'}
Category 1,2025-10-17,Merchant 20,73.45,5.42,16.53,"{'SAVE10','WELCOME'}"
Category 1,2025-10-17,Merchant 3,33.85,0.88,-40.276,"{'NONE','SAVE10','WELCOME'}"
Category 1,2025-10-17,Merchant 6,52.54,0,37.81,{'NONE'}
Category 1,2025-10-17,Merchant 7,36.77,0.53,-56.38,"{'NONE','WELCOME'}"
Category 1,2025-10-17,Merchant 8,67.76333333333334,1.5533333333333332,-8.336666666666666,"{'NONE','WELCOME'}"
Category 1,2025-10-17,Merchant 9,66.866,4.022,19.392,"{'SAVE10','WELCOME'}"
Category 1,2025-10-18,Merchant 1,23.24,1.16,-7.58,{'WELCOME'}
Category 1,2025-10-18,Merchant 10,35.306666666666665,3.53,15.576666666666666,{'SAVE10'}
Category 1,2025-10-18,Merchant 11,28.25,1.41,14.96,{'WELCOME'}
Category 1,2025-10-18,Merchant 12,28.75,0,-33.06,{'NONE'}
Category 1,2025-10-18,Merchant 13,64.735,4.27,43.515,"{'NONE','SAVE10'}"
Category 1,2025-10-18,Merchant 15,87.16,1.772,18.612,"{'NONE','WELCOME'}"
Category 1,2025-10-18,Merchant 17,89.9,4.5,34.79,{'WELCOME'}
Category 1,2025-10-18,Merchant 18,33.25666666666667,3.3266666666666667,0.78,{'SAVE10'}
Category 1,2025-10-18,Merchant 19,62.15571428571429,2.252857142857143,-12.128571428571428,"{'NONE','SAVE10','WELCOME'}"
Category 1,2025-10-18,Merchant 2,43.723333333333336,2.183333333333333,-54.63,{'WELCOME'}
Category 1,2025-10-18,Merchant 20,72.23,0,20.73,{'NONE'}
Category 1,2025-10-18,Merchant 3,75.792,3.84,-1.294,"{'NONE','SAVE10','WELCOME'}"
Category 1,2025-10-18,Merchant 5,70.83666666666667,2.526666666666667,35.83,"{'NONE','WELCOME'}"
Category 1,2025-10-18,Merchant 6,40.235,2.01,23.495,{'WELCOME'}
Category 1,2025-10-18,Merchant 7,71.46666666666667,4.78,3.78,"{'SAVE10','WELCOME'}"
Category 1,2025-10-18,Merchant 8,33.58,1.86,-38.68,"{'SAVE10','WELCOME'}"
Category 1,2025-10-18,Merchant 9,42.755,1.4583333333333333,-16.088333333333335,"{'NONE','SAVE10','WELCOME'}"
Category 1,2025-10-19,Merchant 1,18.26,0.91,-12.31,{'WELCOME'}
Category 1,2025-10-19,Merchant 10,97.35,9.74,71.42,{'SAVE10'}
Category 1,2025-10-19,Merchant 11,68.79,6.88,50.03,{'SAVE10'}
Category 1,2025-10-19,Merchant 12,58.695,2.51,-5.625,"{'NONE','WELCOME'}"
Category 1,2025-10-19,Merchant 13,64.67,3.235,44.485,{'WELCOME'}
Category 1,2025-10-19,Merchant 14,58.79,5.88,-23.32,{'SAVE10'}
Category 1,2025-10-19,Merchant 15,49.88142857142857,2.3257142857142856,2.3457142857142856,"{'NONE','SAVE10','WELCOME'}"
Category 1,2025-10-19,Merchant 17,77.56,3.88,23.06,{'WELCOME'}
Category 1,2025-10-19,Merchant 18,49.395,3.74,16.505,"{'SAVE10','WELCOME'}"
Category 1,2025-10-19,Merchant 19,45.40833333333333,0.9583333333333334,-28.49,"{'NONE','SAVE10','WELCOME'}"
Category 1,2025-10-19,Merchant 2,67.66666666666667,3.3833333333333333,-31.886666666666667,{'WELCOME'}
Category 1,2025-10-19,Merchant 20,67.1025,4.9475,10.655,"{'NONE','SAVE10','WELCOME'}"
Category 1,2025-10-19,Merchant 3,74.67,5.403333333333333,-3.1766666666666667,"{'SAVE10','WELCOME'}"
Category 1,2025-10-19,Merchant 5,52.02,2.6,38.46,{'WELCOME'}
Category 1,2025-10-19,Merchant 7,10.74,0,-33.52,{'NONE'}
Category 1,2025-10-19,Merchant 8,38.07666666666667,1.2766666666666666,-42.58,"{'NONE','WELCOME'}"
Category 1,2025-10-19,Merchant 9,54.523,3.013,14.776,"{'NONE','SAVE10','WELCOME'}"
Category 1,2025-10-20,Merchant 10,50.76,0,34.56,{'NONE'}
Category 1,2025-10-20,Merchant 11,55.095,1.26,41.955,"{'NONE','WELCOME'}"
Category 1,2025-10-20,Merchant 12,91.06,0,29.25,{'NONE'}
Category 1,2025-10-20,Merchant 15,49.056666666666665,3.0833333333333335,-17.43,"{'SAVE10','WELCOME'}"
Category 1,2025-10-20,Merchant 17,56.22,2.81,2.79,{'WELCOME'}
Category 1,2025-10-20,Merchant 18,8.3,0.42,-21.27,{'WELCOME'}
Category 1,2025-10-20,Merchant 19,22.37,0,-63.16,{'NONE'}
Category 1,2025-10-20,Merchant 3,14.22,0,-66.22,{'NONE'}
Category 1,2025-10-20,Merchant 5,70.97,0,27.73,{'NONE'}
Category 1,2025-10-20,Merchant 6,22.225,0,7.495,{'NONE'}
Category 1,2025-10-20,Merchant 7,37.61,1.88,-36.5,{'WELCOME'}
Category 1,2025-10-20,Merchant 8,42.0525,1.5075,-39.7,"{'NONE','SAVE10','WELCOME'}"
Category 1,2025-10-20,Merchant 9,51.656,4.202,4.002,"{'NONE','SAVE10','WELCOME'}"
Category 1,2025-10-21,Merchant 1,8.44,0.84,-22.06,{'SAVE10'}
Category 1,2025-10-21,Merchant 10,64.55,3.23,45.12,{'WELCOME'}
Category 1,2025-10-21,Merchant 11,34.73,0,22.85,{'NONE'}
Category 1,2025-10-21,Merchant 12,34.0675,0.7975,-28.54,"{'NONE','WELCOME'}"
Category 1,2025-10-21,Merchant 13,29.11,0.845,11.315,"{'NONE','WELCOME'}"
Category 1,2025-10-21,Merchant 14,64.59,6.46,-18.1,{'SAVE10'}
Category 1,2025-10-21,Merchant 15,63.872,5.194,7.952,"{'NONE','SAVE10'}"
Category 1,2025-10-21,Merchant 18,23.43,0,-5.72,{'NONE'}
Category 1,2025-10-21,Merchant 19,54.278,1.916,-29.378,"{'NONE','WELCOME'}"
Category 1,2025-10-21,Merchant 2,69.62666666666667,6.963333333333333,-33.50666666666667,{'SAVE10'}
Category 1,2025-10-21,Merchant 20,51.575,5.155,-5.08,{'SAVE10'}
Category 1,2025-10-21,Merchant 3,56.45666666666666,2.066666666666667,-18.05666666666667,"{'NONE','SAVE10','WELCOME'}"
Category 1,2025-10-21,Merchant 5,54.34,4.43,6.67,"{'SAVE10','WELCOME'}"
Category 1,2025-10-21,Merchant 6,63.51,4.2475,44.5325,"{'SAVE10','WELCOME'}"
Category 1,2025-10-21,Merchant 7,95.08,4.75,-9.87,{'WELCOME'}
Category 1,2025-10-21,Merchant 8,78.1175,3.875,-19.4725,"{'NONE','SAVE10','WELCOME'}"
Category 1,2025-10-21,Merchant 9,70.1775,0.4275,6.8175,"{'NONE','WELCOME'}"
Category 1,2025-10-22,Merchant 1,28.95,0,-0.71,{'NONE'}
Category 1,2025-10-22,Merchant 10,25.04,1.25,7.59,{'WELCOME'}
Category 1,2025-10-22,Merchant 12,45.23,2.26,-18.84,{'WELCOME'}
Category 1,2025-10-22,Merchant 13,57.7,3.365,37.385,"{'NONE','SAVE10'}"
Category 1,2025-10-22,Merchant 14,30.315,2.71,-48.625,"{'NONE','SAVE10'}"
Category 1,2025-10-22,Merchant 15,72.17,4.205555555555556,6.803333333333334,"{'NONE','SAVE10','WELCOME'}"
Category 1,2025-10-22,Merchant 18,61.625,4.745,27.73,"{'SAVE10','WELCOME'}"
Category 1,2025-10-22,Merchant 19,67.7225,1.54,-7.5525,"{'NONE','WELCOME'}"
Category 1,2025-10-22,Merchant 2,84.69,4.23,-15.71,{'WELCOME'}
Category 1,2025-10-22,Merchant 20,85.5,4.28,29.73,{'WELCOME'}
Category 1,2025-10-22,Merchant 3,90.89,9.09,13.35,{'SAVE10'}
Category 1,2025-10-22,Merchant 5,40.78,3.462,13.446,"{'NONE','SAVE10','WELCOME'}"
Category 1,2025-10-22,Merchant 6,33.54,1.68,17.13,{'WELCOME'}
Category 1,2025-10-22,Merchant 7,25.285,1.26,-48.205,{'WELCOME'}
Category 1,2025-10-22,Merchant 8,79.95,1.69,-4.58,"{'NONE','WELCOME'}"
Category 1,2025-10-22,Merchant 9,43.412,3.368,10.012,"{'SAVE10','WELCOME'}"
Category 1,2025-10-23,Merchant 1,68.68333333333334,3.8533333333333335,35.17333333333333,"{'NONE','SAVE10'}"
Category 1,2025-10-23,Merchant 10,40.67,0,24.47,{'NONE'}
Category 1,2025-10-23,Merchant 12,98.05,4.9,31.34,{'WELCOME'}
Category 1,2025-10-23,Merchant 13,65.965,5.485,43.53,"{'SAVE10','WELCOME'}"
Category 1,2025-10-23,Merchant 14,69.23666666666666,4.776666666666666,-11.77,"{'SAVE10','WELCOME'}"
Category 1,2025-10-23,Merchant 15,48.705,1.9566666666666668,2.966666666666667,"{'NONE','SAVE10','WELCOME'}"
Category 1,2025-10-23,Merchant 17,60.135,4.37,5.145,"{'SAVE10','WELCOME'}"
Category 1,2025-10-23,Merchant 19,76.93,0,0.81,{'NONE'}
Category 1,2025-10-23,Merchant 20,43.45,0,-8.05,{'NONE'}
Category 1,2025-10-23,Merchant 3,27.285,1.985,-49.145,"{'SAVE10','WELCOME'}"
Category 1,2025-10-23,Merchant 5,47.45,2.37,1.84,{'WELCOME'}
Category 1,2025-10-23,Merchant 7,68.33333333333333,4.453333333333333,-10.093333333333334,"{'SAVE10','WELCOME'}"
Category 1,2025-10-23,Merchant 8,48.20666666666666,3.163333333333333,-34.336666666666666,"{'SAVE10','WELCOME'}"
Category 1,2025-10-23,Merchant 9,51.266666666666666,4.023333333333333,-3.3533333333333335,"{'SAVE10','WELCOME'}"
Category 1,2025-10-24,Merchant 1,7.8,0,-21.86,{'NONE'}
Category 1,2025-10-24,Merchant 10,57.24333333333333,4.006666666666667,37.03666666666667,"{'NONE','SAVE10','WELCOME'}"
Category 1,2025-10-24,Merchant 11,48.55,4.86,31.82,{'SAVE10'}
Category 1,2025-10-24,Merchant 13,61.68,3.08,41.65,{'WELCOME'}
Category 1,2025-10-24,Merchant 14,71.33,3.57,-8.47,{'WELCOME'}
Category 1,2025-10-24,Merchant 15,51.22,1.3571428571428572,16.23,"{'NONE','SAVE10','WELCOME'}"
Category 1,2025-10-24,Merchant 19,80.91,8.09,-3.3,{'SAVE10'}
Category 1,2025-10-24,Merchant 2,45.015,2.8,-53.955,"{'SAVE10','WELCOME'}"
Category 1,2025-10-24,Merchant 20,71.35,0,19.85,{'NONE'}
Category 1,2025-10-24,Merchant 3,49.085,0,-25.36,{'NONE'}
Category 1,2025-10-24,Merchant 5,55.075,2.7525,33.2925,{'WELCOME'}
Category 1,2025-10-24,Merchant 6,86.54,0,71.81,{'NONE'}
Category 1,2025-10-24,Merchant 7,53.2325,1.9,-34.8825,"{'NONE','SAVE10','WELCOME'}"
Category 1,2025-10-24,Merchant 8,43.575,1.385,-55.15,"{'NONE','WELCOME'}"
Category 1,2025-10-24,Merchant 9,49.5,3.096,-5.12,"{'NONE','SAVE10','WELCOME'}"
Category 1,2025-10-25,Merchant 1,56.825,0.435,26.73,"{'NONE','WELCOME'}"
Category 1,2025-10-25,Merchant 11,56.39,0,44.51,{'NONE'}
Category 1,2025-10-25,Merchant 12,45.53666666666667,2.276666666666667,-18.55,{'WELCOME'}
Category 1,2025-10-25,Merchant 13,86.7225,4.3375,65.44,{'WELCOME'}
Category 1,2025-10-25,Merchant 14,38.5475,0.555,-38.2375,"{'NONE','SAVE10','WELCOME'}"
Category 1,2025-10-25,Merchant 15,43.88,2.1975,-23.9275,{'WELCOME'}
Category 1,2025-10-25,Merchant 17,79.62,3.98,25.02,{'WELCOME'}
Category 1,2025-10-25,Merchant 19,69.355,5.93,-26.81,"{'SAVE10','WELCOME'}"
Category 1,2025-10-25,Merchant 3,44.365,2.22,-38.295,{'WELCOME'}
Category 1,2025-10-25,Merchant 5,47.78,2.135,34.685,"{'NONE','WELCOME'}"
Category 1,2025-10-25,Merchant 6,55.55,2.283333333333333,38.53666666666667,"{'NONE','WELCOME'}"
Category 1,2025-10-25,Merchant 7,87.615,5.4725,-1.23,"{'SAVE10','WELCOME'}"
Category 1,2025-10-25,Merchant 8,66.13285714285715,3.6742857142857144,-15.932857142857143,"{'NONE','SAVE10','WELCOME'}"
Category 1,2025-10-25,Merchant 9,19.235,0.765,-0.75,"{'NONE','WELCOME'}"
Category 1,2025-10-26,Merchant 1,56.38,5.64,21.08,{'SAVE10'}
Category 1,2025-10-26,Merchant 10,13.53,1.35,-4.02,{'SAVE10'}
Category 1,2025-10-26,Merchant 12,100.81,5.04,33.96,{'WELCOME'}
Category 1,2025-10-26,Merchant 13,39.065,1.955,20.16,{'WELCOME'}
Category 1,2025-10-26,Merchant 14,62.01,1.69,-15.91,"{'NONE','WELCOME'}"
Category 1,2025-10-26,Merchant 15,37.13666666666666,2.3066666666666666,-43.48,"{'SAVE10','WELCOME'}"
Category 1,2025-10-26,Merchant 17,99.59,4.98,43.99,{'WELCOME'}
Category 1,2025-10-26,Merchant 18,42.19,4.22,8.82,{'SAVE10'}
Category 1,2025-10-26,Merchant 19,25.618,1.084,-49.678,"{'NONE','WELCOME'}"
Category 1,2025-10-26,Merchant 2,103.62,10.36,-2.91,{'SAVE10'}
Category 1,2025-10-26,Merchant 20,40.995,2.05,-12.555,{'WELCOME'}
Category 1,2025-10-26,Merchant 3,48.983333333333334,0.16333333333333333,-23.626666666666665,"{'NONE','WELCOME'}"
Category 1,2025-10-26,Merchant 5,70.86333333333333,4.153333333333333,34.23,"{'SAVE10','WELCOME'}"
Category 1,2025-10-26,Merchant 6,43.946666666666665,2.1966666666666668,27.02,{'WELCOME'}
Category 1,2025-10-26,Merchant 7,37.07,2.3133333333333335,-57.86333333333334,"{'SAVE10','WELCOME'}"
Category 1,2025-10-26,Merchant 8,64.755,3.52,-15.385,"{'SAVE10','WELCOME'}"
Category 1,2025-10-26,Merchant 9,66.99333333333334,5.03,2.356666666666667,"{'SAVE10','WELCOME'}"
Category 1,2025-10-27,Merchant 1,85.14,4.26,51.22,{'WELCOME'}
Category 1,2025-10-27,Merchant 10,63.2875,0.73,46.3575,"{'NONE','WELCOME'}"
Category 1,2025-10-27,Merchant 11,49.745,3.31,34.555,"{'SAVE10','WELCOME'}"
Category 1,2025-10-27,Merchant 12,86.315,6.295,18.215,"{'SAVE10','WELCOME'}"
Category 1,2025-10-27,Merchant 13,37.815,1.79,19.075,"{'NONE','SAVE10'}"
Category 1,2025-10-27,Merchant 15,47.79888888888889,2.902222222222222,-5.361111111111111,"{'NONE','SAVE10','WELCOME'}"
Category 1,2025-10-27,Merchant 17,92.34,0,41.72,{'NONE'}
Category 1,2025-10-27,Merchant 18,8.78,0,-20.37,{'NONE'}
Category 1,2025-10-27,Merchant 19,9.05,0.775,-53.665,"{'SAVE10','WELCOME'}"
Category 1,2025-10-27,Merchant 2,83.1,8.31,-21.38,{'SAVE10'}
Category 1,2025-10-27,Merchant 20,81.96,4.1,26.36,{'WELCOME'}
Category 1,2025-10-27,Merchant 3,79.36333333333333,4.85,6.0633333333333335,"{'SAVE10','WELCOME'}"
Category 1,2025-10-27,Merchant 5,83.87,4.19,36.44,{'WELCOME'}
Category 1,2025-10-27,Merchant 7,79.95,2.703333333333333,-0.5166666666666667,"{'NONE','WELCOME'}"
Category 1,2025-10-27,Merchant 8,44.86666666666667,0.9966666666666667,-22.383333333333333,"{'NONE','WELCOME'}"
Category 1,2025-10-27,Merchant 9,54.935,1.8325,-6.445,"{'NONE','SAVE10','WELCOME'}"
Category 1,2025-10-28,Merchant 1,95.78,4.79,61.33,{'WELCOME'}
Category 1,2025-10-28,Merchant 10,23.22,1.16,5.86,{'WELCOME'}
Category 1,2025-10-28,Merchant 11,55.373333333333335,0.2966666666666667,43.196666666666665,"{'NONE','SAVE10'}"
Category 1,2025-10-28,Merchant 12,63.925,2.3,-0.185,"{'NONE','WELCOME'}"
Category 1,2025-10-28,Merchant 13,48.666666666666664,0.9766666666666667,30.74,"{'NONE','WELCOME'}"
Category 1,2025-10-28,Merchant 15,69.4375,3.2625,29.9875,"{'NONE','SAVE10','WELCOME'}"
Category 1,2025-10-28,Merchant 19,57.525,1.73,-20.325,"{'NONE','WELCOME'}"
Category 1,2025-10-28,Merchant 20,75.61,0,24.11,{'NONE'}
Category 1,2025-10-28,Merchant 3,53.89,2.6975,-26.25,{'WELCOME'}
Category 1,2025-10-28,Merchant 5,99.12,9.91,78.25,{'SAVE10'}
Category 1,2025-10-28,Merchant 6,77.35,3.87,58.75,{'WELCOME'}
Category 1,2025-10-28,Merchant 7,51.546,2.794,-22.25,"{'NONE','SAVE10','WELCOME'}"
Category 1,2025-10-28,Merchant 8,26.605,1.49,-64.975,"{'SAVE10','WELCOME'}"
Category 1,2025-10-28,Merchant 9,76.91714285714286,2.04,13.37,"{'NONE','SAVE10','WELCOME'}"
Category 1,2025-10-29,Merchant 1,18.39,1.085,-12.355,"{'SAVE10','WELCOME'}"
Category 1,2025-10-29,Merchant 11,48.973333333333336,2.83,34.263333333333335,"{'SAVE10','WELCOME'}"
Category 1,2025-10-29,Merchant 13,88.83,2.055,69.825,"{'NONE','WELCOME'}"
Category 1,2025-10-29,Merchant 14,75.2,3.76,-4.79,{'WELCOME'}
Category 1,2025-10-29,Merchant 15,55.19714285714286,2.1871428571428573,-3.7885714285714287,"{'NONE','SAVE10','WELCOME'}"
Category 1,2025-10-29,Merchant 17,90.32,0,39.7,{'NONE'}
Category 1,2025-10-29,Merchant 19,63.69,3.185,-10.845,{'WELCOME'}
Category 1,2025-10-29,Merchant 2,80.51,4.03,-19.69,{'WELCOME'}
Category 1,2025-10-29,Merchant 20,14.25,1.43,-38.68,{'SAVE10'}
Category 1,2025-10-29,Merchant 3,62.13,6.21,-12.53,{'SAVE10'}
Category 1,2025-10-29,Merchant 5,99.6,4.98,51.38,{'WELCOME'}
Category 1,2025-10-29,Merchant 6,75.01,0,60.28,{'NONE'}
Category 1,2025-10-29,Merchant 7,47.78,2.91,-30.68,"{'SAVE10','WELCOME'}"
Category 1,2025-10-29,Merchant 8,73.82666666666667,4.196666666666666,-22.876666666666665,"{'NONE','SAVE10','WELCOME'}"
Category 1,2025-10-29,Merchant 9,76.62,3.83,-0.2,{'WELCOME'}
Category 1,2025-10-30,Merchant 10,37.39,2.06,19.13,"{'SAVE10','WELCOME'}"
Category 1,2025-10-30,Merchant 12,90.86,0,29.05,{'NONE'}
Category 1,2025-10-30,Merchant 15,41.58833333333333,1.2833333333333332,-6.501666666666667,"{'NONE','SAVE10','WELCOME'}"
Category 1,2025-10-30,Merchant 17,74.8,3.74,20.44,{'WELCOME'}
Category 1,2025-10-30,Merchant 18,65.55,3.28,33.12,{'WELCOME'}
Category 1,2025-10-30,Merchant 19,72.87666666666667,4.12,-19.91,"{'SAVE10','WELCOME'}"
Category 1,2025-10-30,Merchant 2,42.61,4.26,-57.82,{'SAVE10'}
Category 1,2025-10-30,Merchant 3,88.65,4.43,15.77,{'WELCOME'}
Category 1,2025-10-30,Merchant 5,68.602,4.186,47.002,"{'NONE','SAVE10','WELCOME'}"
Category 1,2025-10-30,Merchant 6,100.24,5.01,80.5,{'WELCOME'}
Category 1,2025-10-30,Merchant 7,61.9375,4.7825,-1.09,"{'SAVE10','WELCOME'}"
Category 1,2025-10-30,Merchant 8,65.21666666666667,4.22,-23.216666666666665,"{'SAVE10','WELCOME'}"
Category 1,2025-10-30,Merchant 9,46.44714285714286,0.8471428571428572,-8.237142857142857,"{'NONE','WELCOME'}"
Category 1,2025-10-31,Merchant 11,38.74,3.87,22.99,{'SAVE10'}
Category 1,2025-10-31,Merchant 12,57.71,0,-4.1,{'NONE'}
Category 1,2025-10-31,Merchant 14,48.346666666666664,2.9766666666666666,-30.86,"{'SAVE10','WELCOME'}"
Category 1,2025-10-31,Merchant 15,37.14,1.932,-17.082,"{'NONE','SAVE10','WELCOME'}"
Category 1,2025-10-31,Merchant 17,65.9825,3.3,12.065,{'WELCOME'}
Category 1,2025-10-31,Merchant 19,74.19666666666667,4.536666666666667,-9.553333333333333,"{'NONE','SAVE10'}"
Category 1,2025-10-31,Merchant 20,77.73,3.89,22.34,{'WELCOME'}
Category 1,2025-10-31,Merchant 3,51.816,3.54,-27.368,"{'NONE','SAVE10','WELCOME'}"
Category 1,2025-10-31,Merchant 5,61.75,1.31,33.34,"{'NONE','WELCOME'}"
Category 1,2025-10-31,Merchant 6,75.945,5.065,56.15,"{'NONE','SAVE10'}"
Category 1,2025-10-31,Merchant 7,51.245,3.24,-49.3525,"{'SAVE10','WELCOME'}"
Category 1,2025-10-31,Merchant 8,57.208,1.778,-31.134,"{'NONE','WELCOME'}"
Category 1,2025-10-31,Merchant 9,52.6075,4.06875,0.705,"{'NONE','SAVE10','WELCOME'}"
Category 1,2025-11-01,Merchant 10,35.34,1.77,17.37,{'WELCOME'}
Category 1,2025-11-01,Merchant 11,49.012,2.366,34.766,"{'NONE','SAVE10','WELCOME'}"
Category 1,2025-11-01,Merchant 12,50.95,2.16,-13.02,"{'NONE','WELCOME'}"
Category 1,2025-11-01,Merchant 13,31.11,1.56,12.605,{'WELCOME'}
Category 1,2025-11-01,Merchant 15,71.05142857142857,6.2214285714285715,38.714285714285715,"{'SAVE10','WELCOME'}"
Category 1,2025-11-01,Merchant 17,52.67,2.63,-0.58,{'WELCOME'}
Category 1,2025-11-01,Merchant 18,28.065,0.51,-1.595,"{'NONE','WELCOME'}"
Category 1,2025-11-01,Merchant 19,51.87,5.19,-48.26,{'SAVE10'}
Category 1,2025-11-01,Merchant 2,74.81666666666666,3.74,-25.093333333333334,{'WELCOME'}
Category 1,2025-11-01,Merchant 20,21.98,1.1,-30.62,{'WELCOME'}
Category 1,2025-11-01,Merchant 3,66.765,4.588333333333333,-12.266666666666667,"{'NONE','SAVE10','WELCOME'}"
Category 1,2025-11-01,Merchant 5,51.035,2.5966666666666667,26.718333333333334,"{'NONE','SAVE10','WELCOME'}"
Category 1,2025-11-01,Merchant 6,90.84,4.54,71.57,{'WELCOME'}
Category 1,2025-11-01,Merchant 7,54.32333333333333,1.9733333333333334,-10.556666666666667,"{'NONE','SAVE10','WELCOME'}"
Category 1,2025-11-01,Merchant 8,90.05,4.5,27.59,{'WELCOME'}
Category 1,2025-11-01,Merchant 9,58.644285714285715,4.011428571428572,6.561428571428571,"{'SAVE10','WELCOME'}"
Category 1,2025-11-02,Merchant 1,20.08,1.005,-10.585,{'WELCOME'}
Category 1,2025-11-02,Merchant 10,51.8325,2.0275,33.605,"{'NONE','SAVE10','WELCOME'}"
Category 1,2025-11-02,Merchant 11,35.656666666666666,1.4966666666666666,22.28,"{'NONE','WELCOME'}"
Category 1,2025-11-02,Merchant 13,64.07,4.53,42.59,"{'SAVE10','WELCOME'}"
Category 1,2025-11-02,Merchant 14,78.92,7.89,-5.2,{'SAVE10'}
Category 1,2025-11-02,Merchant 15,69.94714285714285,3.184285714285714,4.735714285714286,"{'NONE','SAVE10','WELCOME'}"
Category 1,2025-11-02,Merchant 17,9.68,0.97,-41.91,{'SAVE10'}
Category 1,2025-11-02,Merchant 20,77.9,3.335,23.0675,"{'NONE','WELCOME'}"
Category 1,2025-11-02,Merchant 3,44.18666666666667,0.65,-28.91,"{'NONE','SAVE10','WELCOME'}"
Category 1,2025-11-02,Merchant 5,32.07,2.13,-2.54,"{'SAVE10','WELCOME'}"
Category 1,2025-11-02,Merchant 6,99.51,0,84.78,{'NONE'}
Category 1,2025-11-02,Merchant 7,56.77,2.7,-19.903333333333332,"{'NONE','SAVE10'}"
Category 1,2025-11-02,Merchant 8,53.482,1.556,-31.738,"{'NONE','WELCOME'}"
Category 1,2025-11-02,Merchant 9,35.398,0.828,-6.2,"{'NONE','WELCOME'}"
Category 1,2025-11-03,Merchant 1,63.02,6.3,27.06,{'SAVE10'}
Category 1,2025-11-03,Merchant 10,66.515,0.745,49.57,"{'NONE','WELCOME'}"
Category 1,2025-11-03,Merchant 11,34.53,1.725,20.925,{'WELCOME'}
Category 1,2025-11-03,Merchant 12,65.18,4.345,-0.975,"{'SAVE10','WELCOME'}"
Category 1,2025-11-03,Merchant 13,40.17,0,23.22,{'NONE'}
Category 1,2025-11-03,Merchant 14,77.69,4.9125,-3.4525,"{'NONE','SAVE10','WELCOME'}"
Category 1,2025-11-03,Merchant 15,29.6675,1.1775,-32.5075,"{'NONE','WELCOME'}"
Category 1,2025-11-03,Merchant 19,70.8,5.55,-17.143333333333334,"{'SAVE10','WELCOME'}"
Category 1,2025-11-03,Merchant 2,72.38,4.675,-28.465,"{'SAVE10','WELCOME'}"
Category 1,2025-11-03,Merchant 3,28.72,2.87,-42.6,{'SAVE10'}
Category 1,2025-11-03,Merchant 5,10.86,1.09,-1.19,{'SAVE10'}
Category 1,2025-11-03,Merchant 6,66.845,5.355,46.76,"{'SAVE10','WELCOME'}"
Category 1,2025-11-03,Merchant 7,40.91,1.95,-38.803333333333335,"{'NONE','SAVE10','WELCOME'}"
Category 1,2025-11-03,Merchant 8,92.76,2.37,12.74,"{'NONE','WELCOME'}"
Category 1,2025-11-03,Merchant 9,30.914,1.73,-25.022,"{'NONE','SAVE10','WELCOME'}"
Category 1,2025-11-04,Merchant 1,70.25666666666666,2.66,37.93666666666667,"{'NONE','WELCOME'}"
Category 1,2025-11-04,Merchant 10,20.15,1.01,2.94,{'WELCOME'}
Category 1,2025-11-04,Merchant 11,18.695,0,6.815,{'NONE'}
Category 1,2025-11-04,Merchant 13,46.975,0,30.025,{'NONE'}
Category 1,2025-11-04,Merchant 14,69.322,3.242,-10.15,"{'NONE','WELCOME'}"
Category 1,2025-11-04,Merchant 15,55.15428571428571,1.82,14.472857142857142,"{'NONE','WELCOME'}"
Category 1,2025-11-04,Merchant 19,83.055,3.435,8.27,"{'NONE','SAVE10'}"
Category 1,2025-11-04,Merchant 2,88.49,4.42,-12.1,{'WELCOME'}
Category 1,2025-11-04,Merchant 20,58.615,2.93,4.185,{'WELCOME'}
Category 1,2025-11-04,Merchant 3,59.17333333333333,5.916666666666667,-23.186666666666667,{'SAVE10'}
Category 1,2025-11-04,Merchant 5,41.45,3.0533333333333332,5.916666666666667,"{'SAVE10','WELCOME'}"
Category 1,2025-11-04,Merchant 6,43.2125,0.2925,28.19,"{'NONE','WELCOME'}"
Category 1,2025-11-04,Merchant 7,38.1575,1.53,-46.745,"{'NONE','SAVE10','WELCOME'}"
Category 1,2025-11-04,Merchant 8,42.485,1.605,-42.99,"{'NONE','SAVE10','WELCOME'}"
Category 1,2025-11-04,Merchant 9,54.54666666666667,3.8866666666666667,17.986666666666668,"{'SAVE10','WELCOME'}"
Category 1,2025-11-05,Merchant 1,54.06,0,24.4,{'NONE'}
Category 1,2025-11-05,Merchant 10,38.83,1.94,20.69,{'WELCOME'}
Category 1,2025-11-05,Merchant 12,33.74,1.69,-29.76,{'WELCOME'}
Category 1,2025-11-05,Merchant 13,68.735,3.44,48.345,{'WELCOME'}
Category 1,2025-11-05,Merchant 15,39.355555555555554,1.248888888888889,-22.34111111111111,"{'NONE','SAVE10','WELCOME'}"
Category 1,2025-11-05,Merchant 19,57.0875,2.855,-19.5025,{'WELCOME'}
Category 1,2025-11-05,Merchant 20,44.335,1.67,-8.835,"{'NONE','WELCOME'}"
Category 1,2025-11-05,Merchant 5,66.192,2.388,33.476,"{'NONE','SAVE10','WELCOME'}"
Category 1,2025-11-05,Merchant 6,66.98,3.35,48.9,{'WELCOME'}
Category 1,2025-11-05,Merchant 7,28.983333333333334,0.5733333333333334,-49.35333333333333,"{'NONE','WELCOME'}"
Category 1,2025-11-05,Merchant 8,55.5075,5.4425,-30.18,"{'SAVE10','WELCOME'}"
Category 1,2025-11-05,Merchant 9,48.38,0.9966666666666667,-3.2133333333333334,"{'NONE','WELCOME'}"
Category 1,2025-11-06,Merchant 10,38.72,1.675,20.845,"{'NONE','WELCOME'}"
Category 1,2025-11-06,Merchant 11,6.76,0.34,-5.46,{'WELCOME'}
Category 1,2025-11-06,Merchant 12,49.345,2.465,-14.93,{'WELCOME'}
Category 1,2025-11-06,Merchant 13,69.565,2.5,50.115,"{'NONE','WELCOME'}"
Category 1,2025-11-06,Merchant 14,67.07,1.6266666666666667,-10.786666666666667,"{'NONE','WELCOME'}"
Category 1,2025-11-06,Merchant 15,48.8275,1.5675,-13.7375,"{'NONE','WELCOME'}"
Category 1,2025-11-06,Merchant 17,58.42,4.153333333333333,3.6466666666666665,"{'NONE','SAVE10'}"
Category 1,2025-11-06,Merchant 2,71.57,0,-24.6,{'NONE'}
Category 1,2025-11-06,Merchant 20,30.72,1.54,-22.32,{'WELCOME'}
Category 1,2025-11-06,Merchant 3,72.53666666666666,1.3633333333333333,2.723333333333333,"{'NONE','WELCOME'}"
Category 1,2025-11-06,Merchant 5,37.19,3.72,6.37,{'SAVE10'}
Category 1,2025-11-06,Merchant 7,24.74,1.515,-71.29,"{'SAVE10','WELCOME'}"
Category 1,2025-11-06,Merchant 8,68.97333333333333,3.45,-26.983333333333334,{'WELCOME'}
Category 1,2025-11-06,Merchant 9,49.81166666666667,2.2483333333333335,-5.303333333333334,"{'NONE','SAVE10','WELCOME'}"
Category 1,2025-11-07,Merchant 1,55.29,3.61,22.02,"{'SAVE10','WELCOME'}"
Category 1,2025-11-07,Merchant 10,86.68,4.33,66.15,{'WELCOME'}
Category 1,2025-11-07,Merchant 11,67.26666666666667,1.78,53.60666666666667,"{'NONE','WELCOME'}"
Category 1,2025-11-07,Merchant 12,96.08,4.8,29.47,{'WELCOME'}
Category 1,2025-11-07,Merchant 13,22.79,1.14,4.7,{'WELCOME'}
Category 1,2025-11-07,Merchant 14,53.032,2.988,-26.186,"{'SAVE10','WELCOME'}"
Category 1,2025-11-07,Merchant 15,55.448,2.002,-18.75,"{'NONE','WELCOME'}"
Category 1,2025-11-07,Merchant 17,60.17,0,9.55,{'NONE'}
Category 1,2025-11-07,Merchant 18,41.595,2.08,10.365,{'WELCOME'}
Category 1,2025-11-07,Merchant 19,53.875,2.695,-43.76,{'WELCOME'}
Category 1,2025-11-07,Merchant 20,95.95,4.8,39.65,{'WELCOME'}
Category 1,2025-11-07,Merchant 3,33.0475,1.375,-42.7725,"{'NONE','SAVE10','WELCOME'}"
Category 1,2025-11-07,Merchant 5,46.56,1.63,17.83,"{'NONE','WELCOME'}"
Category 1,2025-11-07,Merchant 6,26.55,0,11.82,{'NONE'}
Category 1,2025-11-07,Merchant 7,23.37,2.005,-73.15,"{'SAVE10','WELCOME'}"
Category 1,2025-11-07,Merchant 8,44.075,1.155,-40.95,"{'NONE','SAVE10','WELCOME'}"
Category 1,2025-11-07,Merchant 9,50.13,1.315,2.565,"{'NONE','SAVE10'}"
Category 1,2025-11-08,Merchant 10,14.89,0.74,-2.05,{'WELCOME'}
Category 1,2025-11-08,Merchant 11,11.44,0.575,-1.015,{'WELCOME'}
Category 1,2025-11-08,Merchant 12,100.89,5.04,34.04,{'WELCOME'}
Category 1,2025-11-08,Merchant 13,75.985,2.51,56.525,"{'NONE','WELCOME'}"
Category 1,2025-11-08,Merchant 14,55.69,0,-20.54,{'NONE'}
Category 1,2025-11-08,Merchant 15,51.031666666666666,0.9716666666666667,1.81,"{'NONE','SAVE10','WELCOME'}"
Category 1,2025-11-08,Merchant 19,56.6175,1.065,-29.9775,"{'NONE','SAVE10','WELCOME'}"
Category 1,2025-11-08,Merchant 2,77.085,3.855,-22.94,{'WELCOME'}
Category 1,2025-11-08,Merchant 20,6.04,0.3,-45.76,{'WELCOME'}
Category 1,2025-11-08,Merchant 3,31.66,1.3066666666666666,-38.096666666666664,"{'NONE','WELCOME'}"
Category 1,2025-11-08,Merchant 5,71.43,7.145,37.19,{'SAVE10'}
Category 1,2025-11-08,Merchant 7,56.37,2.82,-46.65,{'WELCOME'}
Category 1,2025-11-08,Merchant 8,54.11666666666667,2.5233333333333334,-32.62,"{'NONE','SAVE10','WELCOME'}"
Category 1,2025-11-08,Merchant 9,84.5875,5.265,39.9025,"{'SAVE10','WELCOME'}"
Category 10,2025-09-09,Merchant 14,103.04,10.3,45.36,{'SAVE10'}
Category 10,2025-09-09,Merchant 4,92.745,4.635,30.63,{'WELCOME'}
Category 10,2025-09-10,Merchant 10,59.946666666666665,2.7333333333333334,11.283333333333333,"{'NONE','SAVE10'}"
Category 10,2025-09-10,Merchant 11,43.29666666666667,3.23,-3.973333333333333,"{'NONE','SAVE10','WELCOME'}"
Category 10,2025-09-10,Merchant 12,77.15333333333334,3.856666666666667,24.993333333333332,{'WELCOME'}
Category 10,2025-09-10,Merchant 14,42.34,2.51,27.58,"{'NONE','SAVE10','WELCOME'}"
Category 10,2025-09-10,Merchant 16,81.35,8.14,51.13,{'SAVE10'}
Category 10,2025-09-10,Merchant 18,66.84,3.34,-6.95,{'WELCOME'}
Category 10,2025-09-10,Merchant 19,71.70333333333333,3.08,0.18333333333333332,"{'NONE','SAVE10','WELCOME'}"
Category 10,2025-09-10,Merchant 20,68.57666666666667,2.283333333333333,53.653333333333336,"{'NONE','SAVE10','WELCOME'}"
Category 10,2025-09-10,Merchant 3,70.99666666666667,2.9166666666666665,28.293333333333333,"{'NONE','SAVE10'}"
Category 10,2025-09-10,Merchant 4,86.56,1.86,36.545,"{'NONE','WELCOME'}"
Category 10,2025-09-10,Merchant 5,96.15333333333334,2.96,11.643333333333333,"{'NONE','SAVE10'}"
Category 10,2025-09-10,Merchant 6,49.508,3.388,-17.068,"{'NONE','SAVE10','WELCOME'}"
Category 10,2025-09-11,Merchant 10,53.49,0.49666666666666665,13.023333333333333,"{'NONE','SAVE10'}"
Category 10,2025-09-11,Merchant 11,85.68,8.57,33.07,{'SAVE10'}
Category 10,2025-09-11,Merchant 12,51.62,3.21,-15.306666666666667,"{'SAVE10','WELCOME'}"
Category 10,2025-09-11,Merchant 13,35.766666666666666,2.316666666666667,-58.92,"{'NONE','SAVE10','WELCOME'}"
Category 10,2025-09-11,Merchant 14,98.85,4.94,81.66,{'WELCOME'}
Category 10,2025-09-11,Merchant 16,41.33,2.56,16.68,"{'SAVE10','WELCOME'}"
Category 10,2025-09-11,Merchant 17,34.69,1.73,13.26,{'WELCOME'}
Category 10,2025-09-11,Merchant 18,66.7425,3.81,-17.1575,"{'NONE','SAVE10','WELCOME'}"
Category 10,2025-09-11,Merchant 19,53.58,5.36,-41.3,{'SAVE10'}
Category 10,2025-09-11,Merchant 20,36.26166666666666,1.3433333333333333,11.513333333333334,"{'NONE','SAVE10','WELCOME'}"
Category 10,2025-09-11,Merchant 3,41.362,2.756,-16.026,"{'SAVE10','WELCOME'}"
Category 10,2025-09-11,Merchant 4,54.985,2.3583333333333334,-6.916666666666667,"{'NONE','WELCOME'}"
Category 10,2025-09-11,Merchant 6,63.736666666666665,5.076666666666667,-9.436666666666667,"{'SAVE10','WELCOME'}"
Category 10,2025-09-11,Merchant 8,66.48,5.645,27.34,"{'SAVE10','WELCOME'}"
Category 10,2025-09-12,Merchant 10,66.37333333333333,0.7766666666666666,21.653333333333332,"{'NONE','WELCOME'}"
Category 10,2025-09-12,Merchant 11,60.015,3,12.975,{'WELCOME'}
Category 10,2025-09-12,Merchant 12,88.83666666666667,4.443333333333333,51.50333333333333,{'WELCOME'}
Category 10,2025-09-12,Merchant 14,81.38,5.62,45.945,"{'SAVE10','WELCOME'}"
Category 10,2025-09-12,Merchant 17,31.13,1.56,9.87,{'WELCOME'}
Category 10,2025-09-12,Merchant 18,102.13,0,31.68,{'NONE'}
Category 10,2025-09-12,Merchant 19,63.62,5.38,-10.2,"{'SAVE10','WELCOME'}"
Category 10,2025-09-12,Merchant 20,40,0.8125,-12.8425,"{'NONE','WELCOME'}"
Category 10,2025-09-12,Merchant 3,52.375,1.68,1.475,"{'NONE','WELCOME'}"
Category 10,2025-09-12,Merchant 4,40.0775,2.8525,-23.35,"{'NONE','SAVE10'}"
Category 10,2025-09-12,Merchant 5,53.135,5.315,-33.73,{'SAVE10'}
Category 10,2025-09-12,Merchant 6,15.735,1.1,-78.005,"{'SAVE10','WELCOME'}"
Category 10,2025-09-12,Merchant 8,64.745,5.725,25.52,"{'SAVE10','WELCOME'}"
Category 10,2025-09-13,Merchant 10,68.52571428571429,4.022857142857143,20.275714285714287,"{'NONE','SAVE10','WELCOME'}"
Category 10,2025-09-13,Merchant 11,98.22,4.91,49.27,{'WELCOME'}
Category 10,2025-09-13,Merchant 12,78.98,7.9,38.19,{'SAVE10'}
Category 10,2025-09-13,Merchant 14,69.325,3.465,36.045,{'WELCOME'}
Category 10,2025-09-13,Merchant 16,9.79,0.98,-13.28,{'SAVE10'}
Category 10,2025-09-13,Merchant 17,50.66,5.07,25.89,{'SAVE10'}
Category 10,2025-09-13,Merchant 18,79.72,5.64,-6.01,"{'SAVE10','WELCOME'}"
Category 10,2025-09-13,Merchant 19,56.445,3.98,-21.245,"{'SAVE10','WELCOME'}"
Category 10,2025-09-13,Merchant 20,37.53333333333333,1.6883333333333332,-30.62,"{'NONE','SAVE10','WELCOME'}"
Category 10,2025-09-13,Merchant 3,74.134,4.232,37.414,"{'NONE','SAVE10','WELCOME'}"
Category 10,2025-09-13,Merchant 4,91.4775,4.31,29.6875,"{'NONE','SAVE10','WELCOME'}"
Category 10,2025-09-13,Merchant 5,84.23,8.42,-5.74,{'SAVE10'}
Category 10,2025-09-13,Merchant 6,46.4525,2.0075,-25.8425,"{'NONE','SAVE10','WELCOME'}"
Category 10,2025-09-13,Merchant 8,64.9075,2.3525,29.055,"{'NONE','SAVE10','WELCOME'}"
Category 10,2025-09-14,Merchant 10,6.95,0,-33.02,{'NONE'}
Category 10,2025-09-14,Merchant 11,90.15,4.51,41.6,{'WELCOME'}
Category 10,2025-09-14,Merchant 12,14.84,0,-64.29,{'NONE'}
Category 10,2025-09-14,Merchant 13,39.085,1.44,-54.725,"{'NONE','WELCOME'}"
Category 10,2025-09-14,Merchant 14,36.6,2.075,22.275,"{'NONE','SAVE10'}"
Category 10,2025-09-14,Merchant 16,7.43,0.37,-15.03,{'WELCOME'}
Category 10,2025-09-14,Merchant 17,29.445,0.4,9.345,"{'NONE','WELCOME'}"
Category 10,2025-09-14,Merchant 18,46.7975,3.035,-31.5075,"{'NONE','SAVE10','WELCOME'}"
Category 10,2025-09-14,Merchant 19,96.085,2.23,4.335,"{'NONE','WELCOME'}"
Category 10,2025-09-14,Merchant 20,55.63428571428572,2.7271428571428573,26.985714285714284,"{'NONE','SAVE10','WELCOME'}"
Category 10,2025-09-14,Merchant 3,49.67166666666667,2.413333333333333,19.12,"{'NONE','SAVE10','WELCOME'}"
Category 10,2025-09-14,Merchant 4,70.372,4.95,32.782,"{'SAVE10','WELCOME'}"
Category 10,2025-09-14,Merchant 6,57.314,4.114,-21.558,"{'SAVE10','WELCOME'}"
Category 10,2025-09-14,Merchant 8,70.61,3.53,33.58,{'WELCOME'}
Category 10,2025-09-15,Merchant 10,47.46,1.675,2.835,"{'NONE','WELCOME'}"
Category 10,2025-09-15,Merchant 11,27.64,1.38,-17.78,{'WELCOME'}
Category 10,2025-09-15,Merchant 12,43.4,3.2133333333333334,-23.53,"{'SAVE10','WELCOME'}"
Category 10,2025-09-15,Merchant 14,29.46,1.47,15.74,{'WELCOME'}
Category 10,2025-09-15,Merchant 16,84.72,4.24,58.39,{'WELCOME'}
Category 10,2025-09-15,Merchant 17,38.98,3.585,15.695,"{'NONE','SAVE10'}"
Category 10,2025-09-15,Merchant 18,24.66,1.235,-66.305,{'WELCOME'}
Category 10,2025-09-15,Merchant 19,84.32,0,26.42,{'NONE'}
Category 10,2025-09-15,Merchant 20,65.335,3.265,35.24,{'WELCOME'}
Category 10,2025-09-15,Merchant 3,67.2125,2.7775,47.1475,"{'NONE','WELCOME'}"
Category 10,2025-09-15,Merchant 4,84.93,6.215,5.72,"{'SAVE10','WELCOME'}"
Category 10,2025-09-15,Merchant 6,57.64,2.7375,-0.9225,"{'NONE','SAVE10','WELCOME'}"
Category 10,2025-09-15,Merchant 8,9.46,0.47,-24.51,{'WELCOME'}
Category 10,2025-09-16,Merchant 10,55.251666666666665,2.765,12.518333333333333,{'WELCOME'}
Category 10,2025-09-16,Merchant 11,102.77,5.14,53.59,{'WELCOME'}
Category 10,2025-09-16,Merchant 12,62.70333333333333,4.6,-21.026666666666667,"{'SAVE10','WELCOME'}"
Category 10,2025-09-16,Merchant 14,46.425,3.6775,12.9325,"{'SAVE10','WELCOME'}"
Category 10,2025-09-16,Merchant 18,43.13333333333333,1.6933333333333334,-48.29,"{'NONE','WELCOME'}"
Category 10,2025-09-16,Merchant 19,15.39,1.54,-75.67,{'SAVE10'}
Category 10,2025-09-16,Merchant 20,39.98,0,13.15,{'NONE'}
Category 10,2025-09-16,Merchant 3,49.63166666666667,1.9716666666666667,10.295,"{'NONE','SAVE10','WELCOME'}"
Category 10,2025-09-16,Merchant 4,30.3725,2.09,-32.2925,"{'NONE','SAVE10','WELCOME'}"
Category 10,2025-09-16,Merchant 5,54.045,2.07,-29.575,"{'NONE','WELCOME'}"
Category 10,2025-09-16,Merchant 6,49.91,3.277142857142857,-30.98,"{'NONE','SAVE10','WELCOME'}"
Category 10,2025-09-16,Merchant 8,79.475,3.97,42.005,{'WELCOME'}
Category 10,2025-09-17,Merchant 10,62.69,2.325,17.415,"{'NONE','WELCOME'}"
Category 10,2025-09-17,Merchant 11,44.88,0,0.84,{'NONE'}
Category 10,2025-09-17,Merchant 12,76.135,4.255,38.99,"{'NONE','SAVE10'}"
Category 10,2025-09-17,Merchant 13,52.44,0,-39.93,{'NONE'}
Category 10,2025-09-17,Merchant 16,60.25,5.443333333333333,32.72,"{'SAVE10','WELCOME'}"
Category 10,2025-09-17,Merchant 17,98.57,4.93,73.94,{'WELCOME'}
Category 10,2025-09-17,Merchant 18,52.7,0,-17.75,{'NONE'}
Category 10,2025-09-17,Merchant 19,61.89,3.095,-14.915,{'WELCOME'}
Category 10,2025-09-17,Merchant 20,59.96,0.9716666666666667,20.088333333333335,"{'NONE','WELCOME'}"
Category 10,2025-09-17,Merchant 3,48.583333333333336,1.4844444444444445,16.968888888888888,"{'NONE','WELCOME'}"
Category 10,2025-09-17,Merchant 4,41.14666666666667,3.8833333333333333,-16.063333333333333,"{'SAVE10','WELCOME'}"
Category 10,2025-09-17,Merchant 6,55.85666666666667,3.2733333333333334,-20.773333333333333,"{'NONE','SAVE10'}"
Category 10,2025-09-18,Merchant 10,87.11,4.355,39.805,{'WELCOME'}
Category 10,2025-09-18,Merchant 11,88.9,4.45,40.42,{'WELCOME'}
Category 10,2025-09-18,Merchant 12,47.075,2.915,-0.29,"{'SAVE10','WELCOME'}"
Category 10,2025-09-18,Merchant 14,63.41,6.34,44.82,{'SAVE10'}
Category 10,2025-09-18,Merchant 16,22.37,2.24,-1.96,{'SAVE10'}
Category 10,2025-09-18,Merchant 17,28.64,1.64,7.3,"{'SAVE10','WELCOME'}"
Category 10,2025-09-18,Merchant 18,65.56,6.56,-30.73,{'SAVE10'}
Category 10,2025-09-18,Merchant 19,41.085,4.11,-36.73,{'SAVE10'}
Category 10,2025-09-18,Merchant 20,19.1,0.96,5.51,{'WELCOME'}
Category 10,2025-09-18,Merchant 3,62.15777777777778,1.75,44.193333333333335,"{'NONE','SAVE10','WELCOME'}"
Category 10,2025-09-18,Merchant 6,93.015,6.975,30.215,"{'SAVE10','WELCOME'}"
Category 10,2025-09-18,Merchant 8,12.31,0,-21.19,{'NONE'}
Category 10,2025-09-19,Merchant 10,66.505,4.08,16.495,"{'NONE','SAVE10'}"
Category 10,2025-09-19,Merchant 11,47.01,4.7,-1.73,{'SAVE10'}
Category 10,2025-09-19,Merchant 12,27.99,1.4,-29.42,{'WELCOME'}
Category 10,2025-09-19,Merchant 14,55.166666666666664,1.44,41.47666666666667,"{'NONE','WELCOME'}"
Category 10,2025-09-19,Merchant 16,64.92,3.25,39.58,{'WELCOME'}
Category 10,2025-09-19,Merchant 18,76.12,0,5.67,{'NONE'}
Category 10,2025-09-19,Merchant 19,58.285,2.95,-2.565,"{'NONE','SAVE10'}"
Category 10,2025-09-19,Merchant 20,61.1075,4.155,28.165,"{'NONE','SAVE10','WELCOME'}"
Category 10,2025-09-19,Merchant 3,54.77,2.74,2.81,{'WELCOME'}
Category 10,2025-09-19,Merchant 4,67.42,3.4433333333333334,20.993333333333332,"{'NONE','SAVE10','WELCOME'}"
Category 10,2025-09-19,Merchant 5,51.5925,3.755,-33.7125,"{'NONE','SAVE10','WELCOME'}"
Category 10,2025-09-19,Merchant 6,35.175,2.79,-23.44,"{'SAVE10','WELCOME'}"
Category 10,2025-09-19,Merchant 8,22.553333333333335,1.8766666666666667,-12.823333333333334,"{'SAVE10','WELCOME'}"
Category 10,2025-09-20,Merchant 10,23.2,1.78,-18.55,"{'SAVE10','WELCOME'}"
Category 10,2025-09-20,Merchant 12,31.44,1.57,-3.02,{'WELCOME'}
Category 10,2025-09-20,Merchant 13,68.59666666666666,4.7,-28.473333333333333,"{'SAVE10','WELCOME'}"
Category 10,2025-09-20,Merchant 14,67.175,3.355,34.005,{'WELCOME'}
Category 10,2025-09-20,Merchant 17,56.44,0,36.74,{'NONE'}
Category 10,2025-09-20,Merchant 18,64.875,3.245,-18.46,{'WELCOME'}
Category 10,2025-09-20,Merchant 19,37.64,2.913333333333333,-23.173333333333332,"{'NONE','SAVE10','WELCOME'}"
Category 10,2025-09-20,Merchant 20,91.48,4.57,74.27,{'WELCOME'}
Category 10,2025-09-20,Merchant 3,26.18,2.62,18.41,{'SAVE10'}
Category 10,2025-09-20,Merchant 4,49.48,4.526666666666666,-14.59,"{'SAVE10','WELCOME'}"
Category 10,2025-09-20,Merchant 5,44.34,0.5366666666666666,-37.74666666666667,"{'NONE','WELCOME'}"
Category 10,2025-09-20,Merchant 6,55.054,5.378,-19.824,"{'SAVE10','WELCOME'}"
Category 10,2025-09-20,Merchant 8,74.43,0,40.93,{'NONE'}
Category 10,2025-09-21,Merchant 10,50.665,3.65,7.045,"{'SAVE10','WELCOME'}"
Category 10,2025-09-21,Merchant 11,60.61,1.05,15.52,"{'NONE','WELCOME'}"
Category 10,2025-09-21,Merchant 12,36.945,2.93,1.125,"{'SAVE10','WELCOME'}"
Category 10,2025-09-21,Merchant 13,71.745,2.205,-22.83,"{'NONE','SAVE10'}"
Category 10,2025-09-21,Merchant 14,45.35,2.27,30.83,{'WELCOME'}
Category 10,2025-09-21,Merchant 16,22.78,0,0.69,{'NONE'}
Category 10,2025-09-21,Merchant 19,53.415,1.7075,-22.0025,"{'NONE','SAVE10','WELCOME'}"
Category 10,2025-09-21,Merchant 20,52.07833333333333,2.22,0.19333333333333333,"{'NONE','SAVE10','WELCOME'}"
Category 10,2025-09-21,Merchant 3,34.24,1.58,-1.4566666666666668,"{'NONE','WELCOME'}"
Category 10,2025-09-21,Merchant 4,34.46666666666667,2.52,-27.596666666666668,"{'SAVE10','WELCOME'}"
Category 10,2025-09-21,Merchant 6,55.61857142857143,2.8257142857142856,3.7285714285714286,"{'NONE','SAVE10','WELCOME'}"
Category 10,2025-09-21,Merchant 8,48.585,2.43,12.655,{'WELCOME'}
Category 10,2025-09-22,Merchant 10,65.16666666666667,0,23.21,{'NONE'}
Category 10,2025-09-22,Merchant 11,82.37,6.165,32.1675,"{'SAVE10','WELCOME'}"
Category 10,2025-09-22,Merchant 12,46.42,2.51,-4.3933333333333335,"{'NONE','SAVE10','WELCOME'}"
Category 10,2025-09-22,Merchant 13,59.545,0,-32.825,{'NONE'}
Category 10,2025-09-22,Merchant 14,67.995,1.68,36.5,"{'NONE','WELCOME'}"
Category 10,2025-09-22,Merchant 18,44.39666666666667,2.8966666666666665,-41.803333333333335,"{'SAVE10','WELCOME'}"
Category 10,2025-09-22,Merchant 19,7.14,0.36,-82.74,{'WELCOME'}
Category 10,2025-09-22,Merchant 20,12.33,0.62,-0.93,{'WELCOME'}
Category 10,2025-09-22,Merchant 3,70.315,2.9025,22.755,"{'NONE','SAVE10','WELCOME'}"
Category 10,2025-09-22,Merchant 4,36.525,3.025,-39.495,"{'SAVE10','WELCOME'}"
Category 10,2025-09-22,Merchant 5,37.395,2.61,-46.765,"{'SAVE10','WELCOME'}"
Category 10,2025-09-22,Merchant 6,36.9625,0.9575,-38.2275,"{'NONE','WELCOME'}"
Category 10,2025-09-23,Merchant 10,36.12,0.9266666666666666,-8.75,"{'NONE','SAVE10','WELCOME'}"
Category 10,2025-09-23,Merchant 11,70.69,1.515,25.135,"{'NONE','WELCOME'}"
Category 10,2025-09-23,Merchant 12,51.89333333333333,3.8433333333333333,-15.666666666666666,"{'SAVE10','WELCOME'}"
Category 10,2025-09-23,Merchant 13,48.37,0.415,-44.415,"{'NONE','WELCOME'}"
Category 10,2025-09-23,Merchant 14,58.925,1.4025,27.7075,"{'NONE','WELCOME'}"
Category 10,2025-09-23,Merchant 16,103.1,0,81.01,{'NONE'}
Category 10,2025-09-23,Merchant 17,91.99,9.2,63.09,{'SAVE10'}
Category 10,2025-09-23,Merchant 18,67.6,1.825,-4.675,"{'NONE','SAVE10'}"
Category 10,2025-09-23,Merchant 19,52.04,2.6,-19,{'WELCOME'}
Category 10,2025-09-23,Merchant 20,54.91,3.51,-5.67,"{'NONE','SAVE10','WELCOME'}"
Category 10,2025-09-23,Merchant 3,55.03625,2.805,29.995,"{'SAVE10','WELCOME'}"
Category 10,2025-09-23,Merchant 4,48.347142857142856,3.4014285714285712,-24.94857142857143,"{'SAVE10','WELCOME'}"
Category 10,2025-09-23,Merchant 6,56.624,4.206,-10.77,"{'SAVE10','WELCOME'}"
Category 10,2025-09-23,Merchant 8,11.03,1.1,-23.57,{'SAVE10'}
Category 10,2025-09-24,Merchant 10,39.22666666666667,2.763333333333333,-7.48,"{'SAVE10','WELCOME'}"
Category 10,2025-09-24,Merchant 11,101.22,5.06,52.12,{'WELCOME'}
Category 10,2025-09-24,Merchant 12,70.54,1.69,17.464,"{'NONE','WELCOME'}"
Category 10,2025-09-24,Merchant 13,23.01,2.3,-71.66,{'SAVE10'}
Category 10,2025-09-24,Merchant 14,83.4925,5.655,56.805,"{'NONE','SAVE10','WELCOME'}"
Category 10,2025-09-24,Merchant 17,16.15,0.81,-4.36,{'WELCOME'}
Category 10,2025-09-24,Merchant 18,57.508,4.468,-32.834,"{'SAVE10','WELCOME'}"
Category 10,2025-09-24,Merchant 19,38.282,1.276,-33.542,"{'NONE','SAVE10','WELCOME'}"
Category 10,2025-09-24,Merchant 20,49.882,2.944,5.624,"{'NONE','SAVE10'}"
Category 10,2025-09-24,Merchant 3,55.33375,3.18,14.10625,"{'NONE','SAVE10','WELCOME'}"
Category 10,2025-09-24,Merchant 4,48.82,3.756666666666667,-18.606666666666666,"{'NONE','SAVE10'}"
Category 10,2025-09-24,Merchant 5,44.79,2.74,-39.5,"{'SAVE10','WELCOME'}"
Category 10,2025-09-24,Merchant 6,35.54333333333334,2.8866666666666667,-35.44,"{'SAVE10','WELCOME'}"
Category 10,2025-09-24,Merchant 8,45.78,4.58,7.7,{'SAVE10'}
Category 10,2025-09-25,Merchant 10,45.012,2.188,-0.722,"{'NONE','SAVE10','WELCOME'}"
Category 10,2025-09-25,Merchant 11,58.09,0,14.05,{'NONE'}
Category 10,2025-09-25,Merchant 12,52.2525,1.5975,-16.915,"{'NONE','WELCOME'}"
Category 10,2025-09-25,Merchant 13,27.86,0,-64.51,{'NONE'}
Category 10,2025-09-25,Merchant 14,67.42,5.16,32.445,"{'SAVE10','WELCOME'}"
Category 10,2025-09-25,Merchant 16,31.575,3.16,6.325,{'SAVE10'}
Category 10,2025-09-25,Merchant 17,46.48,2.825,23.955,"{'SAVE10','WELCOME'}"
Category 10,2025-09-25,Merchant 18,43.0775,2.155,-34.3475,{'WELCOME'}
Category 10,2025-09-25,Merchant 20,54.3925,3.4275,-13.665,"{'NONE','SAVE10','WELCOME'}"
Category 10,2025-09-25,Merchant 3,23.406666666666666,1.5366666666666666,11.05,"{'NONE','SAVE10','WELCOME'}"
Category 10,2025-09-25,Merchant 4,46.373333333333335,0.7533333333333333,-7.706666666666667,"{'NONE','SAVE10','WELCOME'}"
Category 10,2025-09-25,Merchant 6,64.08666666666667,4.756666666666667,-28.05,"{'SAVE10','WELCOME'}"
Category 10,2025-09-26,Merchant 10,26.583333333333332,1.6433333333333333,-19.003333333333334,"{'SAVE10','WELCOME'}"
Category 10,2025-09-26,Merchant 11,67.15333333333334,2.836666666666667,20.276666666666667,"{'NONE','WELCOME'}"
Category 10,2025-09-26,Merchant 12,42.32,1.2866666666666666,-7.27,"{'NONE','SAVE10','WELCOME'}"
Category 10,2025-09-26,Merchant 13,94.3,4.72,-2.79,{'WELCOME'}
Category 10,2025-09-26,Merchant 14,47.155,2.36,-2.585,{'WELCOME'}
Category 10,2025-09-26,Merchant 16,57.73,0,35.64,{'NONE'}
Category 10,2025-09-26,Merchant 17,55.12,2.76,32.66,{'WELCOME'}
Category 10,2025-09-26,Merchant 18,45.02,2.872,-43.726,"{'NONE','SAVE10','WELCOME'}"
Category 10,2025-09-26,Merchant 19,10.61,1.06,-79.97,{'SAVE10'}
Category 10,2025-09-26,Merchant 20,45.27142857142857,2.93,14.392857142857142,"{'NONE','SAVE10','WELCOME'}"
Category 10,2025-09-26,Merchant 3,55.871428571428574,1.7385714285714287,23.97714285714286,"{'NONE','WELCOME'}"
Category 10,2025-09-26,Merchant 4,62.075,3.7125,17.9675,"{'NONE','SAVE10','WELCOME'}"
Category 10,2025-09-26,Merchant 5,42.13333333333333,1.01,-40.42666666666667,"{'NONE','WELCOME'}"
Category 10,2025-09-26,Merchant 6,59.028,3.708,-19.438,"{'SAVE10','WELCOME'}"
Category 10,2025-09-27,Merchant 10,89.03,1.7466666666666666,43.34,"{'NONE','WELCOME'}"
Category 10,2025-09-27,Merchant 12,69.8625,6.5275,-4.235,"{'SAVE10','WELCOME'}"
Category 10,2025-09-27,Merchant 13,83.88,0,-8.49,{'NONE'}
Category 10,2025-09-27,Merchant 14,63.17,4.306666666666667,23.19333333333333,"{'NONE','SAVE10','WELCOME'}"
Category 10,2025-09-27,Merchant 16,85.27,4.26,58.92,{'WELCOME'}
Category 10,2025-09-27,Merchant 17,39.03,1.95,17.38,{'WELCOME'}
Category 10,2025-09-27,Merchant 18,79.66333333333333,5.306666666666667,-2.52,"{'SAVE10','WELCOME'}"
Category 10,2025-09-27,Merchant 20,30.722,1.752,-12.342,"{'NONE','SAVE10','WELCOME'}"
Category 10,2025-09-27,Merchant 3,33.66,1.33,23.2375,"{'NONE','SAVE10','WELCOME'}"
Category 10,2025-09-27,Merchant 4,29.0825,1.1125,-29.51,"{'NONE','WELCOME'}"
Category 10,2025-09-27,Merchant 5,14.73,1.47,-68.29,{'SAVE10'}
Category 10,2025-09-27,Merchant 6,37.7475,1.025,-41.455,"{'NONE','SAVE10'}"
Category 10,2025-09-27,Merchant 8,48.64,2.43,12.71,{'WELCOME'}
Category 10,2025-09-28,Merchant 10,81.39,2.395,33.065,"{'NONE','WELCOME'}"
Category 10,2025-09-28,Merchant 11,27.503333333333334,0.51,-17.046666666666667,"{'NONE','WELCOME'}"
Category 10,2025-09-28,Merchant 12,43.86333333333334,3.28,7.693333333333333,"{'SAVE10','WELCOME'}"
Category 10,2025-09-28,Merchant 13,50.99,0,-41.38,{'NONE'}
Category 10,2025-09-28,Merchant 14,10.38,1.04,-2.91,{'SAVE10'}
Category 10,2025-09-28,Merchant 16,12.97,0.65,-9.77,{'WELCOME'}
Category 10,2025-09-28,Merchant 17,92.12,4.61,67.81,{'WELCOME'}
Category 10,2025-09-28,Merchant 18,43.954,2.984,-33.336,"{'NONE','SAVE10','WELCOME'}"
Category 10,2025-09-28,Merchant 19,42.0925,1.2925,-32.91,"{'NONE','SAVE10','WELCOME'}"
Category 10,2025-09-28,Merchant 20,38.4275,0.9425,-1.945,"{'NONE','SAVE10','WELCOME'}"
Category 10,2025-09-28,Merchant 3,53.298,3.054,34.888,"{'NONE','SAVE10','WELCOME'}"
Category 10,2025-09-28,Merchant 4,57.674,4.464,-15.444,"{'NONE','SAVE10'}"
Category 10,2025-09-28,Merchant 5,88.41,0,6.86,{'NONE'}
Category 10,2025-09-28,Merchant 6,47.125,2.355,9.98,{'WELCOME'}
Category 10,2025-09-28,Merchant 8,46.226,1.688,11.038,"{'NONE','WELCOME'}"
Category 10,2025-09-29,Merchant 10,49.9375,4.3075,2.68,"{'SAVE10','WELCOME'}"
Category 10,2025-09-29,Merchant 11,83.45,1.635,37.775,"{'NONE','WELCOME'}"
Category 10,2025-09-29,Merchant 12,34.71,1.6366666666666667,-46.056666666666665,"{'NONE','SAVE10','WELCOME'}"
Category 10,2025-09-29,Merchant 13,43.61666666666667,3.5033333333333334,-52.25666666666667,"{'NONE','SAVE10','WELCOME'}"
Category 10,2025-09-29,Merchant 14,90.92333333333333,4.31,62.653333333333336,"{'NONE','SAVE10','WELCOME'}"
Category 10,2025-09-29,Merchant 16,78.37,7.84,48.44,{'SAVE10'}
Category 10,2025-09-29,Merchant 17,14.58,0.73,-5.85,{'WELCOME'}
Category 10,2025-09-29,Merchant 18,33.71666666666667,1.3533333333333333,-50.94,"{'NONE','SAVE10','WELCOME'}"
Category 10,2025-09-29,Merchant 19,56.056666666666665,3.7133333333333334,-26.636666666666667,"{'NONE','SAVE10','WELCOME'}"
Category 10,2025-09-29,Merchant 20,52.483333333333334,2.6233333333333335,10.96,{'WELCOME'}
Category 10,2025-09-29,Merchant 3,53.47625,3.87875,25.39125,"{'NONE','SAVE10','WELCOME'}"
Category 10,2025-09-29,Merchant 4,37.63333333333333,1.05,-33.303333333333335,"{'NONE','WELCOME'}"
Category 10,2025-09-29,Merchant 5,51.31,4.715,-34.955,"{'SAVE10','WELCOME'}"
Category 10,2025-09-29,Merchant 6,56.425,1.385,-8.675,"{'NONE','SAVE10'}"
Category 10,2025-09-30,Merchant 10,46.233333333333334,2.16,2.1166666666666667,"{'NONE','WELCOME'}"
Category 10,2025-09-30,Merchant 11,104.46,0,60.42,{'NONE'}
Category 10,2025-09-30,Merchant 12,33.35,1.67,-1.21,{'WELCOME'}
Category 10,2025-09-30,Merchant 14,58.99,0,11.61,{'NONE'}
Category 10,2025-09-30,Merchant 16,75.47,3.775,49.61,{'WELCOME'}
Category 10,2025-09-30,Merchant 17,35.985,1.8,14.485,{'WELCOME'}
Category 10,2025-09-30,Merchant 18,36.8,1.7133333333333334,-48.21666666666667,"{'NONE','SAVE10','WELCOME'}"
Category 10,2025-09-30,Merchant 19,69.6775,4.0675,-16.005,"{'SAVE10','WELCOME'}"
Category 10,2025-09-30,Merchant 20,60.376,2.714,13.51,"{'NONE','WELCOME'}"
Category 10,2025-09-30,Merchant 3,49.818,1.488,22.646,"{'NONE','WELCOME'}"
Category 10,2025-09-30,Merchant 4,61.765,2.37,16.411666666666665,"{'NONE','WELCOME'}"
Category 10,2025-09-30,Merchant 6,63.2,1.75,-1.3866666666666667,"{'NONE','WELCOME'}"
Category 10,2025-09-30,Merchant 8,27.873333333333335,1.8933333333333333,-7.516666666666667,"{'SAVE10','WELCOME'}"
Category 10,2025-10-01,Merchant 10,40.348333333333336,1.7666666666666666,-3.375,"{'NONE','WELCOME'}"
Category 10,2025-10-01,Merchant 11,68.735,6.87,17.825,{'SAVE10'}
Category 10,2025-10-01,Merchant 12,74.646,5.112,-0.348,"{'SAVE10','WELCOME'}"
Category 10,2025-10-01,Merchant 13,37.34,0,-55.03,{'NONE'}
Category 10,2025-10-01,Merchant 14,68.11,6.81,31.485,{'SAVE10'}
Category 10,2025-10-01,Merchant 17,45.10666666666667,1.6766666666666667,23.73,"{'NONE','SAVE10','WELCOME'}"
Category 10,2025-10-01,Merchant 18,61.305,1.775,-20.56,"{'NONE','WELCOME'}"
Category 10,2025-10-01,Merchant 19,32.156666666666666,2.26,-49.083333333333336,"{'SAVE10','WELCOME'}"
Category 10,2025-10-01,Merchant 20,73.47666666666667,7.346666666666667,10.43,{'SAVE10'}
Category 10,2025-10-01,Merchant 3,68.318,1.936,47.624,"{'NONE','WELCOME'}"
Category 10,2025-10-01,Merchant 4,41.571666666666665,0.9733333333333334,-35.505,"{'NONE','SAVE10','WELCOME'}"
Category 10,2025-10-01,Merchant 6,61.586,3.504,3.308,"{'NONE','SAVE10','WELCOME'}"
Category 10,2025-10-01,Merchant 8,50.83,1.49,15.84,"{'NONE','WELCOME'}"
Category 10,2025-10-02,Merchant 10,46.193333333333335,2.546666666666667,-0.2966666666666667,"{'NONE','SAVE10','WELCOME'}"
Category 10,2025-10-02,Merchant 11,79.02,7.9,27.08,{'SAVE10'}
Category 10,2025-10-02,Merchant 12,54.215,3.1816666666666666,-20.39,"{'NONE','SAVE10','WELCOME'}"
Category 10,2025-10-02,Merchant 13,89.425,6.61,-9.555,"{'SAVE10','WELCOME'}"
Category 10,2025-10-02,Merchant 14,41.98,3.21,-8.61,"{'NONE','SAVE10'}"
Category 10,2025-10-02,Merchant 16,37.47,0,15.38,{'NONE'}
Category 10,2025-10-02,Merchant 17,47.193333333333335,2.6333333333333333,24.86,"{'SAVE10','WELCOME'}"
Category 10,2025-10-02,Merchant 18,13.57,0,-56.88,{'NONE'}
Category 10,2025-10-02,Merchant 19,85.575,4.275,23.4,{'WELCOME'}
Category 10,2025-10-02,Merchant 20,67.045,3.35,11.665,{'WELCOME'}
Category 10,2025-10-02,Merchant 3,81.8725,5.7275,26.925,"{'SAVE10','WELCOME'}"
Category 10,2025-10-02,Merchant 4,35.446666666666665,1.5433333333333332,-15.296666666666667,"{'NONE','WELCOME'}"
Category 10,2025-10-02,Merchant 5,73.60333333333334,6.316666666666666,-14.263333333333334,"{'SAVE10','WELCOME'}"
Category 10,2025-10-02,Merchant 6,22.835,1.2725,-48.725,"{'NONE','SAVE10','WELCOME'}"
Category 10,2025-10-02,Merchant 8,31.15,0.81,-3.16,"{'NONE','WELCOME'}"
Category 10,2025-10-03,Merchant 10,33.46666666666667,1.2466666666666666,-11.723333333333333,"{'NONE','SAVE10','WELCOME'}"
Category 10,2025-10-03,Merchant 11,24.03,0,-20.01,{'NONE'}
Category 10,2025-10-03,Merchant 12,88.32,4.415,51.015,{'WELCOME'}
Category 10,2025-10-03,Merchant 13,22.98,1.965,-71.355,"{'SAVE10','WELCOME'}"
Category 10,2025-10-03,Merchant 14,49.15,2.045,-0.27,"{'NONE','WELCOME'}"
Category 10,2025-10-03,Merchant 17,37.42,1.87,15.85,{'WELCOME'}
Category 10,2025-10-03,Merchant 18,62.045,0.785,-9.19,"{'NONE','WELCOME'}"
Category 10,2025-10-03,Merchant 20,77.94,3.1925,38.865,"{'NONE','WELCOME'}"
Category 10,2025-10-03,Merchant 3,65.1025,2.425,29.26875,"{'NONE','SAVE10','WELCOME'}"
Category 10,2025-10-03,Merchant 4,68.95,3.3975,9.64,"{'NONE','SAVE10','WELCOME'}"
Category 10,2025-10-03,Merchant 5,51.765,2.805,-32.59,"{'SAVE10','WELCOME'}"
Category 10,2025-10-03,Merchant 6,54.4125,2.72,-26.485,{'WELCOME'}
Category 10,2025-10-03,Merchant 8,41.843333333333334,1.49,6.8533333333333335,"{'NONE','SAVE10','WELCOME'}"
Category 10,2025-10-04,Merchant 10,34.873333333333335,0.18666666666666668,-9.256666666666666,"{'NONE','WELCOME'}"
Category 10,2025-10-04,Merchant 11,23.31,1.17,-21.9,{'WELCOME'}
Category 10,2025-10-04,Merchant 12,70.76571428571428,3.0942857142857143,14.965714285714286,"{'NONE','SAVE10','WELCOME'}"
Category 10,2025-10-04,Merchant 17,49.355,4.935,24.72,{'SAVE10'}
Category 10,2025-10-04,Merchant 18,55.39,2.81,-32.33,"{'NONE','SAVE10','WELCOME'}"
Category 10,2025-10-04,Merchant 19,35.89333333333333,0.8766666666666667,-33.42333333333333,"{'NONE','WELCOME'}"
Category 10,2025-10-04,Merchant 20,55.718,3.498,23.824,"{'NONE','SAVE10','WELCOME'}"
Category 10,2025-10-04,Merchant 3,60.57,3.21875,21.43,"{'NONE','SAVE10','WELCOME'}"
Category 10,2025-10-04,Merchant 4,6.86,0.34,-57.15,{'WELCOME'}
Category 10,2025-10-04,Merchant 6,78.085,2.585,-17.14,"{'NONE','SAVE10'}"
Category 10,2025-10-04,Merchant 8,21.77,2.18,-13.91,{'SAVE10'}
Category 10,2025-10-05,Merchant 10,58.736666666666665,5.693333333333333,9.1,"{'SAVE10','WELCOME'}"
Category 10,2025-10-05,Merchant 12,55.876666666666665,2.796666666666667,4.776666666666666,{'WELCOME'}
Category 10,2025-10-05,Merchant 14,65.32333333333334,5.466666666666667,35.89666666666667,"{'SAVE10','WELCOME'}"
Category 10,2025-10-05,Merchant 16,53.205,4.45,26.67,"{'SAVE10','WELCOME'}"
Category 10,2025-10-05,Merchant 17,16,0,-3.7,{'NONE'}
Category 10,2025-10-05,Merchant 18,42.98,3.163333333333333,-30.633333333333333,"{'SAVE10','WELCOME'}"
Category 10,2025-10-05,Merchant 19,58.93333333333333,2.736666666666667,-33.32333333333333,"{'NONE','SAVE10','WELCOME'}"
Category 10,2025-10-05,Merchant 20,38.71,2.162,5.316,"{'NONE','SAVE10','WELCOME'}"
Category 10,2025-10-05,Merchant 3,52.665,2.635,28.49,{'WELCOME'}
Category 10,2025-10-05,Merchant 4,36.9,1.505,-37.6,"{'NONE','WELCOME'}"
Category 10,2025-10-05,Merchant 5,27.38,2.095,-56.265,"{'SAVE10','WELCOME'}"
Category 10,2025-10-05,Merchant 6,55.91,1.7383333333333333,-4.283333333333333,"{'NONE','SAVE10','WELCOME'}"
Category 10,2025-10-05,Merchant 8,54.45666666666666,0.7366666666666667,20.22,"{'NONE','WELCOME'}"
Category 10,2025-10-06,Merchant 10,61.82,3.09,12.8,{'WELCOME'}
Category 10,2025-10-06,Merchant 11,60.45,2.62,13.79,"{'NONE','SAVE10'}"
Category 10,2025-10-06,Merchant 12,27.7525,0.1975,-28.455,"{'NONE','WELCOME'}"
Category 10,2025-10-06,Merchant 13,79.535,0,-12.835,{'NONE'}
Category 10,2025-10-06,Merchant 14,56.27,3.92,16.68,"{'SAVE10','WELCOME'}"
Category 10,2025-10-06,Merchant 16,84.73,4.24,58.4,{'WELCOME'}
Category 10,2025-10-06,Merchant 17,40.9,2.05,19.16,{'WELCOME'}
Category 10,2025-10-06,Merchant 18,43.12,2.5875,-34.7375,"{'SAVE10','WELCOME'}"
Category 10,2025-10-06,Merchant 19,57.89666666666667,1.6833333333333333,-33.306666666666665,"{'NONE','SAVE10','WELCOME'}"
Category 10,2025-10-06,Merchant 20,69.75,3.4875,33.9275,{'WELCOME'}
Category 10,2025-10-06,Merchant 3,67.6225,4.7325,27.2,"{'SAVE10','WELCOME'}"
Category 10,2025-10-06,Merchant 4,72.93,3.65,-13.04,{'WELCOME'}
Category 10,2025-10-06,Merchant 5,73.94,7.39,-15,{'SAVE10'}
Category 10,2025-10-06,Merchant 6,32.50666666666667,0.3433333333333333,-35.93333333333333,"{'NONE','WELCOME'}"
Category 10,2025-10-06,Merchant 8,96.64,9.66,53.48,{'SAVE10'}
Category 10,2025-10-07,Merchant 10,55.915,2.9,13.045,"{'NONE','SAVE10'}"
Category 10,2025-10-07,Merchant 11,54.01,1.82,8.15,"{'NONE','WELCOME'}"
Category 10,2025-10-07,Merchant 12,66.384,4.882,10.116,"{'SAVE10','WELCOME'}"
Category 10,2025-10-07,Merchant 13,12.66,0,-79.71,{'NONE'}
Category 10,2025-10-07,Merchant 14,58.9775,3.74,16.6425,"{'NONE','SAVE10','WELCOME'}"
Category 10,2025-10-07,Merchant 17,64.09,1.47,42.92,"{'NONE','WELCOME'}"
Category 10,2025-10-07,Merchant 18,32.36,0,-38.09,{'NONE'}
Category 10,2025-10-07,Merchant 19,28.69,0,-29.21,{'NONE'}
Category 10,2025-10-07,Merchant 20,30.933333333333334,1.38,-6.98,"{'NONE','SAVE10','WELCOME'}"
Category 10,2025-10-07,Merchant 3,51.6025,2.8925,35.365,"{'NONE','SAVE10'}"
Category 10,2025-10-07,Merchant 4,58.76,0.945,-2.76,"{'NONE','SAVE10','WELCOME'}"
Category 10,2025-10-07,Merchant 5,8.93,0.45,-73.07,{'WELCOME'}
Category 10,2025-10-07,Merchant 6,67.42666666666666,2.6655555555555557,1.34,"{'NONE','SAVE10','WELCOME'}"
Category 10,2025-10-07,Merchant 8,75.96,7.6,34.86,{'SAVE10'}
Category 10,2025-10-08,Merchant 10,68.87,6.89,22.01,{'SAVE10'}
Category 10,2025-10-08,Merchant 11,14.23,0.71,-30.52,{'WELCOME'}
Category 10,2025-10-08,Merchant 12,82.275,4.535,21.73,"{'NONE','SAVE10'}"
Category 10,2025-10-08,Merchant 13,63.83,5.165,-33.7025,"{'SAVE10','WELCOME'}"
Category 10,2025-10-08,Merchant 14,99.56,9.96,42.22,{'SAVE10'}
Category 10,2025-10-08,Merchant 16,89.61,4.48,63.04,{'WELCOME'}
Category 10,2025-10-08,Merchant 18,20.65,1.3,-70.38,"{'SAVE10','WELCOME'}"
Category 10,2025-10-08,Merchant 19,20.683333333333334,1.8,-49.556666666666665,"{'SAVE10','WELCOME'}"
Category 10,2025-10-08,Merchant 20,44.1,2.64,-35.77,"{'SAVE10','WELCOME'}"
Category 10,2025-10-08,Merchant 3,65.645,4.184,30.551,"{'NONE','SAVE10','WELCOME'}"
Category 10,2025-10-08,Merchant 4,82.43,4.12,45.67,{'WELCOME'}
Category 10,2025-10-08,Merchant 6,76.105,5.26,-3.3875,"{'NONE','SAVE10','WELCOME'}"
Category 10,2025-10-09,Merchant 11,56.96,2.85,10.07,{'WELCOME'}
Category 10,2025-10-09,Merchant 13,72.33,7.23,-27.27,{'SAVE10'}
Category 10,2025-10-09,Merchant 14,53.0825,1.42,30.63,"{'NONE','WELCOME'}"
Category 10,2025-10-09,Merchant 16,45.42,0,23.33,{'NONE'}
Category 10,2025-10-09,Merchant 17,31.96,3.2,9.06,{'SAVE10'}
Category 10,2025-10-09,Merchant 18,90.27,0,0.54,{'NONE'}
Category 10,2025-10-09,Merchant 19,61.63,1.9,-13.98,"{'NONE','WELCOME'}"
Category 10,2025-10-09,Merchant 20,70.2375,4.02,5.1375,"{'SAVE10','WELCOME'}"
Category 10,2025-10-09,Merchant 3,65.35666666666667,2.993333333333333,22.163333333333334,"{'NONE','SAVE10','WELCOME'}"
Category 10,2025-10-09,Merchant 4,92.5725,3.8325,31.2625,"{'NONE','SAVE10','WELCOME'}"
Category 10,2025-10-09,Merchant 6,37.41,0,-47.34,{'NONE'}
Category 10,2025-10-09,Merchant 8,39.19,2.305,3.385,"{'NONE','SAVE10'}"
Category 10,2025-10-10,Merchant 10,91.575,2.305,46.32,"{'NONE','WELCOME'}"
Category 10,2025-10-10,Merchant 11,48.085,0.945,3.1,"{'NONE','WELCOME'}"
Category 10,2025-10-10,Merchant 17,36.9,1.85,15.36,{'WELCOME'}
Category 10,2025-10-10,Merchant 18,87.29,8.73,-11.17,{'SAVE10'}
Category 10,2025-10-10,Merchant 19,65.82,2.696,-7.424,"{'NONE','SAVE10','WELCOME'}"
Category 10,2025-10-10,Merchant 20,68.1625,2.8625,16.8175,"{'NONE','SAVE10','WELCOME'}"
Category 10,2025-10-10,Merchant 3,51.127272727272725,3.5236363636363635,23.842727272727274,"{'NONE','SAVE10','WELCOME'}"
Category 10,2025-10-10,Merchant 4,55.37428571428571,1.5214285714285714,-13.377142857142857,"{'NONE','WELCOME'}"
Category 10,2025-10-10,Merchant 5,8.52,0.43,-73.46,{'WELCOME'}
Category 10,2025-10-10,Merchant 6,69.652,2.674,-19.35,"{'NONE','SAVE10','WELCOME'}"
Category 10,2025-10-10,Merchant 8,55.35,4.43,17.423333333333332,"{'SAVE10','WELCOME'}"
Category 10,2025-10-11,Merchant 10,45.93,2.3,0.68,{'WELCOME'}
Category 10,2025-10-11,Merchant 11,70.14,3.51,22.59,{'WELCOME'}
Category 10,2025-10-11,Merchant 12,52.042,2.946,-11.538,"{'NONE','SAVE10','WELCOME'}"
Category 10,2025-10-11,Merchant 13,58.56,2.93,-36.74,{'WELCOME'}
Category 10,2025-10-11,Merchant 14,40.37,2.02,8.535,{'WELCOME'}
Category 10,2025-10-11,Merchant 16,54.63,2.235,30.305,"{'NONE','WELCOME'}"
Category 10,2025-10-11,Merchant 17,84.655,2.225,62.73,"{'NONE','WELCOME'}"
Category 10,2025-10-11,Merchant 18,86.19,4.2,-0.028,"{'NONE','SAVE10','WELCOME'}"
Category 10,2025-10-11,Merchant 19,46.06,4.61,-48.07,{'SAVE10'}
Category 10,2025-10-11,Merchant 20,44.1575,1.0025,7.275,"{'NONE','WELCOME'}"
Category 10,2025-10-11,Merchant 3,48.145,2.513333333333333,17.495,"{'SAVE10','WELCOME'}"
Category 10,2025-10-11,Merchant 4,45.275,3.005,-15.21,"{'SAVE10','WELCOME'}"
Category 10,2025-10-11,Merchant 5,38.28,3.83,-47.1,{'SAVE10'}
Category 10,2025-10-11,Merchant 6,72.99666666666667,2.4233333333333333,16.5,"{'NONE','WELCOME'}"
Category 10,2025-10-11,Merchant 8,81.52,4.08,43.94,{'WELCOME'}
Category 10,2025-10-12,Merchant 10,23.84,0,-22.09,{'NONE'}
Category 10,2025-10-12,Merchant 11,67.6725,2.3225,21.31,"{'NONE','WELCOME'}"
Category 10,2025-10-12,Merchant 12,40.49,4.05,-42.69,{'SAVE10'}
Category 10,2025-10-12,Merchant 13,36.37,1.82,-57.82,{'WELCOME'}
Category 10,2025-10-12,Merchant 14,33.075,2.215,1.045,"{'NONE','SAVE10','WELCOME'}"
Category 10,2025-10-12,Merchant 16,16.76,0.84,-6.17,{'WELCOME'}
Category 10,2025-10-12,Merchant 18,50.22,2.5385714285714287,-31.03142857142857,"{'NONE','SAVE10','WELCOME'}"
Category 10,2025-10-12,Merchant 19,61.41,4.745,-17.045,"{'NONE','SAVE10'}"
Category 10,2025-10-12,Merchant 20,53.412,2.996,19.182,"{'NONE','SAVE10','WELCOME'}"
Category 10,2025-10-12,Merchant 3,31.02,2.73,7.37,"{'SAVE10','WELCOME'}"
Category 10,2025-10-12,Merchant 4,69.18,4.96,23.8225,"{'SAVE10','WELCOME'}"
Category 10,2025-10-12,Merchant 5,79.69,7.97,-9.83,{'SAVE10'}
Category 10,2025-10-12,Merchant 6,100.78,0,8.14,{'NONE'}
Category 10,2025-10-12,Merchant 8,22.65,0,-10.85,{'NONE'}
Category 10,2025-10-13,Merchant 10,99.96,10,49.99,{'SAVE10'}
Category 10,2025-10-13,Merchant 11,82.39666666666666,1.9266666666666667,36.43,"{'NONE','SAVE10'}"
Category 10,2025-10-13,Merchant 12,56.593333333333334,0.15666666666666668,-22.69333333333333,"{'NONE','WELCOME'}"
Category 10,2025-10-13,Merchant 13,36.625,1.12,-56.865,"{'NONE','WELCOME'}"
Category 10,2025-10-13,Merchant 14,80.42,4.02,29.02,{'WELCOME'}
Category 10,2025-10-13,Merchant 17,47.1475,1.0925,26.355,"{'NONE','WELCOME'}"
Category 10,2025-10-13,Merchant 18,30.125,1.7475,-56.5325,"{'SAVE10','WELCOME'}"
Category 10,2025-10-13,Merchant 19,61.33,4.29,-21.94,"{'SAVE10','WELCOME'}"
Category 10,2025-10-13,Merchant 20,55.7325,2.7225,17.1275,"{'NONE','SAVE10'}"
Category 10,2025-10-13,Merchant 3,50.413636363636364,2.9554545454545456,34.914545454545454,"{'NONE','SAVE10','WELCOME'}"
Category 10,2025-10-13,Merchant 4,44.7975,1.235,-29.4325,"{'NONE','WELCOME'}"
Category 10,2025-10-13,Merchant 5,50.185,4.5,-35.865,"{'SAVE10','WELCOME'}"
Category 10,2025-10-13,Merchant 6,78.55,5.67,38.09,"{'SAVE10','WELCOME'}"
Category 10,2025-10-13,Merchant 8,48.78,2.44,12.84,{'WELCOME'}
Category 10,2025-10-14,Merchant 10,70.03,3.5033333333333334,22.583333333333332,{'WELCOME'}
Category 10,2025-10-14,Merchant 11,36.45,0.555,-8.145,"{'NONE','WELCOME'}"
Category 10,2025-10-14,Merchant 12,46.42,0.16,-9.75,"{'NONE','WELCOME'}"
Category 10,2025-10-14,Merchant 14,65.11,3.255,14.475,{'WELCOME'}
Category 10,2025-10-14,Merchant 17,25.79,1.29,4.8,{'WELCOME'}
Category 10,2025-10-14,Merchant 18,65.45333333333333,3.2733333333333334,-27.55,{'WELCOME'}
Category 10,2025-10-14,Merchant 19,68.1925,2.955,-0.5675,"{'NONE','WELCOME'}"
Category 10,2025-10-14,Merchant 20,65.004,3.712,19.978,"{'NONE','SAVE10','WELCOME'}"
Category 10,2025-10-14,Merchant 3,52.956,1.993,20.052,"{'NONE','SAVE10','WELCOME'}"
Category 10,2025-10-14,Merchant 4,38.53,2.7175,-4.585,"{'SAVE10','WELCOME'}"
Category 10,2025-10-14,Merchant 5,20.655,1.7,-62.595,"{'SAVE10','WELCOME'}"
Category 10,2025-10-14,Merchant 6,58.35,2.1125,-17.995,"{'NONE','WELCOME'}"
Category 10,2025-10-14,Merchant 8,40.24,2.01,4.73,{'WELCOME'}
Category 10,2025-10-15,Merchant 10,55.87,1.57,11.35,"{'NONE','WELCOME'}"
Category 10,2025-10-15,Merchant 11,58.0775,2.905,11.1325,{'WELCOME'}
Category 10,2025-10-15,Merchant 12,30.97,2.655,-50.815,"{'SAVE10','WELCOME'}"
Category 10,2025-10-15,Merchant 13,20.835,1.315,-72.85,"{'SAVE10','WELCOME'}"
Category 10,2025-10-15,Merchant 16,48.18,2.41,23.68,{'WELCOME'}
Category 10,2025-10-15,Merchant 17,81.12,6.045,55.38,"{'SAVE10','WELCOME'}"
Category 10,2025-10-15,Merchant 18,55.763333333333335,3.81,-37.776666666666664,"{'SAVE10','WELCOME'}"
Category 10,2025-10-15,Merchant 19,32.45,2.995,-44.255,"{'SAVE10','WELCOME'}"
Category 10,2025-10-15,Merchant 3,63.33857142857143,3.787142857142857,32.26857142857143,"{'NONE','SAVE10','WELCOME'}"
Category 10,2025-10-15,Merchant 4,52.31,0.77,-12.13,"{'NONE','WELCOME'}"
Category 10,2025-10-15,Merchant 5,69.5275,2.61,-14.6325,"{'NONE','WELCOME'}"
Category 10,2025-10-15,Merchant 6,64.1275,5.615,-5.2025,"{'SAVE10','WELCOME'}"
Category 10,2025-10-15,Merchant 8,79.52,3.98,42.04,{'WELCOME'}
Category 10,2025-10-16,Merchant 10,66.045,4.22,15.895,"{'SAVE10','WELCOME'}"
Category 10,2025-10-16,Merchant 12,70.13,3.086666666666667,18.74,"{'NONE','WELCOME'}"
Category 10,2025-10-16,Merchant 13,53.996,2.4,-40.774,"{'NONE','SAVE10','WELCOME'}"
Category 10,2025-10-16,Merchant 14,51.45,5.15,-1.08,{'SAVE10'}
Category 10,2025-10-16,Merchant 16,48.81,3.46,23.26,"{'SAVE10','WELCOME'}"
Category 10,2025-10-16,Merchant 17,37.29,0,17.59,{'NONE'}
Category 10,2025-10-16,Merchant 18,78.43,1.725,-3.385,"{'NONE','WELCOME'}"
Category 10,2025-10-16,Merchant 19,82.99,1.6,-8.13,"{'NONE','WELCOME'}"
Category 10,2025-10-16,Merchant 20,65.33571428571429,2.1014285714285714,11.65857142857143,"{'NONE','SAVE10','WELCOME'}"
Category 10,2025-10-16,Merchant 3,62.8025,2.9225,42.5925,"{'NONE','SAVE10','WELCOME'}"
Category 10,2025-10-16,Merchant 4,34.38166666666667,1.8933333333333333,-35.335,"{'NONE','SAVE10','WELCOME'}"
Category 10,2025-10-16,Merchant 5,66.10666666666667,3.31,-18.753333333333334,{'WELCOME'}
Category 10,2025-10-16,Merchant 6,42.63,0.8566666666666667,-31.583333333333332,"{'NONE','SAVE10','WELCOME'}"
Category 10,2025-10-16,Merchant 8,64.3,3.22,27.59,{'WELCOME'}
Category 10,2025-10-17,Merchant 10,56.748,2.658,10.544,"{'NONE','SAVE10','WELCOME'}"
Category 10,2025-10-17,Merchant 11,68.326,3.416,20.87,{'WELCOME'}
Category 10,2025-10-17,Merchant 12,56.7675,2.84,-13.6425,{'WELCOME'}
Category 10,2025-10-17,Merchant 13,60.0725,1.635,-33.9325,"{'NONE','SAVE10'}"
Category 10,2025-10-17,Merchant 14,42.105,1.715,1.7925,"{'NONE','SAVE10','WELCOME'}"
Category 10,2025-10-17,Merchant 16,42.21,4.22,15.9,{'SAVE10'}
Category 10,2025-10-17,Merchant 17,66.00333333333333,4.133333333333333,42.17333333333333,"{'SAVE10','WELCOME'}"
Category 10,2025-10-17,Merchant 18,50.555,2.975,-42.15,"{'SAVE10','WELCOME'}"
Category 10,2025-10-17,Merchant 19,76.5,7.65,-20.67,{'SAVE10'}
Category 10,2025-10-17,Merchant 20,56.016666666666666,1.6033333333333333,-6.016666666666667,"{'NONE','WELCOME'}"
Category 10,2025-10-17,Merchant 3,64.924,3.308,28.632,"{'NONE','SAVE10','WELCOME'}"
Category 10,2025-10-17,Merchant 4,65.2775,2.6175,-2.5775,"{'NONE','SAVE10','WELCOME'}"
Category 10,2025-10-17,Merchant 5,9.62,0,-71.93,{'NONE'}
Category 10,2025-10-17,Merchant 6,67.252,2.862,12.772,"{'NONE','SAVE10','WELCOME'}"
Category 10,2025-10-17,Merchant 8,90.65,6.62,50.53,"{'SAVE10','WELCOME'}"
Category 10,2025-10-18,Merchant 10,88.92,0,48.95,{'NONE'}
Category 10,2025-10-18,Merchant 11,42.58,0,-1.46,{'NONE'}
Category 10,2025-10-18,Merchant 12,81.04,5.605,19.425,"{'SAVE10','WELCOME'}"
Category 10,2025-10-18,Merchant 14,56.72,0,9.34,{'NONE'}
Category 10,2025-10-18,Merchant 16,16.41,1.365,-7.045,"{'SAVE10','WELCOME'}"
Category 10,2025-10-18,Merchant 17,33.88,3.39,10.79,{'SAVE10'}
Category 10,2025-10-18,Merchant 18,37.87,1.895,-44.115,{'WELCOME'}
Category 10,2025-10-18,Merchant 19,50.2125,0.785,-24.2825,"{'NONE','WELCOME'}"
Category 10,2025-10-18,Merchant 20,26.645,0.665,-26.05,"{'NONE','SAVE10'}"
Category 10,2025-10-18,Merchant 3,53.7,1.81,3.295,"{'NONE','SAVE10'}"
Category 10,2025-10-18,Merchant 4,60.86,3.19,-14.888571428571428,"{'NONE','SAVE10','WELCOME'}"
Category 10,2025-10-18,Merchant 6,60.51,3.413333333333333,-25.023333333333333,"{'NONE','SAVE10'}"
Category 10,2025-10-18,Merchant 8,51.555,1.02,17.04,"{'NONE','WELCOME'}"
Category 10,2025-10-19,Merchant 10,55.62,4.775,7.895,"{'SAVE10','WELCOME'}"
Category 10,2025-10-19,Merchant 11,56.455,1.65,10.765,"{'NONE','WELCOME'}"
Category 10,2025-10-19,Merchant 12,51.152,2.25,-11.732,"{'NONE','SAVE10','WELCOME'}"
Category 10,2025-10-19,Merchant 13,52.45,2.62,-42.54,{'WELCOME'}
Category 10,2025-10-19,Merchant 14,64.03,3.106666666666667,48.67333333333333,"{'NONE','SAVE10','WELCOME'}"
Category 10,2025-10-19,Merchant 16,35.22,0,13.13,{'NONE'}
Category 10,2025-10-19,Merchant 17,58.583333333333336,1.25,37.63333333333333,"{'NONE','WELCOME'}"
Category 10,2025-10-19,Merchant 18,73.12666666666667,5.04,-15.216666666666667,"{'SAVE10','WELCOME'}"
Category 10,2025-10-19,Merchant 19,56.7175,4.7825,-5.965,"{'SAVE10','WELCOME'}"
Category 10,2025-10-19,Merchant 20,45.7775,2.185,7.71,"{'NONE','SAVE10','WELCOME'}"
Category 10,2025-10-19,Merchant 3,81.865,6.015,54,"{'SAVE10','WELCOME'}"
Category 10,2025-10-19,Merchant 4,48.38,3.81,-21.19,"{'SAVE10','WELCOME'}"
Category 10,2025-10-19,Merchant 5,30.28,1.51,-52.78,{'WELCOME'}
Category 10,2025-10-19,Merchant 6,63.135,3.6816666666666666,-3.3833333333333333,"{'SAVE10','WELCOME'}"
Category 10,2025-10-19,Merchant 8,41.373333333333335,2.82,5.053333333333334,"{'NONE','SAVE10'}"
Category 10,2025-10-20,Merchant 10,48.514,2.238,5.114,"{'NONE','SAVE10','WELCOME'}"
Category 10,2025-10-20,Merchant 12,89.91,4.5,6.28,{'WELCOME'}
Category 10,2025-10-20,Merchant 14,14.925,0.745,-33.2,{'WELCOME'}
Category 10,2025-10-20,Merchant 17,73.29666666666667,1.5933333333333333,52.00333333333333,"{'NONE','WELCOME'}"
Category 10,2025-10-20,Merchant 19,39.59,1.2725,-27.4875,"{'NONE','WELCOME'}"
Category 10,2025-10-20,Merchant 20,72.04333333333334,2.2866666666666666,47.656666666666666,"{'NONE','WELCOME'}"
Category 10,2025-10-20,Merchant 3,74.19666666666667,0.8233333333333334,39.25666666666667,"{'NONE','WELCOME'}"
Category 10,2025-10-20,Merchant 4,94.98,4.75,26.56,{'WELCOME'}
Category 10,2025-10-20,Merchant 5,82,8.2,-7.75,{'SAVE10'}
Category 10,2025-10-20,Merchant 6,48.83,1.3716666666666666,-13.625,"{'NONE','SAVE10','WELCOME'}"
Category 10,2025-10-20,Merchant 8,102.56,5.13,63.93,{'WELCOME'}
Category 10,2025-10-21,Merchant 10,34.5825,1.25,-11.1075,"{'NONE','SAVE10','WELCOME'}"
Category 10,2025-10-21,Merchant 11,93.32,9.33,39.95,{'SAVE10'}
Category 10,2025-10-21,Merchant 13,55.52,2.78,-39.63,{'WELCOME'}
Category 10,2025-10-21,Merchant 14,100.35,5.02,83.08,{'WELCOME'}
Category 10,2025-10-21,Merchant 16,45.79,2.29,21.41,{'WELCOME'}
Category 10,2025-10-21,Merchant 17,68.98,6.9,42.38,{'SAVE10'}
Category 10,2025-10-21,Merchant 18,59.45,3.605,-24.245,"{'SAVE10','WELCOME'}"
Category 10,2025-10-21,Merchant 19,31.69333333333333,2.2866666666666666,-49.57333333333333,"{'SAVE10','WELCOME'}"
Category 10,2025-10-21,Merchant 20,62.19,3.8533333333333335,19.438333333333333,"{'NONE','SAVE10','WELCOME'}"
Category 10,2025-10-21,Merchant 3,50.81428571428572,2.0685714285714285,23.714285714285715,"{'NONE','SAVE10','WELCOME'}"
Category 10,2025-10-21,Merchant 4,37.1875,2.745,-35.4575,"{'SAVE10','WELCOME'}"
Category 10,2025-10-21,Merchant 6,49.2,2.46,-30.12,{'WELCOME'}
Category 10,2025-10-21,Merchant 8,52.48,3.215,15.765,"{'NONE','SAVE10'}"
Category 10,2025-10-22,Merchant 10,37.665,2.0125,-7.2975,"{'SAVE10','WELCOME'}"
Category 10,2025-10-22,Merchant 11,57.795,2.89,10.865,{'WELCOME'}
Category 10,2025-10-22,Merchant 12,95.17,4.76,57.52,{'WELCOME'}
Category 10,2025-10-22,Merchant 13,80.99,4.05,-15.43,{'WELCOME'}
Category 10,2025-10-22,Merchant 14,31.69,3.17,16.27,{'SAVE10'}
Category 10,2025-10-22,Merchant 17,34.92,1.75,13.47,{'WELCOME'}
Category 10,2025-10-22,Merchant 18,28.76,2.875,-54.205,{'SAVE10'}
Category 10,2025-10-22,Merchant 19,21.93,1.1,-37.07,{'WELCOME'}
Category 10,2025-10-22,Merchant 20,66.47,3.375,11.065,"{'NONE','SAVE10','WELCOME'}"
Category 10,2025-10-22,Merchant 3,58.156666666666666,3.1416666666666666,26.155,"{'NONE','SAVE10','WELCOME'}"
Category 10,2025-10-22,Merchant 4,53.97,4.136666666666667,-9.706666666666667,"{'SAVE10','WELCOME'}"
Category 10,2025-10-22,Merchant 5,68.735,4.67,-17.485,"{'SAVE10','WELCOME'}"
Category 10,2025-10-22,Merchant 6,78.63333333333334,4.4,20.16,"{'NONE','SAVE10','WELCOME'}"
Category 10,2025-10-22,Merchant 8,55.34,0,21.84,{'NONE'}
Category 10,2025-10-23,Merchant 10,38.14666666666667,2.5366666666666666,-6.346666666666667,"{'SAVE10','WELCOME'}"
Category 10,2025-10-23,Merchant 11,39.94,0,-4.1,{'NONE'}
Category 10,2025-10-23,Merchant 13,42.88,2,-51.49,"{'NONE','WELCOME'}"
Category 10,2025-10-23,Merchant 14,78.3575,2.685,54.6425,"{'NONE','WELCOME'}"
Category 10,2025-10-23,Merchant 16,39.045,2.27,14.685,"{'SAVE10','WELCOME'}"
Category 10,2025-10-23,Merchant 17,57.28333333333333,4.096666666666667,33.486666666666665,"{'SAVE10','WELCOME'}"
Category 10,2025-10-23,Merchant 18,41.18,0.38,-29.65,"{'NONE','WELCOME'}"
Category 10,2025-10-23,Merchant 19,20.02,0,-69.5,{'NONE'}
Category 10,2025-10-23,Merchant 20,73.242,3.442,31.324,"{'NONE','SAVE10','WELCOME'}"
Category 10,2025-10-23,Merchant 3,50.3725,3.6075,29.7875,"{'SAVE10','WELCOME'}"
Category 10,2025-10-23,Merchant 4,65.58285714285714,3.7157142857142857,6.168571428571429,"{'NONE','SAVE10','WELCOME'}"
Category 10,2025-10-23,Merchant 5,20.69,1.03,-61.89,{'WELCOME'}
Category 10,2025-10-23,Merchant 6,81.85,8.19,-18.98,{'SAVE10'}
Category 10,2025-10-23,Merchant 8,50.275,1.365,15.41,"{'NONE','WELCOME'}"
Category 10,2025-10-24,Merchant 10,63.76,2.5633333333333335,19.24,"{'NONE','SAVE10'}"
Category 10,2025-10-24,Merchant 11,62.08,6.21,11.83,{'SAVE10'}
Category 10,2025-10-24,Merchant 12,64.734,4.582,-0.48,"{'NONE','SAVE10','WELCOME'}"
Category 10,2025-10-24,Merchant 13,87.19,4.36,-9.54,{'WELCOME'}
Category 10,2025-10-24,Merchant 14,55.303333333333335,2.763333333333333,40.29,{'WELCOME'}
Category 10,2025-10-24,Merchant 16,11.975,1.2,-11.315,{'SAVE10'}
Category 10,2025-10-24,Merchant 17,60.355,2.21,38.445,"{'NONE','WELCOME'}"
Category 10,2025-10-24,Merchant 18,65.25,4.8575,-14.8775,"{'NONE','SAVE10','WELCOME'}"
Category 10,2025-10-24,Merchant 19,36.3,0.5,-22.1,"{'NONE','SAVE10'}"
Category 10,2025-10-24,Merchant 20,62.97,6.296666666666667,39.303333333333335,{'SAVE10'}
Category 10,2025-10-24,Merchant 3,51.553333333333335,3.9566666666666666,7.3966666666666665,"{'SAVE10','WELCOME'}"
Category 10,2025-10-24,Merchant 4,45.465,2.9575,-18.0675,"{'NONE','SAVE10','WELCOME'}"
Category 10,2025-10-24,Merchant 5,53.455,0,-28.095,{'NONE'}
Category 10,2025-10-24,Merchant 6,57.86666666666667,3.55,-13.78,"{'NONE','SAVE10','WELCOME'}"
Category 10,2025-10-24,Merchant 8,71.3725,4.58,33.2925,"{'SAVE10','WELCOME'}"
Category 10,2025-10-25,Merchant 10,27.885,0,-12.085,{'NONE'}
Category 10,2025-10-25,Merchant 11,71.98,4.95,22.99,"{'NONE','SAVE10'}"
Category 10,2025-10-25,Merchant 12,46.75333333333333,1.88,-34.25333333333333,"{'NONE','SAVE10','WELCOME'}"
Category 10,2025-10-25,Merchant 14,21.65,1.08,-26.81,{'WELCOME'}
Category 10,2025-10-25,Merchant 16,50.535,4.645,23.8,"{'SAVE10','WELCOME'}"
Category 10,2025-10-25,Merchant 17,37.66,1.88,16.08,{'WELCOME'}
Category 10,2025-10-25,Merchant 18,52.99,1.8875,-33.8075,"{'NONE','SAVE10','WELCOME'}"
Category 10,2025-10-25,Merchant 19,35.263333333333335,1.24,-34.416666666666664,"{'NONE','SAVE10','WELCOME'}"
Category 10,2025-10-25,Merchant 20,47.148,3.026,18.564,"{'SAVE10','WELCOME'}"
Category 10,2025-10-25,Merchant 3,48.03,2.6775,28.0675,"{'NONE','SAVE10','WELCOME'}"
Category 10,2025-10-25,Merchant 4,67.23166666666667,2.6016666666666666,13.366666666666667,"{'NONE','WELCOME'}"
Category 10,2025-10-25,Merchant 5,54.424,3.652,-30.778,"{'NONE','SAVE10','WELCOME'}"
Category 10,2025-10-25,Merchant 6,71.32,4.708333333333333,-3.236666666666667,"{'NONE','SAVE10','WELCOME'}"
Category 10,2025-10-25,Merchant 8,64.03,3.2,27.33,{'WELCOME'}
Category 10,2025-10-26,Merchant 10,50.18,3.3733333333333335,4.85,"{'NONE','SAVE10','WELCOME'}"
Category 10,2025-10-26,Merchant 11,34.155,1.71,-11.595,{'WELCOME'}
Category 10,2025-10-26,Merchant 13,59.62,0,-32.75,{'NONE'}
Category 10,2025-10-26,Merchant 14,58,2.255,43.495,"{'NONE','WELCOME'}"
Category 10,2025-10-26,Merchant 18,38.98,1.9466666666666668,-46.27,{'WELCOME'}
Category 10,2025-10-26,Merchant 19,23.93,0.81,-34.78,"{'NONE','WELCOME'}"
Category 10,2025-10-26,Merchant 20,63.01,4.655,13.42,"{'SAVE10','WELCOME'}"
Category 10,2025-10-26,Merchant 3,58.42,3.2225,34.9325,"{'NONE','SAVE10','WELCOME'}"
Category 10,2025-10-26,Merchant 4,63.4825,1.465,-6.315,"{'NONE','SAVE10','WELCOME'}"
Category 10,2025-10-26,Merchant 6,35.876666666666665,1.7933333333333332,-14.73,{'WELCOME'}
Category 10,2025-10-26,Merchant 8,66.465,1.82,31.145,"{'NONE','SAVE10'}"
Category 10,2025-10-27,Merchant 10,38.14666666666667,1.9033333333333333,-7.7,"{'NONE','SAVE10','WELCOME'}"
Category 10,2025-10-27,Merchant 11,51.28,5.13,2.11,{'SAVE10'}
Category 10,2025-10-27,Merchant 12,42.885,2.08,-22.911666666666665,"{'NONE','WELCOME'}"
Category 10,2025-10-27,Merchant 16,52.54,2.63,27.82,{'WELCOME'}
Category 10,2025-10-27,Merchant 17,40.49,2.175,18.615,"{'SAVE10','WELCOME'}"
Category 10,2025-10-27,Merchant 19,23.4,0.695,-51.005,"{'NONE','WELCOME'}"
Category 10,2025-10-27,Merchant 20,35.223333333333336,1.7766666666666666,-43.78333333333333,"{'NONE','SAVE10','WELCOME'}"
Category 10,2025-10-27,Merchant 3,65.73166666666667,0.8116666666666666,27.968333333333334,"{'NONE','SAVE10','WELCOME'}"
Category 10,2025-10-27,Merchant 4,59.628,0.846,-9.872,"{'NONE','WELCOME'}"
Category 10,2025-10-27,Merchant 6,60.726,3.71,-6.172,"{'NONE','SAVE10','WELCOME'}"
Category 10,2025-10-27,Merchant 8,23.516666666666666,1.2333333333333334,-11.216666666666667,"{'NONE','SAVE10','WELCOME'}"
Category 10,2025-10-28,Merchant 10,80.13666666666667,3.33,34.85,"{'NONE','SAVE10'}"
Category 10,2025-10-28,Merchant 11,35.03,1.55,-10.56,"{'NONE','WELCOME'}"
Category 10,2025-10-28,Merchant 12,36.73,2.79,-22.07,"{'SAVE10','WELCOME'}"
Category 10,2025-10-28,Merchant 13,63.675,3.18,-31.875,{'WELCOME'}
Category 10,2025-10-28,Merchant 14,88.17,1.7266666666666668,50.77333333333333,"{'NONE','WELCOME'}"
Category 10,2025-10-28,Merchant 16,32.413333333333334,0.5233333333333333,9.8,"{'NONE','SAVE10','WELCOME'}"
Category 10,2025-10-28,Merchant 17,24.58,1.23,3.65,{'WELCOME'}
Category 10,2025-10-28,Merchant 18,60.156,1.69,-19.696,"{'NONE','SAVE10','WELCOME'}"
Category 10,2025-10-28,Merchant 20,46.0675,2.21,7.975,"{'NONE','SAVE10','WELCOME'}"
Category 10,2025-10-28,Merchant 3,26.145,1.365,-24.13,"{'NONE','SAVE10','WELCOME'}"
Category 10,2025-10-28,Merchant 4,40.29666666666667,2.5633333333333335,-32.153333333333336,"{'NONE','SAVE10','WELCOME'}"
Category 10,2025-10-28,Merchant 6,47.45,2.674,-15.256,"{'NONE','SAVE10','WELCOME'}"
Category 10,2025-10-29,Merchant 10,28.45,1.42,-18.9,{'WELCOME'}
Category 10,2025-10-29,Merchant 11,101.4,5.07,52.29,{'WELCOME'}
Category 10,2025-10-29,Merchant 12,21.2975,0.9125,-35.625,"{'NONE','SAVE10','WELCOME'}"
Category 10,2025-10-29,Merchant 13,43.24,2.48,-51.61,"{'SAVE10','WELCOME'}"
Category 10,2025-10-29,Merchant 14,87.08,0,74.83,{'NONE'}
Category 10,2025-10-29,Merchant 16,24.89,2.49,0.31,{'SAVE10'}
Category 10,2025-10-29,Merchant 18,70.215,2.305,-12.18,"{'NONE','WELCOME'}"
Category 10,2025-10-29,Merchant 19,61.7,6.17,-33.99,{'SAVE10'}
Category 10,2025-10-29,Merchant 20,58.042,4.238,12.49,"{'NONE','SAVE10','WELCOME'}"
Category 10,2025-10-29,Merchant 3,60.3,6.03,33.35,{'SAVE10'}
Category 10,2025-10-29,Merchant 4,62.034,3.234,3.812,"{'NONE','SAVE10','WELCOME'}"
Category 10,2025-10-29,Merchant 6,36,0.865,-10.1725,"{'NONE','WELCOME'}"
Category 10,2025-10-29,Merchant 8,85.09,4.25,47.34,{'WELCOME'}
Category 10,2025-10-30,Merchant 10,54.18,2.71,11.5,{'WELCOME'}
Category 10,2025-10-30,Merchant 12,28.57,1.43,-51.99,{'WELCOME'}
Category 10,2025-10-30,Merchant 13,33.56,3.355,-62.165,{'SAVE10'}
Category 10,2025-10-30,Merchant 14,13.56,1.36,-35.18,{'SAVE10'}
Category 10,2025-10-30,Merchant 16,17.7,0.89,-5.28,{'WELCOME'}
Category 10,2025-10-30,Merchant 18,38.28,3.1625,-54.6125,"{'SAVE10','WELCOME'}"
Category 10,2025-10-30,Merchant 19,64.865,4.955,-13.8,"{'SAVE10','WELCOME'}"
Category 10,2025-10-30,Merchant 20,49.90833333333333,0.7083333333333334,18.7,"{'NONE','SAVE10','WELCOME'}"
Category 10,2025-10-30,Merchant 3,76.3825,0.355,58.43,"{'NONE','WELCOME'}"
Category 10,2025-10-30,Merchant 4,54.723333333333336,4.736666666666666,-19.9,"{'SAVE10','WELCOME'}"
Category 10,2025-10-30,Merchant 5,53.835,1.14,-28.855,"{'NONE','WELCOME'}"
Category 10,2025-10-30,Merchant 6,65.886,3.206,7.906,"{'NONE','SAVE10','WELCOME'}"
Category 10,2025-10-31,Merchant 10,37.403333333333336,2.5,-5.066666666666666,"{'SAVE10','WELCOME'}"
Category 10,2025-10-31,Merchant 12,74.685,7.47,-11.915,{'SAVE10'}
Category 10,2025-10-31,Merchant 13,78.92,7.895,-21.345,{'SAVE10'}
Category 10,2025-10-31,Merchant 14,53.66571428571429,1.752857142857143,14.57,"{'NONE','SAVE10','WELCOME'}"
Category 10,2025-10-31,Merchant 16,58.03,0,35.94,{'NONE'}
Category 10,2025-10-31,Merchant 17,36.06,1.8,14.56,{'WELCOME'}
Category 10,2025-10-31,Merchant 18,37.336666666666666,3.7333333333333334,-56.126666666666665,{'SAVE10'}
Category 10,2025-10-31,Merchant 19,47.215,4.31,-30.805,"{'SAVE10','WELCOME'}"
Category 10,2025-10-31,Merchant 20,82.07,7.036666666666667,19.333333333333332,"{'SAVE10','WELCOME'}"
Category 10,2025-10-31,Merchant 3,41.47571428571428,1.7142857142857142,1.8742857142857143,"{'NONE','WELCOME'}"
Category 10,2025-10-31,Merchant 4,50.58166666666666,2.42,-6.21,"{'NONE','WELCOME'}"
Category 10,2025-10-31,Merchant 5,57.7,2.585,-26.435,"{'NONE','WELCOME'}"
Category 10,2025-10-31,Merchant 6,22.54,1.13,-13.38,{'WELCOME'}
Category 10,2025-10-31,Merchant 8,42.13,0,8.63,{'NONE'}
Category 10,2025-11-01,Merchant 11,57.1675,4.0825,9.045,"{'SAVE10','WELCOME'}"
Category 10,2025-11-01,Merchant 12,51.845,2.59,-6.755,{'WELCOME'}
Category 10,2025-11-01,Merchant 13,33.765,1.69,-60.295,{'WELCOME'}
Category 10,2025-11-01,Merchant 14,73.735,5.956666666666667,43.818333333333335,"{'NONE','SAVE10','WELCOME'}"
Category 10,2025-11-01,Merchant 16,19.92,1,-3.17,{'WELCOME'}
Category 10,2025-11-01,Merchant 17,71.61,3.58,48.33,{'WELCOME'}
Category 10,2025-11-01,Merchant 18,11.44,0.57,-78.86,{'WELCOME'}
Category 10,2025-11-01,Merchant 19,59.22666666666667,4.77,-24.523333333333333,"{'SAVE10','WELCOME'}"
Category 10,2025-11-01,Merchant 20,62.718,3.364,28.124,"{'NONE','SAVE10','WELCOME'}"
Category 10,2025-11-01,Merchant 3,64.62285714285714,4.287142857142857,30.181428571428572,"{'NONE','SAVE10','WELCOME'}"
Category 10,2025-11-01,Merchant 4,64.08333333333333,3.27,1.27,"{'NONE','SAVE10','WELCOME'}"
Category 10,2025-11-01,Merchant 6,90.43,2.225,11.345,"{'NONE','WELCOME'}"
Category 10,2025-11-02,Merchant 10,58.85333333333333,2.9433333333333334,15.94,{'WELCOME'}
Category 10,2025-11-02,Merchant 11,35.495,3.55,-12.095,{'SAVE10'}
Category 10,2025-11-02,Merchant 13,63.65,6.365,-35.085,{'SAVE10'}
Category 10,2025-11-02,Merchant 14,41.1,4.11,24.74,{'SAVE10'}
Category 10,2025-11-02,Merchant 16,61.54,0.49,38.96,"{'NONE','WELCOME'}"
Category 10,2025-11-02,Merchant 17,63.25,5.095,38.455,"{'SAVE10','WELCOME'}"
Category 10,2025-11-02,Merchant 18,55.63,0.35333333333333333,-21.6,"{'NONE','WELCOME'}"
Category 10,2025-11-02,Merchant 20,40.56,2.7485714285714287,13.918571428571429,"{'NONE','SAVE10','WELCOME'}"
Category 10,2025-11-02,Merchant 3,28.573333333333334,2.1533333333333333,4.673333333333333,"{'NONE','SAVE10'}"
Category 10,2025-11-02,Merchant 4,54.2225,2.13,-25.565,"{'NONE','WELCOME'}"
Category 10,2025-11-02,Merchant 5,64.695,0.89,-17.745,"{'NONE','WELCOME'}"
Category 10,2025-11-02,Merchant 6,69.57428571428571,3.722857142857143,-14.014285714285714,"{'NONE','SAVE10','WELCOME'}"
Category 10,2025-11-02,Merchant 8,51.55,5.16,12.9,{'SAVE10'}
Category 10,2025-11-03,Merchant 10,33.49333333333333,2.29,-10.753333333333334,"{'SAVE10','WELCOME'}"
Category 10,2025-11-03,Merchant 12,28,1.4,-29.41,{'WELCOME'}
Category 10,2025-11-03,Merchant 13,82.87,8.29,-17.79,{'SAVE10'}
Category 10,2025-11-03,Merchant 14,58.71,2.94,8.39,{'WELCOME'}
Category 10,2025-11-03,Merchant 16,59.28,2.96,34.23,{'WELCOME'}
Category 10,2025-11-03,Merchant 18,39.595,1.84,-51.975,"{'NONE','SAVE10','WELCOME'}"
Category 10,2025-11-03,Merchant 19,52.18,3.18,-40.52,"{'NONE','SAVE10','WELCOME'}"
Category 10,2025-11-03,Merchant 20,48.35,3.415,0,"{'NONE','SAVE10','WELCOME'}"
Category 10,2025-11-03,Merchant 3,42.81,2.4,0.09428571428571429,"{'NONE','SAVE10','WELCOME'}"
Category 10,2025-11-03,Merchant 4,37.36,2.232,-37.256,"{'NONE','SAVE10','WELCOME'}"
Category 10,2025-11-03,Merchant 5,78.045,3.905,-7.41,{'WELCOME'}
Category 10,2025-11-03,Merchant 6,55.3675,1.85,-31.2325,"{'NONE','WELCOME'}"
Category 10,2025-11-03,Merchant 8,7.01,0,-26.49,{'NONE'}
Category 10,2025-11-04,Merchant 10,82.47333333333333,5.283333333333333,35.233333333333334,"{'SAVE10','WELCOME'}"
Category 10,2025-11-04,Merchant 11,83.49,4.17,35.28,{'WELCOME'}
Category 10,2025-11-04,Merchant 12,81.105,4.055,-2.08,{'WELCOME'}
Category 10,2025-11-04,Merchant 13,96.33,7.315,-3.355,"{'SAVE10','WELCOME'}"
Category 10,2025-11-04,Merchant 14,47.03333333333333,2.6766666666666667,-3.0233333333333334,"{'SAVE10','WELCOME'}"
Category 10,2025-11-04,Merchant 16,66.58333333333333,1.5933333333333333,42.9,"{'NONE','WELCOME'}"
Category 10,2025-11-04,Merchant 18,58.652857142857144,3.164285714285714,-23.224285714285713,"{'NONE','SAVE10','WELCOME'}"
Category 10,2025-11-04,Merchant 19,66.55833333333334,3.441666666666667,-15.863333333333333,"{'NONE','SAVE10','WELCOME'}"
Category 10,2025-11-04,Merchant 20,80.52,2.205,58.58,"{'NONE','WELCOME'}"
Category 10,2025-11-04,Merchant 3,51.85166666666667,3.118333333333333,11.781666666666666,"{'NONE','SAVE10','WELCOME'}"
Category 10,2025-11-04,Merchant 4,42.473333333333336,2.1233333333333335,-8.85,{'WELCOME'}
Category 10,2025-11-04,Merchant 6,58.344,5.042,10.098,"{'NONE','SAVE10','WELCOME'}"
Category 10,2025-11-05,Merchant 10,101.82,10.18,51.67,{'SAVE10'}
Category 10,2025-11-05,Merchant 11,59.25333333333333,0.5833333333333334,14.63,"{'NONE','WELCOME'}"
Category 10,2025-11-05,Merchant 12,50.07,5.01,-34.07,{'SAVE10'}
Category 10,2025-11-05,Merchant 14,43.75,1.4,30.1,"{'NONE','WELCOME'}"
Category 10,2025-11-05,Merchant 17,77.53,4.2,53.63,"{'NONE','SAVE10'}"
Category 10,2025-11-05,Merchant 19,70.5,4.12,-12.6,"{'SAVE10','WELCOME'}"
Category 10,2025-11-05,Merchant 20,58.873333333333335,2.816666666666667,17.156666666666666,"{'NONE','WELCOME'}"
Category 10,2025-11-05,Merchant 3,80.55,3.381666666666667,40.01166666666666,"{'NONE','SAVE10','WELCOME'}"
Category 10,2025-11-05,Merchant 4,55.214,3.758,-3.532,"{'NONE','SAVE10','WELCOME'}"
Category 10,2025-11-05,Merchant 5,56.27,0,-25.28,{'NONE'}
Category 10,2025-11-05,Merchant 6,43.394,4.12,-35.484,"{'SAVE10','WELCOME'}"
Category 10,2025-11-05,Merchant 8,40.715,1.59,5.625,"{'NONE','SAVE10'}"
Category 10,2025-11-06,Merchant 10,84.976,4.278,38.346,"{'NONE','SAVE10','WELCOME'}"
Category 10,2025-11-06,Merchant 12,75.85,3.79,-7.07,{'WELCOME'}
Category 10,2025-11-06,Merchant 13,53.535,3.915,-42.75,"{'SAVE10','WELCOME'}"
Category 10,2025-11-06,Merchant 14,62.57666666666667,1.05,25.856666666666666,"{'NONE','SAVE10'}"
Category 10,2025-11-06,Merchant 18,43.86,2.3866666666666667,-38.61666666666667,"{'NONE','SAVE10','WELCOME'}"
Category 10,2025-11-06,Merchant 19,63.346666666666664,5.326666666666667,-10.42,"{'SAVE10','WELCOME'}"
Category 10,2025-11-06,Merchant 20,64.945,2.1775,14.285,"{'NONE','WELCOME'}"
Category 10,2025-11-06,Merchant 3,85.91,4.376666666666667,47.00333333333333,"{'NONE','SAVE10','WELCOME'}"
Category 10,2025-11-06,Merchant 4,66.55333333333333,4.681666666666667,-5.951666666666667,"{'SAVE10','WELCOME'}"
Category 10,2025-11-06,Merchant 5,65.425,3.275,-19.4,{'WELCOME'}
Category 10,2025-11-06,Merchant 6,48.71,1.9433333333333334,-30.67888888888889,"{'NONE','SAVE10','WELCOME'}"
Category 10,2025-11-06,Merchant 8,47.92,4.79,9.63,{'SAVE10'}
Category 10,2025-11-07,Merchant 10,56.126666666666665,3.64,8.543333333333333,"{'NONE','SAVE10','WELCOME'}"
Category 10,2025-11-07,Merchant 12,19.035,1.765,-61.86,"{'SAVE10','WELCOME'}"
Category 10,2025-11-07,Merchant 13,83.38,4.17,-13.16,{'WELCOME'}
Category 10,2025-11-07,Merchant 14,27.545,2.606666666666667,-4.875,"{'SAVE10','WELCOME'}"
Category 10,2025-11-07,Merchant 16,56.276666666666664,1.8766666666666667,32.31,"{'NONE','WELCOME'}"
Category 10,2025-11-07,Merchant 17,57.375,4.505,33.17,"{'SAVE10','WELCOME'}"
Category 10,2025-11-07,Merchant 18,86.77,8.68,-11.64,{'SAVE10'}
Category 10,2025-11-07,Merchant 20,86.21,1.965,32.215,"{'NONE','WELCOME'}"
Category 10,2025-11-07,Merchant 3,44.064,3.142,22.662,"{'NONE','SAVE10','WELCOME'}"
Category 10,2025-11-07,Merchant 4,38.615,2.355,-27.41,"{'SAVE10','WELCOME'}"
Category 10,2025-11-07,Merchant 5,58.48,0.995,-24.065,"{'NONE','WELCOME'}"
Category 10,2025-11-07,Merchant 6,60.71,5.093333333333334,-37.02333333333333,"{'SAVE10','WELCOME'}"
Category 10,2025-11-07,Merchant 8,46.34,2.32,10.52,{'WELCOME'}
Category 10,2025-11-08,Merchant 10,58.093333333333334,3.59,8.573333333333334,"{'SAVE10','WELCOME'}"
Category 10,2025-11-08,Merchant 12,81.34,4.07,44.38,{'WELCOME'}
Category 10,2025-11-08,Merchant 13,54.14,2.71,-40.94,{'WELCOME'}
Category 10,2025-11-08,Merchant 14,44.92,4.49,28.18,{'SAVE10'}
Category 10,2025-11-08,Merchant 16,88.94,6.42,60.43,"{'SAVE10','WELCOME'}"
Category 10,2025-11-08,Merchant 17,35.49,1.315,14.475,"{'NONE','WELCOME'}"
Category 10,2025-11-08,Merchant 18,62.71333333333333,3.07,-17.233333333333334,"{'NONE','SAVE10','WELCOME'}"
Category 10,2025-11-08,Merchant 19,24.05,2.41,-67.88,{'SAVE10'}
Category 10,2025-11-08,Merchant 20,48.21,3.905,-7.725,"{'NONE','SAVE10'}"
Category 10,2025-11-08,Merchant 3,49.86,2.2016666666666667,4.108333333333333,"{'NONE','WELCOME'}"
Category 10,2025-11-08,Merchant 4,69.7575,2.6275,3.46,"{'NONE','SAVE10'}"
Category 10,2025-11-08,Merchant 6,60.42333333333333,4.196666666666666,-6.61,"{'SAVE10','WELCOME'}"
Category 10,2025-11-08,Merchant 8,62.77,6.28,22.99,{'SAVE10'}
Category 2,2025-09-09,Merchant 10,89.4,4.47,-12.99,{'WELCOME'}
Category 2,2025-09-09,Merchant 12,16.74,0.84,-22.6,{'WELCOME'}
Category 2,2025-09-09,Merchant 13,11.78,0,-73.81,{'NONE'}
Category 2,2025-09-09,Merchant 2,60.495,2.265,23.56,"{'NONE','SAVE10'}"
Category 2,2025-09-09,Merchant 6,56.49,5.65,-4.17,{'SAVE10'}
Category 2,2025-09-09,Merchant 9,26.69,2.67,16.55,{'SAVE10'}
Category 2,2025-09-10,Merchant 10,51.361666666666665,2.35,-43.208333333333336,"{'NONE','SAVE10','WELCOME'}"
Category 2,2025-09-10,Merchant 11,61.446666666666665,4.6433333333333335,34.95666666666666,"{'SAVE10','WELCOME'}"
Category 2,2025-09-10,Merchant 13,79.7425,6.2125,45.9025,"{'NONE','SAVE10'}"
Category 2,2025-09-10,Merchant 15,47.5775,2.1575,12.5725,"{'NONE','WELCOME'}"
Category 2,2025-09-10,Merchant 16,36.13,0,-58.63,{'NONE'}
Category 2,2025-09-10,Merchant 17,80.216,3.102,1.38,"{'NONE','WELCOME'}"
Category 2,2025-09-10,Merchant 18,45.635,4.565,-15.01,{'SAVE10'}
Category 2,2025-09-10,Merchant 2,64.87625,4.62,14.635,"{'NONE','SAVE10','WELCOME'}"
Category 2,2025-09-10,Merchant 20,95.74,0,54.92,{'NONE'}
Category 2,2025-09-10,Merchant 3,40.27,2.015,-6.64,{'WELCOME'}
Category 2,2025-09-10,Merchant 4,54.69,3.86375,9.44375,"{'SAVE10','WELCOME'}"
Category 2,2025-09-10,Merchant 5,53.41,2.2875,7.7075,"{'NONE','SAVE10','WELCOME'}"
Category 2,2025-09-10,Merchant 6,55.95333333333333,4.51,-23.08,"{'SAVE10','WELCOME'}"
Category 2,2025-09-10,Merchant 7,67.33333333333333,3.765833333333333,-14.076666666666666,"{'NONE','SAVE10','WELCOME'}"
Category 2,2025-09-10,Merchant 8,34.165,0.555,-15.76,"{'NONE','WELCOME'}"
Category 2,2025-09-10,Merchant 9,57.7625,3.06,44.7175,"{'NONE','SAVE10','WELCOME'}"
Category 2,2025-09-11,Merchant 10,47.4,2.28,-50.19,"{'NONE','SAVE10','WELCOME'}"
Category 2,2025-09-11,Merchant 11,81.655,7.14,53.06,"{'SAVE10','WELCOME'}"
Category 2,2025-09-11,Merchant 12,55.05,3.705,12.845,"{'SAVE10','WELCOME'}"
Category 2,2025-09-11,Merchant 13,42.03857142857143,1.4728571428571429,-14.598571428571429,"{'NONE','WELCOME'}"
Category 2,2025-09-11,Merchant 15,54.663333333333334,3.2533333333333334,40.06,"{'SAVE10','WELCOME'}"
Category 2,2025-09-11,Merchant 16,44.038,1.55,-17.768,"{'NONE','SAVE10','WELCOME'}"
Category 2,2025-09-11,Merchant 17,52.086666666666666,1.9666666666666668,-26.09,"{'NONE','SAVE10','WELCOME'}"
Category 2,2025-09-11,Merchant 18,55.5425,2.35,0.5175,"{'NONE','WELCOME'}"
Category 2,2025-09-11,Merchant 2,57.255,0.7075,20.39,"{'NONE','WELCOME'}"
Category 2,2025-09-11,Merchant 20,49.44,2.3333333333333335,6.286666666666667,"{'NONE','WELCOME'}"
Category 2,2025-09-11,Merchant 3,23.335,1.17,-22.73,{'WELCOME'}
Category 2,2025-09-11,Merchant 4,47.955,3.725,-10.66,"{'NONE','SAVE10','WELCOME'}"
Category 2,2025-09-11,Merchant 5,22.826666666666668,1.07,-21.658333333333335,"{'NONE','SAVE10','WELCOME'}"
Category 2,2025-09-11,Merchant 6,63.60285714285714,3.9385714285714286,-7.295714285714285,"{'NONE','SAVE10','WELCOME'}"
Category 2,2025-09-11,Merchant 7,55.28636363636364,2.998181818181818,-26.335,"{'NONE','SAVE10','WELCOME'}"
Category 2,2025-09-11,Merchant 8,40.18,4.02,-13.21,{'SAVE10'}
Category 2,2025-09-11,Merchant 9,23.532,1.038,-18.634,"{'NONE','SAVE10','WELCOME'}"
Category 2,2025-09-12,Merchant 10,40.336666666666666,2.8733333333333335,-46.35666666666667,"{'SAVE10','WELCOME'}"
Category 2,2025-09-12,Merchant 11,57.0875,2.8575,36.6975,{'WELCOME'}
Category 2,2025-09-12,Merchant 12,7.58,0.76,-31.68,{'SAVE10'}
Category 2,2025-09-12,Merchant 13,46.21857142857143,2.237142857142857,-18.987142857142857,"{'NONE','SAVE10','WELCOME'}"
Category 2,2025-09-12,Merchant 15,51.54,4.19,7.333333333333333,"{'SAVE10','WELCOME'}"
Category 2,2025-09-12,Merchant 16,50.21,2.51,-8.74,{'WELCOME'}
Category 2,2025-09-12,Merchant 17,63.43333333333333,4.09,-19.246666666666666,"{'SAVE10','WELCOME'}"
Category 2,2025-09-12,Merchant 18,96.92,4.85,83.42,{'WELCOME'}
Category 2,2025-09-12,Merchant 2,48.062,3.14,0.062,"{'SAVE10','WELCOME'}"
Category 2,2025-09-12,Merchant 20,54.855,2.745,11.29,{'WELCOME'}
Category 2,2025-09-12,Merchant 3,57.26,4.253333333333333,-2.39,"{'SAVE10','WELCOME'}"
Category 2,2025-09-12,Merchant 4,53.492,3.072,-7.174,"{'NONE','SAVE10','WELCOME'}"
Category 2,2025-09-12,Merchant 5,28.105,1.405,-16.715,{'WELCOME'}
Category 2,2025-09-12,Merchant 6,70.745,4.7,-5.68,"{'SAVE10','WELCOME'}"
Category 2,2025-09-12,Merchant 7,51.9375,1.8966666666666667,-32.91916666666667,"{'NONE','SAVE10','WELCOME'}"
Category 2,2025-09-12,Merchant 8,61.08,3.2075,-13.27,"{'NONE','SAVE10','WELCOME'}"
Category 2,2025-09-12,Merchant 9,57.66,2.885,-16.825,{'WELCOME'}
Category 2,2025-09-13,Merchant 10,55.44,3.656,-36.806,"{'NONE','SAVE10','WELCOME'}"
Category 2,2025-09-13,Merchant 11,57.54375,2.86625,34.58,"{'NONE','SAVE10','WELCOME'}"
Category 2,2025-09-13,Merchant 13,59.07142857142857,3.11,11.837142857142856,"{'NONE','SAVE10','WELCOME'}"
Category 2,2025-09-13,Merchant 15,45.09,0.84,-24.433333333333334,"{'NONE','WELCOME'}"
Category 2,2025-09-13,Merchant 16,94.44,4.72,14.2,{'WELCOME'}
Category 2,2025-09-13,Merchant 17,45.53333333333333,3.13,-33.806666666666665,"{'SAVE10','WELCOME'}"
Category 2,2025-09-13,Merchant 18,56.07,2.763333333333333,17.576666666666668,"{'NONE','SAVE10'}"
Category 2,2025-09-13,Merchant 2,67.65666666666667,4.296666666666667,12.346666666666668,"{'SAVE10','WELCOME'}"
Category 2,2025-09-13,Merchant 20,50.67,0.455,9.395,"{'NONE','WELCOME'}"
Category 2,2025-09-13,Merchant 3,54.32,2.715,6.71,{'WELCOME'}
Category 2,2025-09-13,Merchant 4,74.1,3.71,-31.77,{'WELCOME'}
Category 2,2025-09-13,Merchant 5,29.133333333333333,0.8766666666666667,-14.226666666666667,"{'NONE','SAVE10','WELCOME'}"
Category 2,2025-09-13,Merchant 6,38.49666666666667,0.11,-33.36333333333334,"{'NONE','WELCOME'}"
Category 2,2025-09-13,Merchant 7,50.074375,2.77375,-12.679375,"{'NONE','SAVE10','WELCOME'}"
Category 2,2025-09-13,Merchant 8,62.9775,4.19,9.4175,"{'SAVE10','WELCOME'}"
Category 2,2025-09-13,Merchant 9,56.87083333333333,3.1566666666666667,2.6533333333333333,"{'NONE','SAVE10','WELCOME'}"
Category 2,2025-09-14,Merchant 10,92.53,2.51,-7.9,"{'NONE','WELCOME'}"
Category 2,2025-09-14,Merchant 11,65.966,3.76,39.548,"{'NONE','SAVE10','WELCOME'}"
Category 2,2025-09-14,Merchant 12,87.39,4.37,44.52,{'WELCOME'}
Category 2,2025-09-14,Merchant 13,55.126,2.032,-2.732,"{'NONE','WELCOME'}"
Category 2,2025-09-14,Merchant 15,20.84,2.08,7.41,{'SAVE10'}
Category 2,2025-09-14,Merchant 16,60.88,1.3142857142857143,-10.548571428571428,"{'NONE','SAVE10','WELCOME'}"
Category 2,2025-09-14,Merchant 17,53.635,2.92,-27.875,"{'NONE','SAVE10'}"
Category 2,2025-09-14,Merchant 18,58.89666666666667,3.61,-0.7933333333333333,"{'NONE','SAVE10'}"
Category 2,2025-09-14,Merchant 2,63.385,5.1675,18.13,"{'SAVE10','WELCOME'}"
Category 2,2025-09-14,Merchant 20,66.67,6.67,19.18,{'SAVE10'}
Category 2,2025-09-14,Merchant 3,75.65,3.78,-4.53,{'WELCOME'}
Category 2,2025-09-14,Merchant 4,61.343333333333334,0.9866666666666667,-8.036666666666667,"{'NONE','WELCOME'}"
Category 2,2025-09-14,Merchant 5,56.22,3.135,9.67,"{'SAVE10','WELCOME'}"
Category 2,2025-09-14,Merchant 6,55.45,3.4633333333333334,-14.166666666666666,"{'SAVE10','WELCOME'}"
Category 2,2025-09-14,Merchant 7,48.466923076923074,1.1576923076923078,-27.97923076923077,"{'NONE','SAVE10','WELCOME'}"
Category 2,2025-09-14,Merchant 8,48.90833333333333,1.7916666666666667,-7.091666666666667,"{'NONE','WELCOME'}"
Category 2,2025-09-14,Merchant 9,48.574,1.664,18.776,"{'NONE','WELCOME'}"
Category 2,2025-09-15,Merchant 10,48.4375,0.79,-39.6975,"{'NONE','WELCOME'}"
Category 2,2025-09-15,Merchant 11,45.36,2.072,19.444,"{'NONE','SAVE10','WELCOME'}"
Category 2,2025-09-15,Merchant 12,67.2975,3.6625,25.135,"{'SAVE10','WELCOME'}"
Category 2,2025-09-15,Merchant 13,52.27,0,43.96,{'NONE'}
Category 2,2025-09-15,Merchant 15,47.07714285714286,3.5157142857142856,-4.644285714285714,"{'NONE','SAVE10','WELCOME'}"
Category 2,2025-09-15,Merchant 16,32.2775,1.3725,-30.305,"{'NONE','SAVE10','WELCOME'}"
Category 2,2025-09-15,Merchant 17,34.57,1.73,-42.18,{'WELCOME'}
Category 2,2025-09-15,Merchant 18,42.64666666666667,0.5766666666666667,-9.47,"{'NONE','WELCOME'}"
Category 2,2025-09-15,Merchant 2,59.94166666666667,2.785,10.186666666666667,"{'NONE','SAVE10','WELCOME'}"
Category 2,2025-09-15,Merchant 20,54.83,0,14.01,{'NONE'}
Category 2,2025-09-15,Merchant 3,45.6875,1.915,-32.6275,"{'NONE','SAVE10','WELCOME'}"
Category 2,2025-09-15,Merchant 4,40,3.745,5,"{'NONE','SAVE10'}"
Category 2,2025-09-15,Merchant 6,81.3325,4.875,19.3675,"{'NONE','SAVE10','WELCOME'}"
Category 2,2025-09-15,Merchant 7,45.43666666666667,2.526,-32.641333333333336,"{'NONE','SAVE10','WELCOME'}"
Category 2,2025-09-15,Merchant 8,73.43,3.67,20.39,{'WELCOME'}
Category 2,2025-09-15,Merchant 9,61.04,2.575,22.108333333333334,"{'NONE','SAVE10','WELCOME'}"
Category 2,2025-09-16,Merchant 10,66.66833333333334,4.006666666666667,-26.758333333333333,"{'NONE','SAVE10','WELCOME'}"
Category 2,2025-09-16,Merchant 11,47.33555555555556,2.71,21.90111111111111,"{'NONE','SAVE10','WELCOME'}"
Category 2,2025-09-16,Merchant 12,32.73,0.30666666666666664,-6.076666666666667,"{'NONE','SAVE10'}"
Category 2,2025-09-16,Merchant 13,52.20333333333333,3.7183333333333333,-10.713333333333333,"{'SAVE10','WELCOME'}"
Category 2,2025-09-16,Merchant 15,57.34,5.03,-45.04,"{'NONE','SAVE10'}"
Category 2,2025-09-16,Merchant 16,73.13,7.31,-9.7,{'SAVE10'}
Category 2,2025-09-16,Merchant 17,76.3275,3.7125,-4.1875,"{'NONE','SAVE10','WELCOME'}"
Category 2,2025-09-16,Merchant 18,62.3325,3.675,5.9825,"{'SAVE10','WELCOME'}"
Category 2,2025-09-16,Merchant 2,56.221111111111114,2.1455555555555557,4.381111111111111,"{'NONE','SAVE10','WELCOME'}"
Category 2,2025-09-16,Merchant 20,50.97,2.09,8.06,"{'NONE','SAVE10'}"
Category 2,2025-09-16,Merchant 3,60.85333333333333,4.793333333333333,21.666666666666668,"{'SAVE10','WELCOME'}"
Category 2,2025-09-16,Merchant 4,29.3525,1.56,-54.1125,"{'NONE','SAVE10','WELCOME'}"
Category 2,2025-09-16,Merchant 5,25.553333333333335,1.2766666666666666,-20.07,{'WELCOME'}
Category 2,2025-09-16,Merchant 6,51.63125,2.8,-19.755,"{'NONE','SAVE10','WELCOME'}"
Category 2,2025-09-16,Merchant 7,53.5036,2.5988,-16.768,"{'NONE','SAVE10','WELCOME'}"
Category 2,2025-09-16,Merchant 8,30.483333333333334,1.2133333333333334,-39.45333333333333,"{'NONE','WELCOME'}"
Category 2,2025-09-16,Merchant 9,59.6425,5.17,14.9375,"{'SAVE10','WELCOME'}"
Category 2,2025-09-17,Merchant 10,65.83333333333333,4.69,-28.276666666666667,"{'SAVE10','WELCOME'}"
Category 2,2025-09-17,Merchant 11,72.72125,4.87625,53.0775,"{'NONE','SAVE10','WELCOME'}"
Category 2,2025-09-17,Merchant 12,23.516666666666666,2.3533333333333335,-17.336666666666666,{'SAVE10'}
Category 2,2025-09-17,Merchant 13,73.036,4.596,22.822,"{'NONE','SAVE10','WELCOME'}"
Category 2,2025-09-17,Merchant 15,58.06333333333333,2.02,16.026666666666667,"{'NONE','SAVE10','WELCOME'}"
Category 2,2025-09-17,Merchant 16,66.715,5.25,5.025,"{'SAVE10','WELCOME'}"
Category 2,2025-09-17,Merchant 17,72.796,3.738,-8.818,"{'NONE','SAVE10','WELCOME'}"
Category 2,2025-09-17,Merchant 18,51.25,3.4433333333333334,-3.7333333333333334,"{'SAVE10','WELCOME'}"
Category 2,2025-09-17,Merchant 2,57.104166666666664,2.8075,5.799166666666666,"{'NONE','SAVE10','WELCOME'}"
Category 2,2025-09-17,Merchant 3,74.06,2.59,26.575,"{'NONE','WELCOME'}"
Category 2,2025-09-17,Merchant 4,63.39,2.07,33.43666666666667,"{'NONE','WELCOME'}"
Category 2,2025-09-17,Merchant 5,43.26,0,2.64,{'NONE'}
Category 2,2025-09-17,Merchant 6,62.924,3.556,-15.73,"{'SAVE10','WELCOME'}"
Category 2,2025-09-17,Merchant 7,63.17111111111111,4.176666666666667,-3.638888888888889,"{'NONE','SAVE10','WELCOME'}"
Category 2,2025-09-17,Merchant 8,60.34,3.02,-21.08,{'WELCOME'}
Category 2,2025-09-17,Merchant 9,27.69,1.115,-22.9675,"{'NONE','SAVE10','WELCOME'}"
Category 2,2025-09-18,Merchant 10,53.73888888888889,1.7522222222222221,-37.43333333333333,"{'NONE','SAVE10','WELCOME'}"
Category 2,2025-09-18,Merchant 11,45.596666666666664,1.9466666666666668,19.19,"{'NONE','WELCOME'}"
Category 2,2025-09-18,Merchant 12,59.446666666666665,5.946666666666666,15.006666666666666,{'SAVE10'}
Category 2,2025-09-18,Merchant 13,51.659,3.343,13.05,"{'NONE','SAVE10','WELCOME'}"
Category 2,2025-09-18,Merchant 15,58.55,2.925,1.275,{'WELCOME'}
Category 2,2025-09-18,Merchant 16,62.16,3.946,-13.522,"{'NONE','SAVE10','WELCOME'}"
Category 2,2025-09-18,Merchant 17,28.93,0.755,-50.415,"{'NONE','WELCOME'}"
Category 2,2025-09-18,Merchant 18,68.575,3.435,4.0125,"{'NONE','SAVE10','WELCOME'}"
Category 2,2025-09-18,Merchant 2,61.36555555555555,2.0877777777777777,5.431111111111111,"{'NONE','SAVE10','WELCOME'}"
Category 2,2025-09-18,Merchant 20,18.12,1.81,-24.51,{'SAVE10'}
Category 2,2025-09-18,Merchant 3,26.92,1.345,-19.32,{'WELCOME'}
Category 2,2025-09-18,Merchant 4,47.4325,2.63,23.6625,"{'SAVE10','WELCOME'}"
Category 2,2025-09-18,Merchant 5,28.83,1.445,-16.03,{'WELCOME'}
Category 2,2025-09-18,Merchant 6,22.426666666666666,1.1233333333333333,-50.446666666666665,{'WELCOME'}
Category 2,2025-09-18,Merchant 7,52.36705882352941,2.2876470588235294,-12.645294117647058,"{'NONE','SAVE10','WELCOME'}"
Category 2,2025-09-18,Merchant 8,42.776666666666664,2.14,-37.763333333333335,{'WELCOME'}
Category 2,2025-09-18,Merchant 9,77.53,3.805,62.485,"{'NONE','SAVE10','WELCOME'}"
Category 2,2025-09-19,Merchant 10,40.27,1.74,-48.815,"{'NONE','SAVE10'}"
Category 2,2025-09-19,Merchant 11,55.56,3.9014285714285712,33.55142857142857,"{'NONE','SAVE10','WELCOME'}"
Category 2,2025-09-19,Merchant 12,91.03,9.1,43.43,{'SAVE10'}
Category 2,2025-09-19,Merchant 13,72.34,1.5,3.135,"{'NONE','SAVE10','WELCOME'}"
Category 2,2025-09-19,Merchant 15,46.495,3.0175,-32.3725,"{'SAVE10','WELCOME'}"
Category 2,2025-09-19,Merchant 16,55.18666666666667,2.308333333333333,-32.26166666666666,"{'NONE','SAVE10','WELCOME'}"
Category 2,2025-09-19,Merchant 17,48.562,2.606,-30.492,"{'SAVE10','WELCOME'}"
Category 2,2025-09-19,Merchant 18,15.715,1.235,-58.505,"{'SAVE10','WELCOME'}"
Category 2,2025-09-19,Merchant 2,68.684,1.308,17.328,"{'NONE','WELCOME'}"
Category 2,2025-09-19,Merchant 3,68.44,1.5066666666666666,-9.466666666666667,"{'NONE','WELCOME'}"
Category 2,2025-09-19,Merchant 4,60.9,3.26,29.756666666666668,"{'NONE','SAVE10'}"
Category 2,2025-09-19,Merchant 5,59.28,2.12,14.676666666666666,"{'NONE','WELCOME'}"
Category 2,2025-09-19,Merchant 6,66.055,5.36,-4.7525,"{'SAVE10','WELCOME'}"
Category 2,2025-09-19,Merchant 7,59.73916666666667,2.7808333333333333,-20.866666666666667,"{'NONE','SAVE10','WELCOME'}"
Category 2,2025-09-19,Merchant 8,52.38333333333333,2.02,-8.683333333333334,"{'NONE','WELCOME'}"
Category 2,2025-09-19,Merchant 9,90.725,4.535,76.205,{'WELCOME'}
Category 2,2025-09-20,Merchant 10,60.596666666666664,4.59,-31.963333333333335,"{'SAVE10','WELCOME'}"
Category 2,2025-09-20,Merchant 11,70.845,3.336666666666667,58.068333333333335,"{'NONE','SAVE10','WELCOME'}"
Category 2,2025-09-20,Merchant 12,72.315,3.3375,30.48,"{'NONE','SAVE10','WELCOME'}"
Category 2,2025-09-20,Merchant 13,67.644,4.716,17.31,"{'NONE','SAVE10','WELCOME'}"
Category 2,2025-09-20,Merchant 15,37.16,1.86,23.95,{'WELCOME'}
Category 2,2025-09-20,Merchant 16,21.28,2.13,-75.61,{'SAVE10'}
Category 2,2025-09-20,Merchant 17,96.54,0,17.95,{'NONE'}
Category 2,2025-09-20,Merchant 18,60.585,3.4716666666666667,-2.3316666666666666,"{'NONE','SAVE10','WELCOME'}"
Category 2,2025-09-20,Merchant 2,61.075,4.605,1.3275,"{'SAVE10','WELCOME'}"
Category 2,2025-09-20,Merchant 20,76.19,7.62,27.75,{'SAVE10'}
Category 2,2025-09-20,Merchant 3,46.675,1.6475,15.885,"{'NONE','WELCOME'}"
Category 2,2025-09-20,Merchant 4,80.08,2.208,20.278,"{'NONE','WELCOME'}"
Category 2,2025-09-20,Merchant 5,73.50666666666666,7.3533333333333335,21.80666666666667,{'SAVE10'}
Category 2,2025-09-20,Merchant 6,41.23428571428571,1.8614285714285714,-28.775714285714287,"{'NONE','SAVE10','WELCOME'}"
Category 2,2025-09-20,Merchant 7,40.52916666666667,1.425,-34.21083333333333,"{'NONE','SAVE10','WELCOME'}"
Category 2,2025-09-20,Merchant 8,59.354,4.036,5.948,"{'NONE','SAVE10','WELCOME'}"
Category 2,2025-09-20,Merchant 9,41.725,2.4375,7.245,"{'SAVE10','WELCOME'}"
Category 2,2025-09-21,Merchant 10,47.48,4.75,-55.19,{'SAVE10'}
Category 2,2025-09-21,Merchant 11,39.98,1.7933333333333332,20.93,"{'NONE','WELCOME'}"
Category 2,2025-09-21,Merchant 12,37.17666666666667,1.31,-2.6333333333333333,"{'NONE','WELCOME'}"
Category 2,2025-09-21,Merchant 13,48.325,2.857,0.589,"{'NONE','SAVE10','WELCOME'}"
Category 2,2025-09-21,Merchant 15,19.81,1.98,-79.52,{'SAVE10'}
Category 2,2025-09-21,Merchant 16,52.2275,2.92875,0.07375,"{'NONE','SAVE10','WELCOME'}"
Category 2,2025-09-21,Merchant 17,64.9975,2.1625,-13.97,"{'NONE','WELCOME'}"
Category 2,2025-09-21,Merchant 18,41.098,2.578,-2.626,"{'NONE','SAVE10','WELCOME'}"
Category 2,2025-09-21,Merchant 2,61.498333333333335,2.61,15.568333333333333,"{'NONE','WELCOME'}"
Category 2,2025-09-21,Merchant 20,62.61666666666667,3.4633333333333334,18.333333333333332,"{'SAVE10','WELCOME'}"
Category 2,2025-09-21,Merchant 3,39.906,2.404,-26.292,"{'NONE','SAVE10','WELCOME'}"
Category 2,2025-09-21,Merchant 4,55.69,5.57,-52.04,{'SAVE10'}
Category 2,2025-09-21,Merchant 5,38.86333333333334,2.566666666666667,-8.05,"{'NONE','SAVE10','WELCOME'}"
Category 2,2025-09-21,Merchant 6,26.635,0.76,-33.295,"{'NONE','WELCOME'}"
Category 2,2025-09-21,Merchant 7,49.894,2.489333333333333,-15.906,"{'NONE','SAVE10','WELCOME'}"
Category 2,2025-09-21,Merchant 8,66.91,6.69,10.85,{'SAVE10'}
Category 2,2025-09-21,Merchant 9,43.476,2.466,-5.774,"{'NONE','SAVE10','WELCOME'}"
Category 2,2025-09-22,Merchant 10,62.315,3.3275,-31.47,"{'SAVE10','WELCOME'}"
Category 2,2025-09-22,Merchant 11,60.555,3.617,36.809,"{'NONE','SAVE10','WELCOME'}"
Category 2,2025-09-22,Merchant 12,71.0875,5.1975,27.39,"{'NONE','SAVE10','WELCOME'}"
Category 2,2025-09-22,Merchant 13,70.27166666666666,6.296666666666667,23.62,"{'SAVE10','WELCOME'}"
Category 2,2025-09-22,Merchant 15,82.8,4.14,67.31,{'WELCOME'}
Category 2,2025-09-22,Merchant 16,41.57,0.6614285714285715,-29.205714285714286,"{'NONE','SAVE10','WELCOME'}"
Category 2,2025-09-22,Merchant 17,59.34285714285714,2.045714285714286,-19.252857142857142,"{'NONE','SAVE10','WELCOME'}"
Category 2,2025-09-22,Merchant 18,43.07333333333333,1.2,-20.936666666666667,"{'NONE','WELCOME'}"
Category 2,2025-09-22,Merchant 2,59.805,2.02,6.1525,"{'NONE','SAVE10','WELCOME'}"
Category 2,2025-09-22,Merchant 20,15.91,0,-24.91,{'NONE'}
Category 2,2025-09-22,Merchant 3,19.215,1.44,-27.115,"{'SAVE10','WELCOME'}"
Category 2,2025-09-22,Merchant 4,13.72,0.535,-48.465,"{'NONE','WELCOME'}"
Category 2,2025-09-22,Merchant 5,34.115,1.705,-8.21,{'WELCOME'}
Category 2,2025-09-22,Merchant 6,43.95,2.83,-16.663333333333334,"{'SAVE10','WELCOME'}"
Category 2,2025-09-22,Merchant 7,37.79222222222222,1.9255555555555557,-10.337777777777777,"{'NONE','SAVE10','WELCOME'}"
Category 2,2025-09-22,Merchant 8,95.35,7.37,38.61,"{'SAVE10','WELCOME'}"
Category 2,2025-09-22,Merchant 9,60.56636363636363,2.0636363636363635,17.252727272727274,"{'NONE','SAVE10','WELCOME'}"
Category 2,2025-09-23,Merchant 10,48.1075,1.12,-44.5575,"{'NONE','SAVE10','WELCOME'}"
Category 2,2025-09-23,Merchant 11,85.922,4.548,61.74,"{'NONE','SAVE10','WELCOME'}"
Category 2,2025-09-23,Merchant 12,50.89,2.54,9.85,{'WELCOME'}
Category 2,2025-09-23,Merchant 13,35.715,1.8025,4.85,"{'NONE','SAVE10','WELCOME'}"
Category 2,2025-09-23,Merchant 15,44.905,4.14,-56.585,"{'SAVE10','WELCOME'}"
Category 2,2025-09-23,Merchant 16,56.028888888888886,2.2755555555555556,5.846666666666667,"{'NONE','WELCOME'}"
Category 2,2025-09-23,Merchant 17,48.17666666666667,1.31,-30.533333333333335,"{'NONE','WELCOME'}"
Category 2,2025-09-23,Merchant 18,53.332,1.684,42.998,"{'NONE','WELCOME'}"
Category 2,2025-09-23,Merchant 2,63.83923076923077,3.743076923076923,16.123846153846152,"{'NONE','SAVE10','WELCOME'}"
Category 2,2025-09-23,Merchant 3,61.3025,2.7775,13.63,"{'NONE','SAVE10','WELCOME'}"
Category 2,2025-09-23,Merchant 4,52.41428571428571,3.8342857142857145,1.4042857142857144,"{'SAVE10','WELCOME'}"
Category 2,2025-09-23,Merchant 5,42.8,0,2.18,{'NONE'}
Category 2,2025-09-23,Merchant 6,53.065,2.14,-11.018333333333333,"{'NONE','SAVE10','WELCOME'}"
Category 2,2025-09-23,Merchant 7,54.34,2.0016666666666665,-7.238888888888889,"{'NONE','SAVE10','WELCOME'}"
Category 2,2025-09-23,Merchant 8,53.306666666666665,3.296666666666667,-9.036666666666667,"{'NONE','SAVE10','WELCOME'}"
Category 2,2025-09-23,Merchant 9,44.656666666666666,1.985,-2.5566666666666666,"{'NONE','SAVE10','WELCOME'}"
Category 2,2025-09-24,Merchant 10,64.67,2.4633333333333334,-32.81333333333333,"{'NONE','SAVE10','WELCOME'}"
Category 2,2025-09-24,Merchant 11,75.46875,3.83375,56.79375,"{'NONE','SAVE10','WELCOME'}"
Category 2,2025-09-24,Merchant 13,50.475,2.06,10.4075,"{'NONE','SAVE10','WELCOME'}"
Category 2,2025-09-24,Merchant 15,50.034,1.526,19.958,"{'NONE','SAVE10'}"
Category 2,2025-09-24,Merchant 16,57.04833333333333,3.7983333333333333,-22.323333333333334,"{'NONE','SAVE10','WELCOME'}"
Category 2,2025-09-24,Merchant 17,45.70333333333333,0,-30.506666666666668,{'NONE'}
Category 2,2025-09-24,Merchant 18,70.6,2.465,35.775,"{'NONE','WELCOME'}"
Category 2,2025-09-24,Merchant 2,25.055,2.51,-5.1,{'SAVE10'}
Category 2,2025-09-24,Merchant 20,78.995,3.95,34.225,{'WELCOME'}
Category 2,2025-09-24,Merchant 3,92.53,0,79.14,{'NONE'}
Category 2,2025-09-24,Merchant 4,66.58666666666667,2.52,5.805,"{'NONE','SAVE10','WELCOME'}"
Category 2,2025-09-24,Merchant 6,56.2925,0.4875,-13.84,"{'NONE','WELCOME'}"
Category 2,2025-09-24,Merchant 7,58.406470588235294,2.6858823529411766,-16.71294117647059,"{'NONE','SAVE10','WELCOME'}"
Category 2,2025-09-24,Merchant 8,95.355,4.415,27.055,"{'NONE','SAVE10'}"
Category 2,2025-09-24,Merchant 9,29.144285714285715,0.9814285714285714,-2.63,"{'NONE','WELCOME'}"
Category 2,2025-09-25,Merchant 10,50.32,2.52,-50.12,{'WELCOME'}
Category 2,2025-09-25,Merchant 11,57.575,2.88,34.45,{'WELCOME'}
Category 2,2025-09-25,Merchant 12,51.79,0,13.29,{'NONE'}
Category 2,2025-09-25,Merchant 13,69.9775,3.61,9.04,"{'NONE','SAVE10','WELCOME'}"
Category 2,2025-09-25,Merchant 15,53.21,2.893333333333333,-47.03333333333333,"{'NONE','SAVE10'}"
Category 2,2025-09-25,Merchant 16,38.9,1.76,-9.68,"{'NONE','WELCOME'}"
Category 2,2025-09-25,Merchant 17,38.975,1.285,-40.9,"{'NONE','WELCOME'}"
Category 2,2025-09-25,Merchant 18,49.25333333333333,4.5,4.483333333333333,"{'SAVE10','WELCOME'}"
Category 2,2025-09-25,Merchant 2,57.91428571428571,2.7942857142857145,8.615714285714287,"{'NONE','SAVE10','WELCOME'}"
Category 2,2025-09-25,Merchant 3,78.5,0,2.1,{'NONE'}
Category 2,2025-09-25,Merchant 4,65.582,3.811,10.257,"{'NONE','SAVE10','WELCOME'}"
Category 2,2025-09-25,Merchant 5,51.06666666666667,2.586666666666667,4.133333333333333,"{'NONE','SAVE10','WELCOME'}"
Category 2,2025-09-25,Merchant 6,36.36,3.413333333333333,-41.57666666666667,"{'NONE','SAVE10'}"
Category 2,2025-09-25,Merchant 7,53.044,2.5773333333333333,-11.348666666666666,"{'NONE','SAVE10','WELCOME'}"
Category 2,2025-09-25,Merchant 8,61.795,4.105,8.32,"{'SAVE10','WELCOME'}"
Category 2,2025-09-25,Merchant 9,71.34,1.4533333333333334,47.39666666666667,"{'NONE','WELCOME'}"
Category 2,2025-09-26,Merchant 10,47.6625,1.47,-44.265,"{'NONE','SAVE10','WELCOME'}"
Category 2,2025-09-26,Merchant 11,56.80625,2.29875,29.07875,"{'NONE','SAVE10','WELCOME'}"
Category 2,2025-09-26,Merchant 13,54.525,2.671666666666667,-12.075,"{'NONE','WELCOME'}"
Category 2,2025-09-26,Merchant 15,59.655,1.7,3.605,"{'NONE','SAVE10'}"
Category 2,2025-09-26,Merchant 16,43.9375,1.18,5.4775,"{'NONE','SAVE10'}"
Category 2,2025-09-26,Merchant 17,35.52,2.91,-42.41,"{'NONE','SAVE10'}"
Category 2,2025-09-26,Merchant 18,59.59142857142857,2.6857142857142855,-0.11285714285714285,"{'NONE','SAVE10','WELCOME'}"
Category 2,2025-09-26,Merchant 2,48.87,1.9,-2.746,"{'NONE','SAVE10','WELCOME'}"
Category 2,2025-09-26,Merchant 20,16.78,1.365,-25.405,"{'SAVE10','WELCOME'}"
Category 2,2025-09-26,Merchant 3,35.45333333333333,1.77,-0.71,{'WELCOME'}
Category 2,2025-09-26,Merchant 4,54.67285714285714,2.7785714285714285,-6.8585714285714285,"{'NONE','SAVE10','WELCOME'}"
Category 2,2025-09-26,Merchant 5,57.9425,3.89,10.6375,"{'NONE','SAVE10','WELCOME'}"
Category 2,2025-09-26,Merchant 6,43.185,2.995,-25.2575,"{'SAVE10','WELCOME'}"
Category 2,2025-09-26,Merchant 7,56.651666666666664,2.47125,-26.023333333333333,"{'NONE','SAVE10','WELCOME'}"
Category 2,2025-09-26,Merchant 8,58.876666666666665,3.25,-3.42,"{'NONE','SAVE10','WELCOME'}"
Category 2,2025-09-26,Merchant 9,48.75,1.6533333333333333,16.293333333333333,"{'NONE','WELCOME'}"
Category 2,2025-09-27,Merchant 10,42.85125,2.875,-53.125,"{'SAVE10','WELCOME'}"
Category 2,2025-09-27,Merchant 11,41.01,1.722,22.888,"{'NONE','SAVE10','WELCOME'}"
Category 2,2025-09-27,Merchant 12,65.43333333333334,5.683333333333334,21.25,"{'NONE','SAVE10'}"
Category 2,2025-09-27,Merchant 13,37.37285714285714,1.2028571428571428,-17.12,"{'NONE','SAVE10','WELCOME'}"
Category 2,2025-09-27,Merchant 15,52.42666666666667,2.62,9.79,{'WELCOME'}
Category 2,2025-09-27,Merchant 16,61.414,4.632,4.222,"{'SAVE10','WELCOME'}"
Category 2,2025-09-27,Merchant 18,53.505,1.952,15.807,"{'NONE','WELCOME'}"
Category 2,2025-09-27,Merchant 2,59.61,5.148888888888889,3.7344444444444442,"{'SAVE10','WELCOME'}"
Category 2,2025-09-27,Merchant 3,60.05,3,12.155,{'WELCOME'}
Category 2,2025-09-27,Merchant 4,79.536,2.752,-1.06,"{'NONE','SAVE10','WELCOME'}"
Category 2,2025-09-27,Merchant 5,57.0425,1.1625,12.465,"{'NONE','WELCOME'}"
Category 2,2025-09-27,Merchant 6,75.8,3.79,8.68,{'WELCOME'}
Category 2,2025-09-27,Merchant 7,59.28,3.330625,-15.4275,"{'NONE','SAVE10','WELCOME'}"
Category 2,2025-09-27,Merchant 8,46.77,4.68,-7.28,{'SAVE10'}
Category 2,2025-09-27,Merchant 9,28.175,2.04,-30.48,"{'NONE','SAVE10'}"
Category 2,2025-09-28,Merchant 10,41.3975,2.6825,-51.7425,"{'NONE','SAVE10','WELCOME'}"
Category 2,2025-09-28,Merchant 11,58.41,2.2585714285714285,30.404285714285713,"{'NONE','SAVE10','WELCOME'}"
Category 2,2025-09-28,Merchant 12,19.06,0,-19.44,{'NONE'}
Category 2,2025-09-28,Merchant 13,53.096,3.338,-13.222,"{'SAVE10','WELCOME'}"
Category 2,2025-09-28,Merchant 15,29.825,1.49,-69.015,{'WELCOME'}
Category 2,2025-09-28,Merchant 16,79.2,7.005,6.215,"{'SAVE10','WELCOME'}"
Category 2,2025-09-28,Merchant 17,27.42,2.74,-53.91,{'SAVE10'}
Category 2,2025-09-28,Merchant 18,41.26,1.96,10.34,"{'NONE','WELCOME'}"
Category 2,2025-09-28,Merchant 2,49.595333333333336,3.0886666666666667,-6.510666666666666,"{'NONE','SAVE10','WELCOME'}"
Category 2,2025-09-28,Merchant 20,34.04,1.7,-8.48,{'WELCOME'}
Category 2,2025-09-28,Merchant 3,68.5,3.425,20.18,{'WELCOME'}
Category 2,2025-09-28,Merchant 4,49.76875,2.9125,0.41625,"{'NONE','SAVE10','WELCOME'}"
Category 2,2025-09-28,Merchant 5,49.885,3.455,3.015,"{'SAVE10','WELCOME'}"
Category 2,2025-09-28,Merchant 6,101.45,5.07,16.26,{'WELCOME'}
Category 2,2025-09-28,Merchant 7,53.85526315789474,2.506842105263158,-19.860526315789475,"{'NONE','SAVE10','WELCOME'}"
Category 2,2025-09-28,Merchant 8,92.99,4.65,38.97,{'WELCOME'}
Category 2,2025-09-28,Merchant 9,52.198,2.216,14.848,"{'NONE','SAVE10','WELCOME'}"
Category 2,2025-09-29,Merchant 10,54.505,3.1475,-43.3,"{'NONE','SAVE10','WELCOME'}"
Category 2,2025-09-29,Merchant 11,82.93,4.15,45.31,{'WELCOME'}
Category 2,2025-09-29,Merchant 12,42.42,2.625,1.295,"{'SAVE10','WELCOME'}"
Category 2,2025-09-29,Merchant 15,69.72333333333333,1.5333333333333332,56.84,"{'NONE','WELCOME'}"
Category 2,2025-09-29,Merchant 16,51.125,0,-34.015,{'NONE'}
Category 2,2025-09-29,Merchant 17,71.74,2.92125,-8.4325,"{'NONE','SAVE10','WELCOME'}"
Category 2,2025-09-29,Merchant 18,58.09,2.5,6.32,"{'NONE','SAVE10'}"
Category 2,2025-09-29,Merchant 2,55.70333333333333,2.045,7.721666666666667,"{'NONE','WELCOME'}"
Category 2,2025-09-29,Merchant 20,81.46,8.15,32.49,{'SAVE10'}
Category 2,2025-09-29,Merchant 3,42.07666666666667,1.9133333333333333,-36.236666666666665,"{'NONE','WELCOME'}"
Category 2,2025-09-29,Merchant 4,36.14333333333333,1.9166666666666667,-0.4,"{'NONE','SAVE10','WELCOME'}"
Category 2,2025-09-29,Merchant 5,72.585,3.9475,22.4275,"{'NONE','SAVE10','WELCOME'}"
Category 2,2025-09-29,Merchant 6,38.78,2.7175,-27.305,"{'NONE','SAVE10','WELCOME'}"
Category 2,2025-09-29,Merchant 7,36.45846153846154,3.316153846153846,-37.39846153846154,"{'NONE','SAVE10','WELCOME'}"
Category 2,2025-09-29,Merchant 8,74.59,6.306666666666667,18.913333333333334,"{'SAVE10','WELCOME'}"
Category 2,2025-09-29,Merchant 9,57.365,1.75,-1.28,"{'NONE','SAVE10','WELCOME'}"
Category 2,2025-09-30,Merchant 10,57.93833333333333,3.2983333333333333,-31.255,"{'NONE','SAVE10','WELCOME'}"
Category 2,2025-09-30,Merchant 11,60.46666666666667,1.7333333333333334,34.08,"{'NONE','WELCOME'}"
Category 2,2025-09-30,Merchant 12,16.48,0.82,-22.84,{'WELCOME'}
Category 2,2025-09-30,Merchant 13,67.73333333333333,2.4,31.89666666666667,"{'NONE','SAVE10','WELCOME'}"
Category 2,2025-09-30,Merchant 15,35.7075,1.0825,-41.2225,"{'NONE','SAVE10'}"
Category 2,2025-09-30,Merchant 16,57.672,3.796,-37.036,"{'SAVE10','WELCOME'}"
Category 2,2025-09-30,Merchant 17,68.40333333333334,1.1366666666666667,-8.943333333333333,"{'NONE','SAVE10'}"
Category 2,2025-09-30,Merchant 18,62.664,4.644,7.39,"{'NONE','SAVE10','WELCOME'}"
Category 2,2025-09-30,Merchant 2,60.58,2.64,13.27,"{'NONE','SAVE10','WELCOME'}"
Category 2,2025-09-30,Merchant 3,64.852,2.888,10.768,"{'NONE','SAVE10','WELCOME'}"
Category 2,2025-09-30,Merchant 4,50.66,1.195,18.215,"{'NONE','WELCOME'}"
Category 2,2025-09-30,Merchant 5,51.345,2.565,5.365,{'WELCOME'}
Category 2,2025-09-30,Merchant 6,74.095,5.75,4.9775,"{'SAVE10','WELCOME'}"
Category 2,2025-09-30,Merchant 7,58.507777777777775,2.94,-22.92222222222222,"{'NONE','SAVE10','WELCOME'}"
Category 2,2025-09-30,Merchant 8,64.9325,2.1125,-1.065,"{'NONE','SAVE10','WELCOME'}"
Category 2,2025-09-30,Merchant 9,61.96857142857143,2.6657142857142855,23.75,"{'NONE','SAVE10','WELCOME'}"
Category 2,2025-10-01,Merchant 10,59.23,3.371111111111111,-26.994444444444444,"{'NONE','SAVE10','WELCOME'}"
Category 2,2025-10-01,Merchant 11,57.651428571428575,3.1542857142857144,26.437142857142856,"{'NONE','SAVE10','WELCOME'}"
Category 2,2025-10-01,Merchant 13,57.11666666666667,1.7666666666666666,-15.14,"{'NONE','SAVE10','WELCOME'}"
Category 2,2025-10-01,Merchant 15,52.2675,5.01,14.4075,"{'SAVE10','WELCOME'}"
Category 2,2025-10-01,Merchant 17,61.545,4.8525,-19.22,"{'SAVE10','WELCOME'}"
Category 2,2025-10-01,Merchant 18,52.733333333333334,2.25,-1.0566666666666666,"{'NONE','SAVE10'}"
Category 2,2025-10-01,Merchant 2,44.74333333333333,1.18,-3.41,"{'NONE','WELCOME'}"
Category 2,2025-10-01,Merchant 20,66.09,0,25.27,{'NONE'}
Category 2,2025-10-01,Merchant 3,39.174,2.486,-14.508,"{'NONE','SAVE10','WELCOME'}"
Category 2,2025-10-01,Merchant 4,75.135,3.76,24.9225,{'WELCOME'}
Category 2,2025-10-01,Merchant 5,58.75,1.76,13.575,"{'NONE','WELCOME'}"
Category 2,2025-10-01,Merchant 6,55.833333333333336,0.31333333333333335,-16.23,"{'NONE','WELCOME'}"
Category 2,2025-10-01,Merchant 7,61.053,4.588,-6.473,"{'SAVE10','WELCOME'}"
Category 2,2025-10-01,Merchant 8,20.073333333333334,1.0066666666666666,-39.98,{'WELCOME'}
Category 2,2025-10-01,Merchant 9,40.445,1.855,-62.14,"{'NONE','WELCOME'}"
Category 2,2025-10-02,Merchant 10,52.945,3.3925,-36.705,"{'SAVE10','WELCOME'}"
Category 2,2025-10-02,Merchant 11,53.67333333333333,2.85,20.966666666666665,"{'SAVE10','WELCOME'}"
Category 2,2025-10-02,Merchant 13,53.37571428571429,3.5357142857142856,-3.45,"{'NONE','SAVE10','WELCOME'}"
Category 2,2025-10-02,Merchant 15,80.19,5.19,-0.85,"{'SAVE10','WELCOME'}"
Category 2,2025-10-02,Merchant 16,58.6,1.735,-33.085,"{'NONE','WELCOME'}"
Category 2,2025-10-02,Merchant 17,42.844,1.982,-35.586,"{'NONE','SAVE10','WELCOME'}"
Category 2,2025-10-02,Merchant 18,70.14,4.706666666666667,29.703333333333333,"{'SAVE10','WELCOME'}"
Category 2,2025-10-02,Merchant 2,55.77625,2.4225,21.45125,"{'NONE','SAVE10','WELCOME'}"
Category 2,2025-10-02,Merchant 20,57.255,2.86,13.575,{'WELCOME'}
Category 2,2025-10-02,Merchant 3,66.06,2.58,18.585,"{'NONE','WELCOME'}"
Category 2,2025-10-02,Merchant 4,62.43666666666667,2.2344444444444442,18.822222222222223,"{'NONE','SAVE10','WELCOME'}"
Category 2,2025-10-02,Merchant 5,59.0825,2.0725,12.1975,"{'NONE','WELCOME'}"
Category 2,2025-10-02,Merchant 6,68.60333333333334,3.43,-3.7533333333333334,{'WELCOME'}
Category 2,2025-10-02,Merchant 7,59.35875,2.2204166666666665,-10.565833333333334,"{'NONE','SAVE10','WELCOME'}"
Category 2,2025-10-02,Merchant 8,44.75,2.235,-6.855,{'WELCOME'}
Category 2,2025-10-02,Merchant 9,61.295,2.84625,17.65625,"{'NONE','SAVE10','WELCOME'}"
Category 2,2025-10-03,Merchant 10,25.64,1.28,-73.56,{'WELCOME'}
Category 2,2025-10-03,Merchant 11,29.655714285714286,1.5342857142857143,10.705714285714286,"{'NONE','SAVE10','WELCOME'}"
Category 2,2025-10-03,Merchant 12,53.84,4.2975,11.0425,"{'SAVE10','WELCOME'}"
Category 2,2025-10-03,Merchant 13,55.04333333333334,2.158333333333333,16.901666666666667,"{'NONE','SAVE10','WELCOME'}"
Category 2,2025-10-03,Merchant 15,46.582,3.042,-2.21,"{'SAVE10','WELCOME'}"
Category 2,2025-10-03,Merchant 16,22.875,0.5,-72.385,"{'NONE','WELCOME'}"
Category 2,2025-10-03,Merchant 17,89.71,7.41,3.71,"{'SAVE10','WELCOME'}"
Category 2,2025-10-03,Merchant 18,41.03,2.05,-28.37,{'WELCOME'}
Category 2,2025-10-03,Merchant 2,58.79875,1.83375,17.355,"{'NONE','WELCOME'}"
Category 2,2025-10-03,Merchant 20,55.37,3.135,11.415,"{'SAVE10','WELCOME'}"
Category 2,2025-10-03,Merchant 3,81.39,4.64,47.6075,"{'NONE','SAVE10','WELCOME'}"
Category 2,2025-10-03,Merchant 4,81.4325,3.7725,46.405,"{'NONE','SAVE10','WELCOME'}"
Category 2,2025-10-03,Merchant 5,51.42666666666667,1.59,5.49,"{'NONE','SAVE10','WELCOME'}"
Category 2,2025-10-03,Merchant 6,60.4575,3.7425,-15.0075,"{'NONE','SAVE10','WELCOME'}"
Category 2,2025-10-03,Merchant 7,43.69117647058823,2.8252941176470587,-22.113529411764706,"{'NONE','SAVE10','WELCOME'}"
Category 2,2025-10-03,Merchant 8,64.34333333333333,2.12,-6.5,"{'NONE','WELCOME'}"
Category 2,2025-10-03,Merchant 9,54.902,2.31,24.46,"{'NONE','SAVE10','WELCOME'}"
Category 2,2025-10-04,Merchant 10,61.316,3.822,-22.636,"{'NONE','SAVE10','WELCOME'}"
Category 2,2025-10-04,Merchant 11,32.3675,1.745,6.475,"{'SAVE10','WELCOME'}"
Category 2,2025-10-04,Merchant 12,44.83,0,6.33,{'NONE'}
Category 2,2025-10-04,Merchant 13,66.03625,3.22125,-8.17,"{'NONE','SAVE10','WELCOME'}"
Category 2,2025-10-04,Merchant 15,43.22666666666667,2.16,1.05,{'WELCOME'}
Category 2,2025-10-04,Merchant 16,40.4725,0,-44.6675,{'NONE'}
Category 2,2025-10-04,Merchant 17,55.3375,1.2125,-22.68,"{'NONE','WELCOME'}"
Category 2,2025-10-04,Merchant 18,60.76,3.04,1.64,{'WELCOME'}
Category 2,2025-10-04,Merchant 2,40.324,2.574,-1.494,"{'NONE','SAVE10','WELCOME'}"
Category 2,2025-10-04,Merchant 20,82.545,8.255,33.475,{'SAVE10'}
Category 2,2025-10-04,Merchant 3,16.79,0.84,-60.45,{'WELCOME'}
Category 2,2025-10-04,Merchant 4,87.31,2.605,63.565,"{'NONE','WELCOME'}"
Category 2,2025-10-04,Merchant 5,26.55,0,-14.07,{'NONE'}
Category 2,2025-10-04,Merchant 6,70.345,7.035,4.14,{'SAVE10'}
Category 2,2025-10-04,Merchant 7,52.62222222222222,1.4866666666666668,-12.496666666666666,"{'NONE','WELCOME'}"
Category 2,2025-10-04,Merchant 9,33.514,1.118,-26.378,"{'NONE','WELCOME'}"
Category 2,2025-10-05,Merchant 10,57.606,2.835,-32.079,"{'NONE','SAVE10','WELCOME'}"
Category 2,2025-10-05,Merchant 11,56.99,2.3057142857142856,32.715714285714284,"{'NONE','SAVE10','WELCOME'}"
Category 2,2025-10-05,Merchant 12,70.86,1.34,31.02,"{'NONE','WELCOME'}"
Category 2,2025-10-05,Merchant 13,69.578,3.978,33.532,"{'SAVE10','WELCOME'}"
Category 2,2025-10-05,Merchant 15,97.33,4.87,81.11,{'WELCOME'}
Category 2,2025-10-05,Merchant 16,36.745,2.48,-22.175,"{'SAVE10','WELCOME'}"
Category 2,2025-10-05,Merchant 17,35.54333333333334,1.18,-43.03666666666667,"{'NONE','WELCOME'}"
Category 2,2025-10-05,Merchant 18,37.07,2.81,25.61,"{'SAVE10','WELCOME'}"
Category 2,2025-10-05,Merchant 2,50.9925,2.745,15.6,"{'NONE','SAVE10','WELCOME'}"
Category 2,2025-10-05,Merchant 4,55.8475,2.7925,-8.595,{'WELCOME'}
Category 2,2025-10-05,Merchant 5,69.52,4.43,21.675,"{'NONE','SAVE10','WELCOME'}"
Category 2,2025-10-05,Merchant 6,31.995,0,-48.125,{'NONE'}
Category 2,2025-10-05,Merchant 7,49.48428571428571,2.527142857142857,-29.285714285714285,"{'NONE','SAVE10','WELCOME'}"
Category 2,2025-10-05,Merchant 8,50.39,0.185,0.835,"{'NONE','WELCOME'}"
Category 2,2025-10-05,Merchant 9,43.9925,3.825,-23.94,"{'NONE','SAVE10'}"
Category 2,2025-10-06,Merchant 10,53.54666666666667,1.0233333333333334,-42.49666666666667,"{'NONE','WELCOME'}"
Category 2,2025-10-06,Merchant 11,43.83166666666666,0.925,14.845,"{'NONE','WELCOME'}"
Category 2,2025-10-06,Merchant 12,101.375,2.465,60.41,"{'NONE','WELCOME'}"
Category 2,2025-10-06,Merchant 13,44.72875,2.91625,-12.21,"{'NONE','SAVE10','WELCOME'}"
Category 2,2025-10-06,Merchant 16,56.06666666666667,2.481666666666667,-6.008333333333333,"{'NONE','SAVE10','WELCOME'}"
Category 2,2025-10-06,Merchant 17,44.71,4.47,-34.78,{'SAVE10'}
Category 2,2025-10-06,Merchant 18,62.16,4.265,-15.09,"{'SAVE10','WELCOME'}"
Category 2,2025-10-06,Merchant 2,71,2.3025,5.52,"{'NONE','WELCOME'}"
Category 2,2025-10-06,Merchant 20,37.68,3.77,-6.91,{'SAVE10'}
Category 2,2025-10-06,Merchant 3,33.39,0.25,-11.755,"{'NONE','WELCOME'}"
Category 2,2025-10-06,Merchant 4,35.5375,2.0675,-33.2375,"{'SAVE10','WELCOME'}"
Category 2,2025-10-06,Merchant 5,76.04,7.6,27.82,{'SAVE10'}
Category 2,2025-10-06,Merchant 6,48.68,2.43,-17.08,{'WELCOME'}
Category 2,2025-10-06,Merchant 7,52.788823529411765,2.6311764705882354,-22.563529411764705,"{'NONE','SAVE10','WELCOME'}"
Category 2,2025-10-06,Merchant 9,51.215,1.435,-7.255,"{'NONE','WELCOME'}"
Category 2,2025-10-07,Merchant 10,58.586666666666666,2.36,-27.593333333333334,"{'NONE','SAVE10'}"
Category 2,2025-10-07,Merchant 11,30.79,1.264,16.364,"{'NONE','SAVE10','WELCOME'}"
Category 2,2025-10-07,Merchant 12,55.335,2.765,14.07,{'WELCOME'}
Category 2,2025-10-07,Merchant 13,43.31,4.0633333333333335,-26.87,"{'SAVE10','WELCOME'}"
Category 2,2025-10-07,Merchant 15,61.1325,0.9425,27.3425,"{'NONE','WELCOME'}"
Category 2,2025-10-07,Merchant 16,46.3225,2.3175,-2.815,{'WELCOME'}
Category 2,2025-10-07,Merchant 17,52.63,1.7725,-26.84,"{'NONE','WELCOME'}"
Category 2,2025-10-07,Merchant 18,56.715,2.1725,13.725,"{'NONE','SAVE10'}"
Category 2,2025-10-07,Merchant 2,66.72636363636363,3.11,16.913636363636364,"{'NONE','SAVE10','WELCOME'}"
Category 2,2025-10-07,Merchant 3,38.85333333333333,1.91,-39.45666666666666,"{'NONE','SAVE10'}"
Category 2,2025-10-07,Merchant 4,99.34,9.93,48.04,{'SAVE10'}
Category 2,2025-10-07,Merchant 5,81.8,4.09,37.09,{'WELCOME'}
Category 2,2025-10-07,Merchant 6,46.46666666666667,2.731666666666667,-15.46,"{'NONE','SAVE10'}"
Category 2,2025-10-07,Merchant 7,54.65294117647059,2.0941176470588236,-17.687058823529412,"{'NONE','SAVE10','WELCOME'}"
Category 2,2025-10-07,Merchant 8,35.705,0.525,-28.705,"{'NONE','SAVE10'}"
Category 2,2025-10-07,Merchant 9,65.215,2.856666666666667,-3.408333333333333,"{'NONE','SAVE10','WELCOME'}"
Category 2,2025-10-08,Merchant 10,31.69,2.4766666666666666,-60.20666666666666,"{'SAVE10','WELCOME'}"
Category 2,2025-10-08,Merchant 11,63.9175,3.4075,40.555,"{'NONE','SAVE10','WELCOME'}"
Category 2,2025-10-08,Merchant 12,92.64,4.63,49.51,{'WELCOME'}
Category 2,2025-10-08,Merchant 13,61.515,4.485,-10.675,"{'NONE','SAVE10'}"
Category 2,2025-10-08,Merchant 15,35.04,2.2225,-21.5325,"{'SAVE10','WELCOME'}"
Category 2,2025-10-08,Merchant 16,30.713333333333335,2.0933333333333333,-15.046666666666667,"{'SAVE10','WELCOME'}"
Category 2,2025-10-08,Merchant 17,43.056666666666665,2.5,-36.843333333333334,"{'NONE','SAVE10','WELCOME'}"
Category 2,2025-10-08,Merchant 18,76.72,3.7614285714285716,15.94,"{'NONE','SAVE10','WELCOME'}"
Category 2,2025-10-08,Merchant 2,61.186,4.417,-2.682,"{'NONE','SAVE10','WELCOME'}"
Category 2,2025-10-08,Merchant 20,17.26,0.86,-24.42,{'WELCOME'}
Category 2,2025-10-08,Merchant 3,59.345,1.605,12.845,"{'NONE','WELCOME'}"
Category 2,2025-10-08,Merchant 4,34.185,2.375,-39.955,"{'NONE','SAVE10'}"
Category 2,2025-10-08,Merchant 5,53.87,2.69,4.97,{'WELCOME'}
Category 2,2025-10-08,Merchant 6,65.66571428571429,2.8657142857142857,-2.95,"{'NONE','SAVE10','WELCOME'}"
Category 2,2025-10-08,Merchant 7,43.083333333333336,1.7427777777777778,-25.802222222222223,"{'NONE','SAVE10','WELCOME'}"
Category 2,2025-10-08,Merchant 8,59.16166666666667,3.6216666666666666,-3.506666666666667,"{'NONE','SAVE10','WELCOME'}"
Category 2,2025-10-08,Merchant 9,67.35,5.886666666666667,11.24,"{'SAVE10','WELCOME'}"
Category 2,2025-10-09,Merchant 10,61.166666666666664,4.625555555555556,-31.495555555555555,"{'NONE','SAVE10','WELCOME'}"
Category 2,2025-10-09,Merchant 11,78.128,3.906,45.088,{'WELCOME'}
Category 2,2025-10-09,Merchant 12,79.03,2.565,37.97,"{'NONE','WELCOME'}"
Category 2,2025-10-09,Merchant 13,79.54666666666667,3.98,23.286666666666665,{'WELCOME'}
Category 2,2025-10-09,Merchant 15,36.25,1.81,-62.91,{'WELCOME'}
Category 2,2025-10-09,Merchant 16,73.11,0,-12.03,{'NONE'}
Category 2,2025-10-09,Merchant 17,47.645,1.4625,-31.515,"{'NONE','WELCOME'}"
Category 2,2025-10-09,Merchant 18,65.685,3.28,6.325,{'WELCOME'}
Category 2,2025-10-09,Merchant 2,70.23285714285714,2.394285714285714,12.492857142857144,"{'NONE','WELCOME'}"
Category 2,2025-10-09,Merchant 20,48.02,1.895,5.305,"{'NONE','WELCOME'}"
Category 2,2025-10-09,Merchant 3,72.54,5.375,38.0225,"{'SAVE10','WELCOME'}"
Category 2,2025-10-09,Merchant 4,46.3,2.315,-58.175,{'WELCOME'}
Category 2,2025-10-09,Merchant 5,58.68,5.87,12.19,{'SAVE10'}
Category 2,2025-10-09,Merchant 6,67.7925,4.405,-4.1775,"{'SAVE10','WELCOME'}"
Category 2,2025-10-09,Merchant 7,58.18,3.182,-12.424,"{'NONE','SAVE10','WELCOME'}"
Category 2,2025-10-09,Merchant 8,66.17,2.095,-14.325,"{'NONE','WELCOME'}"
Category 2,2025-10-09,Merchant 9,46.31625,2.30875,25.90125,"{'NONE','SAVE10','WELCOME'}"
Category 2,2025-10-10,Merchant 10,78.9075,5.155,-17.7925,"{'NONE','SAVE10','WELCOME'}"
Category 2,2025-10-10,Merchant 11,59.42333333333333,4.206666666666667,27.058333333333334,"{'NONE','SAVE10','WELCOME'}"
Category 2,2025-10-10,Merchant 12,18.873333333333335,1.07,-20.696666666666665,"{'SAVE10','WELCOME'}"
Category 2,2025-10-10,Merchant 13,45.64,3.9925,-18.96,"{'SAVE10','WELCOME'}"
Category 2,2025-10-10,Merchant 15,66.34666666666666,1.6733333333333333,-4.01,"{'NONE','WELCOME'}"
Category 2,2025-10-10,Merchant 16,46.35,0,28.23,{'NONE'}
Category 2,2025-10-10,Merchant 17,70.93,5.22,-12.88,"{'SAVE10','WELCOME'}"
Category 2,2025-10-10,Merchant 18,62.751666666666665,3.1366666666666667,21.615,{'WELCOME'}
Category 2,2025-10-10,Merchant 2,75.12,4.2275,36.28,"{'NONE','SAVE10'}"
Category 2,2025-10-10,Merchant 3,55.64,2.78,39.47,{'WELCOME'}
Category 2,2025-10-10,Merchant 4,41.155,2.5025,-7.8,"{'NONE','SAVE10'}"
Category 2,2025-10-10,Merchant 5,61.195,5.175,12.605,"{'SAVE10','WELCOME'}"
Category 2,2025-10-10,Merchant 6,39.781666666666666,1.55,-26.535,"{'NONE','SAVE10','WELCOME'}"
Category 2,2025-10-10,Merchant 7,43.99368421052632,2.2931578947368423,-39.92894736842105,"{'NONE','SAVE10','WELCOME'}"
Category 2,2025-10-10,Merchant 8,56.095,2.805,-25.11,{'WELCOME'}
Category 2,2025-10-10,Merchant 9,70.6275,4.3725,17.97,"{'NONE','SAVE10','WELCOME'}"
Category 2,2025-10-11,Merchant 10,48.8275,2.085,-35.315,"{'NONE','WELCOME'}"
Category 2,2025-10-11,Merchant 11,43.572,2.554,16.09,"{'SAVE10','WELCOME'}"
Category 2,2025-10-11,Merchant 12,30.19,1.51,-9.82,{'WELCOME'}
Category 2,2025-10-11,Merchant 13,61.1925,4.415,-14.2075,"{'NONE','SAVE10','WELCOME'}"
Category 2,2025-10-11,Merchant 15,57.76,2.89,-42.48,{'WELCOME'}
Category 2,2025-10-11,Merchant 16,81.2775,2.7625,7.725,"{'NONE','WELCOME'}"
Category 2,2025-10-11,Merchant 17,65.14,2.5766666666666667,-12.456666666666667,"{'NONE','WELCOME'}"
Category 2,2025-10-11,Merchant 18,38.43,2.4466666666666668,-31.366666666666667,"{'SAVE10','WELCOME'}"
Category 2,2025-10-11,Merchant 2,66.3375,5.2225,4.485,"{'NONE','SAVE10'}"
Category 2,2025-10-11,Merchant 20,31.665,0.33,-9.485,"{'NONE','WELCOME'}"
Category 2,2025-10-11,Merchant 3,59.985,4.505,42.095,"{'SAVE10','WELCOME'}"
Category 2,2025-10-11,Merchant 4,71.18714285714286,0.6714285714285714,23.337142857142858,"{'NONE','WELCOME'}"
Category 2,2025-10-11,Merchant 5,59.035,2.2,13.42,"{'NONE','SAVE10'}"
Category 2,2025-10-11,Merchant 6,60.05625,1.605,-11.19375,"{'NONE','WELCOME'}"
Category 2,2025-10-11,Merchant 7,64.398125,3.56375,-7.93625,"{'NONE','SAVE10','WELCOME'}"
Category 2,2025-10-11,Merchant 8,93.99,9.4,6.19,{'SAVE10'}
Category 2,2025-10-11,Merchant 9,61.3475,3.455,1.27875,"{'NONE','SAVE10','WELCOME'}"
Category 2,2025-10-12,Merchant 10,53.975,2.695,-42.29,{'WELCOME'}
Category 2,2025-10-12,Merchant 11,38.336666666666666,3.566666666666667,19.126666666666665,"{'SAVE10','WELCOME'}"
Category 2,2025-10-12,Merchant 12,41.625,2.08,1.045,{'WELCOME'}
Category 2,2025-10-12,Merchant 13,64.84,3.5385714285714287,19.87142857142857,"{'NONE','SAVE10','WELCOME'}"
Category 2,2025-10-12,Merchant 15,49.418,3.826,-0.158,"{'SAVE10','WELCOME'}"
Category 2,2025-10-12,Merchant 16,55.458,2.146,-3.096,"{'NONE','SAVE10','WELCOME'}"
Category 2,2025-10-12,Merchant 17,57.494,2.504,-22.172,"{'NONE','SAVE10','WELCOME'}"
Category 2,2025-10-12,Merchant 18,69.9375,4.7925,4.0175,"{'SAVE10','WELCOME'}"
Category 2,2025-10-12,Merchant 2,66.16166666666666,4.033333333333333,15.158333333333333,"{'SAVE10','WELCOME'}"
Category 2,2025-10-12,Merchant 20,76.75,3.84,32.09,{'WELCOME'}
Category 2,2025-10-12,Merchant 3,53.903333333333336,3.263333333333333,16.246666666666666,"{'SAVE10','WELCOME'}"
Category 2,2025-10-12,Merchant 4,34.653333333333336,1.6333333333333333,-21.87,"{'NONE','SAVE10','WELCOME'}"
Category 2,2025-10-12,Merchant 5,37.79,1.8875,-8.91,{'WELCOME'}
Category 2,2025-10-12,Merchant 6,47.295,1.6816666666666666,-19.128333333333334,"{'NONE','WELCOME'}"
Category 2,2025-10-12,Merchant 7,51.33470588235294,2.9888235294117647,-24.51823529411765,"{'NONE','SAVE10','WELCOME'}"
Category 2,2025-10-12,Merchant 8,18.2,1.82,-62.02,{'SAVE10'}
Category 2,2025-10-12,Merchant 9,47.72555555555556,2.5477777777777777,26.576666666666668,"{'NONE','SAVE10','WELCOME'}"
Category 2,2025-10-13,Merchant 10,44.943333333333335,1.5633333333333332,-47.49,"{'NONE','WELCOME'}"
Category 2,2025-10-13,Merchant 11,69.44,3.815714285714286,46.66,"{'NONE','SAVE10','WELCOME'}"
Category 2,2025-10-13,Merchant 12,74.72,0,36.22,{'NONE'}
Category 2,2025-10-13,Merchant 13,62.7575,3.36625,17.38625,"{'SAVE10','WELCOME'}"
Category 2,2025-10-13,Merchant 15,49.14333333333333,1.5633333333333332,-21.10333333333333,"{'NONE','WELCOME'}"
Category 2,2025-10-13,Merchant 16,56.2025,2.795,-17.3825,"{'NONE','SAVE10','WELCOME'}"
Category 2,2025-10-13,Merchant 17,45.3575,3.43,-33.0925,"{'SAVE10','WELCOME'}"
Category 2,2025-10-13,Merchant 18,42.6425,3.1725,-25.0625,"{'SAVE10','WELCOME'}"
Category 2,2025-10-13,Merchant 2,32.39,2.23,-24.337142857142858,"{'NONE','SAVE10','WELCOME'}"
Category 2,2025-10-13,Merchant 3,60.46,1.3366666666666667,24.73,"{'NONE','WELCOME'}"
Category 2,2025-10-13,Merchant 4,56.29333333333334,2.711666666666667,29.071666666666665,"{'NONE','SAVE10'}"
Category 2,2025-10-13,Merchant 5,62.09,0,19.606666666666666,{'NONE'}
Category 2,2025-10-13,Merchant 6,21.575,0.8975,-46.85,"{'NONE','SAVE10','WELCOME'}"
Category 2,2025-10-13,Merchant 7,56.71473684210526,2.8226315789473686,-7.314736842105263,"{'NONE','SAVE10','WELCOME'}"
Category 2,2025-10-13,Merchant 8,84.14333333333333,5.29,29.483333333333334,"{'NONE','SAVE10'}"
Category 2,2025-10-13,Merchant 9,39.995,1.0016666666666667,-22.616666666666667,"{'NONE','SAVE10','WELCOME'}"
Category 2,2025-10-14,Merchant 10,90.99,4.55,-7.13,{'WELCOME'}
Category 2,2025-10-14,Merchant 11,44.375,2.725,14.9375,"{'SAVE10','WELCOME'}"
Category 2,2025-10-14,Merchant 13,34.755714285714284,1.752857142857143,-16.23,"{'NONE','SAVE10','WELCOME'}"
Category 2,2025-10-14,Merchant 15,26.275,0.53,-28.605,"{'NONE','WELCOME'}"
Category 2,2025-10-14,Merchant 16,61.995,4.74,0.815,"{'SAVE10','WELCOME'}"
Category 2,2025-10-14,Merchant 18,74.38333333333334,3.75,3.283333333333333,"{'NONE','SAVE10','WELCOME'}"
Category 2,2025-10-14,Merchant 2,63.627,2.939,1.831,"{'NONE','SAVE10','WELCOME'}"
Category 2,2025-10-14,Merchant 20,79.72,3.99,34.91,{'WELCOME'}
Category 2,2025-10-14,Merchant 3,43.2575,1.66,-34.8025,"{'NONE','WELCOME'}"
Category 2,2025-10-14,Merchant 4,68.34,3.275,38.8675,"{'NONE','SAVE10','WELCOME'}"
Category 2,2025-10-14,Merchant 5,67.344,4.58,19.908,"{'SAVE10','WELCOME'}"
Category 2,2025-10-14,Merchant 6,55.056666666666665,2.0316666666666667,-20.111666666666668,"{'NONE','WELCOME'}"
Category 2,2025-10-14,Merchant 7,41.64727272727273,1.8427272727272728,-39.42090909090909,"{'NONE','SAVE10','WELCOME'}"
Category 2,2025-10-14,Merchant 8,75.29,3.76,22.16,{'WELCOME'}
Category 2,2025-10-14,Merchant 9,49.663333333333334,2.3966666666666665,-4.633333333333333,"{'NONE','WELCOME'}"
Category 2,2025-10-15,Merchant 10,63.0175,3.5475,-30.9875,"{'NONE','SAVE10','WELCOME'}"
Category 2,2025-10-15,Merchant 12,52.225,2.26,11.465,"{'NONE','WELCOME'}"
Category 2,2025-10-15,Merchant 13,81.738,4.324,23.494,"{'NONE','SAVE10','WELCOME'}"
Category 2,2025-10-15,Merchant 15,42.45666666666666,3.0033333333333334,-0.56,"{'NONE','SAVE10','WELCOME'}"
Category 2,2025-10-15,Merchant 16,92.25,3.11,32.75333333333333,"{'NONE','WELCOME'}"
Category 2,2025-10-15,Merchant 17,54.72,2.6266666666666665,-25.30666666666667,"{'NONE','SAVE10','WELCOME'}"
Category 2,2025-10-15,Merchant 18,61.57,4.76,5.27,"{'SAVE10','WELCOME'}"
Category 2,2025-10-15,Merchant 2,54.47875,2.47125,4.63125,"{'NONE','SAVE10','WELCOME'}"
Category 2,2025-10-15,Merchant 20,81.17,0,40.35,{'NONE'}
Category 2,2025-10-15,Merchant 3,80.4925,3.72,31.88,"{'NONE','SAVE10','WELCOME'}"
Category 2,2025-10-15,Merchant 4,31.33,1.25,-31.553333333333335,"{'NONE','WELCOME'}"
Category 2,2025-10-15,Merchant 5,20.6025,1.3625,-24.175,"{'SAVE10','WELCOME'}"
Category 2,2025-10-15,Merchant 6,55.51375,1.6425,-9.49625,"{'NONE','WELCOME'}"
Category 2,2025-10-15,Merchant 7,52.55894736842105,2.765263157894737,-18.010526315789473,"{'NONE','SAVE10','WELCOME'}"
Category 2,2025-10-15,Merchant 8,69.34333333333333,4.273333333333333,-13.33,"{'SAVE10','WELCOME'}"
Category 2,2025-10-15,Merchant 9,64.13,5.22,-2.9766666666666666,"{'SAVE10','WELCOME'}"
Category 2,2025-10-16,Merchant 10,61.188,3.732,-29.394,"{'SAVE10','WELCOME'}"
Category 2,2025-10-16,Merchant 11,42.704,2.368,19.73,"{'NONE','SAVE10','WELCOME'}"
Category 2,2025-10-16,Merchant 12,30.515,2.445,-10.43,"{'SAVE10','WELCOME'}"
Category 2,2025-10-16,Merchant 13,40.00666666666667,2.225,2.755,"{'NONE','SAVE10','WELCOME'}"
Category 2,2025-10-16,Merchant 15,87.55666666666667,4.546666666666667,14.326666666666666,"{'NONE','SAVE10','WELCOME'}"
Category 2,2025-10-16,Merchant 16,59.317142857142855,2.02,-21.017142857142858,"{'NONE','WELCOME'}"
Category 2,2025-10-16,Merchant 17,23.895,0,-51.125,{'NONE'}
Category 2,2025-10-16,Merchant 18,14.93,1.05,-76.01,"{'SAVE10','WELCOME'}"
Category 2,2025-10-16,Merchant 2,59.053333333333335,2.95,13.816666666666666,{'WELCOME'}
Category 2,2025-10-16,Merchant 3,52.946666666666665,1.6033333333333333,-4.053333333333334,"{'NONE','WELCOME'}"
Category 2,2025-10-16,Merchant 4,42.56,4.256666666666667,3.6766666666666667,{'SAVE10'}
Category 2,2025-10-16,Merchant 5,88.83,4.44,43.77,{'WELCOME'}
Category 2,2025-10-16,Merchant 6,58.8,1.06,-8.413333333333334,"{'NONE','WELCOME'}"
Category 2,2025-10-16,Merchant 7,62.208666666666666,3.932,-15.178666666666667,"{'NONE','SAVE10','WELCOME'}"
Category 2,2025-10-16,Merchant 8,59.11,2.96,-22.25,{'WELCOME'}
Category 2,2025-10-16,Merchant 9,100.7,10.07,-10.1,{'SAVE10'}
Category 2,2025-10-17,Merchant 10,48.265,2.0875,-49.5675,"{'NONE','WELCOME'}"
Category 2,2025-10-17,Merchant 11,76.965,3.72,42.485,"{'NONE','SAVE10'}"
Category 2,2025-10-17,Merchant 12,33.97,1.7,-6.23,{'WELCOME'}
Category 2,2025-10-17,Merchant 13,56.14857142857143,3.0714285714285716,-8.837142857142856,"{'NONE','SAVE10','WELCOME'}"
Category 2,2025-10-17,Merchant 15,29.2625,1.6875,-69.775,"{'NONE','SAVE10','WELCOME'}"
Category 2,2025-10-17,Merchant 16,91.62,7.14,8.96,"{'SAVE10','WELCOME'}"
Category 2,2025-10-17,Merchant 18,55.9825,5.5975,-31.0525,{'SAVE10'}
Category 2,2025-10-17,Merchant 2,54.68,4.21,0.04,"{'SAVE10','WELCOME'}"
Category 2,2025-10-17,Merchant 20,90.55,4.53,45.2,{'WELCOME'}
Category 2,2025-10-17,Merchant 3,68.285,1.2225,22.1675,"{'NONE','WELCOME'}"
Category 2,2025-10-17,Merchant 4,50.7,4.4425,-0.195,"{'NONE','SAVE10','WELCOME'}"
Category 2,2025-10-17,Merchant 5,37.21666666666667,0,-3.4033333333333333,{'NONE'}
Category 2,2025-10-17,Merchant 6,77.9875,0.18,8.1625,"{'NONE','WELCOME'}"
Category 2,2025-10-17,Merchant 7,51.33,2.975,-23.42875,"{'NONE','SAVE10','WELCOME'}"
Category 2,2025-10-17,Merchant 8,52.328,2.532,-5.38,"{'NONE','WELCOME'}"
Category 2,2025-10-17,Merchant 9,57.2375,2.025,-8.895,"{'NONE','WELCOME'}"
Category 2,2025-10-18,Merchant 10,53.74333333333333,0,-28.626666666666665,{'NONE'}
Category 2,2025-10-18,Merchant 11,50.104,0.682,30.002,"{'NONE','WELCOME'}"
Category 2,2025-10-18,Merchant 12,8.36,0.84,-30.98,{'SAVE10'}
Category 2,2025-10-18,Merchant 13,73.956,3.702,24.638,{'WELCOME'}
Category 2,2025-10-18,Merchant 15,51.903333333333336,1.8066666666666666,-18.586666666666666,"{'NONE','WELCOME'}"
Category 2,2025-10-18,Merchant 16,42.0325,0,-4.7875,{'NONE'}
Category 2,2025-10-18,Merchant 17,44.28,0,-30.74,{'NONE'}
Category 2,2025-10-18,Merchant 18,83.72,2.5733333333333333,2.526666666666667,"{'NONE','WELCOME'}"
Category 2,2025-10-18,Merchant 2,52.78333333333333,2.2266666666666666,3.5833333333333335,"{'NONE','SAVE10','WELCOME'}"
Category 2,2025-10-18,Merchant 20,71.6475,3.215,27.6125,"{'NONE','SAVE10','WELCOME'}"
Category 2,2025-10-18,Merchant 3,48.45,1.67,12.386666666666667,"{'NONE','WELCOME'}"
Category 2,2025-10-18,Merchant 4,55.446666666666665,2.77,-8.956666666666667,{'WELCOME'}
Category 2,2025-10-18,Merchant 5,17.94,1.79,-30.06,{'SAVE10'}
Category 2,2025-10-18,Merchant 6,52.83833333333333,3.355,-15.258333333333333,"{'NONE','SAVE10','WELCOME'}"
Category 2,2025-10-18,Merchant 7,52.34166666666667,1.4275,-15.768333333333333,"{'NONE','SAVE10','WELCOME'}"
Category 2,2025-10-18,Merchant 8,94.35,4.72,40.26,{'WELCOME'}
Category 2,2025-10-18,Merchant 9,77.772,3.756,49.528,"{'NONE','SAVE10','WELCOME'}"
Category 2,2025-10-19,Merchant 10,26.633333333333333,1.3333333333333333,-69.72,{'WELCOME'}
Category 2,2025-10-19,Merchant 11,43.123333333333335,2.95,24.53,"{'SAVE10','WELCOME'}"
Category 2,2025-10-19,Merchant 12,17.91,0,-20.59,{'NONE'}
Category 2,2025-10-19,Merchant 13,59.9825,0.68,23.6775,"{'NONE','SAVE10'}"
Category 2,2025-10-19,Merchant 16,34.25,0.85,-29.4,"{'NONE','WELCOME'}"
Category 2,2025-10-19,Merchant 17,56.87,2.84,-24.56,{'WELCOME'}
Category 2,2025-10-19,Merchant 18,42.748333333333335,3.0633333333333335,-25.395,"{'SAVE10','WELCOME'}"
Category 2,2025-10-19,Merchant 2,69.08333333333333,2.566666666666667,18.913333333333334,"{'NONE','WELCOME'}"
Category 2,2025-10-19,Merchant 20,46.74,2.34,3.58,{'WELCOME'}
Category 2,2025-10-19,Merchant 3,42,1.6625,11.195,"{'NONE','SAVE10','WELCOME'}"
Category 2,2025-10-19,Merchant 4,51.4375,1.285,-16.555,"{'NONE','WELCOME'}"
Category 2,2025-10-19,Merchant 5,63.768,2.596,18.316,"{'NONE','SAVE10','WELCOME'}"
Category 2,2025-10-19,Merchant 6,26.0375,1.1475,-38.4775,"{'NONE','SAVE10','WELCOME'}"
Category 2,2025-10-19,Merchant 7,57.78529411764706,3.061176470588235,-10.867058823529412,"{'NONE','SAVE10','WELCOME'}"
Category 2,2025-10-19,Merchant 8,68.725,4.37,14.985,"{'SAVE10','WELCOME'}"
Category 2,2025-10-19,Merchant 9,61.765,3.5025,-4.5875,"{'NONE','SAVE10','WELCOME'}"
Category 2,2025-10-20,Merchant 10,65.36666666666666,3.5166666666666666,-33.17,"{'SAVE10','WELCOME'}"
Category 2,2025-10-20,Merchant 11,60.685,1.26,34.0675,"{'NONE','WELCOME'}"
Category 2,2025-10-20,Merchant 12,52.22,1.4433333333333334,12.276666666666667,"{'NONE','SAVE10','WELCOME'}"
Category 2,2025-10-20,Merchant 13,51.61571428571428,3.8857142857142857,-7.434285714285714,"{'SAVE10','WELCOME'}"
Category 2,2025-10-20,Merchant 15,38.325,3.505,-19.53,"{'NONE','SAVE10'}"
Category 2,2025-10-20,Merchant 16,46.961666666666666,2.4633333333333334,-31.075,"{'NONE','SAVE10','WELCOME'}"
Category 2,2025-10-20,Merchant 17,16.16,1.62,-64.05,{'SAVE10'}
Category 2,2025-10-20,Merchant 18,43.8725,2.93,8.5775,"{'NONE','SAVE10','WELCOME'}"
Category 2,2025-10-20,Merchant 2,63.39555555555555,3.591111111111111,17.27777777777778,"{'NONE','SAVE10','WELCOME'}"
Category 2,2025-10-20,Merchant 20,40.965,1.9175,-1.7725,"{'NONE','WELCOME'}"
Category 2,2025-10-20,Merchant 3,68.195,3.41,19.89,{'WELCOME'}
Category 2,2025-10-20,Merchant 4,53.85909090909091,1.9681818181818183,-0.5409090909090909,"{'NONE','SAVE10','WELCOME'}"
Category 2,2025-10-20,Merchant 5,69.14,4.74,20.985,"{'SAVE10','WELCOME'}"
Category 2,2025-10-20,Merchant 6,78.56,3.93,19.62,{'WELCOME'}
Category 2,2025-10-20,Merchant 7,55.58,1.925,-21.628888888888888,"{'NONE','SAVE10','WELCOME'}"
Category 2,2025-10-20,Merchant 8,53.39666666666667,0.41,-6.06,"{'NONE','WELCOME'}"
Category 2,2025-10-20,Merchant 9,38.343333333333334,3.4366666666666665,-4.488333333333333,"{'SAVE10','WELCOME'}"
Category 2,2025-10-21,Merchant 10,69.69,3.485,-27.365,{'WELCOME'}
Category 2,2025-10-21,Merchant 11,53.67,2.506666666666667,28.316666666666666,"{'NONE','SAVE10','WELCOME'}"
Category 2,2025-10-21,Merchant 12,39.223333333333336,1.96,-1.2366666666666666,{'WELCOME'}
Category 2,2025-10-21,Merchant 13,37.0725,0.9275,3.8,"{'NONE','WELCOME'}"
Category 2,2025-10-21,Merchant 15,19.985,1,-35.365,{'WELCOME'}
Category 2,2025-10-21,Merchant 16,44.73833333333334,1.9216666666666666,-13.623333333333333,"{'NONE','SAVE10','WELCOME'}"
Category 2,2025-10-21,Merchant 17,73.495,4.52,-9.615,"{'NONE','SAVE10'}"
Category 2,2025-10-21,Merchant 18,53.71,1.2325,20.1125,"{'NONE','SAVE10','WELCOME'}"
Category 2,2025-10-21,Merchant 2,52.91166666666667,2.0841666666666665,4.9875,"{'NONE','SAVE10','WELCOME'}"
Category 2,2025-10-21,Merchant 20,53.975,2.7,10.455,{'WELCOME'}
Category 2,2025-10-21,Merchant 3,50.61,5.06,-30.85,{'SAVE10'}
Category 2,2025-10-21,Merchant 4,45.11,2.26,21.71,{'WELCOME'}
Category 2,2025-10-21,Merchant 5,39.26,2.4875,-8.04,"{'NONE','SAVE10','WELCOME'}"
Category 2,2025-10-21,Merchant 6,81.725,1.965,20.59,"{'NONE','WELCOME'}"
Category 2,2025-10-21,Merchant 7,48.62,3.1072727272727274,-31.50409090909091,"{'NONE','SAVE10','WELCOME'}"
Category 2,2025-10-21,Merchant 8,45.2925,0.8775,-19.47,"{'NONE','SAVE10','WELCOME'}"
Category 2,2025-10-21,Merchant 9,77.95,5.905,44.56,"{'SAVE10','WELCOME'}"
Category 2,2025-10-22,Merchant 10,35.608,1.954,-56.556,"{'NONE','SAVE10','WELCOME'}"
Category 2,2025-10-22,Merchant 11,46.602,3.02,30.306,"{'SAVE10','WELCOME'}"
Category 2,2025-10-22,Merchant 12,63.4175,4.455,20.465,"{'SAVE10','WELCOME'}"
Category 2,2025-10-22,Merchant 13,65.408,3.27,19.146,{'WELCOME'}
Category 2,2025-10-22,Merchant 15,39.25666666666667,1.9633333333333334,-2.723333333333333,{'WELCOME'}
Category 2,2025-10-22,Merchant 16,65.872,3.806,-5.822,"{'NONE','SAVE10','WELCOME'}"
Category 2,2025-10-22,Merchant 17,42.86666666666667,2.25,-34.403333333333336,"{'SAVE10','WELCOME'}"
Category 2,2025-10-22,Merchant 18,33.56666666666667,2.1483333333333334,-25.756666666666668,"{'NONE','SAVE10','WELCOME'}"
Category 2,2025-10-22,Merchant 2,59.94,3.835,25.125,"{'NONE','SAVE10','WELCOME'}"
Category 2,2025-10-22,Merchant 20,45.23,2.265,2.145,{'WELCOME'}
Category 2,2025-10-22,Merchant 3,40.913333333333334,2.94,-17.423333333333332,"{'SAVE10','WELCOME'}"
Category 2,2025-10-22,Merchant 4,65.806,4.948,-16.986,"{'SAVE10','WELCOME'}"
Category 2,2025-10-22,Merchant 5,43.686,2.984,-4.39,"{'NONE','SAVE10','WELCOME'}"
Category 2,2025-10-22,Merchant 6,50.76166666666666,1.39,-18.168333333333333,"{'NONE','SAVE10','WELCOME'}"
Category 2,2025-10-22,Merchant 7,50.90642857142857,1.9907142857142857,-20.914285714285715,"{'NONE','SAVE10','WELCOME'}"
Category 2,2025-10-22,Merchant 8,64.94666666666667,3.7583333333333333,2.1416666666666666,"{'NONE','SAVE10','WELCOME'}"
Category 2,2025-10-22,Merchant 9,34.06,1.7,-68.37,{'WELCOME'}
Category 2,2025-10-23,Merchant 10,47.44166666666667,2.131666666666667,-41.31,"{'NONE','SAVE10','WELCOME'}"
Category 2,2025-10-23,Merchant 11,53.17125,2.93,32.6975,"{'NONE','SAVE10','WELCOME'}"
Category 2,2025-10-23,Merchant 12,73.22,7.32,27.4,{'SAVE10'}
Category 2,2025-10-23,Merchant 13,64.395,3.22,-6.53,{'WELCOME'}
Category 2,2025-10-23,Merchant 15,43.8075,3.275,7.6825,"{'NONE','SAVE10','WELCOME'}"
Category 2,2025-10-23,Merchant 16,31.5,1.58,-45.6,{'WELCOME'}
Category 2,2025-10-23,Merchant 17,46.7,2.0575,-33.9475,"{'NONE','WELCOME'}"
Category 2,2025-10-23,Merchant 18,53.5325,5.0975,7.6175,"{'SAVE10','WELCOME'}"
Category 2,2025-10-23,Merchant 2,45.794,2.278,-2.484,"{'NONE','SAVE10','WELCOME'}"
Category 2,2025-10-23,Merchant 20,51.2,2.56,7.82,{'WELCOME'}
Category 2,2025-10-23,Merchant 3,90.59666666666666,4.91,30.293333333333333,"{'NONE','SAVE10','WELCOME'}"
Category 2,2025-10-23,Merchant 4,37.24,1.86,4.125,{'WELCOME'}
Category 2,2025-10-23,Merchant 5,64.53,3.225,17.89,{'WELCOME'}
Category 2,2025-10-23,Merchant 6,83.98,4.2,16.45,{'WELCOME'}
Category 2,2025-10-23,Merchant 7,56.409285714285716,2.6142857142857143,-27.46,"{'NONE','SAVE10','WELCOME'}"
Category 2,2025-10-23,Merchant 8,41.72666666666667,3.4366666666666665,-40.11,"{'NONE','SAVE10','WELCOME'}"
Category 2,2025-10-23,Merchant 9,53.315,2.665,17.35,{'WELCOME'}
Category 2,2025-10-24,Merchant 10,84.8625,7.195,-14.965,"{'SAVE10','WELCOME'}"
Category 2,2025-10-24,Merchant 11,70.30571428571429,2.8914285714285715,45.44571428571429,"{'NONE','WELCOME'}"
Category 2,2025-10-24,Merchant 12,8,0.4,-30.9,{'WELCOME'}
Category 2,2025-10-24,Merchant 13,43.905,0.9266666666666666,7.951666666666667,"{'NONE','WELCOME'}"
Category 2,2025-10-24,Merchant 15,62.39333333333333,0.5066666666666667,50.53666666666667,"{'NONE','SAVE10'}"
Category 2,2025-10-24,Merchant 16,55.56846153846154,3.1784615384615384,9.233076923076924,"{'NONE','SAVE10','WELCOME'}"
Category 2,2025-10-24,Merchant 17,47.0825,1.6425,-31.365,"{'NONE','WELCOME'}"
Category 2,2025-10-24,Merchant 2,60.605,3.66625,21.315,"{'NONE','SAVE10','WELCOME'}"
Category 2,2025-10-24,Merchant 20,76.13,3.81,31.5,{'WELCOME'}
Category 2,2025-10-24,Merchant 3,13.17,0.66,-63.89,{'WELCOME'}
Category 2,2025-10-24,Merchant 4,65.615,4.58,-10.73,"{'SAVE10','WELCOME'}"
Category 2,2025-10-24,Merchant 5,54.72,2.74,11.36,{'WELCOME'}
Category 2,2025-10-24,Merchant 6,65.8125,3.93,0.6325,"{'SAVE10','WELCOME'}"
Category 2,2025-10-24,Merchant 7,50.89,2.508,-23.938666666666666,"{'NONE','SAVE10','WELCOME'}"
Category 2,2025-10-24,Merchant 8,58.4575,2.3275,-7.755,"{'NONE','SAVE10','WELCOME'}"
Category 2,2025-10-24,Merchant 9,64.62333333333333,5.29,-11.983333333333333,"{'SAVE10','WELCOME'}"
Category 2,2025-10-25,Merchant 10,34.5,0,-42.27,{'NONE'}
Category 2,2025-10-25,Merchant 11,72.17,4.685,49.95,"{'NONE','SAVE10'}"
Category 2,2025-10-25,Merchant 13,59.932,2.99,1.874,"{'NONE','SAVE10','WELCOME'}"
Category 2,2025-10-25,Merchant 15,55.975,1.935,-43.31,"{'NONE','SAVE10'}"
Category 2,2025-10-25,Merchant 16,53.164,2.15,-20.722,"{'NONE','SAVE10','WELCOME'}"
Category 2,2025-10-25,Merchant 17,55.12,3.1566666666666667,-24.246666666666666,"{'NONE','SAVE10','WELCOME'}"
Category 2,2025-10-25,Merchant 18,50.96666666666667,1.4233333333333333,3.638333333333333,"{'NONE','SAVE10','WELCOME'}"
Category 2,2025-10-25,Merchant 2,48.556666666666665,2.7688888888888887,-1.66,"{'NONE','SAVE10','WELCOME'}"
Category 2,2025-10-25,Merchant 3,80.135,5.435,-1.7,"{'SAVE10','WELCOME'}"
Category 2,2025-10-25,Merchant 4,40.8275,1.4475,-29.85625,"{'NONE','SAVE10','WELCOME'}"
Category 2,2025-10-25,Merchant 5,103.15,10.32,46.63,{'SAVE10'}
Category 2,2025-10-25,Merchant 6,35.072,2.202,-33.848,"{'SAVE10','WELCOME'}"
Category 2,2025-10-25,Merchant 7,54.69722222222222,2.55,-25.724444444444444,"{'NONE','SAVE10','WELCOME'}"
Category 2,2025-10-25,Merchant 8,86.885,6.22,31.295,"{'SAVE10','WELCOME'}"
Category 2,2025-10-25,Merchant 9,58.1725,2.3375,-0.78,"{'NONE','SAVE10','WELCOME'}"
Category 2,2025-10-26,Merchant 10,43.50666666666667,3.018333333333333,-51.73166666666667,"{'SAVE10','WELCOME'}"
Category 2,2025-10-26,Merchant 11,56.76,3.433333333333333,32.37166666666667,"{'NONE','SAVE10','WELCOME'}"
Category 2,2025-10-26,Merchant 13,50.59166666666667,1.1233333333333333,-9.73,"{'NONE','SAVE10','WELCOME'}"
Category 2,2025-10-26,Merchant 15,22.44333333333333,1.3433333333333333,-47.583333333333336,"{'SAVE10','WELCOME'}"
Category 2,2025-10-26,Merchant 16,82.42666666666666,1.3866666666666667,-7.306666666666667,"{'NONE','WELCOME'}"
Category 2,2025-10-26,Merchant 17,56.98,3.1225,-22.055,"{'SAVE10','WELCOME'}"
Category 2,2025-10-26,Merchant 18,57.484,1.8,21.302,"{'NONE','SAVE10','WELCOME'}"
Category 2,2025-10-26,Merchant 2,59.31666666666667,3.02,9.603333333333333,"{'NONE','SAVE10','WELCOME'}"
Category 2,2025-10-26,Merchant 20,13.95,0.7,-27.57,{'WELCOME'}
Category 2,2025-10-26,Merchant 3,53.416666666666664,2.23,-4.21,"{'NONE','WELCOME'}"
Category 2,2025-10-26,Merchant 4,26.643333333333334,1.25,-29.496666666666666,"{'NONE','WELCOME'}"
Category 2,2025-10-26,Merchant 5,56.96,1.78,8.97,"{'NONE','SAVE10'}"
Category 2,2025-10-26,Merchant 6,93.78,4.69,25.76,{'WELCOME'}
Category 2,2025-10-26,Merchant 7,57.80916666666667,2.6425,-11.624166666666667,"{'NONE','SAVE10','WELCOME'}"
Category 2,2025-10-26,Merchant 8,72.9,2.566666666666667,1.61,"{'NONE','WELCOME'}"
Category 2,2025-10-26,Merchant 9,46.975,2.7475,-34.445,"{'SAVE10','WELCOME'}"
Category 2,2025-10-27,Merchant 10,74.51666666666667,4.566666666666666,-19.47,"{'SAVE10','WELCOME'}"
Category 2,2025-10-27,Merchant 11,15.91,0.21666666666666667,-15.97,"{'NONE','WELCOME'}"
Category 2,2025-10-27,Merchant 12,64.52,4.47,21.55,"{'SAVE10','WELCOME'}"
Category 2,2025-10-27,Merchant 13,52.51,1.8085714285714285,-11.725714285714286,"{'NONE','WELCOME'}"
Category 2,2025-10-27,Merchant 15,55.39,2.77,41.27,{'WELCOME'}
Category 2,2025-10-27,Merchant 16,43.126666666666665,1.7966666666666666,-34.19,"{'NONE','WELCOME'}"
Category 2,2025-10-27,Merchant 17,63.36,2.24,-16.28,"{'NONE','SAVE10','WELCOME'}"
Category 2,2025-10-27,Merchant 18,76.1325,4.7925,10.2125,"{'NONE','SAVE10','WELCOME'}"
Category 2,2025-10-27,Merchant 2,57.63333333333333,3.145,-1.2116666666666667,"{'NONE','SAVE10','WELCOME'}"
Category 2,2025-10-27,Merchant 20,93.37,4.67,47.88,{'WELCOME'}
Category 2,2025-10-27,Merchant 3,44.64,4.46,26.79,{'SAVE10'}
Category 2,2025-10-27,Merchant 4,40.09,1.9266666666666667,17.023333333333333,"{'NONE','SAVE10','WELCOME'}"
Category 2,2025-10-27,Merchant 5,10.21,0.51,-30.92,{'WELCOME'}
Category 2,2025-10-27,Merchant 6,18.94,0.95,-37.02,{'WELCOME'}
Category 2,2025-10-27,Merchant 7,58.829375,3.8175,-9.799375,"{'NONE','SAVE10','WELCOME'}"
Category 2,2025-10-27,Merchant 8,46.38666666666666,2.7333333333333334,-15.393333333333333,"{'SAVE10','WELCOME'}"
Category 2,2025-10-27,Merchant 9,54.2375,1.1875,-24.365,"{'NONE','WELCOME'}"
Category 2,2025-10-28,Merchant 10,25.94,1.3,-73.28,{'WELCOME'}
Category 2,2025-10-28,Merchant 11,60.7825,2.65,33.985,"{'NONE','SAVE10','WELCOME'}"
Category 2,2025-10-28,Merchant 12,64.16,3.21,22.45,{'WELCOME'}
Category 2,2025-10-28,Merchant 13,46.61,2.3383333333333334,-17.113333333333333,"{'NONE','SAVE10','WELCOME'}"
Category 2,2025-10-28,Merchant 16,77.75,3.89,-11.28,{'WELCOME'}
Category 2,2025-10-28,Merchant 17,37.65,1.16,-40.315,"{'NONE','SAVE10'}"
Category 2,2025-10-28,Merchant 18,76.29,3.81,63.83,{'WELCOME'}
Category 2,2025-10-28,Merchant 2,42.4725,2.125,-4.735,{'WELCOME'}
Category 2,2025-10-28,Merchant 20,7.58,0.38,-33.62,{'WELCOME'}
Category 2,2025-10-28,Merchant 3,58.20333333333333,3.26,-21.456666666666667,"{'NONE','SAVE10','WELCOME'}"
Category 2,2025-10-28,Merchant 4,23.805,1.19,-8.64,{'WELCOME'}
Category 2,2025-10-28,Merchant 5,49.7,1.52,4.765,"{'NONE','WELCOME'}"
Category 2,2025-10-28,Merchant 6,92.26,4.61,24.32,{'WELCOME'}
Category 2,2025-10-28,Merchant 7,43.66,2.4442857142857144,-23.579285714285714,"{'NONE','SAVE10','WELCOME'}"
Category 2,2025-10-28,Merchant 9,48.47714285714286,2.0285714285714285,5.177142857142857,"{'NONE','SAVE10','WELCOME'}"
Category 2,2025-10-29,Merchant 10,50.045,4.415,-31.14,"{'SAVE10','WELCOME'}"
Category 2,2025-10-29,Merchant 11,48.471,0.916,30.614,"{'NONE','WELCOME'}"
Category 2,2025-10-29,Merchant 13,70.75142857142858,3.22,9.672857142857143,"{'NONE','SAVE10','WELCOME'}"
Category 2,2025-10-29,Merchant 16,47.46,2.796666666666667,-11.723333333333333,"{'NONE','SAVE10','WELCOME'}"
Category 2,2025-10-29,Merchant 17,40.8325,1.7475,-36.8275,"{'NONE','SAVE10','WELCOME'}"
Category 2,2025-10-29,Merchant 18,43.32333333333333,2.9283333333333332,-16.78,"{'NONE','SAVE10','WELCOME'}"
Category 2,2025-10-29,Merchant 2,51.86125,3.30875,2.36625,"{'NONE','SAVE10','WELCOME'}"
Category 2,2025-10-29,Merchant 20,95.99,0,55.17,{'NONE'}
Category 2,2025-10-29,Merchant 3,35.768,2.046,-4.872,"{'SAVE10','WELCOME'}"
Category 2,2025-10-29,Merchant 4,79.294,1.658,3.838,"{'NONE','SAVE10','WELCOME'}"
Category 2,2025-10-29,Merchant 5,42.836666666666666,3.1966666666666668,-2.84,"{'NONE','SAVE10','WELCOME'}"
Category 2,2025-10-29,Merchant 6,48.225,2.41,-17.515,{'WELCOME'}
Category 2,2025-10-29,Merchant 7,62.64,3.160833333333333,-13.529166666666667,"{'NONE','SAVE10','WELCOME'}"
Category 2,2025-10-29,Merchant 8,76.06,3.8,-6.14,{'WELCOME'}
Category 2,2025-10-29,Merchant 9,81.568,4.218,37.23,"{'NONE','SAVE10','WELCOME'}"
Category 2,2025-10-30,Merchant 10,57.205,3.66,-40.025,"{'NONE','SAVE10'}"
Category 2,2025-10-30,Merchant 11,67.724,2.92,43.116,"{'NONE','SAVE10','WELCOME'}"
Category 2,2025-10-30,Merchant 12,77.74,7.77,31.47,{'SAVE10'}
Category 2,2025-10-30,Merchant 13,66.95666666666666,4.6866666666666665,28.2,"{'NONE','SAVE10'}"
Category 2,2025-10-30,Merchant 15,48.65,2.43,-51.13,{'WELCOME'}
Category 2,2025-10-30,Merchant 16,55.17666666666667,1.9866666666666668,-28.743333333333332,"{'NONE','WELCOME'}"
Category 2,2025-10-30,Merchant 17,42.93,1.636,-35.868,"{'NONE','SAVE10','WELCOME'}"
Category 2,2025-10-30,Merchant 18,53.184,3.27,-3.442,"{'NONE','SAVE10','WELCOME'}"
Category 2,2025-10-30,Merchant 2,62.995,2.77375,18.825,"{'NONE','SAVE10','WELCOME'}"
Category 2,2025-10-30,Merchant 20,40.07666666666667,0.4166666666666667,-1.16,"{'NONE','WELCOME'}"
Category 2,2025-10-30,Merchant 3,35.4725,1.24,-10.6625,"{'NONE','WELCOME'}"
Category 2,2025-10-30,Merchant 4,54.96,2.908,-33.904,"{'NONE','SAVE10','WELCOME'}"
Category 2,2025-10-30,Merchant 5,42.23,0,1.61,{'NONE'}
Category 2,2025-10-30,Merchant 6,48.45,0.9816666666666667,-10.315,"{'NONE','WELCOME'}"
Category 2,2025-10-30,Merchant 7,62.21928571428571,3.507857142857143,-10.198571428571428,"{'NONE','SAVE10','WELCOME'}"
Category 2,2025-10-30,Merchant 8,70.57,1.56,9.963333333333333,"{'NONE','WELCOME'}"
Category 2,2025-10-30,Merchant 9,57.42333333333333,2.8533333333333335,16.013333333333332,"{'NONE','SAVE10','WELCOME'}"
Category 2,2025-10-31,Merchant 10,52.92,2.815,-41.44,"{'SAVE10','WELCOME'}"
Category 2,2025-10-31,Merchant 11,35.803333333333335,1.7033333333333334,11.446666666666667,"{'NONE','WELCOME'}"
Category 2,2025-10-31,Merchant 12,61.595,0.53,22.565,"{'NONE','WELCOME'}"
Category 2,2025-10-31,Merchant 13,64.144,3.208,2.486,{'WELCOME'}
Category 2,2025-10-31,Merchant 15,57.578,4.754,-27.326,"{'SAVE10','WELCOME'}"
Category 2,2025-10-31,Merchant 16,51.53125,2.93375,-29.3675,"{'NONE','SAVE10','WELCOME'}"
Category 2,2025-10-31,Merchant 17,49.8825,2.815,-28.845,"{'NONE','SAVE10','WELCOME'}"
Category 2,2025-10-31,Merchant 18,83.9075,3.185,19.595,"{'NONE','WELCOME'}"
Category 2,2025-10-31,Merchant 2,50.81,1.434,9.516,"{'NONE','SAVE10','WELCOME'}"
Category 2,2025-10-31,Merchant 20,5.25,0,-35.57,{'NONE'}
Category 2,2025-10-31,Merchant 3,30.6475,0.6325,-46.385,"{'NONE','WELCOME'}"
Category 2,2025-10-31,Merchant 4,50.855,3.84,-24.75,"{'SAVE10','WELCOME'}"
Category 2,2025-10-31,Merchant 5,33.28,1.6666666666666667,-12.73,{'WELCOME'}
Category 2,2025-10-31,Merchant 6,32.588,0.72,-36.514,"{'NONE','SAVE10','WELCOME'}"
Category 2,2025-10-31,Merchant 7,59.5916,3.14,-22.74,"{'NONE','SAVE10','WELCOME'}"
Category 2,2025-10-31,Merchant 8,70.4175,2.8625,-10.845,"{'NONE','SAVE10','WELCOME'}"
Category 2,2025-10-31,Merchant 9,53.97833333333333,0.605,39.23166666666667,"{'NONE','WELCOME'}"
Category 2,2025-11-01,Merchant 10,47.23285714285714,1.417142857142857,-44.81857142857143,"{'NONE','SAVE10','WELCOME'}"
Category 2,2025-11-01,Merchant 11,64.81666666666666,3.006666666666667,42.08777777777778,"{'NONE','SAVE10','WELCOME'}"
Category 2,2025-11-01,Merchant 12,45.39,2.27,4.62,{'WELCOME'}
Category 2,2025-11-01,Merchant 13,64.81333333333333,5.93,10.976666666666667,"{'SAVE10','WELCOME'}"
Category 2,2025-11-01,Merchant 15,46,0,34.65,{'NONE'}
Category 2,2025-11-01,Merchant 16,78.75,0,31.93,{'NONE'}
Category 2,2025-11-01,Merchant 17,56.916666666666664,4.246666666666667,-24.73,"{'SAVE10','WELCOME'}"
Category 2,2025-11-01,Merchant 18,51.664,2.584,11.974,{'WELCOME'}
Category 2,2025-11-01,Merchant 2,77.68875,2.63125,17.1175,"{'NONE','WELCOME'}"
Category 2,2025-11-01,Merchant 3,86.07,8.61,64.07,{'SAVE10'}
Category 2,2025-11-01,Merchant 4,27.23,2.72,3.37,{'SAVE10'}
Category 2,2025-11-01,Merchant 5,66.725,3.81,19.5,"{'NONE','SAVE10','WELCOME'}"
Category 2,2025-11-01,Merchant 6,48.534,2.448,-17.274,"{'NONE','SAVE10','WELCOME'}"
Category 2,2025-11-01,Merchant 7,46.693636363636365,2.138181818181818,-29.68090909090909,"{'NONE','SAVE10','WELCOME'}"
Category 2,2025-11-01,Merchant 9,51.817142857142855,2.855714285714286,18.16857142857143,"{'NONE','SAVE10','WELCOME'}"
Category 2,2025-11-02,Merchant 10,40.902,3.446,-59.594,"{'SAVE10','WELCOME'}"
Category 2,2025-11-02,Merchant 11,69.22,1.7742857142857142,47.87285714285714,"{'NONE','WELCOME'}"
Category 2,2025-11-02,Merchant 12,76.31,3.82,33.99,{'WELCOME'}
Category 2,2025-11-02,Merchant 13,69.162,2.176,20.22,"{'NONE','WELCOME'}"
Category 2,2025-11-02,Merchant 15,45.25,0.9133333333333333,32.986666666666665,"{'NONE','WELCOME'}"
Category 2,2025-11-02,Merchant 16,61.90125,3.53,-17.18875,"{'NONE','SAVE10','WELCOME'}"
Category 2,2025-11-02,Merchant 17,57.686,3.712,-22.474,"{'SAVE10','WELCOME'}"
Category 2,2025-11-02,Merchant 18,22.045,1.715,11.68,"{'SAVE10','WELCOME'}"
Category 2,2025-11-02,Merchant 2,53.2625,1.76875,7.1525,"{'NONE','SAVE10','WELCOME'}"
Category 2,2025-11-02,Merchant 20,47.74,2.385,4.535,{'WELCOME'}
Category 2,2025-11-02,Merchant 3,8.6,0,-67.8,{'NONE'}
Category 2,2025-11-02,Merchant 4,58.38,2.9233333333333333,-19.696666666666665,{'WELCOME'}
Category 2,2025-11-02,Merchant 5,50.505,2.3025,3.39,"{'NONE','WELCOME'}"
Category 2,2025-11-02,Merchant 6,86.1875,0.955,23.945,"{'NONE','WELCOME'}"
Category 2,2025-11-02,Merchant 7,45.349375,2.19875,-28.875,"{'NONE','SAVE10','WELCOME'}"
Category 2,2025-11-02,Merchant 8,55.718333333333334,3.86,-16.865,"{'NONE','SAVE10','WELCOME'}"
Category 2,2025-11-02,Merchant 9,76.272,4.084,32.066,"{'NONE','SAVE10','WELCOME'}"
Category 2,2025-11-03,Merchant 10,54.075,3.125,-36.395,"{'NONE','SAVE10'}"
Category 2,2025-11-03,Merchant 11,49.7725,2.13,32.9475,"{'NONE','SAVE10','WELCOME'}"
Category 2,2025-11-03,Merchant 13,77.374,3.028,15.896,"{'NONE','WELCOME'}"
Category 2,2025-11-03,Merchant 15,52.125,2.6075,16.6675,{'WELCOME'}
Category 2,2025-11-03,Merchant 16,48.46,1.8275,-33.6975,"{'NONE','WELCOME'}"
Category 2,2025-11-03,Merchant 17,43.28333333333333,3.96,-38.07666666666667,"{'NONE','SAVE10'}"
Category 2,2025-11-03,Merchant 18,44.5,2.5525,1.13,"{'NONE','SAVE10','WELCOME'}"
Category 2,2025-11-03,Merchant 2,72.66333333333333,4.1866666666666665,18.89,"{'NONE','SAVE10','WELCOME'}"
Category 2,2025-11-03,Merchant 20,40.325,2.015,-2.51,{'WELCOME'}
Category 2,2025-11-03,Merchant 3,47.5925,2.3775,0.32,{'WELCOME'}
Category 2,2025-11-03,Merchant 4,38.87,2.52,-25.3,"{'SAVE10','WELCOME'}"
Category 2,2025-11-03,Merchant 5,58.57,3.4,14.55,"{'NONE','SAVE10','WELCOME'}"
Category 2,2025-11-03,Merchant 6,83.53,5.245,19.115,"{'NONE','SAVE10'}"
Category 2,2025-11-03,Merchant 7,63.462,2.844,-10.717,"{'NONE','SAVE10','WELCOME'}"
Category 2,2025-11-03,Merchant 8,73.696,2.632,4.276,"{'NONE','WELCOME'}"
Category 2,2025-11-03,Merchant 9,65.2,2.43125,33.63375,"{'NONE','SAVE10','WELCOME'}"
Category 2,2025-11-04,Merchant 10,65.728,4.326,-23.826,"{'NONE','SAVE10','WELCOME'}"
Category 2,2025-11-04,Merchant 11,59.724,2.994,28.666,"{'NONE','SAVE10','WELCOME'}"
Category 2,2025-11-04,Merchant 13,15.56,0.8757142857142857,-46.92285714285714,"{'NONE','SAVE10','WELCOME'}"
Category 2,2025-11-04,Merchant 15,84.78,8.48,-21.05,{'SAVE10'}
Category 2,2025-11-04,Merchant 16,55.2325,2.76,-23.1275,{'WELCOME'}
Category 2,2025-11-04,Merchant 17,55.333333333333336,3.486666666666667,-24.363333333333333,"{'SAVE10','WELCOME'}"
Category 2,2025-11-04,Merchant 18,93.82,9.38,75.79,{'SAVE10'}
Category 2,2025-11-04,Merchant 2,57.515,2.93,8.645,"{'SAVE10','WELCOME'}"
Category 2,2025-11-04,Merchant 20,30.835,2.225,-12.21,"{'SAVE10','WELCOME'}"
Category 2,2025-11-04,Merchant 3,33.694,1.988,-6.888,"{'SAVE10','WELCOME'}"
Category 2,2025-11-04,Merchant 4,54.91166666666667,2.4166666666666665,21.241666666666667,"{'NONE','SAVE10','WELCOME'}"
Category 2,2025-11-04,Merchant 5,52.25,2.61,9.02,{'WELCOME'}
Category 2,2025-11-04,Merchant 6,48.4575,1.6775,-14.47,"{'NONE','SAVE10','WELCOME'}"
Category 2,2025-11-04,Merchant 7,53.88733333333333,2.4273333333333333,-18.836666666666666,"{'NONE','SAVE10','WELCOME'}"
Category 2,2025-11-04,Merchant 8,44.766666666666666,1.3,-5.903333333333333,"{'NONE','WELCOME'}"
Category 2,2025-11-04,Merchant 9,51.055,2.93,29.39,"{'SAVE10','WELCOME'}"
Category 2,2025-11-05,Merchant 10,44.288,0.252,-32.734,"{'NONE','SAVE10'}"
Category 2,2025-11-05,Merchant 11,44.38666666666666,2.22,26.523333333333333,{'WELCOME'}
Category 2,2025-11-05,Merchant 13,46.706,2.43,0.134,"{'SAVE10','WELCOME'}"
Category 2,2025-11-05,Merchant 15,41.836666666666666,0.4066666666666667,-27.253333333333334,"{'NONE','SAVE10'}"
Category 2,2025-11-05,Merchant 16,45.81,1.05,-30.76,"{'NONE','WELCOME'}"
Category 2,2025-11-05,Merchant 18,54.0675,2.255,2.5425,"{'NONE','SAVE10','WELCOME'}"
Category 2,2025-11-05,Merchant 2,35.25727272727273,1.7754545454545454,-10.862727272727273,"{'NONE','SAVE10','WELCOME'}"
Category 2,2025-11-05,Merchant 3,63.725,3.94,46.395,"{'SAVE10','WELCOME'}"
Category 2,2025-11-05,Merchant 4,67.32,1.325,24.63,"{'NONE','WELCOME'}"
Category 2,2025-11-05,Merchant 5,49.34,2.266,4.218,"{'NONE','SAVE10','WELCOME'}"
Category 2,2025-11-05,Merchant 6,43.0975,3.135,-17.1275,"{'SAVE10','WELCOME'}"
Category 2,2025-11-05,Merchant 7,55.61333333333334,3.354,-18.920666666666666,"{'NONE','SAVE10','WELCOME'}"
Category 2,2025-11-05,Merchant 8,79.395,5.84,9.67,"{'SAVE10','WELCOME'}"
Category 2,2025-11-05,Merchant 9,34.403333333333336,1.8333333333333333,-7.663333333333333,"{'SAVE10','WELCOME'}"
Category 2,2025-11-06,Merchant 10,25.11,0,-51.66,{'NONE'}
Category 2,2025-11-06,Merchant 11,64.278,2.926,31.134,"{'NONE','WELCOME'}"
Category 2,2025-11-06,Merchant 12,43.86,2.19,3.17,{'WELCOME'}
Category 2,2025-11-06,Merchant 13,73.235,3.401666666666667,36.395,"{'NONE','SAVE10','WELCOME'}"
Category 2,2025-11-06,Merchant 15,49.875,0.15,-4.625,"{'NONE','WELCOME'}"
Category 2,2025-11-06,Merchant 16,57.14333333333333,3.413333333333333,-9.07,"{'SAVE10','WELCOME'}"
Category 2,2025-11-06,Merchant 17,48.26,1.8133333333333332,-30.953333333333333,"{'NONE','WELCOME'}"
Category 2,2025-11-06,Merchant 18,72.55166666666666,3.6266666666666665,44.465,{'WELCOME'}
Category 2,2025-11-06,Merchant 2,55.45428571428572,2.242857142857143,-0.13,"{'NONE','SAVE10','WELCOME'}"
Category 2,2025-11-06,Merchant 20,88.24,4.41,43.01,{'WELCOME'}
Category 2,2025-11-06,Merchant 3,22.75,1.14,8.22,{'WELCOME'}
Category 2,2025-11-06,Merchant 4,70.4875,1.31,2.47,"{'NONE','SAVE10','WELCOME'}"
Category 2,2025-11-06,Merchant 5,90.62,2.115,45.09,"{'NONE','WELCOME'}"
Category 2,2025-11-06,Merchant 6,48.583333333333336,2.9366666666666665,-34.473333333333336,"{'NONE','SAVE10','WELCOME'}"
Category 2,2025-11-06,Merchant 7,47.77272727272727,1.53,-30.21909090909091,"{'NONE','SAVE10','WELCOME'}"
Category 2,2025-11-06,Merchant 8,26.6,0,-51.8,{'NONE'}
Category 2,2025-11-06,Merchant 9,62.27,3.0325,19.7025,"{'NONE','WELCOME'}"
Category 2,2025-11-07,Merchant 10,42.75833333333333,1.7516666666666667,-47.68833333333333,"{'NONE','SAVE10','WELCOME'}"
Category 2,2025-11-07,Merchant 11,32.975,1.275,6.1975,"{'NONE','SAVE10','WELCOME'}"
Category 2,2025-11-07,Merchant 12,82.92,8.29,36.13,{'SAVE10'}
Category 2,2025-11-07,Merchant 13,65.5325,0,13.8675,{'NONE'}
Category 2,2025-11-07,Merchant 15,53.52,2.675,-46.505,{'WELCOME'}
Category 2,2025-11-07,Merchant 16,54.462857142857146,2.197142857142857,-23.3,"{'NONE','SAVE10','WELCOME'}"
Category 2,2025-11-07,Merchant 17,90.26666666666667,4.516666666666667,9.543333333333333,{'WELCOME'}
Category 2,2025-11-07,Merchant 18,34.635,2.02,-57.275,"{'NONE','SAVE10'}"
Category 2,2025-11-07,Merchant 2,69.93428571428572,3.37,32.33571428571429,"{'NONE','SAVE10','WELCOME'}"
Category 2,2025-11-07,Merchant 20,42.28,0,1.46,{'NONE'}
Category 2,2025-11-07,Merchant 3,39.92,0.505,26.025,"{'NONE','WELCOME'}"
Category 2,2025-11-07,Merchant 4,44.775,0.905,22.73,"{'NONE','WELCOME'}"
Category 2,2025-11-07,Merchant 5,90.825,2.225,42.39,"{'NONE','WELCOME'}"
Category 2,2025-11-07,Merchant 6,46.27,2.315,-15.215,{'WELCOME'}
Category 2,2025-11-07,Merchant 7,42.401428571428575,2.45,-30.094285714285714,"{'NONE','SAVE10','WELCOME'}"
Category 2,2025-11-07,Merchant 8,35.39,1.4733333333333334,-34.806666666666665,"{'NONE','WELCOME'}"
Category 2,2025-11-07,Merchant 9,32.196666666666665,2.006666666666667,-10.323333333333334,"{'SAVE10','WELCOME'}"
Category 2,2025-11-08,Merchant 10,61.78666666666667,2.723333333333333,-33.88166666666667,"{'NONE','SAVE10','WELCOME'}"
Category 2,2025-11-08,Merchant 11,60.42,3.3075,46.4625,"{'SAVE10','WELCOME'}"
Category 2,2025-11-08,Merchant 12,26.99,1.35,-12.86,{'WELCOME'}
Category 2,2025-11-08,Merchant 13,93.3,4.67,3.05,{'WELCOME'}
Category 2,2025-11-08,Merchant 15,32.33,3.23,17.75,{'SAVE10'}
Category 2,2025-11-08,Merchant 16,50.38666666666666,1.4833333333333334,11.65,"{'NONE','SAVE10','WELCOME'}"
Category 2,2025-11-08,Merchant 17,61.1,3.06,-20.55,{'WELCOME'}
Category 2,2025-11-08,Merchant 2,64.83555555555556,3.022222222222222,17.91111111111111,"{'NONE','SAVE10','WELCOME'}"
Category 2,2025-11-08,Merchant 20,75.46,0,34.64,{'NONE'}
Category 2,2025-11-08,Merchant 3,25.02,1.25,-52.63,{'WELCOME'}
Category 2,2025-11-08,Merchant 4,40.50666666666667,2.7666666666666666,-23.893333333333334,"{'SAVE10','WELCOME'}"
Category 2,2025-11-08,Merchant 5,75.375,4.8025,28.5575,"{'SAVE10','WELCOME'}"
Category 2,2025-11-08,Merchant 7,63.39375,3.43625,-11.225416666666666,"{'NONE','SAVE10','WELCOME'}"
Category 2,2025-11-08,Merchant 8,58.3975,3.325,-8.8125,"{'NONE','SAVE10','WELCOME'}"
Category 2,2025-11-08,Merchant 9,48.63111111111111,2.8955555555555557,1.4277777777777778,"{'NONE','SAVE10','WELCOME'}"
Category 3,2025-09-09,Merchant 11,60.495,4.13,35.71,"{'SAVE10','WELCOME'}"
Category 3,2025-09-09,Merchant 13,34.22,1.71,-14.59,{'WELCOME'}
Category 3,2025-09-09,Merchant 18,77.02,0,-21.84,{'NONE'}
Category 3,2025-09-09,Merchant 19,46.06,1.12,-30.153333333333332,"{'NONE','WELCOME'}"
Category 3,2025-09-09,Merchant 20,12.05,0,6.27,{'NONE'}
Category 3,2025-09-09,Merchant 3,58.64,4.49,-4.055,"{'SAVE10','WELCOME'}"
Category 3,2025-09-09,Merchant 5,87.13,4.36,-0.94,{'WELCOME'}
Category 3,2025-09-10,Merchant 10,10.41,1.04,-25.4,{'SAVE10'}
Category 3,2025-09-10,Merchant 11,38.955,2.325,18.52,"{'NONE','SAVE10','WELCOME'}"
Category 3,2025-09-10,Merchant 12,58.6175,4.3725,8.1375,"{'SAVE10','WELCOME'}"
Category 3,2025-09-10,Merchant 13,66.996,3.966,-17.124,"{'SAVE10','WELCOME'}"
Category 3,2025-09-10,Merchant 14,80.02,3.93875,-4.57375,"{'NONE','SAVE10','WELCOME'}"
Category 3,2025-09-10,Merchant 15,50.218333333333334,2.71,-33.455,"{'SAVE10','WELCOME'}"
Category 3,2025-09-10,Merchant 16,43.4225,2.065,-7.625,"{'NONE','SAVE10','WELCOME'}"
Category 3,2025-09-10,Merchant 17,67.37,2.905,30.525,"{'NONE','SAVE10','WELCOME'}"
Category 3,2025-09-10,Merchant 18,59.77333333333333,2.298888888888889,-16.68777777777778,"{'NONE','SAVE10','WELCOME'}"
Category 3,2025-09-10,Merchant 19,36.086666666666666,2.7777777777777777,-20.511111111111113,"{'NONE','SAVE10','WELCOME'}"
Category 3,2025-09-10,Merchant 2,73.96666666666667,1.6866666666666668,-2.37,"{'NONE','SAVE10'}"
Category 3,2025-09-10,Merchant 3,70.78555555555556,3.8466666666666667,2.8033333333333332,"{'NONE','SAVE10','WELCOME'}"
Category 3,2025-09-10,Merchant 4,51.2975,2.77875,-15.0825,"{'NONE','SAVE10','WELCOME'}"
Category 3,2025-09-10,Merchant 5,61.61,5.055,-14.02,"{'SAVE10','WELCOME'}"
Category 3,2025-09-10,Merchant 6,79.03,0,-12.285,{'NONE'}
Category 3,2025-09-10,Merchant 7,58.695,2.085,48.821666666666665,"{'NONE','WELCOME'}"
Category 3,2025-09-10,Merchant 9,53.112857142857145,1.6842857142857144,-22.245714285714286,"{'NONE','SAVE10','WELCOME'}"
Category 3,2025-09-11,Merchant 10,36.505,1.985,-0.25,"{'SAVE10','WELCOME'}"
Category 3,2025-09-11,Merchant 11,74.24333333333334,6.163333333333333,46.68333333333333,"{'SAVE10','WELCOME'}"
Category 3,2025-09-11,Merchant 12,40.2725,2.415,13.98,"{'SAVE10','WELCOME'}"
Category 3,2025-09-11,Merchant 13,48.375,3.115,-23.405,"{'SAVE10','WELCOME'}"
Category 3,2025-09-11,Merchant 14,61.471,3.142,-25.36,"{'NONE','SAVE10','WELCOME'}"
Category 3,2025-09-11,Merchant 15,64.665,5.38,-30.565,"{'NONE','SAVE10','WELCOME'}"
Category 3,2025-09-11,Merchant 16,47.805,2.07,38.325,"{'NONE','WELCOME'}"
Category 3,2025-09-11,Merchant 17,41.898,2.442,7.67,"{'NONE','SAVE10','WELCOME'}"
Category 3,2025-09-11,Merchant 18,61.885714285714286,2.51,-20.482857142857142,"{'NONE','SAVE10','WELCOME'}"
Category 3,2025-09-11,Merchant 19,47.7,2.6025,-27.2975,"{'NONE','SAVE10','WELCOME'}"
Category 3,2025-09-11,Merchant 2,66.054,4.83,-9.726,"{'SAVE10','WELCOME'}"
Category 3,2025-09-11,Merchant 20,62.28666666666667,3.04,-3.8266666666666667,"{'NONE','SAVE10','WELCOME'}"
Category 3,2025-09-11,Merchant 3,52.069,2.421,-19.771,"{'NONE','SAVE10','WELCOME'}"
Category 3,2025-09-11,Merchant 4,23.533333333333335,1.055,-32.36,"{'NONE','WELCOME'}"
Category 3,2025-09-11,Merchant 5,49.14,2.46,-10.76,{'WELCOME'}
Category 3,2025-09-11,Merchant 6,33.3775,2.1175,-58.1,"{'NONE','SAVE10','WELCOME'}"
Category 3,2025-09-11,Merchant 7,59.49,2.97,50.88,{'WELCOME'}
Category 3,2025-09-11,Merchant 9,68.074,3.352,3.732,"{'NONE','SAVE10','WELCOME'}"
Category 3,2025-09-12,Merchant 11,54.78666666666667,4.09,21.13,"{'SAVE10','WELCOME'}"
Category 3,2025-09-12,Merchant 12,44.546,1.58,-0.11,"{'NONE','SAVE10','WELCOME'}"
Category 3,2025-09-12,Merchant 13,60.985,3.77,-11.45,"{'SAVE10','WELCOME'}"
Category 3,2025-09-12,Merchant 14,47.99181818181818,1.7918181818181818,-20.76181818181818,"{'NONE','SAVE10','WELCOME'}"
Category 3,2025-09-12,Merchant 15,70.7625,0.8625,12.805,"{'NONE','WELCOME'}"
Category 3,2025-09-12,Merchant 16,48.405,3.38,24.9175,"{'SAVE10','WELCOME'}"
Category 3,2025-09-12,Merchant 17,39.375,3.2775,-12.9675,"{'NONE','SAVE10'}"
Category 3,2025-09-12,Merchant 18,44.3,1.5033333333333334,-30.596666666666668,"{'NONE','SAVE10','WELCOME'}"
Category 3,2025-09-12,Merchant 19,39.784,2.122,-31.4,"{'NONE','SAVE10','WELCOME'}"
Category 3,2025-09-12,Merchant 2,71.97,7.2,-28.38,{'SAVE10'}
Category 3,2025-09-12,Merchant 20,52.75666666666667,2.0833333333333335,-41.04666666666667,"{'NONE','SAVE10','WELCOME'}"
Category 3,2025-09-12,Merchant 3,50.47125,2.4925,-13.60875,"{'NONE','SAVE10','WELCOME'}"
Category 3,2025-09-12,Merchant 4,43.72857142857143,1.0414285714285714,-6.095714285714286,"{'NONE','SAVE10','WELCOME'}"
Category 3,2025-09-12,Merchant 6,69.095,3.455,-23.72,{'WELCOME'}
Category 3,2025-09-12,Merchant 7,75.88,0,57.35,{'NONE'}
Category 3,2025-09-12,Merchant 9,30.18,1.554,-42.23,"{'NONE','SAVE10','WELCOME'}"
Category 3,2025-09-13,Merchant 11,37.89,3.79,-23.47,{'SAVE10'}
Category 3,2025-09-13,Merchant 12,55.00666666666667,4.506666666666667,20.386666666666667,"{'SAVE10','WELCOME'}"
Category 3,2025-09-13,Merchant 13,55.52,4.003333333333333,-17.148333333333333,"{'NONE','SAVE10','WELCOME'}"
Category 3,2025-09-13,Merchant 14,59.2525,2.295,-8.025,"{'NONE','WELCOME'}"
Category 3,2025-09-13,Merchant 15,56.74333333333333,2.0033333333333334,-13.273333333333333,"{'NONE','SAVE10','WELCOME'}"
Category 3,2025-09-13,Merchant 16,68.41666666666667,1.97,-1.0333333333333334,"{'NONE','WELCOME'}"
Category 3,2025-09-13,Merchant 17,58.05125,3.06,5.92625,"{'NONE','SAVE10','WELCOME'}"
Category 3,2025-09-13,Merchant 18,49.81666666666667,1.4333333333333333,-25.061666666666667,"{'NONE','SAVE10','WELCOME'}"
Category 3,2025-09-13,Merchant 19,36.4025,0.545,-24.8075,"{'NONE','WELCOME'}"
Category 3,2025-09-13,Merchant 2,66.91,2.8225,-28.3225,"{'NONE','SAVE10','WELCOME'}"
Category 3,2025-09-13,Merchant 20,40.45,0,-51.27,{'NONE'}
Category 3,2025-09-13,Merchant 3,56.85642857142857,2.966428571428571,-7.237857142857143,"{'NONE','SAVE10','WELCOME'}"
Category 3,2025-09-13,Merchant 4,42.916666666666664,2.71,-26.573333333333334,"{'NONE','SAVE10','WELCOME'}"
Category 3,2025-09-13,Merchant 5,60.2625,2.68,-19.56,"{'NONE','SAVE10'}"
Category 3,2025-09-13,Merchant 6,8.5,0.43,-81.29,{'WELCOME'}
Category 3,2025-09-13,Merchant 7,71.96,0,59.875,{'NONE'}
Category 3,2025-09-13,Merchant 9,46.79,0,15.39,{'NONE'}
Category 3,2025-09-14,Merchant 10,35.81,1.79,-0.75,{'WELCOME'}
Category 3,2025-09-14,Merchant 11,58.732,2.458,27.29,"{'NONE','SAVE10','WELCOME'}"
Category 3,2025-09-14,Merchant 12,76.32333333333334,2.526666666666667,5.456666666666667,"{'NONE','WELCOME'}"
Category 3,2025-09-14,Merchant 13,30.49,0,-49.35,{'NONE'}
Category 3,2025-09-14,Merchant 14,60.914,3.828,18.162,"{'SAVE10','WELCOME'}"
Category 3,2025-09-14,Merchant 15,47.12428571428571,1.657142857142857,-23.924285714285713,"{'NONE','WELCOME'}"
Category 3,2025-09-14,Merchant 16,74.30375,4.6375,15.465,"{'NONE','SAVE10','WELCOME'}"
Category 3,2025-09-14,Merchant 17,67.375,3.37,11.35,{'WELCOME'}
Category 3,2025-09-14,Merchant 18,55.40714285714286,2.275714285714286,-16.802857142857142,"{'NONE','SAVE10','WELCOME'}"
Category 3,2025-09-14,Merchant 19,58.792857142857144,1.9457142857142857,2.7542857142857144,"{'NONE','WELCOME'}"
Category 3,2025-09-14,Merchant 2,54.5,2.7525,-27.5275,"{'NONE','SAVE10','WELCOME'}"
Category 3,2025-09-14,Merchant 20,58.3175,2.7275,28.325,"{'NONE','WELCOME'}"
Category 3,2025-09-14,Merchant 3,38.838,2.683,-9.021,"{'NONE','SAVE10','WELCOME'}"
Category 3,2025-09-14,Merchant 4,16.175,0.81,-61.82,{'WELCOME'}
Category 3,2025-09-14,Merchant 5,91.26,4.56,29.26,{'WELCOME'}
Category 3,2025-09-14,Merchant 6,104.33,0,11.06,{'NONE'}
Category 3,2025-09-14,Merchant 7,85.37,8.535,58.305,{'SAVE10'}
Category 3,2025-09-14,Merchant 8,68.96,6.9,46.81,{'SAVE10'}
Category 3,2025-09-14,Merchant 9,72.02,5.18,10.78,"{'SAVE10','WELCOME'}"
Category 3,2025-09-15,Merchant 10,9.58,0.96,-26.15,{'SAVE10'}
Category 3,2025-09-15,Merchant 11,42.42,3.21125,21.685,"{'SAVE10','WELCOME'}"
Category 3,2025-09-15,Merchant 12,54.483333333333334,3.2,3.026666666666667,"{'NONE','SAVE10','WELCOME'}"
Category 3,2025-09-15,Merchant 13,58.47,2.675,20.655,"{'NONE','SAVE10'}"
Category 3,2025-09-15,Merchant 14,38.51,2.24,-5.44625,"{'NONE','SAVE10','WELCOME'}"
Category 3,2025-09-15,Merchant 15,96.65,0,18.99,{'NONE'}
Category 3,2025-09-15,Merchant 16,86.235,8.62,19.415,{'SAVE10'}
Category 3,2025-09-15,Merchant 17,42.61333333333334,2.695,-0.515,"{'NONE','SAVE10','WELCOME'}"
Category 3,2025-09-15,Merchant 18,50.11,0,-48.75,{'NONE'}
Category 3,2025-09-15,Merchant 19,43.2875,2.595,-26.37625,"{'SAVE10','WELCOME'}"
Category 3,2025-09-15,Merchant 2,76.43333333333334,6.21,-4.426666666666667,"{'SAVE10','WELCOME'}"
Category 3,2025-09-15,Merchant 20,95.12,9.51,79.83,{'SAVE10'}
Category 3,2025-09-15,Merchant 3,46.573,1.276,-2.218,"{'NONE','SAVE10','WELCOME'}"
Category 3,2025-09-15,Merchant 4,71.405,5.32,-11.1,"{'SAVE10','WELCOME'}"
Category 3,2025-09-15,Merchant 5,56.55,2.825,-29.985,{'WELCOME'}
Category 3,2025-09-15,Merchant 6,30.66,2.98,-64.28666666666666,"{'SAVE10','WELCOME'}"
Category 3,2025-09-15,Merchant 8,99.19,4.96,78.98,{'WELCOME'}
Category 3,2025-09-16,Merchant 10,53.8375,0.875,18.1925,"{'NONE','WELCOME'}"
Category 3,2025-09-16,Merchant 11,52.376666666666665,2.66,10.233333333333333,"{'NONE','SAVE10','WELCOME'}"
Category 3,2025-09-16,Merchant 12,44.006,2.712,8.522,"{'SAVE10','WELCOME'}"
Category 3,2025-09-16,Merchant 13,53.05,4.14,13.775,"{'SAVE10','WELCOME'}"
Category 3,2025-09-16,Merchant 14,43.376666666666665,1.7658333333333334,-39.14416666666666,"{'NONE','SAVE10','WELCOME'}"
Category 3,2025-09-16,Merchant 15,55.805,3.185,-10.57,"{'SAVE10','WELCOME'}"
Category 3,2025-09-16,Merchant 16,81.72666666666667,1.6566666666666667,17.23,"{'NONE','WELCOME'}"
Category 3,2025-09-16,Merchant 17,59.97666666666667,0.8433333333333334,16.30666666666667,"{'NONE','WELCOME'}"
Category 3,2025-09-16,Merchant 18,57.0425,2.8525,-27.4575,{'WELCOME'}
Category 3,2025-09-16,Merchant 19,37.9,2.82,-17.075,"{'NONE','SAVE10'}"
Category 3,2025-09-16,Merchant 2,41.124,2.102,-21.124,"{'NONE','SAVE10','WELCOME'}"
Category 3,2025-09-16,Merchant 20,55.622,1.282,48.56,"{'NONE','SAVE10','WELCOME'}"
Category 3,2025-09-16,Merchant 3,50.11888888888889,1.4844444444444445,-4.082222222222223,"{'NONE','SAVE10','WELCOME'}"
Category 3,2025-09-16,Merchant 4,52.642857142857146,3.4842857142857144,-25.382857142857144,"{'SAVE10','WELCOME'}"
Category 3,2025-09-16,Merchant 5,76.84,3.84,-1.9533333333333334,{'WELCOME'}
Category 3,2025-09-16,Merchant 6,23.27,1.16,-71.16,{'WELCOME'}
Category 3,2025-09-16,Merchant 7,59.92,3.935,43.9,"{'SAVE10','WELCOME'}"
Category 3,2025-09-16,Merchant 9,96.86,4.84,60.62,{'WELCOME'}
Category 3,2025-09-17,Merchant 10,38.71666666666667,0.8833333333333333,3.0633333333333335,"{'NONE','SAVE10'}"
Category 3,2025-09-17,Merchant 11,57.38,0,34.51,{'NONE'}
Category 3,2025-09-17,Merchant 12,59.784,2.022,13.524,"{'NONE','SAVE10','WELCOME'}"
Category 3,2025-09-17,Merchant 13,42.918,1.104,-2.894,"{'NONE','SAVE10','WELCOME'}"
Category 3,2025-09-17,Merchant 14,51.58,1.5233333333333332,11.45,"{'NONE','WELCOME'}"
Category 3,2025-09-17,Merchant 15,62.656666666666666,1.695,-15.938333333333333,"{'NONE','WELCOME'}"
Category 3,2025-09-17,Merchant 16,61.07,6.11,-17.16,{'SAVE10'}
Category 3,2025-09-17,Merchant 17,57.245,4.21,15.1225,"{'SAVE10','WELCOME'}"
Category 3,2025-09-17,Merchant 18,82.63333333333334,1.0066666666666666,-0.6733333333333333,"{'NONE','WELCOME'}"
Category 3,2025-09-17,Merchant 19,29.89666666666667,0.74,-35.06333333333333,"{'NONE','WELCOME'}"
Category 3,2025-09-17,Merchant 2,40,2,-53.67,{'WELCOME'}
Category 3,2025-09-17,Merchant 3,47.41916666666667,2.0175,11.5725,"{'NONE','SAVE10','WELCOME'}"
Category 3,2025-09-17,Merchant 4,104.65,0,4.35,{'NONE'}
Category 3,2025-09-17,Merchant 5,43.06666666666667,2.8266666666666667,-43.47,"{'SAVE10','WELCOME'}"
Category 3,2025-09-17,Merchant 7,62.485,6.25,37.705,{'SAVE10'}
Category 3,2025-09-17,Merchant 8,35.54,1.78,18.51,{'WELCOME'}
Category 3,2025-09-17,Merchant 9,60.77,3.04,-3.26,{'WELCOME'}
Category 3,2025-09-18,Merchant 10,20.12,0.19,-14.84,"{'NONE','WELCOME'}"
Category 3,2025-09-18,Merchant 11,47.62833333333333,2.625,23.606666666666666,"{'NONE','SAVE10','WELCOME'}"
Category 3,2025-09-18,Merchant 12,65.245,6.525,47.72,{'SAVE10'}
Category 3,2025-09-18,Merchant 13,71.99,3.51,13.5875,"{'NONE','WELCOME'}"
Category 3,2025-09-18,Merchant 14,51.75375,1.485,-18.37125,"{'NONE','SAVE10','WELCOME'}"
Category 3,2025-09-18,Merchant 15,61.73125,4.03,-6.05875,"{'NONE','SAVE10','WELCOME'}"
Category 3,2025-09-18,Merchant 16,45.3375,2.8675,22.365,"{'SAVE10','WELCOME'}"
Category 3,2025-09-18,Merchant 17,68.79,5.718,25.238,"{'NONE','SAVE10'}"
Category 3,2025-09-18,Merchant 18,43.454,4.144,-35.844,"{'SAVE10','WELCOME'}"
Category 3,2025-09-18,Merchant 19,42.96333333333333,2.1466666666666665,-15.386666666666667,{'WELCOME'}
Category 3,2025-09-18,Merchant 2,53.82142857142857,1.0671428571428572,-17.032857142857143,"{'NONE','WELCOME'}"
Category 3,2025-09-18,Merchant 20,41.785,1.8875,12.6325,"{'NONE','WELCOME'}"
Category 3,2025-09-18,Merchant 3,50.532,2.842,-17.464,"{'SAVE10','WELCOME'}"
Category 3,2025-09-18,Merchant 4,49.3625,2.5725,-19.99,"{'NONE','SAVE10','WELCOME'}"
Category 3,2025-09-18,Merchant 5,37.945,1.895,-47.66,{'WELCOME'}
Category 3,2025-09-18,Merchant 7,20.495,1.79,6.62,"{'SAVE10','WELCOME'}"
Category 3,2025-09-18,Merchant 8,103.62,0,88.37,{'NONE'}
Category 3,2025-09-18,Merchant 9,93.99,9.4,53.19,{'SAVE10'}
Category 3,2025-09-19,Merchant 11,88.91,0,31.34,{'NONE'}
Category 3,2025-09-19,Merchant 12,68.20333333333333,1.87,8.52,"{'NONE','WELCOME'}"
Category 3,2025-09-19,Merchant 13,80.65,4.035,41.475,{'WELCOME'}
Category 3,2025-09-19,Merchant 14,48.24,1.42375,-28.59375,"{'NONE','SAVE10','WELCOME'}"
Category 3,2025-09-19,Merchant 15,35.29,1.1866666666666668,-33.91,"{'NONE','WELCOME'}"
Category 3,2025-09-19,Merchant 16,44.22,2.21,-23.15,{'WELCOME'}
Category 3,2025-09-19,Merchant 17,52.766666666666666,0.8566666666666667,23.953333333333333,"{'NONE','WELCOME'}"
Category 3,2025-09-19,Merchant 18,51.47,2.0225,-29.52,"{'NONE','WELCOME'}"
Category 3,2025-09-19,Merchant 19,59.82,2.99,-10.72,{'WELCOME'}
Category 3,2025-09-19,Merchant 2,60.985,1.535,-32.96,"{'NONE','SAVE10'}"
Category 3,2025-09-19,Merchant 20,66.728,3.356,-28.348,"{'NONE','SAVE10','WELCOME'}"
Category 3,2025-09-19,Merchant 3,47.438,3.386,-11.338,"{'NONE','SAVE10','WELCOME'}"
Category 3,2025-09-19,Merchant 4,30.315,1.705,-15.055,"{'SAVE10','WELCOME'}"
Category 3,2025-09-19,Merchant 6,40.13,2.01,-51.24,{'WELCOME'}
Category 3,2025-09-19,Merchant 7,79.92,2.7375,65.0975,"{'NONE','WELCOME'}"
Category 3,2025-09-19,Merchant 8,49.315,1.975,32.09,"{'NONE','WELCOME'}"
Category 3,2025-09-19,Merchant 9,96.92,7.22,8.98,"{'SAVE10','WELCOME'}"
Category 3,2025-09-20,Merchant 10,83.37,1.825,46.775,"{'NONE','WELCOME'}"
Category 3,2025-09-20,Merchant 11,38.48571428571429,1.83,5.134285714285714,"{'NONE','SAVE10','WELCOME'}"
Category 3,2025-09-20,Merchant 12,72.42666666666666,2.3833333333333333,39.93,"{'NONE','WELCOME'}"
Category 3,2025-09-20,Merchant 13,77.765,2.51,0.61,"{'NONE','WELCOME'}"
Category 3,2025-09-20,Merchant 14,63.31,3.395714285714286,-19.411428571428573,"{'NONE','SAVE10','WELCOME'}"
Category 3,2025-09-20,Merchant 15,59,3.413333333333333,-12.426666666666666,"{'NONE','SAVE10'}"
Category 3,2025-09-20,Merchant 16,57.29142857142857,2.492857142857143,-6.088571428571429,"{'NONE','SAVE10','WELCOME'}"
Category 3,2025-09-20,Merchant 17,76.085,6.335,17.095,"{'SAVE10','WELCOME'}"
Category 3,2025-09-20,Merchant 18,50.42666666666667,1.6366666666666667,-27.12,"{'NONE','SAVE10','WELCOME'}"
Category 3,2025-09-20,Merchant 19,54.053333333333335,2.0566666666666666,-1.8233333333333333,"{'NONE','SAVE10','WELCOME'}"
Category 3,2025-09-20,Merchant 2,81.5775,2.415,-13.2475,"{'NONE','SAVE10','WELCOME'}"
Category 3,2025-09-20,Merchant 20,45.655,1.8475,-26.4275,"{'NONE','WELCOME'}"
Category 3,2025-09-20,Merchant 3,11.13,1.11,-57.5,{'SAVE10'}
Category 3,2025-09-20,Merchant 4,55.0975,3.23,-14.9125,"{'SAVE10','WELCOME'}"
Category 3,2025-09-20,Merchant 5,21.475,1.8,-50.9,"{'NONE','SAVE10'}"
Category 3,2025-09-20,Merchant 6,54.455,3.255,-40.115,"{'NONE','SAVE10'}"
Category 3,2025-09-20,Merchant 7,74.92,4.493333333333333,56.193333333333335,"{'SAVE10','WELCOME'}"
Category 3,2025-09-20,Merchant 9,37.5575,0.95,-7.1225,"{'NONE','WELCOME'}"
Category 3,2025-09-21,Merchant 10,65.1,4.755,25.575,"{'SAVE10','WELCOME'}"
Category 3,2025-09-21,Merchant 11,40.76,2.0785714285714287,23.335714285714285,"{'NONE','SAVE10','WELCOME'}"
Category 3,2025-09-21,Merchant 12,71.99333333333334,2.2516666666666665,6.665,"{'NONE','WELCOME'}"
Category 3,2025-09-21,Merchant 13,74.61333333333333,2.32,6.83,"{'NONE','SAVE10','WELCOME'}"
Category 3,2025-09-21,Merchant 14,30.96,2.255,-19.055,"{'NONE','SAVE10','WELCOME'}"
Category 3,2025-09-21,Merchant 15,90.12,9.01,-20.93,{'SAVE10'}
Category 3,2025-09-21,Merchant 16,45.803333333333335,0.5466666666666666,-13.758333333333333,"{'NONE','WELCOME'}"
Category 3,2025-09-21,Merchant 17,52.784,3.21,20.66,"{'SAVE10','WELCOME'}"
Category 3,2025-09-21,Merchant 18,72.84,5.195,-5.435,"{'NONE','SAVE10','WELCOME'}"
Category 3,2025-09-21,Merchant 19,57.99333333333333,0.89,-31.246666666666666,"{'NONE','SAVE10'}"
Category 3,2025-09-21,Merchant 2,46.29666666666667,1.915,-21.511666666666667,"{'NONE','SAVE10','WELCOME'}"
Category 3,2025-09-21,Merchant 20,49.89833333333333,3.8766666666666665,-17.051666666666666,"{'SAVE10','WELCOME'}"
Category 3,2025-09-21,Merchant 3,48.35153846153846,2.8346153846153848,-27.04230769230769,"{'NONE','SAVE10','WELCOME'}"
Category 3,2025-09-21,Merchant 4,62.11,1.4057142857142857,-4.26,"{'NONE','WELCOME'}"
Category 3,2025-09-21,Merchant 5,58.583333333333336,2.93,-19.296666666666667,{'WELCOME'}
Category 3,2025-09-21,Merchant 7,55.093333333333334,0,40.86,{'NONE'}
Category 3,2025-09-21,Merchant 8,20.86,0,5.61,{'NONE'}
Category 3,2025-09-21,Merchant 9,25.835,1.775,-32,"{'NONE','SAVE10'}"
Category 3,2025-09-22,Merchant 10,42.38,2.12,5.49,{'WELCOME'}
Category 3,2025-09-22,Merchant 11,58.466,3.936,10.84,"{'SAVE10','WELCOME'}"
Category 3,2025-09-22,Merchant 12,73.088,5.786,35.696,"{'NONE','SAVE10'}"
Category 3,2025-09-22,Merchant 13,35.24,2.756666666666667,-28.993333333333332,"{'SAVE10','WELCOME'}"
Category 3,2025-09-22,Merchant 14,44.374,2.854,-28.618,"{'NONE','SAVE10','WELCOME'}"
Category 3,2025-09-22,Merchant 15,48.71,2.255,-16.735,"{'NONE','WELCOME'}"
Category 3,2025-09-22,Merchant 16,57.07666666666667,2.25,8.92,"{'NONE','SAVE10','WELCOME'}"
Category 3,2025-09-22,Merchant 17,67.99,5.268,21.708,"{'SAVE10','WELCOME'}"
Category 3,2025-09-22,Merchant 18,66.0975,3.34125,-15.155,"{'NONE','SAVE10','WELCOME'}"
Category 3,2025-09-22,Merchant 19,49.19571428571429,2.4714285714285715,-17.912857142857142,"{'NONE','SAVE10','WELCOME'}"
Category 3,2025-09-22,Merchant 2,41.68,2.084,-53.258,{'WELCOME'}
Category 3,2025-09-22,Merchant 20,51.81333333333333,2.5933333333333333,-13.853333333333333,{'WELCOME'}
Category 3,2025-09-22,Merchant 3,47.968333333333334,2.835,1.6233333333333333,"{'NONE','SAVE10','WELCOME'}"
Category 3,2025-09-22,Merchant 4,48.71,1.248,-30.184,"{'NONE','WELCOME'}"
Category 3,2025-09-22,Merchant 5,50.93,0.145,-6.655,"{'NONE','WELCOME'}"
Category 3,2025-09-22,Merchant 6,33.73,1.795,-59.38,"{'NONE','SAVE10','WELCOME'}"
Category 3,2025-09-23,Merchant 10,99.32,0,64.55,{'NONE'}
Category 3,2025-09-23,Merchant 11,96.33,6,69.7425,"{'SAVE10','WELCOME'}"
Category 3,2025-09-23,Merchant 12,53.49666666666667,3.0083333333333333,25.64,"{'SAVE10','WELCOME'}"
Category 3,2025-09-23,Merchant 13,62.61,0.555,-40.135,"{'NONE','WELCOME'}"
Category 3,2025-09-23,Merchant 14,51.951,1.062,-24.044,"{'NONE','WELCOME'}"
Category 3,2025-09-23,Merchant 15,72.67333333333333,1.4566666666666668,29.10333333333333,"{'NONE','WELCOME'}"
Category 3,2025-09-23,Merchant 16,42.864285714285714,2.23,-11.008571428571429,"{'NONE','SAVE10','WELCOME'}"
Category 3,2025-09-23,Merchant 17,46.28,0.8775,-11.225,"{'NONE','SAVE10','WELCOME'}"
Category 3,2025-09-23,Merchant 18,55.6775,1.2525,-24.465,"{'NONE','WELCOME'}"
Category 3,2025-09-23,Merchant 19,49.145,2.1675,-33.2175,"{'NONE','WELCOME'}"
Category 3,2025-09-23,Merchant 2,49.19857142857143,2.747142857142857,-37.924285714285716,"{'NONE','SAVE10','WELCOME'}"
Category 3,2025-09-23,Merchant 20,61.228,2.634,18.438,"{'NONE','SAVE10','WELCOME'}"
Category 3,2025-09-23,Merchant 3,70.98333333333333,2.0566666666666666,-6.546666666666667,"{'NONE','WELCOME'}"
Category 3,2025-09-23,Merchant 4,7.13,0.36,-93.53,{'WELCOME'}
Category 3,2025-09-23,Merchant 5,39.9025,2.4275,-33.1,"{'SAVE10','WELCOME'}"
Category 3,2025-09-23,Merchant 6,43.78666666666667,2.1866666666666665,-49.06333333333333,{'WELCOME'}
Category 3,2025-09-23,Merchant 7,56.6875,1.385,46.44,"{'NONE','WELCOME'}"
Category 3,2025-09-23,Merchant 8,45.62,2.28,28.09,{'WELCOME'}
Category 3,2025-09-23,Merchant 9,18.93,0.95,-62.74,{'WELCOME'}
Category 3,2025-09-24,Merchant 11,45.99333333333333,2.216666666666667,35.516666666666666,"{'NONE','SAVE10'}"
Category 3,2025-09-24,Merchant 12,51.11,2.56,24.675,{'WELCOME'}
Category 3,2025-09-24,Merchant 13,34.205714285714286,1.4085714285714286,-26.625714285714285,"{'NONE','WELCOME'}"
Category 3,2025-09-24,Merchant 14,73.60333333333334,2.9716666666666667,5.283333333333333,"{'NONE','SAVE10','WELCOME'}"
Category 3,2025-09-24,Merchant 15,64.79166666666667,3.4433333333333334,24.058333333333334,"{'NONE','SAVE10','WELCOME'}"
Category 3,2025-09-24,Merchant 16,72.61666666666666,2.4966666666666666,28.85,"{'NONE','WELCOME'}"
Category 3,2025-09-24,Merchant 17,46.71666666666667,3.035,-4.1866666666666665,"{'SAVE10','WELCOME'}"
Category 3,2025-09-24,Merchant 18,52.058,3.818,-26.976,"{'NONE','SAVE10','WELCOME'}"
Category 3,2025-09-24,Merchant 19,54.55222222222222,3.723333333333333,-11.986666666666666,"{'NONE','SAVE10','WELCOME'}"
Category 3,2025-09-24,Merchant 2,60.05833333333333,3.445,-18.036666666666665,"{'NONE','SAVE10','WELCOME'}"
Category 3,2025-09-24,Merchant 20,39.325,1.24,-10.665,"{'NONE','WELCOME'}"
Category 3,2025-09-24,Merchant 3,48.361,2.54,6.721,"{'NONE','SAVE10','WELCOME'}"
Category 3,2025-09-24,Merchant 4,47.77111111111111,1.7533333333333334,-23.462222222222223,"{'NONE','SAVE10','WELCOME'}"
Category 3,2025-09-24,Merchant 5,76.59,1.755,17.395,"{'NONE','WELCOME'}"
Category 3,2025-09-24,Merchant 6,86.0875,7.865,-13.0925,"{'SAVE10','WELCOME'}"
Category 3,2025-09-24,Merchant 7,74.95,2.7266666666666666,60.138333333333335,"{'NONE','SAVE10','WELCOME'}"
Category 3,2025-09-24,Merchant 8,69.13,3.46,50.42,{'WELCOME'}
Category 3,2025-09-24,Merchant 9,74.7175,0.89,30.0975,"{'NONE','WELCOME'}"
Category 3,2025-09-25,Merchant 11,39.282,2.984,5.392,"{'SAVE10','WELCOME'}"
Category 3,2025-09-25,Merchant 12,70.19,4.5325,25.99,"{'SAVE10','WELCOME'}"
Category 3,2025-09-25,Merchant 13,53.626666666666665,2.316666666666667,-32.516666666666666,"{'NONE','SAVE10','WELCOME'}"
Category 3,2025-09-25,Merchant 14,60.35722222222222,3.617777777777778,-10.31,"{'NONE','SAVE10','WELCOME'}"
Category 3,2025-09-25,Merchant 15,61.97,4.41,19.89,"{'SAVE10','WELCOME'}"
Category 3,2025-09-25,Merchant 16,61.765,3.086666666666667,4.303333333333334,"{'NONE','SAVE10','WELCOME'}"
Category 3,2025-09-25,Merchant 17,56.12166666666667,2.985,29.966666666666665,"{'SAVE10','WELCOME'}"
Category 3,2025-09-25,Merchant 18,64.7575,2.725,-12.065,"{'NONE','SAVE10','WELCOME'}"
Category 3,2025-09-25,Merchant 19,60.255,3.848333333333333,-9.241666666666667,"{'NONE','SAVE10','WELCOME'}"
Category 3,2025-09-25,Merchant 2,39.442,2.876,-23.876,"{'SAVE10','WELCOME'}"
Category 3,2025-09-25,Merchant 20,62.1625,3.77,31.1275,"{'NONE','SAVE10','WELCOME'}"
Category 3,2025-09-25,Merchant 3,67.04,3.4745454545454546,9.802727272727273,"{'NONE','SAVE10','WELCOME'}"
Category 3,2025-09-25,Merchant 4,12.07,0.8233333333333334,-66.70666666666666,"{'SAVE10','WELCOME'}"
Category 3,2025-09-25,Merchant 5,64.84,2.8633333333333333,-12.976666666666667,"{'NONE','WELCOME'}"
Category 3,2025-09-25,Merchant 6,85.47,8.545,-16.345,{'SAVE10'}
Category 3,2025-09-25,Merchant 7,28.845,2.435,17.5475,"{'SAVE10','WELCOME'}"
Category 3,2025-09-25,Merchant 8,65.8,3.29,47.26,{'WELCOME'}
Category 3,2025-09-25,Merchant 9,58.198,2.936,4.134,"{'NONE','SAVE10','WELCOME'}"
Category 3,2025-09-26,Merchant 10,79.23,2.94,41.52,"{'NONE','WELCOME'}"
Category 3,2025-09-26,Merchant 11,49.672,2.774,27.834,"{'NONE','SAVE10','WELCOME'}"
Category 3,2025-09-26,Merchant 12,52.96666666666667,3.31,-18.683333333333334,"{'SAVE10','WELCOME'}"
Category 3,2025-09-26,Merchant 13,58.128,3.056,1.74,"{'NONE','SAVE10','WELCOME'}"
Category 3,2025-09-26,Merchant 14,70.09916666666666,2.6658333333333335,11.4275,"{'NONE','SAVE10','WELCOME'}"
Category 3,2025-09-26,Merchant 15,48.1575,1.8325,-24.1,"{'NONE','SAVE10','WELCOME'}"
Category 3,2025-09-26,Merchant 16,35.665,0,-4.1,{'NONE'}
Category 3,2025-09-26,Merchant 17,46.39666666666667,1.0133333333333334,2.5566666666666666,"{'NONE','WELCOME'}"
Category 3,2025-09-26,Merchant 18,43.034285714285716,1.98,-23.314285714285713,"{'NONE','SAVE10','WELCOME'}"
Category 3,2025-09-26,Merchant 19,49.87571428571429,2.7857142857142856,-7.002857142857143,"{'NONE','SAVE10','WELCOME'}"
Category 3,2025-09-26,Merchant 2,66.5125,2.7475,-2.005,"{'NONE','WELCOME'}"
Category 3,2025-09-26,Merchant 3,35.79,2.458,-13.602,"{'SAVE10','WELCOME'}"
Category 3,2025-09-26,Merchant 4,59.498333333333335,2.2066666666666666,-8.72,"{'NONE','WELCOME'}"
Category 3,2025-09-26,Merchant 5,32.22,2.7866666666666666,-45.52,"{'SAVE10','WELCOME'}"
Category 3,2025-09-26,Merchant 6,55.9,4.36,-39.123333333333335,"{'SAVE10','WELCOME'}"
Category 3,2025-09-26,Merchant 7,61.42666666666667,1.8833333333333333,45.31,"{'NONE','SAVE10','WELCOME'}"
Category 3,2025-09-26,Merchant 8,104.22,0,88.97,{'NONE'}
Category 3,2025-09-26,Merchant 9,43.25833333333333,2.5633333333333335,-7.145,"{'NONE','SAVE10','WELCOME'}"
Category 3,2025-09-27,Merchant 11,42.16833333333334,1.6533333333333333,16.685,"{'NONE','SAVE10','WELCOME'}"
Category 3,2025-09-27,Merchant 12,69.83,3.49,29.58,{'WELCOME'}
Category 3,2025-09-27,Merchant 13,47.41166666666667,3.1966666666666668,3.0966666666666667,"{'SAVE10','WELCOME'}"
Category 3,2025-09-27,Merchant 14,49.586,3.08,-35.168,"{'NONE','SAVE10','WELCOME'}"
Category 3,2025-09-27,Merchant 15,40.19,1.27,14.58,"{'NONE','WELCOME'}"
Category 3,2025-09-27,Merchant 16,47.886,3,-8.724,"{'NONE','SAVE10','WELCOME'}"
Category 3,2025-09-27,Merchant 17,57.555,1.95,6.54,"{'NONE','WELCOME'}"
Category 3,2025-09-27,Merchant 18,79.365,3.97,-6.33,{'WELCOME'}
Category 3,2025-09-27,Merchant 19,65.8625,5.3025,8.405,"{'NONE','SAVE10'}"
Category 3,2025-09-27,Merchant 2,71.94428571428571,4.364285714285714,-17.852857142857143,"{'NONE','SAVE10','WELCOME'}"
Category 3,2025-09-27,Merchant 3,47.329,3.415,-2.502,"{'SAVE10','WELCOME'}"
Category 3,2025-09-27,Merchant 4,63.055,6.305,23.49,{'SAVE10'}
Category 3,2025-09-27,Merchant 5,39.60666666666667,1.1733333333333333,-45.276666666666664,"{'NONE','SAVE10','WELCOME'}"
Category 3,2025-09-27,Merchant 6,16.07,0.525,-75.77,"{'NONE','WELCOME'}"
Category 3,2025-09-27,Merchant 7,66.278,1.972,50.932,"{'NONE','WELCOME'}"
Category 3,2025-09-27,Merchant 8,58.06,2.9,39.91,{'WELCOME'}
Category 3,2025-09-27,Merchant 9,76.3925,4.6775,3.325,"{'SAVE10','WELCOME'}"
Category 3,2025-09-28,Merchant 10,43.24,2.16,6.31,{'WELCOME'}
Category 3,2025-09-28,Merchant 11,48.008,2.506,-0.226,"{'NONE','SAVE10','WELCOME'}"
Category 3,2025-09-28,Merchant 12,49.75666666666667,1.755,15.535,"{'NONE','SAVE10','WELCOME'}"
Category 3,2025-09-28,Merchant 13,30.454,1.028,-26.3,"{'NONE','WELCOME'}"
Category 3,2025-09-28,Merchant 14,62.04555555555556,2.8544444444444443,-25.995555555555555,"{'NONE','SAVE10','WELCOME'}"
Category 3,2025-09-28,Merchant 15,60.995,4.3,-19.825,"{'SAVE10','WELCOME'}"
Category 3,2025-09-28,Merchant 16,49.016666666666666,4.086666666666667,-5.62,"{'SAVE10','WELCOME'}"
Category 3,2025-09-28,Merchant 17,53.53857142857143,1.7128571428571429,5.434285714285714,"{'NONE','WELCOME'}"
Category 3,2025-09-28,Merchant 18,47.61,1.2833333333333334,-41.11,"{'NONE','SAVE10','WELCOME'}"
Category 3,2025-09-28,Merchant 19,81.52,5.36,14.065,"{'SAVE10','WELCOME'}"
Category 3,2025-09-28,Merchant 2,77.836,4.894,-8.812,"{'NONE','SAVE10','WELCOME'}"
Category 3,2025-09-28,Merchant 20,63.35333333333333,2.54,55.03333333333333,"{'NONE','SAVE10','WELCOME'}"
Category 3,2025-09-28,Merchant 3,60.456,3.25,-24.756,"{'NONE','SAVE10','WELCOME'}"
Category 3,2025-09-28,Merchant 4,41.751666666666665,2.586666666666667,-22.61,"{'SAVE10','WELCOME'}"
Category 3,2025-09-28,Merchant 5,62.63166666666667,3.6983333333333333,-20.398333333333333,"{'NONE','SAVE10','WELCOME'}"
Category 3,2025-09-28,Merchant 6,45.455,2.18,-48.04,"{'NONE','SAVE10'}"
Category 3,2025-09-28,Merchant 7,41.2275,2.4475,29.9175,"{'NONE','SAVE10'}"
Category 3,2025-09-28,Merchant 9,46.54,2.438,-26.754,"{'NONE','SAVE10','WELCOME'}"
Category 3,2025-09-29,Merchant 10,38.495,1.925,1.8,{'WELCOME'}
Category 3,2025-09-29,Merchant 11,70.32,0.26666666666666666,24.05,"{'NONE','WELCOME'}"
Category 3,2025-09-29,Merchant 12,57.1,3.4366666666666665,23.55,"{'NONE','SAVE10','WELCOME'}"
Category 3,2025-09-29,Merchant 13,34.446,2.892,-46.208,"{'SAVE10','WELCOME'}"
Category 3,2025-09-29,Merchant 14,51.54,1.4866666666666668,-16.985,"{'NONE','SAVE10','WELCOME'}"
Category 3,2025-09-29,Merchant 15,48.975,1.62,-3.645,"{'NONE','WELCOME'}"
Category 3,2025-09-29,Merchant 16,49.16,2.46,-11.5,{'WELCOME'}
Category 3,2025-09-29,Merchant 17,67.1,1.89,34.86,"{'NONE','WELCOME'}"
Category 3,2025-09-29,Merchant 18,34.63166666666667,1.6466666666666667,-52.61333333333334,"{'NONE','SAVE10','WELCOME'}"
Category 3,2025-09-29,Merchant 19,74.306,4.546,16.322,"{'SAVE10','WELCOME'}"
Category 3,2025-09-29,Merchant 2,56.905,2.845,-38.35,{'WELCOME'}
Category 3,2025-09-29,Merchant 20,89.025,2.58,37.695,"{'NONE','WELCOME'}"
Category 3,2025-09-29,Merchant 3,53.48625,2.94,2.525,"{'NONE','SAVE10','WELCOME'}"
Category 3,2025-09-29,Merchant 4,67.43571428571428,3.611428571428571,9.095714285714285,"{'NONE','SAVE10','WELCOME'}"
Category 3,2025-09-29,Merchant 5,100.01,5,11.3,{'WELCOME'}
Category 3,2025-09-29,Merchant 6,89.29,2.47,-2.54,"{'NONE','WELCOME'}"
Category 3,2025-09-29,Merchant 7,68.73,0,50.2,{'NONE'}
Category 3,2025-09-29,Merchant 8,54.46,1.7833333333333332,37.42666666666667,"{'NONE','SAVE10','WELCOME'}"
Category 3,2025-09-29,Merchant 9,50.24666666666667,1.5833333333333333,0.8233333333333334,"{'NONE','WELCOME'}"
Category 3,2025-09-30,Merchant 10,52.705,1.72,16.215,"{'NONE','WELCOME'}"
Category 3,2025-09-30,Merchant 11,33.896,1.172,-13.004,"{'NONE','SAVE10','WELCOME'}"
Category 3,2025-09-30,Merchant 12,54.56666666666667,2.2933333333333334,4.016666666666667,"{'NONE','SAVE10','WELCOME'}"
Category 3,2025-09-30,Merchant 13,75.64,2.61,15.1475,"{'NONE','WELCOME'}"
Category 3,2025-09-30,Merchant 14,41.276,1.923,-42.823,"{'NONE','SAVE10','WELCOME'}"
Category 3,2025-09-30,Merchant 15,40.06666666666667,1.6333333333333333,-11.806666666666667,"{'NONE','WELCOME'}"
Category 3,2025-09-30,Merchant 16,59.51,5.005,-17.61,"{'SAVE10','WELCOME'}"
Category 3,2025-09-30,Merchant 17,92.68,9.27,45.88,{'SAVE10'}
Category 3,2025-09-30,Merchant 18,65.16,4.965,-21.525,"{'NONE','SAVE10'}"
Category 3,2025-09-30,Merchant 19,52.63285714285714,3.517142857142857,-10.65857142857143,"{'NONE','SAVE10','WELCOME'}"
Category 3,2025-09-30,Merchant 2,61.475,2.756666666666667,-15.436666666666667,"{'NONE','SAVE10','WELCOME'}"
Category 3,2025-09-30,Merchant 20,37.02333333333333,2.756666666666667,-0.16,"{'SAVE10','WELCOME'}"
Category 3,2025-09-30,Merchant 3,65.69583333333334,3.21,6.574166666666667,"{'NONE','SAVE10','WELCOME'}"
Category 3,2025-09-30,Merchant 4,25.623333333333335,0.79,-30.773333333333333,"{'NONE','WELCOME'}"
Category 3,2025-09-30,Merchant 5,33.4575,1.9175,-39.035,"{'NONE','SAVE10','WELCOME'}"
Category 3,2025-09-30,Merchant 6,43.8275,3.23,-50.7175,"{'SAVE10','WELCOME'}"
Category 3,2025-09-30,Merchant 7,92.73,9.27,77.82,{'SAVE10'}
Category 3,2025-09-30,Merchant 8,67.51666666666667,3.44,48.82666666666667,"{'NONE','SAVE10'}"
Category 3,2025-09-30,Merchant 9,24.83,2.48,-9.05,{'SAVE10'}
Category 3,2025-10-01,Merchant 10,19.33,1.3333333333333333,-16.773333333333333,"{'SAVE10','WELCOME'}"
Category 3,2025-10-01,Merchant 11,44.332857142857144,3.5342857142857143,5.775714285714286,"{'SAVE10','WELCOME'}"
Category 3,2025-10-01,Merchant 12,61.6,0,50.6,{'NONE'}
Category 3,2025-10-01,Merchant 13,44.51,3.555,-27.71,"{'SAVE10','WELCOME'}"
Category 3,2025-10-01,Merchant 14,64.61545454545454,4.87,-11.362727272727273,"{'NONE','SAVE10','WELCOME'}"
Category 3,2025-10-01,Merchant 15,32.605,1.63,-20.025,{'WELCOME'}
Category 3,2025-10-01,Merchant 16,57.94375,3.22875,16.69,"{'NONE','SAVE10','WELCOME'}"
Category 3,2025-10-01,Merchant 17,21.273333333333333,1.32,-8.003333333333334,"{'SAVE10','WELCOME'}"
Category 3,2025-10-01,Merchant 18,71.43142857142857,4.862857142857143,-16.02857142857143,"{'NONE','SAVE10','WELCOME'}"
Category 3,2025-10-01,Merchant 19,68.5111111111111,3.2822222222222224,1.4877777777777779,"{'NONE','SAVE10','WELCOME'}"
Category 3,2025-10-01,Merchant 2,61.52,4.285,-8.165,"{'SAVE10','WELCOME'}"
Category 3,2025-10-01,Merchant 20,58.875,2.945,50.155,{'WELCOME'}
Category 3,2025-10-01,Merchant 3,54.98909090909091,2.23,4.957272727272727,"{'NONE','WELCOME'}"
Category 3,2025-10-01,Merchant 4,46.96666666666667,3.3333333333333335,-26.613333333333333,"{'NONE','SAVE10','WELCOME'}"
Category 3,2025-10-01,Merchant 5,66.76,6.68,2.645,{'SAVE10'}
Category 3,2025-10-01,Merchant 6,67.145,3.36,-27.53,{'WELCOME'}
Category 3,2025-10-01,Merchant 7,84.2,4.21,74.35,{'WELCOME'}
Category 3,2025-10-02,Merchant 11,73.31666666666666,2.63,45.89333333333333,"{'NONE','WELCOME'}"
Category 3,2025-10-02,Merchant 12,53.26375,4.11875,3.0375,"{'NONE','SAVE10','WELCOME'}"
Category 3,2025-10-02,Merchant 13,80.93,2.275,31.555,"{'NONE','WELCOME'}"
Category 3,2025-10-02,Merchant 14,45.74777777777778,2.6277777777777778,-29.015555555555554,"{'NONE','SAVE10','WELCOME'}"
Category 3,2025-10-02,Merchant 15,44.835,2.045,-20.4,"{'NONE','WELCOME'}"
Category 3,2025-10-02,Merchant 16,72.13333333333334,3.6766666666666667,28.69333333333333,"{'NONE','SAVE10','WELCOME'}"
Category 3,2025-10-02,Merchant 17,70.94714285714285,2.7985714285714285,19.487142857142857,"{'NONE','SAVE10','WELCOME'}"
Category 3,2025-10-02,Merchant 18,76.96833333333333,1.4683333333333333,-12.563333333333333,"{'NONE','WELCOME'}"
Category 3,2025-10-02,Merchant 19,39.4625,1.63875,-34.21625,"{'NONE','SAVE10','WELCOME'}"
Category 3,2025-10-02,Merchant 2,26.483333333333334,2.106666666666667,-67.29333333333334,"{'NONE','SAVE10','WELCOME'}"
Category 3,2025-10-02,Merchant 20,72.89,3.64,63.47,{'WELCOME'}
Category 3,2025-10-02,Merchant 3,72.4,3.62,43.28,{'WELCOME'}
Category 3,2025-10-02,Merchant 4,59.556,2.976,-11.82,{'WELCOME'}
Category 3,2025-10-02,Merchant 5,76,0.6466666666666666,0.4,"{'NONE','WELCOME'}"
Category 3,2025-10-02,Merchant 6,28.7,0,-64.57,{'NONE'}
Category 3,2025-10-02,Merchant 7,44.31666666666667,3.25,26.833333333333332,"{'SAVE10','WELCOME'}"
Category 3,2025-10-02,Merchant 9,59.535,3.47,0.005,"{'NONE','SAVE10','WELCOME'}"
Category 3,2025-10-03,Merchant 10,100.295,2.45,63.075,"{'NONE','WELCOME'}"
Category 3,2025-10-03,Merchant 11,56.99777777777778,2.86,15.696666666666667,"{'NONE','SAVE10','WELCOME'}"
Category 3,2025-10-03,Merchant 12,52.724,2.85,23.418,"{'NONE','SAVE10','WELCOME'}"
Category 3,2025-10-03,Merchant 13,53.28666666666667,3.106666666666667,11.053333333333333,"{'NONE','SAVE10'}"
Category 3,2025-10-03,Merchant 14,48.365,2.216666666666667,-22.313333333333333,"{'NONE','SAVE10','WELCOME'}"
Category 3,2025-10-03,Merchant 15,51.85777777777778,2.4833333333333334,-18.63888888888889,"{'NONE','SAVE10','WELCOME'}"
Category 3,2025-10-03,Merchant 16,46.1725,2.4125,20.1725,"{'NONE','SAVE10','WELCOME'}"
Category 3,2025-10-03,Merchant 17,52.70666666666666,0,-15.073333333333334,{'NONE'}
Category 3,2025-10-03,Merchant 18,49.67,3.265,-41.71,"{'NONE','SAVE10','WELCOME'}"
Category 3,2025-10-03,Merchant 19,36.1325,2.1525,-20.85,"{'NONE','SAVE10','WELCOME'}"
Category 3,2025-10-03,Merchant 2,65.604,4.126,-19.98,"{'SAVE10','WELCOME'}"
Category 3,2025-10-03,Merchant 20,32.95,2.15,-32.27,"{'SAVE10','WELCOME'}"
Category 3,2025-10-03,Merchant 3,59.724444444444444,3.0744444444444445,-15.55,"{'NONE','SAVE10','WELCOME'}"
Category 3,2025-10-03,Merchant 4,32.51,1.1033333333333333,-46.54666666666667,"{'NONE','SAVE10','WELCOME'}"
Category 3,2025-10-03,Merchant 5,60.8625,1.575,1.8475,"{'NONE','WELCOME'}"
Category 3,2025-10-03,Merchant 6,68.116,5.008,-30.162,"{'SAVE10','WELCOME'}"
Category 3,2025-10-03,Merchant 7,71.095,2.7875,59.445,"{'NONE','WELCOME'}"
Category 3,2025-10-03,Merchant 9,49.6,4.96,13.24,{'SAVE10'}
Category 3,2025-10-04,Merchant 10,91.31,9.13,47.41,{'SAVE10'}
Category 3,2025-10-04,Merchant 11,71.64375,3.5425,40.1725,"{'NONE','SAVE10','WELCOME'}"
Category 3,2025-10-04,Merchant 12,68,3.4,40.72,{'WELCOME'}
Category 3,2025-10-04,Merchant 13,46.23,1.4975,-13.15,"{'NONE','WELCOME'}"
Category 3,2025-10-04,Merchant 14,31.613333333333333,0.2,-59.08,"{'NONE','WELCOME'}"
Category 3,2025-10-04,Merchant 15,57.523,2.212,-16.105,"{'NONE','SAVE10','WELCOME'}"
Category 3,2025-10-04,Merchant 16,47.04,3.8,12.732,"{'SAVE10','WELCOME'}"
Category 3,2025-10-04,Merchant 17,11.535,0.76,-57.005,"{'NONE','SAVE10'}"
Category 3,2025-10-04,Merchant 18,46.05166666666667,2.795,-33.435,"{'NONE','SAVE10','WELCOME'}"
Category 3,2025-10-04,Merchant 19,82.685,4.3325,16.255,"{'NONE','SAVE10','WELCOME'}"
Category 3,2025-10-04,Merchant 2,55.575,0,-9.825,{'NONE'}
Category 3,2025-10-04,Merchant 20,51.542,0.774,-6.576,"{'NONE','WELCOME'}"
Category 3,2025-10-04,Merchant 3,62.682,2.832,-2.824,"{'NONE','WELCOME'}"
Category 3,2025-10-04,Merchant 4,31.625,2.9875,-54.32625,"{'NONE','SAVE10','WELCOME'}"
Category 3,2025-10-04,Merchant 5,61.205,5.0275,-27.5325,"{'SAVE10','WELCOME'}"
Category 3,2025-10-04,Merchant 6,61.92,6.195,-35.59,{'SAVE10'}
Category 3,2025-10-04,Merchant 7,52.0825,5.21,28.345,{'SAVE10'}
Category 3,2025-10-04,Merchant 9,32.2125,1.6125,-25.46,"{'NONE','SAVE10','WELCOME'}"
Category 3,2025-10-05,Merchant 10,24.5,2.45,-12.72,{'SAVE10'}
Category 3,2025-10-05,Merchant 11,78.95,6.51,44.475,"{'SAVE10','WELCOME'}"
Category 3,2025-10-05,Merchant 12,14.12,0.71,-54.93,{'WELCOME'}
Category 3,2025-10-05,Merchant 13,52.91,5.295,-21.045,{'SAVE10'}
Category 3,2025-10-05,Merchant 14,52.8,2.68875,-28.85125,"{'NONE','SAVE10','WELCOME'}"
Category 3,2025-10-05,Merchant 15,34.67666666666667,1.62,-60.85666666666667,"{'NONE','WELCOME'}"
Category 3,2025-10-05,Merchant 16,57.34,3.155,21.38,"{'SAVE10','WELCOME'}"
Category 3,2025-10-05,Merchant 17,74.99,3.75,3.46,{'WELCOME'}
Category 3,2025-10-05,Merchant 18,74.93666666666667,3.77,-22.66,"{'NONE','SAVE10','WELCOME'}"
Category 3,2025-10-05,Merchant 19,70.768,1.778,7.882,"{'NONE','WELCOME'}"
Category 3,2025-10-05,Merchant 2,46.395,0.495,-19.5,"{'NONE','SAVE10'}"
Category 3,2025-10-05,Merchant 20,67.74,5.675,13.315,"{'SAVE10','WELCOME'}"
Category 3,2025-10-05,Merchant 3,45.88363636363636,1.6190909090909091,10.286363636363637,"{'NONE','SAVE10','WELCOME'}"
Category 3,2025-10-05,Merchant 4,75.36,3.65,-0.2725,"{'NONE','SAVE10','WELCOME'}"
Category 3,2025-10-05,Merchant 5,36.291666666666664,1.4,-31.305,"{'NONE','WELCOME'}"
Category 3,2025-10-05,Merchant 6,68.62428571428572,2.2157142857142857,-26.302857142857142,"{'NONE','WELCOME'}"
Category 3,2025-10-05,Merchant 7,72.20333333333333,2.8833333333333333,55.086666666666666,"{'NONE','SAVE10','WELCOME'}"
Category 3,2025-10-05,Merchant 9,60.43,3.02,-23.31,{'WELCOME'}
Category 3,2025-10-06,Merchant 11,49.545,1.745,22.3825,"{'NONE','SAVE10','WELCOME'}"
Category 3,2025-10-06,Merchant 12,63.961666666666666,3.1983333333333333,36.885,{'WELCOME'}
Category 3,2025-10-06,Merchant 13,30.39,1.4375,-45.6925,"{'NONE','WELCOME'}"
Category 3,2025-10-06,Merchant 14,39.68375,2.3225,-40.36,"{'NONE','SAVE10','WELCOME'}"
Category 3,2025-10-06,Merchant 15,77.385,3.87,-4.145,{'WELCOME'}
Category 3,2025-10-06,Merchant 16,95.885,2.53,85.945,"{'NONE','WELCOME'}"
Category 3,2025-10-06,Merchant 17,15.74,1.015,-53.055,"{'SAVE10','WELCOME'}"
Category 3,2025-10-06,Merchant 18,53.901666666666664,2.606666666666667,-28.59,"{'NONE','SAVE10','WELCOME'}"
Category 3,2025-10-06,Merchant 19,60.43875,4.255,-3.44,"{'NONE','SAVE10','WELCOME'}"
Category 3,2025-10-06,Merchant 2,62.488,3.672,-22.642,"{'NONE','SAVE10','WELCOME'}"
Category 3,2025-10-06,Merchant 3,62.14125,2.81375,-25.62375,"{'NONE','SAVE10','WELCOME'}"
Category 3,2025-10-06,Merchant 4,58.6825,1.9525,-26.81,"{'NONE','SAVE10'}"
Category 3,2025-10-06,Merchant 5,94.39,4.72,32.23,{'WELCOME'}
Category 3,2025-10-06,Merchant 6,77.6,0,-15.67,{'NONE'}
Category 3,2025-10-06,Merchant 7,43.795,1.91,29.8,"{'NONE','WELCOME'}"
Category 3,2025-10-06,Merchant 8,52.36666666666667,2.15,34.96666666666667,"{'NONE','WELCOME'}"
Category 3,2025-10-06,Merchant 9,60.3,3.0166666666666666,9.443333333333333,{'WELCOME'}
Category 3,2025-10-07,Merchant 11,55.03333333333333,3.8216666666666668,28.165,"{'SAVE10','WELCOME'}"
Category 3,2025-10-07,Merchant 12,66.82,2.1375,12.1325,"{'NONE','SAVE10'}"
Category 3,2025-10-07,Merchant 13,64.81333333333333,4.46,-19.486666666666668,"{'SAVE10','WELCOME'}"
Category 3,2025-10-07,Merchant 14,58.21142857142857,2.402857142857143,-18.001428571428573,"{'NONE','SAVE10','WELCOME'}"
Category 3,2025-10-07,Merchant 15,62.9925,3.15,-23.9125,{'WELCOME'}
Category 3,2025-10-07,Merchant 16,64.73,1.335,-1.765,"{'NONE','SAVE10'}"
Category 3,2025-10-07,Merchant 17,47.32,1.2833333333333334,3.21,"{'NONE','WELCOME'}"
Category 3,2025-10-07,Merchant 18,50.14,4.16,-33.132,"{'SAVE10','WELCOME'}"
Category 3,2025-10-07,Merchant 19,57.57125,4.13,-6.1525,"{'NONE','SAVE10','WELCOME'}"
Category 3,2025-10-07,Merchant 2,53.805,1.845,-31.94,"{'NONE','SAVE10','WELCOME'}"
Category 3,2025-10-07,Merchant 20,49.43,4.265,-46.555,"{'SAVE10','WELCOME'}"
Category 3,2025-10-07,Merchant 3,54.285714285714285,2.0021428571428572,8.057857142857143,"{'NONE','SAVE10','WELCOME'}"
Category 3,2025-10-07,Merchant 4,66.045,2.885,-6.32,"{'NONE','SAVE10','WELCOME'}"
Category 3,2025-10-07,Merchant 5,24.14666666666667,0.9133333333333333,-42.96333333333333,"{'NONE','WELCOME'}"
Category 3,2025-10-07,Merchant 6,22.32,0,-67.04,{'NONE'}
Category 3,2025-10-07,Merchant 7,54.69166666666667,3.385,39.221666666666664,"{'NONE','SAVE10','WELCOME'}"
Category 3,2025-10-07,Merchant 8,5.6,0.28,-9.93,{'WELCOME'}
Category 3,2025-10-07,Merchant 9,50.7,4.282,-34.302,"{'SAVE10','WELCOME'}"
Category 3,2025-10-08,Merchant 11,46.74285714285714,1.772857142857143,17.775714285714287,"{'NONE','SAVE10','WELCOME'}"
Category 3,2025-10-08,Merchant 12,50.2275,2.1375,3.435,"{'NONE','WELCOME'}"
Category 3,2025-10-08,Merchant 13,82.3,4.115,43.045,{'WELCOME'}
Category 3,2025-10-08,Merchant 14,55.373333333333335,3.6533333333333333,-6.226666666666667,"{'SAVE10','WELCOME'}"
Category 3,2025-10-08,Merchant 15,55.615,3.0975,-17.9075,"{'NONE','SAVE10'}"
Category 3,2025-10-08,Merchant 16,58.72,2.9375,19.5,{'WELCOME'}
Category 3,2025-10-08,Merchant 17,81.03333333333333,4.053333333333334,34.153333333333336,{'WELCOME'}
Category 3,2025-10-08,Merchant 18,40.9,2.515,-35.635,"{'SAVE10','WELCOME'}"
Category 3,2025-10-08,Merchant 19,78.615,2.805,5.2025,"{'NONE','WELCOME'}"
Category 3,2025-10-08,Merchant 2,33.73,0.9566666666666667,-23.87,"{'NONE','SAVE10'}"
Category 3,2025-10-08,Merchant 20,10.94,0,5.16,{'NONE'}
Category 3,2025-10-08,Merchant 3,47.71333333333333,0.7466666666666667,2.5233333333333334,"{'NONE','SAVE10','WELCOME'}"
Category 3,2025-10-08,Merchant 4,42.16,4.22,-62.36,{'SAVE10'}
Category 3,2025-10-08,Merchant 5,54.42,2.72,-32.01,{'WELCOME'}
Category 3,2025-10-08,Merchant 6,39.81333333333333,2.783333333333333,-56.24,"{'NONE','SAVE10'}"
Category 3,2025-10-08,Merchant 7,80.92333333333333,2.4766666666666666,64.21333333333334,"{'NONE','SAVE10'}"
Category 3,2025-10-08,Merchant 9,83.55,4.18,47.97,{'WELCOME'}
Category 3,2025-10-09,Merchant 11,76.9325,2.8625,28.83,"{'NONE','WELCOME'}"
Category 3,2025-10-09,Merchant 12,55.705,2.225,9.516666666666667,"{'NONE','SAVE10','WELCOME'}"
Category 3,2025-10-09,Merchant 13,59.261,2.258,-14.054,"{'NONE','SAVE10','WELCOME'}"
Category 3,2025-10-09,Merchant 14,61.74,4.27,-1.3925,"{'SAVE10','WELCOME'}"
Category 3,2025-10-09,Merchant 15,42.55,2.125,-49.425,{'WELCOME'}
Category 3,2025-10-09,Merchant 16,102.42,0,44.22,{'NONE'}
Category 3,2025-10-09,Merchant 17,55.27,1.79,23.13,"{'NONE','SAVE10'}"
Category 3,2025-10-09,Merchant 18,44.983333333333334,1.3316666666666668,-35.45333333333333,"{'NONE','SAVE10','WELCOME'}"
Category 3,2025-10-09,Merchant 19,73.515,3.15,16.4225,"{'NONE','SAVE10','WELCOME'}"
Category 3,2025-10-09,Merchant 20,81.87,4.09,-13.94,{'WELCOME'}
Category 3,2025-10-09,Merchant 3,63.18666666666667,0.97,18.706666666666667,"{'NONE','SAVE10','WELCOME'}"
Category 3,2025-10-09,Merchant 4,45.302,1.564,-11.254,"{'NONE','WELCOME'}"
Category 3,2025-10-09,Merchant 5,80.48666666666666,2.6266666666666665,2.9066666666666667,"{'NONE','WELCOME'}"
Category 3,2025-10-09,Merchant 6,29.57,1.48,-61.27,{'WELCOME'}
Category 3,2025-10-09,Merchant 7,42.268,1.274,25.042,"{'NONE','SAVE10','WELCOME'}"
Category 3,2025-10-09,Merchant 8,18.29,1.83,1.21,{'SAVE10'}
Category 3,2025-10-09,Merchant 9,74.03,6.16,-12.85,"{'SAVE10','WELCOME'}"
Category 3,2025-10-10,Merchant 11,18.84,0.94,-39.67,{'WELCOME'}
Category 3,2025-10-10,Merchant 12,67.67,4.166,19.266,"{'SAVE10','WELCOME'}"
Category 3,2025-10-10,Merchant 13,67.42666666666666,2.05,15.075,"{'NONE','SAVE10','WELCOME'}"
Category 3,2025-10-10,Merchant 14,88.936,4.234,25.314,"{'NONE','SAVE10','WELCOME'}"
Category 3,2025-10-10,Merchant 15,51.126,1.342,-31.84,"{'NONE','SAVE10','WELCOME'}"
Category 3,2025-10-10,Merchant 16,7.17,0,-64.95,{'NONE'}
Category 3,2025-10-10,Merchant 17,13.79,0,-9.38,{'NONE'}
Category 3,2025-10-10,Merchant 18,73.04,4.836666666666667,-25.623333333333335,"{'SAVE10','WELCOME'}"
Category 3,2025-10-10,Merchant 19,59.28333333333333,3.8766666666666665,-2.421666666666667,"{'NONE','SAVE10','WELCOME'}"
Category 3,2025-10-10,Merchant 2,47.635,2.3825,-33.6525,{'WELCOME'}
Category 3,2025-10-10,Merchant 20,67.76,0.8766666666666667,61.10333333333333,"{'NONE','WELCOME'}"
Category 3,2025-10-10,Merchant 3,60.78875,0.1725,15.7275,"{'NONE','SAVE10'}"
Category 3,2025-10-10,Merchant 4,68.9925,4.185,-23.935,"{'SAVE10','WELCOME'}"
Category 3,2025-10-10,Merchant 6,53.67,3.935,-39.625,"{'SAVE10','WELCOME'}"
Category 3,2025-10-10,Merchant 7,71.076,2.68,62.756,"{'NONE','WELCOME'}"
Category 3,2025-10-10,Merchant 9,74.0725,2.1275,15.885,"{'NONE','SAVE10','WELCOME'}"
Category 3,2025-10-11,Merchant 10,40.1,3.54,1.79,"{'SAVE10','WELCOME'}"
Category 3,2025-10-11,Merchant 11,49.495,2.19125,21.755,"{'NONE','SAVE10','WELCOME'}"
Category 3,2025-10-11,Merchant 12,47.88,2.395,5.815,{'WELCOME'}
Category 3,2025-10-11,Merchant 13,29.3275,2.095,-58.195,"{'SAVE10','WELCOME'}"
Category 3,2025-10-11,Merchant 14,50.458888888888886,2.8855555555555554,-11.625555555555556,"{'NONE','SAVE10','WELCOME'}"
Category 3,2025-10-11,Merchant 15,43.03,1.475,-21.635,"{'NONE','WELCOME'}"
Category 3,2025-10-11,Merchant 16,67.27428571428571,2.0828571428571427,12.258571428571429,"{'NONE','SAVE10','WELCOME'}"
Category 3,2025-10-11,Merchant 17,64.0975,3.665,7.7775,"{'SAVE10','WELCOME'}"
Category 3,2025-10-11,Merchant 18,40.083333333333336,2.296666666666667,-33.09,"{'SAVE10','WELCOME'}"
Category 3,2025-10-11,Merchant 19,58.5525,2.81125,-7.605,"{'NONE','SAVE10','WELCOME'}"
Category 3,2025-10-11,Merchant 2,60.69,3.188,-24.252,"{'NONE','SAVE10','WELCOME'}"
Category 3,2025-10-11,Merchant 20,35.89,0.24666666666666667,-27.43,"{'NONE','WELCOME'}"
Category 3,2025-10-11,Merchant 3,47.80909090909091,2.3045454545454547,-16.977272727272727,"{'NONE','SAVE10','WELCOME'}"
Category 3,2025-10-11,Merchant 4,25.966666666666665,0.5133333333333333,-74.84666666666666,"{'NONE','WELCOME'}"
Category 3,2025-10-11,Merchant 5,76.29,3.345,8.9375,"{'NONE','WELCOME'}"
Category 3,2025-10-11,Merchant 6,78.43,3.92,-14.85,{'WELCOME'}
Category 3,2025-10-11,Merchant 7,63.32666666666667,2.525,44.42,"{'NONE','SAVE10','WELCOME'}"
Category 3,2025-10-11,Merchant 8,104.5,0,89.25,{'NONE'}
Category 3,2025-10-11,Merchant 9,30.17,1.06,-35.17,"{'NONE','WELCOME'}"
Category 3,2025-10-12,Merchant 10,63.553333333333335,2.92,25.863333333333333,"{'NONE','SAVE10','WELCOME'}"
Category 3,2025-10-12,Merchant 11,41.9025,1.8375,10.9,"{'NONE','SAVE10','WELCOME'}"
Category 3,2025-10-12,Merchant 12,86.3,4.315,42.315,{'WELCOME'}
Category 3,2025-10-12,Merchant 13,54.0325,0.115,-17.7375,"{'NONE','WELCOME'}"
Category 3,2025-10-12,Merchant 14,47.54666666666667,1.7283333333333333,-28.555,"{'NONE','SAVE10','WELCOME'}"
Category 3,2025-10-12,Merchant 15,33.86125,1.575,-15.09625,"{'NONE','SAVE10','WELCOME'}"
Category 3,2025-10-12,Merchant 16,55.12875,3.09625,5.91875,"{'NONE','SAVE10','WELCOME'}"
Category 3,2025-10-12,Merchant 17,51.4,2.122,-3.53,"{'NONE','WELCOME'}"
Category 3,2025-10-12,Merchant 18,70.884,4.466,-13.446,"{'SAVE10','WELCOME'}"
Category 3,2025-10-12,Merchant 19,46.08,2.304,-17.332,{'WELCOME'}
Category 3,2025-10-12,Merchant 2,65.75166666666667,4.675,-13.573333333333334,"{'NONE','SAVE10','WELCOME'}"
Category 3,2025-10-12,Merchant 20,63.916,4.406,36.544,"{'SAVE10','WELCOME'}"
Category 3,2025-10-12,Merchant 3,44.96125,2.9225,-10.45625,"{'SAVE10','WELCOME'}"
Category 3,2025-10-12,Merchant 4,40.4125,1.8475,-44.975,"{'NONE','WELCOME'}"
Category 3,2025-10-12,Merchant 5,64.64333333333333,1.9433333333333334,-12.253333333333334,"{'NONE','WELCOME'}"
Category 3,2025-10-12,Merchant 6,27.015,1.35,-65.65,{'WELCOME'}
Category 3,2025-10-12,Merchant 7,45.405,2.27,31.05,{'WELCOME'}
Category 3,2025-10-12,Merchant 8,51.715,2.585,33.88,{'WELCOME'}
Category 3,2025-10-12,Merchant 9,83.56333333333333,1.0333333333333334,34.69,"{'NONE','WELCOME'}"
Category 3,2025-10-13,Merchant 11,90.425,1.98,60.48,"{'NONE','WELCOME'}"
Category 3,2025-10-13,Merchant 12,61.166,4.054,23.176,"{'SAVE10','WELCOME'}"
Category 3,2025-10-13,Merchant 13,58.2825,3.3075,-33.4425,"{'SAVE10','WELCOME'}"
Category 3,2025-10-13,Merchant 14,47.16,3.638888888888889,-9.705555555555556,"{'SAVE10','WELCOME'}"
Category 3,2025-10-13,Merchant 15,67.71,4.51,-26.65,"{'SAVE10','WELCOME'}"
Category 3,2025-10-13,Merchant 16,57.56,1.5233333333333332,-16.083333333333332,"{'NONE','WELCOME'}"
Category 3,2025-10-13,Merchant 17,67.39333333333333,2.0233333333333334,-2.41,"{'NONE','SAVE10','WELCOME'}"
Category 3,2025-10-13,Merchant 18,58.62166666666667,2.22,-14.475,"{'NONE','WELCOME'}"
Category 3,2025-10-13,Merchant 19,35.59,1.78,-32.79333333333334,{'WELCOME'}
Category 3,2025-10-13,Merchant 2,60.46,2.0533333333333332,-16.736666666666668,"{'NONE','WELCOME'}"
Category 3,2025-10-13,Merchant 20,33.99666666666667,1.6133333333333333,-59.336666666666666,"{'NONE','SAVE10','WELCOME'}"
Category 3,2025-10-13,Merchant 3,44.19,1.6242857142857143,-24.90142857142857,"{'NONE','SAVE10','WELCOME'}"
Category 3,2025-10-13,Merchant 4,11.795,0.465,-55.45,"{'NONE','WELCOME'}"
Category 3,2025-10-13,Merchant 5,45.205,2.26,-14.495,{'WELCOME'}
Category 3,2025-10-13,Merchant 7,22.676666666666666,1.9266666666666667,15.11,"{'NONE','SAVE10'}"
Category 3,2025-10-13,Merchant 8,57.15,5.72,36.19,{'SAVE10'}
Category 3,2025-10-13,Merchant 9,74.6625,3.79,14.8125,"{'NONE','SAVE10','WELCOME'}"
Category 3,2025-10-14,Merchant 10,95.35,4.77,55.81,{'WELCOME'}
Category 3,2025-10-14,Merchant 11,49.902,2.754,14.204,"{'NONE','SAVE10','WELCOME'}"
Category 3,2025-10-14,Merchant 12,56.104285714285716,3.4314285714285715,21.61,"{'NONE','SAVE10'}"
Category 3,2025-10-14,Merchant 13,53.74333333333333,2.42,-10.153333333333332,"{'NONE','WELCOME'}"
Category 3,2025-10-14,Merchant 14,59.04416666666667,3.5033333333333334,-3.683333333333333,"{'NONE','SAVE10','WELCOME'}"
Category 3,2025-10-14,Merchant 15,10.66,0.53,-67.53,{'WELCOME'}
Category 3,2025-10-14,Merchant 16,21.89,1.095,-12.01,{'WELCOME'}
Category 3,2025-10-14,Merchant 17,37.09,0.41,6.33,"{'NONE','SAVE10'}"
Category 3,2025-10-14,Merchant 18,47.67,3.462857142857143,-36.18857142857143,"{'NONE','SAVE10','WELCOME'}"
Category 3,2025-10-14,Merchant 19,38.89,1.945,-35.45,{'WELCOME'}
Category 3,2025-10-14,Merchant 2,50.48,5.046666666666667,-29.71,{'SAVE10'}
Category 3,2025-10-14,Merchant 20,90.81,0,85.03,{'NONE'}
Category 3,2025-10-14,Merchant 3,56.90692307692308,2.3546153846153848,-11.152307692307692,"{'NONE','SAVE10','WELCOME'}"
Category 3,2025-10-14,Merchant 4,61.0975,3.7775,8.4525,"{'NONE','SAVE10'}"
Category 3,2025-10-14,Merchant 5,27.4175,1.4475,-51.1725,"{'NONE','SAVE10','WELCOME'}"
Category 3,2025-10-14,Merchant 6,62.38333333333333,2.106666666666667,-32.99333333333333,"{'NONE','SAVE10','WELCOME'}"
Category 3,2025-10-14,Merchant 8,72.01,0,56.76,{'NONE'}
Category 3,2025-10-14,Merchant 9,54.39333333333333,2.48,-12.366666666666667,"{'NONE','SAVE10'}"
Category 3,2025-10-15,Merchant 10,73.33,3.67,34.89,{'WELCOME'}
Category 3,2025-10-15,Merchant 11,45.63666666666666,3.5566666666666666,24.816666666666666,"{'SAVE10','WELCOME'}"
Category 3,2025-10-15,Merchant 12,37.67875,1.81625,-17.415,"{'NONE','SAVE10','WELCOME'}"
Category 3,2025-10-15,Merchant 14,45.63333333333333,1.1233333333333333,-33.04333333333334,"{'NONE','WELCOME'}"
Category 3,2025-10-15,Merchant 15,65.404,4.108,-20.328,"{'SAVE10','WELCOME'}"
Category 3,2025-10-15,Merchant 16,45.25333333333333,1.5383333333333333,2.445,"{'NONE','SAVE10','WELCOME'}"
Category 3,2025-10-15,Merchant 17,65.8025,4.565,8.5825,"{'SAVE10','WELCOME'}"
Category 3,2025-10-15,Merchant 18,64.56666666666666,4.348333333333334,-16.37,"{'SAVE10','WELCOME'}"
Category 3,2025-10-15,Merchant 19,54.665,1.3475,-25.09,"{'NONE','WELCOME'}"
Category 3,2025-10-15,Merchant 2,67.35,3.6566666666666667,7.05,"{'NONE','SAVE10','WELCOME'}"
Category 3,2025-10-15,Merchant 20,61.1075,3.055,-12.1825,{'WELCOME'}
Category 3,2025-10-15,Merchant 3,35.224444444444444,1.3933333333333333,-18.322222222222223,"{'NONE','SAVE10','WELCOME'}"
Category 3,2025-10-15,Merchant 4,17.4,1.175,-17.035,"{'SAVE10','WELCOME'}"
Category 3,2025-10-15,Merchant 5,64.4675,4.4725,-10.58,"{'SAVE10','WELCOME'}"
Category 3,2025-10-15,Merchant 6,46.5,4.65,-47.51,{'SAVE10'}
Category 3,2025-10-15,Merchant 7,53.4275,2.6725,38.67,{'WELCOME'}
Category 3,2025-10-15,Merchant 9,88.6,4.43,3.45,{'WELCOME'}
Category 3,2025-10-16,Merchant 10,61.86,4.5675,22.5225,"{'NONE','SAVE10','WELCOME'}"
Category 3,2025-10-16,Merchant 11,56.167,1.194,32.439,"{'NONE','WELCOME'}"
Category 3,2025-10-16,Merchant 12,38.68857142857143,2.3728571428571428,8.934285714285714,"{'NONE','SAVE10','WELCOME'}"
Category 3,2025-10-16,Merchant 13,68.306,4.992,-1.038,"{'SAVE10','WELCOME'}"
Category 3,2025-10-16,Merchant 14,55.40857142857143,2.8214285714285716,-28.90142857142857,"{'NONE','SAVE10','WELCOME'}"
Category 3,2025-10-16,Merchant 15,67.5225,4.5525,-32.975,"{'SAVE10','WELCOME'}"
Category 3,2025-10-16,Merchant 16,63.242,2.81,6.822,"{'NONE','SAVE10'}"
Category 3,2025-10-16,Merchant 17,49.085,0,18.735,{'NONE'}
Category 3,2025-10-16,Merchant 18,41.35666666666667,1.95,-36.50333333333333,"{'NONE','WELCOME'}"
Category 3,2025-10-16,Merchant 19,44.295,2.6666666666666665,-36.085,"{'NONE','SAVE10','WELCOME'}"
Category 3,2025-10-16,Merchant 2,59.2,3.868,-26.718,"{'SAVE10','WELCOME'}"
Category 3,2025-10-16,Merchant 20,91.555,5.3425,80.4325,"{'NONE','SAVE10','WELCOME'}"
Category 3,2025-10-16,Merchant 3,58.0125,1.64375,16.09875,"{'NONE','SAVE10','WELCOME'}"
Category 3,2025-10-16,Merchant 4,75.56,4.53,-0.9525,"{'SAVE10','WELCOME'}"
Category 3,2025-10-16,Merchant 5,79.515,0,22.075,{'NONE'}
Category 3,2025-10-16,Merchant 6,34.6225,1.425,-58.1175,"{'NONE','SAVE10','WELCOME'}"
Category 3,2025-10-16,Merchant 7,34.74,0.81,15.4,"{'NONE','WELCOME'}"
Category 3,2025-10-16,Merchant 8,63.48,3.175,45.055,{'WELCOME'}
Category 3,2025-10-16,Merchant 9,54.75,4.98,18.37,"{'SAVE10','WELCOME'}"
Category 3,2025-10-17,Merchant 10,63.303333333333335,5.986666666666666,22.546666666666667,"{'NONE','SAVE10'}"
Category 3,2025-10-17,Merchant 11,68.56375,2.1025,39.12125,"{'NONE','WELCOME'}"
Category 3,2025-10-17,Merchant 12,63.19,2.31,8.33,"{'NONE','WELCOME'}"
Category 3,2025-10-17,Merchant 13,51.928333333333335,3.3533333333333335,-42.44,"{'SAVE10','WELCOME'}"
Category 3,2025-10-17,Merchant 14,61.32111111111111,2.2488888888888887,-10.85,"{'NONE','WELCOME'}"
Category 3,2025-10-17,Merchant 15,50.88,2.4485714285714284,-6.377142857142857,"{'NONE','SAVE10','WELCOME'}"
Category 3,2025-10-17,Merchant 16,55.665,2.785,45.47,{'WELCOME'}
Category 3,2025-10-17,Merchant 17,43.02285714285714,1.9285714285714286,-5.295714285714285,"{'NONE','WELCOME'}"
Category 3,2025-10-17,Merchant 18,49.975,2.71875,-34.9,"{'NONE','SAVE10','WELCOME'}"
Category 3,2025-10-17,Merchant 19,80.845,0,27.98,{'NONE'}
Category 3,2025-10-17,Merchant 2,37.62,1.34,-56.574,"{'NONE','SAVE10','WELCOME'}"
Category 3,2025-10-17,Merchant 20,72.19571428571429,2.9214285714285713,26.662857142857142,"{'NONE','SAVE10','WELCOME'}"
Category 3,2025-10-17,Merchant 3,75.59,0,40.21666666666667,{'NONE'}
Category 3,2025-10-17,Merchant 4,29.51,1.48,-72.27,{'WELCOME'}
Category 3,2025-10-17,Merchant 6,52.3625,1.6025,-40.555,"{'NONE','WELCOME'}"
Category 3,2025-10-17,Merchant 8,84.73,3.67,65.81,"{'NONE','SAVE10'}"
Category 3,2025-10-17,Merchant 9,12.413333333333334,0.49666666666666665,-35.92333333333333,"{'NONE','SAVE10','WELCOME'}"
Category 3,2025-10-18,Merchant 10,29.53,1.48,-6.72,{'WELCOME'}
Category 3,2025-10-18,Merchant 11,31.636,1.328,9.206,"{'NONE','SAVE10','WELCOME'}"
Category 3,2025-10-18,Merchant 12,63.936,3.198,10.182,"{'NONE','SAVE10','WELCOME'}"
Category 3,2025-10-18,Merchant 13,47.1225,1.4375,-25.97,"{'NONE','SAVE10','WELCOME'}"
Category 3,2025-10-18,Merchant 14,60.385555555555555,3.7777777777777777,-24.614444444444445,"{'NONE','SAVE10','WELCOME'}"
Category 3,2025-10-18,Merchant 15,63.09,3.15,35.6,{'WELCOME'}
Category 3,2025-10-18,Merchant 16,43.776666666666664,3.52,15.916666666666666,"{'SAVE10','WELCOME'}"
Category 3,2025-10-18,Merchant 17,57.765,1.78,32.815,"{'NONE','WELCOME'}"
Category 3,2025-10-18,Merchant 18,84.215,6.015,13.92,"{'SAVE10','WELCOME'}"
Category 3,2025-10-18,Merchant 19,71.275,3.195,2.4316666666666666,"{'NONE','SAVE10','WELCOME'}"
Category 3,2025-10-18,Merchant 2,45.193333333333335,2.663333333333333,-49.14,"{'SAVE10','WELCOME'}"
Category 3,2025-10-18,Merchant 20,54.032,2.7,11.176,{'WELCOME'}
Category 3,2025-10-18,Merchant 3,43.5575,2.54,12.78375,"{'NONE','SAVE10','WELCOME'}"
Category 3,2025-10-18,Merchant 4,50.236666666666665,0.2966666666666667,-1.43,"{'NONE','WELCOME'}"
Category 3,2025-10-18,Merchant 5,40,4,-47.71,{'SAVE10'}
Category 3,2025-10-18,Merchant 6,40.21,1.9325,-53.0375,"{'NONE','SAVE10','WELCOME'}"
Category 3,2025-10-18,Merchant 7,59.75,2.99,38.23,{'WELCOME'}
Category 3,2025-10-18,Merchant 8,75.07,3.75,56.07,{'WELCOME'}
Category 3,2025-10-18,Merchant 9,67.205,6.7225,29.085,{'SAVE10'}
Category 3,2025-10-19,Merchant 10,5.46,0.27,-29.58,{'WELCOME'}
Category 3,2025-10-19,Merchant 11,51.105,2.2775,25.82625,"{'NONE','SAVE10','WELCOME'}"
Category 3,2025-10-19,Merchant 12,62.931666666666665,3.8733333333333335,15.095,"{'NONE','SAVE10','WELCOME'}"
Category 3,2025-10-19,Merchant 13,50.1575,4.0825,4.955,"{'SAVE10','WELCOME'}"
Category 3,2025-10-19,Merchant 14,60.905,2.888,-20.838,"{'NONE','SAVE10','WELCOME'}"
Category 3,2025-10-19,Merchant 15,65.08666666666667,3.2533333333333334,-6.18,{'WELCOME'}
Category 3,2025-10-19,Merchant 16,47.115,3.985,3.37,"{'SAVE10','WELCOME'}"
Category 3,2025-10-19,Merchant 17,34.08,1.56,-8.98,"{'NONE','SAVE10','WELCOME'}"
Category 3,2025-10-19,Merchant 18,16.015,0.8,-58.96,{'WELCOME'}
Category 3,2025-10-19,Merchant 19,66.25,2.575,6.525,"{'NONE','SAVE10','WELCOME'}"
Category 3,2025-10-19,Merchant 2,57.07,1.82,-24.395,"{'NONE','WELCOME'}"
Category 3,2025-10-19,Merchant 20,39.2,1.96,-54.48,{'WELCOME'}
Category 3,2025-10-19,Merchant 3,45.346666666666664,2.2155555555555555,-2.951111111111111,"{'NONE','SAVE10','WELCOME'}"
Category 3,2025-10-19,Merchant 4,84.84,1.995,-17.455,"{'NONE','WELCOME'}"
Category 3,2025-10-19,Merchant 5,61.446666666666665,0.6433333333333333,-14.15,"{'NONE','WELCOME'}"
Category 3,2025-10-19,Merchant 6,64.01833333333333,3.5316666666666667,-32.13166666666667,"{'NONE','SAVE10','WELCOME'}"
Category 3,2025-10-19,Merchant 7,61.53,1.9733333333333334,45.32333333333333,"{'NONE','WELCOME'}"
Category 3,2025-10-19,Merchant 8,34.275,2.645,16.38,"{'SAVE10','WELCOME'}"
Category 3,2025-10-19,Merchant 9,62.12,0.51,30.21,"{'NONE','WELCOME'}"
Category 3,2025-10-20,Merchant 11,74.265,1.56,32.485,"{'NONE','WELCOME'}"
Category 3,2025-10-20,Merchant 12,16.465,1.65,-24.85,{'SAVE10'}
Category 3,2025-10-20,Merchant 13,35.655,1.265,-0.75,"{'NONE','WELCOME'}"
Category 3,2025-10-20,Merchant 14,79.944,3.368,-6.1,"{'NONE','SAVE10','WELCOME'}"
Category 3,2025-10-20,Merchant 15,76.84166666666667,4.67,-8.791666666666666,"{'NONE','SAVE10','WELCOME'}"
Category 3,2025-10-20,Merchant 16,85.73,2.4875,34.26,"{'NONE','WELCOME'}"
Category 3,2025-10-20,Merchant 17,42.545,1.28,-4.21,"{'NONE','WELCOME'}"
Category 3,2025-10-20,Merchant 18,27.71,1.175,-47.64,"{'NONE','SAVE10'}"
Category 3,2025-10-20,Merchant 19,49.516666666666666,2.8183333333333334,-13.276666666666667,"{'NONE','SAVE10','WELCOME'}"
Category 3,2025-10-20,Merchant 2,47.242,2.364,-47.384,{'WELCOME'}
Category 3,2025-10-20,Merchant 20,99.81,4.99,3.1,{'WELCOME'}
Category 3,2025-10-20,Merchant 3,46.95444444444444,2.4844444444444442,-49.236666666666665,"{'SAVE10','WELCOME'}"
Category 3,2025-10-20,Merchant 4,25.32,1.895,-76.875,"{'SAVE10','WELCOME'}"
Category 3,2025-10-20,Merchant 5,53.26,3.9566666666666666,-25.65,"{'NONE','SAVE10','WELCOME'}"
Category 3,2025-10-20,Merchant 6,99.17,4.96,0.94,{'WELCOME'}
Category 3,2025-10-20,Merchant 7,69.75333333333333,5.483333333333333,50.03666666666667,"{'SAVE10','WELCOME'}"
Category 3,2025-10-20,Merchant 8,102.49,5.12,82.12,{'WELCOME'}
Category 3,2025-10-20,Merchant 9,43.68,2.183333333333333,-39.223333333333336,{'WELCOME'}
Category 3,2025-10-21,Merchant 10,38.465,1.215,2.48,"{'NONE','SAVE10'}"
Category 3,2025-10-21,Merchant 11,53.75666666666667,1.9783333333333333,12.295,"{'NONE','SAVE10','WELCOME'}"
Category 3,2025-10-21,Merchant 12,42.8475,1.1675,3.465,"{'NONE','SAVE10'}"
Category 3,2025-10-21,Merchant 13,48.14,2.405,4.615,{'WELCOME'}
Category 3,2025-10-21,Merchant 14,49.71125,1.94375,-7.43625,"{'NONE','SAVE10','WELCOME'}"
Category 3,2025-10-21,Merchant 15,63.4525,2.4625,23.32,"{'NONE','WELCOME'}"
Category 3,2025-10-21,Merchant 16,42.7075,3.215,-12.97,"{'SAVE10','WELCOME'}"
Category 3,2025-10-21,Merchant 17,64.885,1.53,17.88,"{'NONE','WELCOME'}"
Category 3,2025-10-21,Merchant 18,65.556,2.268,-18.782,"{'NONE','SAVE10','WELCOME'}"
Category 3,2025-10-21,Merchant 19,61.398,3.256,-9.49,"{'NONE','SAVE10','WELCOME'}"
Category 3,2025-10-21,Merchant 2,27.85,0,-65.3,{'NONE'}
Category 3,2025-10-21,Merchant 20,67.936,3.5,7.092,"{'NONE','SAVE10','WELCOME'}"
Category 3,2025-10-21,Merchant 3,64.71384615384615,2.6992307692307693,11.767692307692307,"{'NONE','SAVE10','WELCOME'}"
Category 3,2025-10-21,Merchant 4,51.165,4.315,-13.575,"{'SAVE10','WELCOME'}"
Category 3,2025-10-21,Merchant 5,50.525,4.3725,-17.855,"{'SAVE10','WELCOME'}"
Category 3,2025-10-21,Merchant 8,61.67,2.72,43.7,"{'NONE','SAVE10'}"
Category 3,2025-10-22,Merchant 11,51.774,3.988,6.96,"{'SAVE10','WELCOME'}"
Category 3,2025-10-22,Merchant 12,60.3375,4.95,30.0525,"{'SAVE10','WELCOME'}"
Category 3,2025-10-22,Merchant 13,47.236666666666665,3.473333333333333,-21.696666666666665,"{'SAVE10','WELCOME'}"
Category 3,2025-10-22,Merchant 14,50.416363636363634,1.9845454545454544,-30.583636363636362,"{'NONE','SAVE10','WELCOME'}"
Category 3,2025-10-22,Merchant 15,68.165,3.9725,-6.2325,"{'NONE','SAVE10','WELCOME'}"
Category 3,2025-10-22,Merchant 16,30.92,1.8525,-26.875,"{'SAVE10','WELCOME'}"
Category 3,2025-10-22,Merchant 17,60.185,3.87,25.9675,"{'NONE','SAVE10','WELCOME'}"
Category 3,2025-10-22,Merchant 18,55.675714285714285,1.752857142857143,-20.90714285714286,"{'NONE','WELCOME'}"
Category 3,2025-10-22,Merchant 19,80.97,4.34,4.59,"{'NONE','SAVE10'}"
Category 3,2025-10-22,Merchant 2,77.22,0,38.09,{'NONE'}
Category 3,2025-10-22,Merchant 20,82.6375,5.06,28.8275,"{'SAVE10','WELCOME'}"
Category 3,2025-10-22,Merchant 3,56.8,3.1827272727272726,17.836363636363636,"{'NONE','SAVE10','WELCOME'}"
Category 3,2025-10-22,Merchant 5,60.31857142857143,4.505714285714285,-9.132857142857143,"{'NONE','SAVE10','WELCOME'}"
Category 3,2025-10-22,Merchant 6,34.9675,0.6925,-57.04,"{'NONE','WELCOME'}"
Category 3,2025-10-22,Merchant 7,82.05,3.94,72.47,"{'NONE','SAVE10','WELCOME'}"
Category 3,2025-10-22,Merchant 9,62.45,3.12,27.93,{'WELCOME'}
Category 3,2025-10-23,Merchant 10,53.68,5.37,13.54,{'SAVE10'}
Category 3,2025-10-23,Merchant 11,76.04,5.45,37.6025,"{'SAVE10','WELCOME'}"
Category 3,2025-10-23,Merchant 12,42.22571428571428,1.0371428571428571,26.50857142857143,"{'NONE','SAVE10','WELCOME'}"
Category 3,2025-10-23,Merchant 13,58.75666666666667,3.606666666666667,12.036666666666667,"{'SAVE10','WELCOME'}"
Category 3,2025-10-23,Merchant 14,60.074,3.987,-18.186,"{'NONE','SAVE10','WELCOME'}"
Category 3,2025-10-23,Merchant 15,33.111666666666665,3.0033333333333334,-54.91833333333334,"{'SAVE10','WELCOME'}"
Category 3,2025-10-23,Merchant 16,36.2625,2.8625,-31.76,"{'NONE','SAVE10','WELCOME'}"
Category 3,2025-10-23,Merchant 17,64.02333333333333,2.3722222222222222,30.333333333333332,"{'NONE','SAVE10','WELCOME'}"
Category 3,2025-10-23,Merchant 18,55.17666666666667,2.76,-12.07,{'WELCOME'}
Category 3,2025-10-23,Merchant 19,18.645,1.185,-31.12,"{'SAVE10','WELCOME'}"
Category 3,2025-10-23,Merchant 2,44.6725,1.09,-22.1875,"{'NONE','WELCOME'}"
Category 3,2025-10-23,Merchant 20,15.38,0,9.6,{'NONE'}
Category 3,2025-10-23,Merchant 3,49.47083333333333,3.4225,-8.288333333333334,"{'NONE','SAVE10','WELCOME'}"
Category 3,2025-10-23,Merchant 4,51.35666666666667,4.1866666666666665,-30.783333333333335,"{'SAVE10','WELCOME'}"
Category 3,2025-10-23,Merchant 5,55.01,1.555,-23.6875,"{'NONE','WELCOME'}"
Category 3,2025-10-23,Merchant 6,17.66,0.47,-73.47333333333333,"{'NONE','SAVE10'}"
Category 3,2025-10-23,Merchant 7,75.93666666666667,3.1266666666666665,62.873333333333335,"{'NONE','SAVE10'}"
Category 3,2025-10-23,Merchant 8,75.23,2.625,57.36,"{'NONE','SAVE10'}"
Category 3,2025-10-23,Merchant 9,82.25,1.635,24.555,"{'NONE','WELCOME'}"
Category 3,2025-10-24,Merchant 10,91.69,4.58,52.34,{'WELCOME'}
Category 3,2025-10-24,Merchant 11,75.68666666666667,6.32,56.236666666666665,"{'SAVE10','WELCOME'}"
Category 3,2025-10-24,Merchant 12,47.736666666666665,3.2183333333333333,5.818333333333333,"{'SAVE10','WELCOME'}"
Category 3,2025-10-24,Merchant 13,32.14833333333333,0.515,-27.85,"{'NONE','WELCOME'}"
Category 3,2025-10-24,Merchant 14,77.32166666666667,3.6683333333333334,26.088333333333335,"{'NONE','SAVE10','WELCOME'}"
Category 3,2025-10-24,Merchant 15,66.44666666666667,0.82,-10.513333333333334,"{'NONE','WELCOME'}"
Category 3,2025-10-24,Merchant 16,72.76,3.2725,36.6825,"{'NONE','SAVE10','WELCOME'}"
Category 3,2025-10-24,Merchant 17,58.992,2.236,9.998,"{'NONE','SAVE10','WELCOME'}"
Category 3,2025-10-24,Merchant 18,68.908,2.614,-15.776,"{'NONE','WELCOME'}"
Category 3,2025-10-24,Merchant 19,59.791666666666664,3.8183333333333334,-2.091666666666667,"{'SAVE10','WELCOME'}"
Category 3,2025-10-24,Merchant 2,51.37,3.7825,-31.3175,"{'SAVE10','WELCOME'}"
Category 3,2025-10-24,Merchant 20,76.94,3.85,67.31,{'WELCOME'}
Category 3,2025-10-24,Merchant 3,55.058181818181815,2.9918181818181817,-6.1909090909090905,"{'NONE','SAVE10','WELCOME'}"
Category 3,2025-10-24,Merchant 4,103.87,5.19,-1.62,{'WELCOME'}
Category 3,2025-10-24,Merchant 5,45.8075,0.725,-25.4925,"{'NONE','SAVE10','WELCOME'}"
Category 3,2025-10-24,Merchant 6,72.49,3.62,-20.49,{'WELCOME'}
Category 3,2025-10-24,Merchant 7,96.1,0,90.46,{'NONE'}
Category 3,2025-10-24,Merchant 8,59.48,3.81,40.42,"{'SAVE10','WELCOME'}"
Category 3,2025-10-25,Merchant 11,52.81,4.078333333333333,19.901666666666667,"{'SAVE10','WELCOME'}"
Category 3,2025-10-25,Merchant 12,73.69666666666667,3.3216666666666668,27.381666666666668,"{'NONE','SAVE10','WELCOME'}"
Category 3,2025-10-25,Merchant 13,45.6025,2.2125,-14.4925,"{'NONE','WELCOME'}"
Category 3,2025-10-25,Merchant 14,47.41125,2.75125,-36.095,"{'NONE','SAVE10','WELCOME'}"
Category 3,2025-10-25,Merchant 15,57.7775,1.6425,-0.9575,"{'NONE','WELCOME'}"
Category 3,2025-10-25,Merchant 16,59.526666666666664,2.98,-15.573333333333334,{'WELCOME'}
Category 3,2025-10-25,Merchant 17,75.455,3.775,26.205,{'WELCOME'}
Category 3,2025-10-25,Merchant 18,52.14555555555555,3.2355555555555555,-35.102222222222224,"{'NONE','SAVE10','WELCOME'}"
Category 3,2025-10-25,Merchant 19,58.71333333333333,0.72,-6.226666666666667,"{'NONE','WELCOME'}"
Category 3,2025-10-25,Merchant 2,63.41,1.98,-31.35,"{'NONE','WELCOME'}"
Category 3,2025-10-25,Merchant 20,47.013333333333335,0.6233333333333333,-16.683333333333334,"{'NONE','WELCOME'}"
Category 3,2025-10-25,Merchant 3,58.57625,3.715,10.05125,"{'NONE','SAVE10','WELCOME'}"
Category 3,2025-10-25,Merchant 4,72.174,3.61,21.896,{'WELCOME'}
Category 3,2025-10-25,Merchant 5,76.3025,2.355,-3.195,"{'NONE','SAVE10','WELCOME'}"
Category 3,2025-10-25,Merchant 6,57.7,0,-35.57,{'NONE'}
Category 3,2025-10-25,Merchant 7,66.51,1.8,49.4025,"{'NONE','SAVE10'}"
Category 3,2025-10-25,Merchant 8,38.06333333333333,2.55,20.263333333333332,"{'SAVE10','WELCOME'}"
Category 3,2025-10-25,Merchant 9,59.92,1.8075,-10.2775,"{'NONE','WELCOME'}"
Category 3,2025-10-26,Merchant 11,43.156,2.63,4.66,"{'SAVE10','WELCOME'}"
Category 3,2025-10-26,Merchant 12,52.075,2.6025,-3.0775,{'WELCOME'}
Category 3,2025-10-26,Merchant 13,22.29,1.4266666666666667,-62.96333333333333,"{'SAVE10','WELCOME'}"
Category 3,2025-10-26,Merchant 14,61.0775,4.5625,-10.8025,"{'SAVE10','WELCOME'}"
Category 3,2025-10-26,Merchant 15,31.10333333333333,1.0633333333333332,-12.073333333333334,"{'NONE','WELCOME'}"
Category 3,2025-10-26,Merchant 16,63.38,4.8966666666666665,12.573333333333334,"{'SAVE10','WELCOME'}"
Category 3,2025-10-26,Merchant 17,50.492,3.466,-8.654,"{'NONE','SAVE10','WELCOME'}"
Category 3,2025-10-26,Merchant 18,73.06666666666666,4.863333333333333,-9.166666666666666,"{'SAVE10','WELCOME'}"
Category 3,2025-10-26,Merchant 19,63.332,0.782,-3.652,"{'NONE','WELCOME'}"
Category 3,2025-10-26,Merchant 2,38.67,1.935,-55.675,{'WELCOME'}
Category 3,2025-10-26,Merchant 20,73.85666666666667,5.678333333333334,19.428333333333335,"{'SAVE10','WELCOME'}"
Category 3,2025-10-26,Merchant 3,49.456,2.9,-41.696,"{'NONE','SAVE10','WELCOME'}"
Category 3,2025-10-26,Merchant 4,46.93666666666667,0,-15.606666666666667,{'NONE'}
Category 3,2025-10-26,Merchant 5,41.38,2.07,-35.64333333333333,{'WELCOME'}
Category 3,2025-10-26,Merchant 7,77.085,2.6075,62.3925,"{'NONE','WELCOME'}"
Category 3,2025-10-26,Merchant 9,99.28,9.93,57.95,{'SAVE10'}
Category 3,2025-10-27,Merchant 10,65.58,3.28,27.53,{'WELCOME'}
Category 3,2025-10-27,Merchant 11,42.98833333333334,0.9883333333333333,22.301666666666666,"{'NONE','SAVE10','WELCOME'}"
Category 3,2025-10-27,Merchant 12,41.04666666666667,2.0533333333333332,2.2333333333333334,{'WELCOME'}
Category 3,2025-10-27,Merchant 13,66.018,4.024,8.66,"{'NONE','SAVE10','WELCOME'}"
Category 3,2025-10-27,Merchant 14,41.05111111111111,2.5833333333333335,-26.703333333333333,"{'NONE','SAVE10','WELCOME'}"
Category 3,2025-10-27,Merchant 15,53.435,3.01,-8.701666666666666,"{'NONE','SAVE10','WELCOME'}"
Category 3,2025-10-27,Merchant 16,44.18,1.3666666666666667,1.5433333333333332,"{'NONE','WELCOME'}"
Category 3,2025-10-27,Merchant 17,70.18333333333334,3.68,23.676666666666666,"{'NONE','SAVE10','WELCOME'}"
Category 3,2025-10-27,Merchant 18,36.2,2.25,-43.88375,"{'SAVE10','WELCOME'}"
Category 3,2025-10-27,Merchant 19,61.95,5.445,-15.535,"{'SAVE10','WELCOME'}"
Category 3,2025-10-27,Merchant 2,55.608333333333334,2.7416666666666667,-39.79,"{'NONE','SAVE10','WELCOME'}"
Category 3,2025-10-27,Merchant 20,23.51,1.18,16.55,{'WELCOME'}
Category 3,2025-10-27,Merchant 3,53.43857142857143,3.72,-7.34,"{'SAVE10','WELCOME'}"
Category 3,2025-10-27,Merchant 4,32.81,3.28,-37.25,{'SAVE10'}
Category 3,2025-10-27,Merchant 5,77.555,3.88,-10.035,{'WELCOME'}
Category 3,2025-10-27,Merchant 6,33.675,0,-55.685,{'NONE'}
Category 3,2025-10-27,Merchant 7,55.24,0,36.71,{'NONE'}
Category 3,2025-10-27,Merchant 8,57.56,2.88,39.43,{'WELCOME'}
Category 3,2025-10-27,Merchant 9,41.485,0.935,-15.51,"{'NONE','SAVE10'}"
Category 3,2025-10-28,Merchant 10,73.685,5.265,33.65,"{'SAVE10','WELCOME'}"
Category 3,2025-10-28,Merchant 11,85.19,3.163333333333333,44.193333333333335,"{'NONE','WELCOME'}"
Category 3,2025-10-28,Merchant 12,58.212857142857146,3.0314285714285716,4.055714285714286,"{'NONE','SAVE10','WELCOME'}"
Category 3,2025-10-28,Merchant 13,46.32,2.205,-27.54,"{'NONE','SAVE10','WELCOME'}"
Category 3,2025-10-28,Merchant 14,60.763333333333335,2.1466666666666665,-31.876666666666665,"{'NONE','SAVE10','WELCOME'}"
Category 3,2025-10-28,Merchant 15,72.65,5.405,42.905,"{'SAVE10','WELCOME'}"
Category 3,2025-10-28,Merchant 16,42.502857142857145,3.067142857142857,8.271428571428572,"{'NONE','SAVE10','WELCOME'}"
Category 3,2025-10-28,Merchant 17,47.9725,1.38,5.09,"{'NONE','WELCOME'}"
Category 3,2025-10-28,Merchant 18,33.18333333333333,0.7883333333333333,-41.10166666666667,"{'NONE','WELCOME'}"
Category 3,2025-10-28,Merchant 19,74.745,1.35,0.645,"{'NONE','WELCOME'}"
Category 3,2025-10-28,Merchant 2,67.45666666666666,3.9683333333333333,-20.165,"{'NONE','SAVE10','WELCOME'}"
Category 3,2025-10-28,Merchant 20,66.28666666666666,6.346666666666667,-3.1333333333333333,"{'NONE','SAVE10'}"
Category 3,2025-10-28,Merchant 3,58.57,3.184,-1.883,"{'NONE','SAVE10','WELCOME'}"
Category 3,2025-10-28,Merchant 5,72.655,3.635,-1.555,{'WELCOME'}
Category 3,2025-10-28,Merchant 6,61.2025,3.1175,-33.23,"{'NONE','SAVE10','WELCOME'}"
Category 3,2025-10-28,Merchant 7,60.07,4.945,43.04,"{'SAVE10','WELCOME'}"
Category 3,2025-10-28,Merchant 8,92.32,0,77.07,{'NONE'}
Category 3,2025-10-28,Merchant 9,68.70333333333333,2.59,26.493333333333332,"{'NONE','SAVE10','WELCOME'}"
Category 3,2025-10-29,Merchant 10,53.36333333333334,4.2,14.396666666666667,"{'SAVE10','WELCOME'}"
Category 3,2025-10-29,Merchant 11,39.835,0.6225,6.94625,"{'NONE','WELCOME'}"
Category 3,2025-10-29,Merchant 12,54.67,1.675,13.325,"{'NONE','WELCOME'}"
Category 3,2025-10-29,Merchant 13,42.28,2.11,5.03,{'WELCOME'}
Category 3,2025-10-29,Merchant 14,43.906666666666666,2.6155555555555554,-24.82888888888889,"{'NONE','SAVE10','WELCOME'}"
Category 3,2025-10-29,Merchant 15,64.32,3.22,36.76,{'WELCOME'}
Category 3,2025-10-29,Merchant 16,21.885,0.465,-18.345,"{'NONE','WELCOME'}"
Category 3,2025-10-29,Merchant 17,39.89666666666667,3.0366666666666666,-10.753333333333334,"{'SAVE10','WELCOME'}"
Category 3,2025-10-29,Merchant 18,61.378,3.344,-17.244,"{'NONE','SAVE10','WELCOME'}"
Category 3,2025-10-29,Merchant 19,54.34,2.04,-4.14,"{'NONE','SAVE10'}"
Category 3,2025-10-29,Merchant 2,43.078,2.128,-19.788,"{'NONE','SAVE10','WELCOME'}"
Category 3,2025-10-29,Merchant 20,69.464,4.082,-26.338,"{'NONE','SAVE10','WELCOME'}"
Category 3,2025-10-29,Merchant 3,75.72333333333333,6.01,21.295,"{'SAVE10','WELCOME'}"
Category 3,2025-10-29,Merchant 4,76.016,2.978,4.64,"{'NONE','WELCOME'}"
Category 3,2025-10-29,Merchant 7,92.26,0,86.62,{'NONE'}
Category 3,2025-10-29,Merchant 8,63.87,3.19,45.43,{'WELCOME'}
Category 3,2025-10-29,Merchant 9,70.4975,1.0425,25.725,"{'NONE','WELCOME'}"
Category 3,2025-10-30,Merchant 10,100.49,0,65.72,{'NONE'}
Category 3,2025-10-30,Merchant 11,64.25125,1.75125,30.78625,"{'NONE','SAVE10','WELCOME'}"
Category 3,2025-10-30,Merchant 12,52.84875,2.155,14.97125,"{'NONE','SAVE10','WELCOME'}"
Category 3,2025-10-30,Merchant 13,60.465,5.178333333333334,-8.183333333333334,"{'SAVE10','WELCOME'}"
Category 3,2025-10-30,Merchant 14,34.76571428571429,1.9328571428571428,-37.537142857142854,"{'NONE','SAVE10','WELCOME'}"
Category 3,2025-10-30,Merchant 15,47.57,3.415,-57.885,"{'SAVE10','WELCOME'}"
Category 3,2025-10-30,Merchant 16,52.65,3.4275,12.9375,"{'SAVE10','WELCOME'}"
Category 3,2025-10-30,Merchant 17,49.55375,2.36375,-7.45125,"{'NONE','SAVE10','WELCOME'}"
Category 3,2025-10-30,Merchant 18,53.88818181818182,2.4763636363636365,-33.52909090909091,"{'NONE','SAVE10','WELCOME'}"
Category 3,2025-10-30,Merchant 19,46.78,2.34,-12.71,{'WELCOME'}
Category 3,2025-10-30,Merchant 2,37.4,0.2866666666666667,-37.53666666666667,"{'NONE','WELCOME'}"
Category 3,2025-10-30,Merchant 20,66.49,0,-25.23,{'NONE'}
Category 3,2025-10-30,Merchant 3,49.12285714285714,1.7414285714285713,0.44142857142857145,"{'NONE','WELCOME'}"
Category 3,2025-10-30,Merchant 6,54.895,2.92,-38.3625,"{'NONE','SAVE10','WELCOME'}"
Category 3,2025-10-30,Merchant 7,16.17,0,-2.36,{'NONE'}
Category 3,2025-10-30,Merchant 8,87.95,4.4,68.3,{'WELCOME'}
Category 3,2025-10-30,Merchant 9,82.34333333333333,0,18.063333333333333,{'NONE'}
Category 3,2025-10-31,Merchant 10,16.863333333333333,1.4566666666666668,-19.363333333333333,"{'SAVE10','WELCOME'}"
Category 3,2025-10-31,Merchant 11,63.23285714285714,2.447142857142857,32.175714285714285,"{'NONE','SAVE10','WELCOME'}"
Category 3,2025-10-31,Merchant 13,67.66,0.6225,-4.6175,"{'NONE','WELCOME'}"
Category 3,2025-10-31,Merchant 14,44.1125,2.2975,-31.05375,"{'NONE','SAVE10','WELCOME'}"
Category 3,2025-10-31,Merchant 15,46.082,1.694,-21.696,"{'NONE','SAVE10','WELCOME'}"
Category 3,2025-10-31,Merchant 16,55.625,3.2425,12.6175,"{'NONE','SAVE10'}"
Category 3,2025-10-31,Merchant 17,80.55,0,43.02,{'NONE'}
Category 3,2025-10-31,Merchant 18,72.92666666666666,5.846666666666667,-0.6533333333333333,"{'SAVE10','WELCOME'}"
Category 3,2025-10-31,Merchant 19,72.04666666666667,3.99,2.408333333333333,"{'SAVE10','WELCOME'}"
Category 3,2025-10-31,Merchant 2,59.195,1.6766666666666667,-8.128333333333334,"{'NONE','WELCOME'}"
Category 3,2025-10-31,Merchant 20,26.77,1.335,19.655,{'WELCOME'}
Category 3,2025-10-31,Merchant 3,54.85846153846154,3.35,-6.326153846153846,"{'NONE','SAVE10','WELCOME'}"
Category 3,2025-10-31,Merchant 4,33.586666666666666,2.433333333333333,-53.736666666666665,"{'SAVE10','WELCOME'}"
Category 3,2025-10-31,Merchant 5,50.41,5.04,-38.34,{'SAVE10'}
Category 3,2025-10-31,Merchant 6,48.60166666666667,2.955,-46.971666666666664,"{'NONE','SAVE10','WELCOME'}"
Category 3,2025-10-31,Merchant 7,72.88,2.6466666666666665,64.59333333333333,"{'NONE','WELCOME'}"
Category 3,2025-10-31,Merchant 9,52.955,0.87,-28.635,"{'NONE','WELCOME'}"
Category 3,2025-11-01,Merchant 10,37.45,1.875,0.805,{'WELCOME'}
Category 3,2025-11-01,Merchant 11,53.122,1.57,15.657,"{'NONE','SAVE10','WELCOME'}"
Category 3,2025-11-01,Merchant 12,51.65875,2.54125,23.78375,"{'NONE','SAVE10','WELCOME'}"
Category 3,2025-11-01,Merchant 13,45.225,1.695,-58.66,"{'NONE','WELCOME'}"
Category 3,2025-11-01,Merchant 14,53.025555555555556,3.236666666666667,-26.616666666666667,"{'NONE','SAVE10','WELCOME'}"
Category 3,2025-11-01,Merchant 15,25.455,1.585,-78.17,"{'SAVE10','WELCOME'}"
Category 3,2025-11-01,Merchant 16,90.5325,3.4075,63.5375,"{'NONE','SAVE10','WELCOME'}"
Category 3,2025-11-01,Merchant 17,33.086666666666666,0.17333333333333334,-19.996666666666666,"{'NONE','WELCOME'}"
Category 3,2025-11-01,Merchant 18,63.855,3.465,-17.405,"{'NONE','SAVE10'}"
Category 3,2025-11-01,Merchant 19,44.87,2.99,-12.617142857142857,"{'SAVE10','WELCOME'}"
Category 3,2025-11-01,Merchant 2,48.92,2.4433333333333334,-10.66,{'WELCOME'}
Category 3,2025-11-01,Merchant 20,58.763333333333335,1.8666666666666667,-6.176666666666667,"{'NONE','WELCOME'}"
Category 3,2025-11-01,Merchant 3,61.066,3.054,-14.426,{'WELCOME'}
Category 3,2025-11-01,Merchant 4,74.365,4.595,4.1425,"{'SAVE10','WELCOME'}"
Category 3,2025-11-01,Merchant 6,46.128,3.522,-49.1,"{'SAVE10','WELCOME'}"
Category 3,2025-11-01,Merchant 7,36.13333333333333,2.5566666666666666,23.64,"{'NONE','SAVE10','WELCOME'}"
Category 3,2025-11-01,Merchant 9,76.485,2.23,18.195,"{'NONE','WELCOME'}"
Category 3,2025-11-02,Merchant 10,50.876,2.51,13.596,"{'NONE','SAVE10','WELCOME'}"
Category 3,2025-11-02,Merchant 11,43.15111111111111,1.4944444444444445,10.957777777777778,"{'NONE','SAVE10','WELCOME'}"
Category 3,2025-11-02,Merchant 12,46.112,2.062,10.116,"{'NONE','SAVE10','WELCOME'}"
Category 3,2025-11-02,Merchant 13,68.61,5.0633333333333335,-16.293333333333333,"{'SAVE10','WELCOME'}"
Category 3,2025-11-02,Merchant 14,52.177142857142854,2.682857142857143,-24.372857142857143,"{'NONE','SAVE10','WELCOME'}"
Category 3,2025-11-02,Merchant 15,57.17,3.8133333333333335,11.243333333333334,"{'SAVE10','WELCOME'}"
Category 3,2025-11-02,Merchant 16,26.23,1.31,-4.06,{'WELCOME'}
Category 3,2025-11-02,Merchant 17,17.745,0,-12.605,{'NONE'}
Category 3,2025-11-02,Merchant 18,38.04,1.5142857142857142,-41.13142857142857,"{'NONE','SAVE10','WELCOME'}"
Category 3,2025-11-02,Merchant 19,38.707142857142856,2.9985714285714287,-39.067142857142855,"{'NONE','SAVE10','WELCOME'}"
Category 3,2025-11-02,Merchant 2,27.09,2.71,-67.29,{'SAVE10'}
Category 3,2025-11-02,Merchant 20,55.465,0.435,-36.69,"{'NONE','WELCOME'}"
Category 3,2025-11-02,Merchant 3,64.32777777777778,3.14,-1.6922222222222223,"{'NONE','SAVE10','WELCOME'}"
Category 3,2025-11-02,Merchant 4,43.15,3.045,-48.6375,"{'SAVE10','WELCOME'}"
Category 3,2025-11-02,Merchant 6,16.25,0.155,-77.175,"{'NONE','WELCOME'}"
Category 3,2025-11-02,Merchant 7,24.585,0.56,18.385,"{'NONE','WELCOME'}"
Category 3,2025-11-02,Merchant 8,8.23,0.41,-7.43,{'WELCOME'}
Category 3,2025-11-02,Merchant 9,43.406666666666666,2.17,-23.043333333333333,{'WELCOME'}
Category 3,2025-11-03,Merchant 10,104.92,0,70.15,{'NONE'}
Category 3,2025-11-03,Merchant 11,45.43333333333333,3.52,0.6833333333333333,"{'SAVE10','WELCOME'}"
Category 3,2025-11-03,Merchant 12,97.95,7.275,38.125,"{'SAVE10','WELCOME'}"
Category 3,2025-11-03,Merchant 13,26.1325,2.2875,-31.0475,"{'SAVE10','WELCOME'}"
Category 3,2025-11-03,Merchant 14,61.26222222222222,3.5322222222222224,-16.393333333333334,"{'NONE','SAVE10','WELCOME'}"
Category 3,2025-11-03,Merchant 15,77.43666666666667,5.47,3.953333333333333,"{'SAVE10','WELCOME'}"
Category 3,2025-11-03,Merchant 16,34.55,1.1583333333333334,-25.623333333333335,"{'NONE','WELCOME'}"
Category 3,2025-11-03,Merchant 17,40.08,0.29,-12.865,"{'NONE','WELCOME'}"
Category 3,2025-11-03,Merchant 18,74.1175,3.4825,-20.675,"{'NONE','SAVE10','WELCOME'}"
Category 3,2025-11-03,Merchant 19,56.2,2.155,-3.783333333333333,"{'NONE','SAVE10','WELCOME'}"
Category 3,2025-11-03,Merchant 2,18.47,0.92,-74.12,{'WELCOME'}
Category 3,2025-11-03,Merchant 20,81.8,8.18,67.84,{'SAVE10'}
Category 3,2025-11-03,Merchant 3,35.035,1.87,-38.645,"{'SAVE10','WELCOME'}"
Category 3,2025-11-03,Merchant 4,42.52,4.255,-62.035,{'SAVE10'}
Category 3,2025-11-03,Merchant 5,45.85,1.2633333333333334,-30.366666666666667,"{'NONE','SAVE10','WELCOME'}"
Category 3,2025-11-03,Merchant 6,50.3825,0.6725,-41.605,"{'NONE','SAVE10','WELCOME'}"
Category 3,2025-11-03,Merchant 7,67.96333333333334,3.5566666666666666,54.47,"{'NONE','SAVE10','WELCOME'}"
Category 3,2025-11-03,Merchant 8,54.3,5.43,33.62,{'SAVE10'}
Category 3,2025-11-03,Merchant 9,21.365,1.07,-35.765,{'WELCOME'}
Category 3,2025-11-04,Merchant 10,40.846666666666664,2.86,3.22,"{'SAVE10','WELCOME'}"
Category 3,2025-11-04,Merchant 11,26.476666666666667,0.5066666666666667,4.573333333333333,"{'NONE','WELCOME'}"
Category 3,2025-11-04,Merchant 12,74.738,3.736,38.23,{'WELCOME'}
Category 3,2025-11-04,Merchant 13,21.805,0.685,-47.545,"{'NONE','WELCOME'}"
Category 3,2025-11-04,Merchant 14,50.008,2.558,-18.58,"{'NONE','SAVE10','WELCOME'}"
Category 3,2025-11-04,Merchant 15,61.634,4.564,-19.678,"{'SAVE10','WELCOME'}"
Category 3,2025-11-04,Merchant 16,51.1675,2.5575,-3.8525,{'WELCOME'}
Category 3,2025-11-04,Merchant 17,56,1.2875,13.21,"{'NONE','WELCOME'}"
Category 3,2025-11-04,Merchant 18,30.64,2.91,-53.995,"{'SAVE10','WELCOME'}"
Category 3,2025-11-04,Merchant 19,44.7175,3.535,-23.4125,"{'SAVE10','WELCOME'}"
Category 3,2025-11-04,Merchant 2,78.82666666666667,5.44,-18.283333333333335,"{'SAVE10','WELCOME'}"
Category 3,2025-11-04,Merchant 20,79.74,1.98,29.01,"{'NONE','WELCOME'}"
Category 3,2025-11-04,Merchant 3,63.676923076923075,3.660769230769231,-1.949230769230769,"{'NONE','SAVE10','WELCOME'}"
Category 3,2025-11-04,Merchant 4,70.94333333333333,4.823333333333333,12.053333333333333,"{'SAVE10','WELCOME'}"
Category 3,2025-11-04,Merchant 5,55.31,2.77,-4.9,{'WELCOME'}
Category 3,2025-11-04,Merchant 6,58.537142857142854,1.6928571428571428,-34.75,"{'NONE','WELCOME'}"
Category 3,2025-11-04,Merchant 7,68.55666666666667,2.546666666666667,51.78,"{'NONE','WELCOME'}"
Category 3,2025-11-04,Merchant 8,79.42,3.97,60.2,{'WELCOME'}
Category 3,2025-11-04,Merchant 9,53.17,4.6066666666666665,0.7233333333333334,"{'NONE','SAVE10'}"
Category 3,2025-11-05,Merchant 10,40.63,0.375,5.485,"{'NONE','SAVE10'}"
Category 3,2025-11-05,Merchant 11,18.6,1.86,-3.92,{'SAVE10'}
Category 3,2025-11-05,Merchant 12,44.06666666666667,1.545,14.348333333333333,"{'NONE','SAVE10','WELCOME'}"
Category 3,2025-11-05,Merchant 13,53.93,1.2233333333333334,-31.12,"{'NONE','WELCOME'}"
Category 3,2025-11-05,Merchant 14,74.02333333333333,4.091666666666667,11.92,"{'NONE','SAVE10','WELCOME'}"
Category 3,2025-11-05,Merchant 15,76.378,3.406,-8.652,"{'NONE','SAVE10','WELCOME'}"
Category 3,2025-11-05,Merchant 16,83.165,5.745,44.615,"{'SAVE10','WELCOME'}"
Category 3,2025-11-05,Merchant 17,63.1675,2.15375,19.51125,"{'NONE','SAVE10','WELCOME'}"
Category 3,2025-11-05,Merchant 18,57.405,2.98,-23.4475,"{'NONE','SAVE10','WELCOME'}"
Category 3,2025-11-05,Merchant 19,70.06666666666666,4.206666666666667,14.426666666666666,"{'NONE','SAVE10'}"
Category 3,2025-11-05,Merchant 2,62.0425,3.1025,-33.47,{'WELCOME'}
Category 3,2025-11-05,Merchant 20,58.9,0.9733333333333334,-5.1466666666666665,"{'NONE','WELCOME'}"
Category 3,2025-11-05,Merchant 3,59.9075,4.0525,18.5275,"{'NONE','SAVE10'}"
Category 3,2025-11-05,Merchant 4,43.19,0.515,-0.99,"{'NONE','WELCOME'}"
Category 3,2025-11-05,Merchant 5,56.285,2.1425,-9.865,"{'NONE','SAVE10','WELCOME'}"
Category 3,2025-11-05,Merchant 6,77.83,1.2533333333333334,-14.086666666666666,"{'NONE','WELCOME'}"
Category 3,2025-11-05,Merchant 7,36.07857142857143,2.5014285714285713,20.572857142857142,"{'NONE','SAVE10','WELCOME'}"
Category 3,2025-11-05,Merchant 8,19.87,0.99,3.63,{'WELCOME'}
Category 3,2025-11-05,Merchant 9,33.46,3.35,-50.61,{'SAVE10'}
Category 3,2025-11-06,Merchant 10,89.22666666666667,6.113333333333333,48.343333333333334,"{'SAVE10','WELCOME'}"
Category 3,2025-11-06,Merchant 11,66.15666666666667,3.8533333333333335,36.03666666666667,"{'NONE','SAVE10','WELCOME'}"
Category 3,2025-11-06,Merchant 12,38.2875,2.1725,-2.1,"{'SAVE10','WELCOME'}"
Category 3,2025-11-06,Merchant 13,47.60666666666667,2.5166666666666666,-14.393333333333333,"{'NONE','SAVE10','WELCOME'}"
Category 3,2025-11-06,Merchant 14,65.0075,3.1725,-15.235,"{'NONE','SAVE10','WELCOME'}"
Category 3,2025-11-06,Merchant 15,16.37,0.82,-86.49,{'WELCOME'}
Category 3,2025-11-06,Merchant 16,47.7575,2.585,5.4075,"{'NONE','SAVE10','WELCOME'}"
Category 3,2025-11-06,Merchant 17,70.20666666666666,5.003333333333333,27.673333333333332,"{'SAVE10','WELCOME'}"
Category 3,2025-11-06,Merchant 18,37.7325,0.855,-40.995,"{'NONE','WELCOME'}"
Category 3,2025-11-06,Merchant 19,61.964,1.422,-0.566,"{'NONE','WELCOME'}"
Category 3,2025-11-06,Merchant 2,61.667142857142856,1.9114285714285715,-2.3142857142857145,"{'NONE','SAVE10','WELCOME'}"
Category 3,2025-11-06,Merchant 20,31.38,1.57,-61.91,{'WELCOME'}
Category 3,2025-11-06,Merchant 3,60.41,2.5533333333333332,40.71333333333333,"{'NONE','SAVE10','WELCOME'}"
Category 3,2025-11-06,Merchant 4,83.6475,1.745,-6.84,"{'NONE','WELCOME'}"
Category 3,2025-11-06,Merchant 5,56.92333333333333,2.85,-12.12,{'WELCOME'}
Category 3,2025-11-06,Merchant 6,31.445,1.57,-63.395,{'WELCOME'}
Category 3,2025-11-06,Merchant 7,37.405,1.59,30.175,"{'NONE','WELCOME'}"
Category 3,2025-11-06,Merchant 8,52.875,3.57,34.055,"{'SAVE10','WELCOME'}"
Category 3,2025-11-06,Merchant 9,82.705,4.71,46.595,"{'NONE','SAVE10'}"
Category 3,2025-11-07,Merchant 10,45.65,0,10.88,{'NONE'}
Category 3,2025-11-07,Merchant 11,55.6425,4.34125,22.1,"{'NONE','SAVE10','WELCOME'}"
Category 3,2025-11-07,Merchant 12,28.115,1.325,-19.32,"{'NONE','WELCOME'}"
Category 3,2025-11-07,Merchant 13,62.98833333333334,2.81,-10.48,"{'NONE','SAVE10','WELCOME'}"
Category 3,2025-11-07,Merchant 14,74.99714285714286,3.0085714285714285,-16.322857142857142,"{'NONE','SAVE10','WELCOME'}"
Category 3,2025-11-07,Merchant 15,87.385,4.73,-7.195,"{'NONE','SAVE10'}"
Category 3,2025-11-07,Merchant 16,67.2,3.36,-1.32,{'WELCOME'}
Category 3,2025-11-07,Merchant 17,72.46666666666667,2.606666666666667,16.95,"{'NONE','WELCOME'}"
Category 3,2025-11-07,Merchant 18,56.294285714285714,2.815714285714286,-24.134285714285713,{'WELCOME'}
Category 3,2025-11-07,Merchant 19,63.705714285714286,3.497142857142857,0.23142857142857143,"{'NONE','SAVE10','WELCOME'}"
Category 3,2025-11-07,Merchant 2,56.78,2.715,-11.705,"{'NONE','SAVE10','WELCOME'}"
Category 3,2025-11-07,Merchant 20,31.18,1.065,-18.635,"{'NONE','WELCOME'}"
Category 3,2025-11-07,Merchant 3,41.36,1.64,-16.39875,"{'NONE','SAVE10','WELCOME'}"
Category 3,2025-11-07,Merchant 4,62.0075,4.735,7.2525,"{'SAVE10','WELCOME'}"
Category 3,2025-11-07,Merchant 6,59.46666666666667,3.203333333333333,-34.4,"{'NONE','SAVE10'}"
Category 3,2025-11-07,Merchant 7,43.64,2.18,22.93,{'WELCOME'}
Category 3,2025-11-07,Merchant 8,63.91,5.69,42.97,"{'SAVE10','WELCOME'}"
Category 3,2025-11-07,Merchant 9,66.252,3.484,1.776,"{'NONE','SAVE10','WELCOME'}"
Category 3,2025-11-08,Merchant 10,64.4,0,29.63,{'NONE'}
Category 3,2025-11-08,Merchant 11,84.444,3.596,47.022,"{'NONE','WELCOME'}"
Category 3,2025-11-08,Merchant 13,60.105,0,-42.085,{'NONE'}
Category 3,2025-11-08,Merchant 14,43.60333333333333,3.84,-18.183333333333334,"{'NONE','SAVE10','WELCOME'}"
Category 3,2025-11-08,Merchant 15,80.39,6.264,39.124,"{'SAVE10','WELCOME'}"
Category 3,2025-11-08,Merchant 16,46.31,0,-25.81,{'NONE'}
Category 3,2025-11-08,Merchant 17,61.025,3.5125,8.4475,"{'NONE','SAVE10','WELCOME'}"
Category 3,2025-11-08,Merchant 18,42.973333333333336,3.8433333333333333,-25.15,"{'SAVE10','WELCOME'}"
Category 3,2025-11-08,Merchant 19,42.985,2.93,-32.34,"{'SAVE10','WELCOME'}"
Category 3,2025-11-08,Merchant 2,39.332,2.072,-43.902,"{'SAVE10','WELCOME'}"
Category 3,2025-11-08,Merchant 20,89.89,4.49,79.62,{'WELCOME'}
Category 3,2025-11-08,Merchant 3,79.80333333333333,5.736666666666666,0.83,"{'SAVE10','WELCOME'}"
Category 3,2025-11-08,Merchant 5,52.955,0,-17.62,{'NONE'}
Category 3,2025-11-08,Merchant 7,48.23,4.825,37.765,{'SAVE10'}
Category 3,2025-11-08,Merchant 9,50.36666666666667,1.8333333333333333,0.6933333333333334,"{'NONE','WELCOME'}"
Category 4,2025-09-09,Merchant 11,59.47,2.97,-20.7,{'WELCOME'}
Category 4,2025-09-09,Merchant 12,13.84,1.38,-2.54,{'SAVE10'}
Category 4,2025-09-09,Merchant 13,47.14,4.71,-25.62,{'SAVE10'}
Category 4,2025-09-09,Merchant 14,76.16,5.203333333333333,13.486666666666666,"{'SAVE10','WELCOME'}"
Category 4,2025-09-09,Merchant 18,79.14,7.91,5.96,{'SAVE10'}
Category 4,2025-09-09,Merchant 19,71.84,5.49,26,"{'SAVE10','WELCOME'}"
Category 4,2025-09-10,Merchant 10,19.93,1,-82.26,{'WELCOME'}
Category 4,2025-09-10,Merchant 11,49.05833333333333,0.8483333333333334,-10.948333333333334,"{'NONE','WELCOME'}"
Category 4,2025-09-10,Merchant 12,56.63857142857143,3.347142857142857,-11.121428571428572,"{'NONE','SAVE10','WELCOME'}"
Category 4,2025-09-10,Merchant 13,45.46375,0.99875,-21.87,"{'NONE','SAVE10','WELCOME'}"
Category 4,2025-09-10,Merchant 14,53.81181818181818,2.929090909090909,5.617272727272727,"{'NONE','SAVE10','WELCOME'}"
Category 4,2025-09-10,Merchant 15,98.79,9.88,5.79,{'SAVE10'}
Category 4,2025-09-10,Merchant 16,54.40777777777778,2.938888888888889,8.176666666666666,"{'NONE','SAVE10','WELCOME'}"
Category 4,2025-09-10,Merchant 17,50.062,2.662,-4.57,"{'NONE','SAVE10','WELCOME'}"
Category 4,2025-09-10,Merchant 18,43.557272727272725,0.9463636363636364,-33.97909090909091,"{'NONE','SAVE10','WELCOME'}"
Category 4,2025-09-10,Merchant 19,71.4,3.57,27.48,{'WELCOME'}
Category 4,2025-09-10,Merchant 2,59.245,4.08,3.5225,"{'SAVE10','WELCOME'}"
Category 4,2025-09-10,Merchant 3,54.705,4.9675,14.175,"{'SAVE10','WELCOME'}"
Category 4,2025-09-10,Merchant 4,78.45666666666666,5.136666666666667,-0.39,"{'SAVE10','WELCOME'}"
Category 4,2025-09-10,Merchant 5,38.4,3.515,-24.1,"{'SAVE10','WELCOME'}"
Category 4,2025-09-10,Merchant 6,19.51,0.98,-60.77,{'WELCOME'}
Category 4,2025-09-10,Merchant 7,70.93333333333334,6.233333333333333,29.75,"{'SAVE10','WELCOME'}"
Category 4,2025-09-10,Merchant 8,46.495,1.3925,-0.9675,"{'NONE','SAVE10','WELCOME'}"
Category 4,2025-09-11,Merchant 10,48.28,4.83,-57.74,{'SAVE10'}
Category 4,2025-09-11,Merchant 11,66.13666666666667,3.348333333333333,-13.125,"{'NONE','SAVE10','WELCOME'}"
Category 4,2025-09-11,Merchant 12,60.0425,2.38125,-10.37,"{'NONE','SAVE10','WELCOME'}"
Category 4,2025-09-11,Merchant 14,53.195,2.930833333333333,13.95,"{'NONE','SAVE10','WELCOME'}"
Category 4,2025-09-11,Merchant 15,37.7,0.13666666666666666,-45.556666666666665,"{'NONE','WELCOME'}"
Category 4,2025-09-11,Merchant 16,45.50416666666667,2.605,9.224166666666667,"{'NONE','SAVE10','WELCOME'}"
Category 4,2025-09-11,Merchant 17,66.482,3.916,14.016,"{'SAVE10','WELCOME'}"
Category 4,2025-09-11,Merchant 18,50.775,2.01,-41.5625,"{'NONE','WELCOME'}"
Category 4,2025-09-11,Merchant 19,23.095,0.14,-73.265,"{'NONE','WELCOME'}"
Category 4,2025-09-11,Merchant 2,40.6325,3.1925,-13.5725,"{'NONE','SAVE10','WELCOME'}"
Category 4,2025-09-11,Merchant 3,61.28142857142857,2.8728571428571428,24.37,"{'NONE','SAVE10','WELCOME'}"
Category 4,2025-09-11,Merchant 5,44.15,2.78,-17.615,"{'NONE','SAVE10','WELCOME'}"
Category 4,2025-09-11,Merchant 6,46.085,1.96,-35.175,"{'NONE','WELCOME'}"
Category 4,2025-09-11,Merchant 7,36.65,1.83,-0.13,{'WELCOME'}
Category 4,2025-09-11,Merchant 8,70.61,3.53,21.01,{'WELCOME'}
Category 4,2025-09-12,Merchant 12,57.96071428571429,3.6435714285714287,1.3635714285714287,"{'NONE','SAVE10','WELCOME'}"
Category 4,2025-09-12,Merchant 13,73.95,0,19.62,{'NONE'}
Category 4,2025-09-12,Merchant 14,40.04416666666667,1.6416666666666666,-24.4925,"{'NONE','SAVE10','WELCOME'}"
Category 4,2025-09-12,Merchant 15,91.68,0,8.56,{'NONE'}
Category 4,2025-09-12,Merchant 16,58.68142857142857,3.2714285714285714,17.597142857142856,"{'NONE','SAVE10','WELCOME'}"
Category 4,2025-09-12,Merchant 17,57.765,2.89,23.465,{'WELCOME'}
Category 4,2025-09-12,Merchant 18,45.74125,2.28625,-31.89625,"{'NONE','SAVE10','WELCOME'}"
Category 4,2025-09-12,Merchant 19,38.983333333333334,0.51,-20.5,"{'NONE','SAVE10'}"
Category 4,2025-09-12,Merchant 2,57.751666666666665,1.6683333333333332,-0.04666666666666667,"{'NONE','SAVE10','WELCOME'}"
Category 4,2025-09-12,Merchant 3,80.175,3.405,41.41,"{'NONE','SAVE10'}"
Category 4,2025-09-12,Merchant 4,84.8975,4.23,29.9975,"{'NONE','SAVE10','WELCOME'}"
Category 4,2025-09-12,Merchant 5,64.65,3.235,5.875,{'WELCOME'}
Category 4,2025-09-12,Merchant 6,53.00333333333333,1.27,-27.566666666666666,"{'NONE','WELCOME'}"
Category 4,2025-09-12,Merchant 7,87.415,0,52.465,{'NONE'}
Category 4,2025-09-13,Merchant 10,63.4175,3.3325,-41.105,"{'SAVE10','WELCOME'}"
Category 4,2025-09-13,Merchant 11,72.505,5.995,-19.585,"{'SAVE10','WELCOME'}"
Category 4,2025-09-13,Merchant 12,67.46666666666667,4.866666666666667,-1.1033333333333333,"{'SAVE10','WELCOME'}"
Category 4,2025-09-13,Merchant 13,53.89,2.39,-2.83,"{'NONE','WELCOME'}"
Category 4,2025-09-13,Merchant 14,39.17875,1.89625,-16.91,"{'NONE','SAVE10','WELCOME'}"
Category 4,2025-09-13,Merchant 15,17.12,0,-66,{'NONE'}
Category 4,2025-09-13,Merchant 16,55.24875,2.545,3.865,"{'NONE','SAVE10','WELCOME'}"
Category 4,2025-09-13,Merchant 17,33.694,1.936,-27.072,"{'NONE','SAVE10','WELCOME'}"
Category 4,2025-09-13,Merchant 18,57.61833333333333,2.765,-22.226666666666667,"{'NONE','SAVE10','WELCOME'}"
Category 4,2025-09-13,Merchant 19,102.76,0,62.41,{'NONE'}
Category 4,2025-09-13,Merchant 2,25.156666666666666,0.7133333333333334,-30.846666666666668,"{'NONE','SAVE10'}"
Category 4,2025-09-13,Merchant 3,87.13,8.71,43.06,{'SAVE10'}
Category 4,2025-09-13,Merchant 4,41.192,2.176,-32.39,"{'SAVE10','WELCOME'}"
Category 4,2025-09-13,Merchant 5,47.5875,2.78,-17.6225,"{'NONE','SAVE10','WELCOME'}"
Category 4,2025-09-13,Merchant 6,102.96,5.15,18.51,{'WELCOME'}
Category 4,2025-09-13,Merchant 7,67.61,3.38,29.28,{'WELCOME'}
Category 4,2025-09-13,Merchant 8,48.74333333333333,4.273333333333333,-1.5966666666666667,"{'NONE','SAVE10'}"
Category 4,2025-09-14,Merchant 10,47.755,3.905,-57.34,"{'SAVE10','WELCOME'}"
Category 4,2025-09-14,Merchant 11,52.71666666666667,1.6633333333333333,-32.07666666666667,"{'NONE','WELCOME'}"
Category 4,2025-09-14,Merchant 12,51.143846153846155,2.523076923076923,-8.772307692307692,"{'NONE','SAVE10','WELCOME'}"
Category 4,2025-09-14,Merchant 13,99.76,2.625,35.945,"{'NONE','WELCOME'}"
Category 4,2025-09-14,Merchant 14,59.0275,2.2275,19.17875,"{'NONE','SAVE10','WELCOME'}"
Category 4,2025-09-14,Merchant 15,50.056666666666665,4.77,-37.833333333333336,"{'NONE','SAVE10'}"
Category 4,2025-09-14,Merchant 16,43.5625,1.54,-28.655,"{'NONE','WELCOME'}"
Category 4,2025-09-14,Merchant 17,47.3625,1.395,-6.8675,"{'NONE','WELCOME'}"
Category 4,2025-09-14,Merchant 18,68.81875,4.83875,-23.70375,"{'NONE','SAVE10','WELCOME'}"
Category 4,2025-09-14,Merchant 2,63.59875,2.2,9.44125,"{'NONE','WELCOME'}"
Category 4,2025-09-14,Merchant 3,42.49,0,17.19,{'NONE'}
Category 4,2025-09-14,Merchant 7,19.155,1.235,-17.03,"{'SAVE10','WELCOME'}"
Category 4,2025-09-14,Merchant 8,35.87,2.445,-12.645,"{'SAVE10','WELCOME'}"
Category 4,2025-09-15,Merchant 10,27.14,1.13,-75.18,"{'NONE','SAVE10','WELCOME'}"
Category 4,2025-09-15,Merchant 11,45.906666666666666,4.056666666666667,-26.846666666666668,"{'SAVE10','WELCOME'}"
Category 4,2025-09-15,Merchant 12,50.04888888888889,3.1133333333333333,-11.57,"{'NONE','SAVE10','WELCOME'}"
Category 4,2025-09-15,Merchant 13,70.37,1.41,7.77,"{'NONE','WELCOME'}"
Category 4,2025-09-15,Merchant 14,56.222727272727276,1.74,15.205454545454545,"{'NONE','SAVE10','WELCOME'}"
Category 4,2025-09-15,Merchant 16,73.091,4.957,18.472,"{'SAVE10','WELCOME'}"
Category 4,2025-09-15,Merchant 17,44.4,2.22,-23.53,{'WELCOME'}
Category 4,2025-09-15,Merchant 18,36.3425,1.34,-60.6125,"{'NONE','SAVE10','WELCOME'}"
Category 4,2025-09-15,Merchant 19,15.66,0.785,-53.41,"{'NONE','SAVE10'}"
Category 4,2025-09-15,Merchant 2,34.72,1.74,-23.99,{'WELCOME'}
Category 4,2025-09-15,Merchant 3,75.596,4.364,39.844,"{'NONE','SAVE10','WELCOME'}"
Category 4,2025-09-15,Merchant 4,40.816,2.786,-33.374,"{'NONE','SAVE10','WELCOME'}"
Category 4,2025-09-15,Merchant 5,47.69,3.72,-18.46,"{'NONE','SAVE10'}"
Category 4,2025-09-15,Merchant 6,75.71,5.07,-8.66,"{'SAVE10','WELCOME'}"
Category 4,2025-09-15,Merchant 8,60.24,2.183333333333333,11.986666666666666,"{'NONE','WELCOME'}"
Category 4,2025-09-16,Merchant 10,76.55333333333333,4.696666666666666,-29.333333333333332,"{'NONE','SAVE10','WELCOME'}"
Category 4,2025-09-16,Merchant 11,54.26,2.33,-19.396,"{'NONE','WELCOME'}"
Category 4,2025-09-16,Merchant 12,59.481818181818184,2.861818181818182,6.423636363636364,"{'NONE','SAVE10','WELCOME'}"
Category 4,2025-09-16,Merchant 13,13.955,1.395,-55.49,{'SAVE10'}
Category 4,2025-09-16,Merchant 14,66.89,2.7025,25.165,"{'NONE','SAVE10','WELCOME'}"
Category 4,2025-09-16,Merchant 15,85,4.25,-2.37,{'WELCOME'}
Category 4,2025-09-16,Merchant 16,42.736666666666665,1.9266666666666667,-13.75,"{'NONE','WELCOME'}"
Category 4,2025-09-16,Merchant 17,76.325,1.275,17.94,"{'NONE','WELCOME'}"
Category 4,2025-09-16,Merchant 18,42.89666666666667,0,-36.473333333333336,{'NONE'}
Category 4,2025-09-16,Merchant 19,28.605,2.865,-42.545,{'SAVE10'}
Category 4,2025-09-16,Merchant 2,67.166,4.446,13.77,"{'SAVE10','WELCOME'}"
Category 4,2025-09-16,Merchant 3,60.955,3.95,26.61,"{'NONE','SAVE10','WELCOME'}"
Category 4,2025-09-16,Merchant 4,60.14,3.6766666666666667,-5.726666666666667,"{'SAVE10','WELCOME'}"
Category 4,2025-09-16,Merchant 5,74.03,1.365,13.68,"{'NONE','WELCOME'}"
Category 4,2025-09-16,Merchant 7,76.6,3.83,37.82,{'WELCOME'}
Category 4,2025-09-17,Merchant 10,66.09,6.61,-41.71,{'SAVE10'}
Category 4,2025-09-17,Merchant 11,70.98,2.9566666666666666,-13.82,"{'NONE','SAVE10','WELCOME'}"
Category 4,2025-09-17,Merchant 12,69.79714285714286,3.6085714285714285,4.422857142857143,"{'NONE','SAVE10','WELCOME'}"
Category 4,2025-09-17,Merchant 13,77.78,3.89,5.84,{'WELCOME'}
Category 4,2025-09-17,Merchant 14,47.80909090909091,2.2945454545454544,-17.938181818181818,"{'NONE','SAVE10','WELCOME'}"
Category 4,2025-09-17,Merchant 15,62.59,3.13,-23.66,{'WELCOME'}
Category 4,2025-09-17,Merchant 16,57.3775,4.9775,8.085,"{'SAVE10','WELCOME'}"
Category 4,2025-09-17,Merchant 17,49.045,2.33375,0.30125,"{'NONE','WELCOME'}"
Category 4,2025-09-17,Merchant 18,67.58125,3.7025,-13.04125,"{'NONE','SAVE10','WELCOME'}"
Category 4,2025-09-17,Merchant 19,84.15,2.23,41.57,"{'NONE','WELCOME'}"
Category 4,2025-09-17,Merchant 2,52.8,3.79,2.7,"{'SAVE10','WELCOME'}"
Category 4,2025-09-17,Merchant 3,82.45,2.8514285714285714,48.511428571428574,"{'NONE','WELCOME'}"
Category 4,2025-09-17,Merchant 4,82.755,4.135,10.67,{'WELCOME'}
Category 4,2025-09-17,Merchant 5,39.29,0,-16.25,{'NONE'}
Category 4,2025-09-17,Merchant 6,16.835,0.84,-63.305,{'WELCOME'}
Category 4,2025-09-17,Merchant 8,63.71,2.0033333333333334,15.636666666666667,"{'NONE','WELCOME'}"
Category 4,2025-09-18,Merchant 10,25.86,2.13,-77.46,"{'SAVE10','WELCOME'}"
Category 4,2025-09-18,Merchant 11,35.915,1.465,-42.75,"{'NONE','SAVE10'}"
Category 4,2025-09-18,Merchant 12,40.8,1.52,-23.704285714285714,"{'NONE','SAVE10','WELCOME'}"
Category 4,2025-09-18,Merchant 13,34.365,1.72,-21.685,{'WELCOME'}
Category 4,2025-09-18,Merchant 14,58.102,3.443,-5.88,"{'NONE','SAVE10','WELCOME'}"
Category 4,2025-09-18,Merchant 15,44.556666666666665,2.2266666666666666,-40.79,{'WELCOME'}
Category 4,2025-09-18,Merchant 16,54.964166666666664,2.64,2.96,"{'NONE','SAVE10','WELCOME'}"
Category 4,2025-09-18,Merchant 17,45.94375,3.67875,-4.13125,"{'NONE','SAVE10','WELCOME'}"
Category 4,2025-09-18,Merchant 18,47.945,0.9983333333333333,-39.986666666666665,"{'NONE','WELCOME'}"
Category 4,2025-09-18,Merchant 19,68.375,4.405,-4.3125,"{'SAVE10','WELCOME'}"
Category 4,2025-09-18,Merchant 2,61.44857142857143,2.1314285714285712,8.795714285714286,"{'NONE','SAVE10','WELCOME'}"
Category 4,2025-09-18,Merchant 3,81.304,5,48.992,"{'SAVE10','WELCOME'}"
Category 4,2025-09-18,Merchant 4,69.04,6.9,11.47,{'SAVE10'}
Category 4,2025-09-18,Merchant 5,51.71333333333333,1.87,-10.29,"{'NONE','WELCOME'}"
Category 4,2025-09-18,Merchant 6,89.59,8.96,1.33,{'SAVE10'}
Category 4,2025-09-18,Merchant 7,33.15,1.66,-3.46,{'WELCOME'}
Category 4,2025-09-18,Merchant 8,90.12,9.01,35.04,{'SAVE10'}
Category 4,2025-09-19,Merchant 11,36.528,3.35,-50.366,"{'SAVE10','WELCOME'}"
Category 4,2025-09-19,Merchant 12,55.2325,5.5225,10.645,{'SAVE10'}
Category 4,2025-09-19,Merchant 13,50.57,2.87,-13.485,"{'SAVE10','WELCOME'}"
Category 4,2025-09-19,Merchant 14,43.54,2.62,1.8916666666666666,"{'SAVE10','WELCOME'}"
Category 4,2025-09-19,Merchant 15,97.8,4.89,9.79,{'WELCOME'}
Category 4,2025-09-19,Merchant 16,48.45666666666666,3.0216666666666665,-15.213333333333333,"{'NONE','SAVE10','WELCOME'}"
Category 4,2025-09-19,Merchant 17,62.872,1.76,2.282,"{'NONE','WELCOME'}"
Category 4,2025-09-19,Merchant 18,64.67,3.966666666666667,-31.386666666666667,"{'NONE','SAVE10','WELCOME'}"
Category 4,2025-09-19,Merchant 19,59.79,3.7375,1.735,"{'SAVE10','WELCOME'}"
Category 4,2025-09-19,Merchant 2,60.4225,3.61,5.17,"{'SAVE10','WELCOME'}"
Category 4,2025-09-19,Merchant 3,61.348,2.558,27.294,"{'NONE','SAVE10','WELCOME'}"
Category 4,2025-09-19,Merchant 4,82.12,5.025,-8.135,"{'NONE','SAVE10'}"
Category 4,2025-09-19,Merchant 5,32.7075,1.795,-28.0725,"{'NONE','SAVE10','WELCOME'}"
Category 4,2025-09-19,Merchant 6,5.18,0.26,-74.38,{'WELCOME'}
Category 4,2025-09-19,Merchant 8,49.4375,3.67,-0.3025,"{'SAVE10','WELCOME'}"
Category 4,2025-09-20,Merchant 10,42.705,2.135,-60.62,{'WELCOME'}
Category 4,2025-09-20,Merchant 11,46.495714285714286,0.7,-35.38428571428572,"{'NONE','WELCOME'}"
Category 4,2025-09-20,Merchant 12,38.11142857142857,0.5714285714285714,-10.881428571428572,"{'NONE','SAVE10','WELCOME'}"
Category 4,2025-09-20,Merchant 13,43.8225,2.3,-19.6675,"{'SAVE10','WELCOME'}"
Category 4,2025-09-20,Merchant 14,60.04538461538461,2.5123076923076924,1.216923076923077,"{'NONE','SAVE10','WELCOME'}"
Category 4,2025-09-20,Merchant 15,82.34666666666666,8.233333333333333,-9.006666666666666,{'SAVE10'}
Category 4,2025-09-20,Merchant 16,61.327777777777776,3.055555555555556,-5.817777777777778,"{'NONE','SAVE10','WELCOME'}"
Category 4,2025-09-20,Merchant 17,61.693333333333335,1.2066666666666668,20.511666666666667,"{'NONE','WELCOME'}"
Category 4,2025-09-20,Merchant 18,57.156,4.148,-28.078,"{'NONE','SAVE10'}"
Category 4,2025-09-20,Merchant 2,74.23,1.9175,20.67,"{'NONE','WELCOME'}"
Category 4,2025-09-20,Merchant 3,68.59333333333333,3.44,29.613333333333333,"{'NONE','SAVE10','WELCOME'}"
Category 4,2025-09-20,Merchant 5,47.2625,2.6125,-14.335,"{'SAVE10','WELCOME'}"
Category 4,2025-09-20,Merchant 6,103.96,0,24.66,{'NONE'}
Category 4,2025-09-20,Merchant 8,67.89,3.39,18.43,{'WELCOME'}
Category 4,2025-09-21,Merchant 10,44.535,1.465,-58.12,"{'NONE','WELCOME'}"
Category 4,2025-09-21,Merchant 11,49.81666666666667,0.9666666666666667,-46.14,"{'NONE','WELCOME'}"
Category 4,2025-09-21,Merchant 12,52.664,1.979,-9.01,"{'NONE','SAVE10','WELCOME'}"
Category 4,2025-09-21,Merchant 13,76.57333333333334,5.31,12.36,"{'SAVE10','WELCOME'}"
Category 4,2025-09-21,Merchant 14,55.378571428571426,1.64,6.048571428571429,"{'NONE','SAVE10','WELCOME'}"
Category 4,2025-09-21,Merchant 15,40.0125,2.085,-45.1925,"{'NONE','SAVE10','WELCOME'}"
Category 4,2025-09-21,Merchant 16,79.7,5.286,26.904,"{'SAVE10','WELCOME'}"
Category 4,2025-09-21,Merchant 17,38.02,1.8625,-25.2525,"{'NONE','SAVE10','WELCOME'}"
Category 4,2025-09-21,Merchant 18,46.736666666666665,4.673333333333333,-40.17333333333333,{'SAVE10'}
Category 4,2025-09-21,Merchant 19,59.57,2.046666666666667,-20.073333333333334,"{'NONE','WELCOME'}"
Category 4,2025-09-21,Merchant 2,58.306666666666665,3.8133333333333335,1.0766666666666667,"{'NONE','SAVE10','WELCOME'}"
Category 4,2025-09-21,Merchant 3,43.61333333333334,0.3333333333333333,11.183333333333334,"{'NONE','WELCOME'}"
Category 4,2025-09-21,Merchant 5,80.97,8.1,17.33,{'SAVE10'}
Category 4,2025-09-21,Merchant 6,37.795,1.475,-42.98,"{'NONE','WELCOME'}"
Category 4,2025-09-21,Merchant 8,54.2225,3.005,5.1475,"{'NONE','SAVE10','WELCOME'}"
Category 4,2025-09-22,Merchant 10,51.77,2.59,-52.01,{'WELCOME'}
Category 4,2025-09-22,Merchant 11,58.24333333333333,0.9966666666666667,-19.31,"{'NONE','WELCOME'}"
Category 4,2025-09-22,Merchant 12,54.247,2.214,-6.395,"{'NONE','SAVE10','WELCOME'}"
Category 4,2025-09-22,Merchant 13,52.384,1.13,-11.308,"{'NONE','WELCOME'}"
Category 4,2025-09-22,Merchant 14,60.613846153846154,2.1369230769230767,14.422307692307692,"{'NONE','WELCOME'}"
Category 4,2025-09-22,Merchant 15,59.94,0,-23.18,{'NONE'}
Category 4,2025-09-22,Merchant 16,67.21857142857142,2.5757142857142856,26.145714285714284,"{'NONE','SAVE10','WELCOME'}"
Category 4,2025-09-22,Merchant 17,57.3575,2.6575,6.14,"{'NONE','WELCOME'}"
Category 4,2025-09-22,Merchant 18,29.265,1.295,-45.4275,"{'NONE','SAVE10','WELCOME'}"
Category 4,2025-09-22,Merchant 19,63.985,2.78,20.86,"{'NONE','SAVE10'}"
Category 4,2025-09-22,Merchant 2,54.653333333333336,3.4483333333333333,-1.3733333333333333,"{'SAVE10','WELCOME'}"
Category 4,2025-09-22,Merchant 3,25.345,1.265,-11.28,{'WELCOME'}
Category 4,2025-09-22,Merchant 4,34.78,1.74,-52.19,{'WELCOME'}
Category 4,2025-09-22,Merchant 5,66.562,5.142,1.746,"{'SAVE10','WELCOME'}"
Category 4,2025-09-22,Merchant 6,76.08,3.8,-7.02,{'WELCOME'}
Category 4,2025-09-22,Merchant 7,74.43666666666667,4.326666666666667,35.16,"{'NONE','SAVE10','WELCOME'}"
Category 4,2025-09-22,Merchant 8,90.56,2.54,41.95,"{'NONE','WELCOME'}"
Category 4,2025-09-23,Merchant 10,27.64,0,-73.55,{'NONE'}
Category 4,2025-09-23,Merchant 11,46.72,1.07,-15.3125,"{'NONE','WELCOME'}"
Category 4,2025-09-23,Merchant 12,53.545,2.646,-9.811,"{'NONE','SAVE10','WELCOME'}"
Category 4,2025-09-23,Merchant 13,58.045,2.905,0.81,{'WELCOME'}
Category 4,2025-09-23,Merchant 14,78.26714285714286,0.6071428571428571,24.02285714285714,"{'NONE','WELCOME'}"
Category 4,2025-09-23,Merchant 15,39.56,1.98,-45.54,{'WELCOME'}
Category 4,2025-09-23,Merchant 16,49.79,0.8271428571428572,-0.7414285714285714,"{'NONE','WELCOME'}"
Category 4,2025-09-23,Merchant 17,54.833333333333336,2.743333333333333,-13.616666666666667,{'WELCOME'}
Category 4,2025-09-23,Merchant 18,66.086,3.448,-19.552,"{'SAVE10','WELCOME'}"
Category 4,2025-09-23,Merchant 19,34.91,1.75,-63.06,{'WELCOME'}
Category 4,2025-09-23,Merchant 2,55.5975,1.195,-1.3075,"{'NONE','WELCOME'}"
Category 4,2025-09-23,Merchant 3,50.262,2.984,19.912,"{'SAVE10','WELCOME'}"
Category 4,2025-09-23,Merchant 4,49.765,2.69,-20.875,"{'SAVE10','WELCOME'}"
Category 4,2025-09-23,Merchant 5,51.42333333333333,4,-12.71,"{'NONE','SAVE10','WELCOME'}"
Category 4,2025-09-23,Merchant 6,21.11,1.06,-59.25,{'WELCOME'}
Category 4,2025-09-23,Merchant 7,17.54,0,-17.41,{'NONE'}
Category 4,2025-09-24,Merchant 10,51.33,0,-49.86,{'NONE'}
Category 4,2025-09-24,Merchant 11,83.7275,3.5775,-0.5325,"{'NONE','SAVE10'}"
Category 4,2025-09-24,Merchant 12,55.89125,1.82375,-15.27875,"{'NONE','SAVE10','WELCOME'}"
Category 4,2025-09-24,Merchant 13,54.598333333333336,3.41,-12.288333333333334,"{'NONE','SAVE10','WELCOME'}"
Category 4,2025-09-24,Merchant 14,56.564166666666665,2.5375,10.241666666666667,"{'NONE','SAVE10','WELCOME'}"
Category 4,2025-09-24,Merchant 15,60.9075,3.045,-25.2575,{'WELCOME'}
Category 4,2025-09-24,Merchant 16,67.167,4.202,5.273,"{'NONE','SAVE10','WELCOME'}"
Category 4,2025-09-24,Merchant 17,55.835,4.4925,2.8075,"{'NONE','SAVE10'}"
Category 4,2025-09-24,Merchant 18,60.5875,2.5525,-29.845,"{'NONE','SAVE10','WELCOME'}"
Category 4,2025-09-24,Merchant 19,66.53666666666666,3.3233333333333333,4.24,{'WELCOME'}
Category 4,2025-09-24,Merchant 2,63.67,3.16,14.637142857142857,"{'NONE','SAVE10','WELCOME'}"
Category 4,2025-09-24,Merchant 3,50.1275,2.59,14.5575,"{'NONE','SAVE10'}"
Category 4,2025-09-24,Merchant 4,29.116666666666667,1.1233333333333333,-34.196666666666665,"{'NONE','WELCOME'}"
Category 4,2025-09-24,Merchant 5,79.3,6.398333333333333,12.768333333333333,"{'SAVE10','WELCOME'}"
Category 4,2025-09-24,Merchant 6,25.05,0,-54.25,{'NONE'}
Category 4,2025-09-24,Merchant 7,77.1075,4.345,37.8125,"{'SAVE10','WELCOME'}"
Category 4,2025-09-24,Merchant 8,43.00333333333333,2.05,-5.116666666666667,"{'NONE','WELCOME'}"
Category 4,2025-09-25,Merchant 10,78.96666666666667,6.8966666666666665,-29.12,"{'SAVE10','WELCOME'}"
Category 4,2025-09-25,Merchant 11,52.475,2.3125,-20.66,"{'NONE','SAVE10','WELCOME'}"
Category 4,2025-09-25,Merchant 12,66.47333333333333,3.9516666666666667,10.203333333333333,"{'NONE','SAVE10','WELCOME'}"
Category 4,2025-09-25,Merchant 13,53.29,5.056666666666667,-15.24,"{'SAVE10','WELCOME'}"
Category 4,2025-09-25,Merchant 14,61.99272727272727,3.7463636363636366,-10.901818181818182,"{'NONE','SAVE10','WELCOME'}"
Category 4,2025-09-25,Merchant 15,11.22,0.56,-72.46,{'WELCOME'}
Category 4,2025-09-25,Merchant 16,27.9325,0.6825,-13.34,"{'NONE','WELCOME'}"
Category 4,2025-09-25,Merchant 17,13.46,0,-35.05,{'NONE'}
Category 4,2025-09-25,Merchant 18,64.67666666666666,2.687777777777778,-18.985555555555557,"{'NONE','SAVE10','WELCOME'}"
Category 4,2025-09-25,Merchant 19,94.88,9.49,45.04,{'SAVE10'}
Category 4,2025-09-25,Merchant 2,38.395,1.7,-10.2475,"{'NONE','SAVE10','WELCOME'}"
Category 4,2025-09-25,Merchant 3,56.5075,3.605,22.44,"{'SAVE10','WELCOME'}"
Category 4,2025-09-25,Merchant 4,41.5175,2.4825,-28.915,"{'NONE','SAVE10'}"
Category 4,2025-09-25,Merchant 5,50.196666666666665,2.79,-12.726666666666667,"{'NONE','SAVE10','WELCOME'}"
Category 4,2025-09-25,Merchant 6,49.95,2.5,-31.85,{'WELCOME'}
Category 4,2025-09-25,Merchant 7,28.46,0,-6.49,{'NONE'}
Category 4,2025-09-25,Merchant 8,64.26,3.215,14.975,{'WELCOME'}
Category 4,2025-09-26,Merchant 10,78.30666666666667,1.37,-24.253333333333334,"{'NONE','WELCOME'}"
Category 4,2025-09-26,Merchant 11,73.285,2.4575,-9.855,"{'NONE','WELCOME'}"
Category 4,2025-09-26,Merchant 12,54.295,3.105,12.536666666666667,"{'SAVE10','WELCOME'}"
Category 4,2025-09-26,Merchant 13,81.8,4.09,23.38,{'WELCOME'}
Category 4,2025-09-26,Merchant 14,40.42333333333333,2.109166666666667,-20.799166666666668,"{'NONE','SAVE10','WELCOME'}"
Category 4,2025-09-26,Merchant 15,88.01666666666667,5.51,-0.6133333333333333,"{'NONE','SAVE10'}"
Category 4,2025-09-26,Merchant 16,61.95166666666667,2.8833333333333333,41.663333333333334,"{'NONE','SAVE10','WELCOME'}"
Category 4,2025-09-26,Merchant 17,76.52,6.215,21.745,"{'SAVE10','WELCOME'}"
Category 4,2025-09-26,Merchant 18,47.7475,1.7425,-31.99,"{'NONE','WELCOME'}"
Category 4,2025-09-26,Merchant 19,78.16,3.91,5.965,{'WELCOME'}
Category 4,2025-09-26,Merchant 2,73.22,0.7275,29.615,"{'NONE','WELCOME'}"
Category 4,2025-09-26,Merchant 3,70.82625,4.28,33.6,"{'NONE','SAVE10'}"
Category 4,2025-09-26,Merchant 4,44.28,0.8266666666666667,-18.736666666666668,"{'NONE','WELCOME'}"
Category 4,2025-09-26,Merchant 5,71.792,3.596,8.522,"{'NONE','SAVE10','WELCOME'}"
Category 4,2025-09-26,Merchant 6,93.91,4.7,9.91,{'WELCOME'}
Category 4,2025-09-26,Merchant 8,26.91,1.35,-20.51,{'WELCOME'}
Category 4,2025-09-27,Merchant 10,91.74,9.17,-18.62,{'SAVE10'}
Category 4,2025-09-27,Merchant 11,63.457,2.829,-9.305,"{'NONE','SAVE10','WELCOME'}"
Category 4,2025-09-27,Merchant 12,61.48625,3.6225,4.87875,"{'NONE','SAVE10','WELCOME'}"
Category 4,2025-09-27,Merchant 13,46.096666666666664,1.7016666666666667,-21.368333333333332,"{'NONE','SAVE10','WELCOME'}"
Category 4,2025-09-27,Merchant 14,57.7,2.88,28.976666666666667,"{'NONE','SAVE10','WELCOME'}"
Category 4,2025-09-27,Merchant 15,22.12,2.21,-63.21,{'SAVE10'}
Category 4,2025-09-27,Merchant 16,42,1.4033333333333333,-13.963333333333333,"{'NONE','WELCOME'}"
Category 4,2025-09-27,Merchant 17,38.04,0,-1.92,{'NONE'}
Category 4,2025-09-27,Merchant 18,58.286,4.742,-39.68,"{'NONE','SAVE10','WELCOME'}"
Category 4,2025-09-27,Merchant 19,84.43,1.66,-13.45,"{'NONE','WELCOME'}"
Category 4,2025-09-27,Merchant 2,29.355,1.015,-17.975,"{'NONE','WELCOME'}"
Category 4,2025-09-27,Merchant 3,74.525,3.5775,43.1325,"{'NONE','SAVE10','WELCOME'}"
Category 4,2025-09-27,Merchant 4,53.438,2.382,-6.526,"{'NONE','WELCOME'}"
Category 4,2025-09-27,Merchant 5,76.665,2.07,15.61,"{'NONE','WELCOME'}"
Category 4,2025-09-27,Merchant 6,84.685,6.195,-0.81,"{'SAVE10','WELCOME'}"
Category 4,2025-09-27,Merchant 8,38.95,3.4566666666666666,-10.576666666666666,"{'SAVE10','WELCOME'}"
Category 4,2025-09-28,Merchant 10,12.575,0.285,-88.9,"{'NONE','WELCOME'}"
Category 4,2025-09-28,Merchant 11,40.57333333333333,2.8066666666666666,-44.07666666666667,"{'NONE','SAVE10','WELCOME'}"
Category 4,2025-09-28,Merchant 12,44.831428571428575,1.382857142857143,-16.36857142857143,"{'NONE','SAVE10','WELCOME'}"
Category 4,2025-09-28,Merchant 13,18.675,0.93,-43.445,{'WELCOME'}
Category 4,2025-09-28,Merchant 14,62.63230769230769,3.9684615384615385,22.512307692307694,"{'NONE','SAVE10','WELCOME'}"
Category 4,2025-09-28,Merchant 15,49.04,0,-34.08,{'NONE'}
Category 4,2025-09-28,Merchant 16,41.611111111111114,2.887777777777778,-10.367777777777778,"{'NONE','SAVE10','WELCOME'}"
Category 4,2025-09-28,Merchant 17,57.79333333333334,4.223333333333334,2.1766666666666667,"{'SAVE10','WELCOME'}"
Category 4,2025-09-28,Merchant 18,59.64,2.9385714285714286,-33.18,"{'NONE','SAVE10','WELCOME'}"
Category 4,2025-09-28,Merchant 19,61.12,1.935,-9.1,"{'NONE','WELCOME'}"
Category 4,2025-09-28,Merchant 2,38.19714285714286,2.487142857142857,-15.17142857142857,"{'NONE','SAVE10','WELCOME'}"
Category 4,2025-09-28,Merchant 3,47.7025,0.215,17.09,"{'NONE','SAVE10'}"
Category 4,2025-09-28,Merchant 4,22,0,-63.23,{'NONE'}
Category 4,2025-09-28,Merchant 5,84.215,2.025,23.205,"{'NONE','WELCOME'}"
Category 4,2025-09-28,Merchant 6,93.27,0,13.97,{'NONE'}
Category 4,2025-09-28,Merchant 7,46.525,2.325,9.25,{'WELCOME'}
Category 4,2025-09-28,Merchant 8,40.205,2.255,-8.12,"{'NONE','SAVE10'}"
Category 4,2025-09-29,Merchant 11,84.34,5.713333333333333,2.7133333333333334,"{'SAVE10','WELCOME'}"
Category 4,2025-09-29,Merchant 12,60.705,3.066666666666667,13.866666666666667,"{'NONE','SAVE10','WELCOME'}"
Category 4,2025-09-29,Merchant 13,60.083333333333336,2.635,-6.028333333333333,"{'NONE','SAVE10','WELCOME'}"
Category 4,2025-09-29,Merchant 14,49.26416666666667,2.5833333333333335,-20.265833333333333,"{'NONE','SAVE10','WELCOME'}"
Category 4,2025-09-29,Merchant 15,61.14,4.595,-26.575,"{'SAVE10','WELCOME'}"
Category 4,2025-09-29,Merchant 16,47.28666666666667,2.3633333333333333,13.223333333333333,{'WELCOME'}
Category 4,2025-09-29,Merchant 17,48.252,1.858,-2.136,"{'NONE','SAVE10','WELCOME'}"
Category 4,2025-09-29,Merchant 18,81.575,6.52,4.105,"{'SAVE10','WELCOME'}"
Category 4,2025-09-29,Merchant 19,82.8825,5.2,-18.5375,"{'SAVE10','WELCOME'}"
Category 4,2025-09-29,Merchant 2,38.6075,1.9325,-5.5725,{'WELCOME'}
Category 4,2025-09-29,Merchant 3,73.345,3.36,34.49,"{'NONE','SAVE10','WELCOME'}"
Category 4,2025-09-29,Merchant 4,85.495,2.195,32.63,"{'NONE','WELCOME'}"
Category 4,2025-09-29,Merchant 7,89.89,4.49,50.45,{'WELCOME'}
Category 4,2025-09-29,Merchant 8,47.7725,2.1,-0.3975,"{'NONE','SAVE10','WELCOME'}"
Category 4,2025-09-30,Merchant 10,52.26,2.61,-51.54,{'WELCOME'}
Category 4,2025-09-30,Merchant 11,26.4975,1.4475,-41.325,"{'NONE','SAVE10','WELCOME'}"
Category 4,2025-09-30,Merchant 12,56.01857142857143,3.787142857142857,-21.732857142857142,"{'NONE','SAVE10','WELCOME'}"
Category 4,2025-09-30,Merchant 13,38.29,1.915,-31.675,{'WELCOME'}
Category 4,2025-09-30,Merchant 14,52.925333333333334,2.57,10.560666666666666,"{'NONE','SAVE10','WELCOME'}"
Category 4,2025-09-30,Merchant 15,34.23,1.71,-50.6,{'WELCOME'}
Category 4,2025-09-30,Merchant 16,61.255833333333335,3.1875,22.115,"{'NONE','SAVE10','WELCOME'}"
Category 4,2025-09-30,Merchant 17,64.76166666666667,3.105,10.28,"{'NONE','WELCOME'}"
Category 4,2025-09-30,Merchant 18,85.6375,6.24,-3.885,"{'NONE','SAVE10','WELCOME'}"
Category 4,2025-09-30,Merchant 19,42.04,2.1033333333333335,-37.66,{'WELCOME'}
Category 4,2025-09-30,Merchant 2,63.26,2.9314285714285715,12.491428571428571,"{'NONE','SAVE10','WELCOME'}"
Category 4,2025-09-30,Merchant 3,65.54,4.395,28.165,"{'SAVE10','WELCOME'}"
Category 4,2025-09-30,Merchant 4,13.225,0.665,-38.11,{'WELCOME'}
Category 4,2025-09-30,Merchant 5,54.874,1.752,-2.418,"{'NONE','SAVE10','WELCOME'}"
Category 4,2025-09-30,Merchant 7,76.00333333333333,1.7666666666666666,39.28666666666667,"{'NONE','SAVE10'}"
Category 4,2025-09-30,Merchant 8,54.19,2.71,5.41,{'WELCOME'}
Category 4,2025-10-01,Merchant 10,29.625,0.725,-72.29,"{'NONE','SAVE10'}"
Category 4,2025-10-01,Merchant 11,72.36333333333333,4.59,-8.14,"{'NONE','SAVE10'}"
Category 4,2025-10-01,Merchant 12,54.944545454545455,1.7154545454545456,-10.121818181818181,"{'NONE','SAVE10','WELCOME'}"
Category 4,2025-10-01,Merchant 13,39.96666666666667,2,-25.51,{'WELCOME'}
Category 4,2025-10-01,Merchant 14,28.955,0.5525,-27.3825,"{'NONE','SAVE10','WELCOME'}"
Category 4,2025-10-01,Merchant 15,50.015,1.02,-34.125,"{'NONE','SAVE10'}"
Category 4,2025-10-01,Merchant 16,28.32,1.5857142857142856,-35.94285714285714,"{'NONE','SAVE10','WELCOME'}"
Category 4,2025-10-01,Merchant 17,51.4,2.996,6.714,"{'NONE','SAVE10','WELCOME'}"
Category 4,2025-10-01,Merchant 18,55.653333333333336,5.38,-24.913333333333334,"{'SAVE10','WELCOME'}"
Category 4,2025-10-01,Merchant 19,67.7,1.715,-2.3,"{'NONE','SAVE10'}"
Category 4,2025-10-01,Merchant 2,65.2925,2.9375,14.78,"{'NONE','WELCOME'}"
Category 4,2025-10-01,Merchant 3,37.46333333333333,3.1233333333333335,2.1533333333333333,"{'SAVE10','WELCOME'}"
Category 4,2025-10-01,Merchant 4,88.735,4.6725,24.7525,"{'NONE','SAVE10','WELCOME'}"
Category 4,2025-10-01,Merchant 5,65.612,5.458,1.86,"{'SAVE10','WELCOME'}"
Category 4,2025-10-01,Merchant 6,82.615,4.13,-0.815,{'WELCOME'}
Category 4,2025-10-01,Merchant 7,95.05,4.75,55.35,{'WELCOME'}
Category 4,2025-10-01,Merchant 8,79.34,7.93,25.34,{'SAVE10'}
Category 4,2025-10-02,Merchant 10,36.99666666666667,1.2033333333333334,-65.39666666666666,"{'NONE','WELCOME'}"
Category 4,2025-10-02,Merchant 11,49.336,0.6,-42.696,"{'NONE','WELCOME'}"
Category 4,2025-10-02,Merchant 12,50.053,2.72,-14.429,"{'NONE','SAVE10','WELCOME'}"
Category 4,2025-10-02,Merchant 13,55.1775,4.6,-10.61,"{'SAVE10','WELCOME'}"
Category 4,2025-10-02,Merchant 14,45.862307692307695,2.8207692307692307,-9.993846153846153,"{'NONE','SAVE10','WELCOME'}"
Category 4,2025-10-02,Merchant 15,28.32,0,-54.8,{'NONE'}
Category 4,2025-10-02,Merchant 16,34.45625,1.04625,0.44625,"{'NONE','SAVE10','WELCOME'}"
Category 4,2025-10-02,Merchant 17,47.11,2.4575,-3.9075,"{'NONE','SAVE10','WELCOME'}"
Category 4,2025-10-02,Merchant 18,61.574285714285715,2.267142857142857,-17.877142857142857,"{'NONE','SAVE10','WELCOME'}"
Category 4,2025-10-02,Merchant 19,62.29333333333334,5.73,-39.656666666666666,"{'SAVE10','WELCOME'}"
Category 4,2025-10-02,Merchant 2,63.0875,3.01,9.065,"{'NONE','SAVE10','WELCOME'}"
Category 4,2025-10-02,Merchant 3,15.623333333333333,0.99,-20.816666666666666,"{'NONE','SAVE10','WELCOME'}"
Category 4,2025-10-02,Merchant 4,86.28,4.295,14.035,"{'NONE','SAVE10','WELCOME'}"
Category 4,2025-10-02,Merchant 5,47.632,2.852,-16.272,"{'SAVE10','WELCOME'}"
Category 4,2025-10-02,Merchant 6,39.64,0,-39.66,{'NONE'}
Category 4,2025-10-02,Merchant 7,47.025,2.575,9.5,"{'NONE','SAVE10'}"
Category 4,2025-10-03,Merchant 10,69.18,0,-32.01,{'NONE'}
Category 4,2025-10-03,Merchant 11,46.33571428571429,2.2785714285714285,-20.22,"{'NONE','SAVE10','WELCOME'}"
Category 4,2025-10-03,Merchant 12,42.074444444444445,2.3922222222222222,-17.38222222222222,"{'SAVE10','WELCOME'}"
Category 4,2025-10-03,Merchant 13,62.305,1.54,-7.285,"{'NONE','WELCOME'}"
Category 4,2025-10-03,Merchant 14,75.62333333333333,3.856666666666667,2.7666666666666666,"{'NONE','SAVE10','WELCOME'}"
Category 4,2025-10-03,Merchant 15,31.54,0,-51.58,{'NONE'}
Category 4,2025-10-03,Merchant 16,61.857142857142854,3.1085714285714285,5.137142857142857,"{'NONE','SAVE10','WELCOME'}"
Category 4,2025-10-03,Merchant 17,43.74,2.1866666666666665,-1.2566666666666666,{'WELCOME'}
Category 4,2025-10-03,Merchant 18,57.93142857142857,3.5957142857142856,-25.082857142857144,"{'NONE','SAVE10','WELCOME'}"
Category 4,2025-10-03,Merchant 19,69.408,3.108,-7.572,"{'NONE','SAVE10','WELCOME'}"
Category 4,2025-10-03,Merchant 2,37.78,1.28875,-12.8025,"{'NONE','SAVE10','WELCOME'}"
Category 4,2025-10-03,Merchant 3,56.7275,2.43875,23.8925,"{'NONE','SAVE10','WELCOME'}"
Category 4,2025-10-03,Merchant 4,37.035,1.99,-50.185,"{'SAVE10','WELCOME'}"
Category 4,2025-10-03,Merchant 5,64.17857142857143,3.9171428571428573,0.7842857142857143,"{'SAVE10','WELCOME'}"
Category 4,2025-10-03,Merchant 6,94.275,4.71,10.265,{'WELCOME'}
Category 4,2025-10-03,Merchant 7,44.83,2.24,7.64,{'WELCOME'}
Category 4,2025-10-04,Merchant 11,74.495,3.725,-4.5,{'WELCOME'}
Category 4,2025-10-04,Merchant 12,49.42909090909091,2.6063636363636364,-12.571818181818182,"{'NONE','SAVE10','WELCOME'}"
Category 4,2025-10-04,Merchant 13,68.8625,2.6575,8.445,"{'NONE','WELCOME'}"
Category 4,2025-10-04,Merchant 14,61.23266666666667,3.4033333333333333,7.283333333333333,"{'NONE','SAVE10','WELCOME'}"
Category 4,2025-10-04,Merchant 15,34.315,1.715,-50.52,{'WELCOME'}
Category 4,2025-10-04,Merchant 16,46.035,1.855,2.325,"{'NONE','WELCOME'}"
Category 4,2025-10-04,Merchant 17,38.73,1.282,-17.942,"{'NONE','WELCOME'}"
Category 4,2025-10-04,Merchant 18,79.812,3.99,-3.858,{'WELCOME'}
Category 4,2025-10-04,Merchant 2,54.44,1.32,1.42,"{'NONE','SAVE10','WELCOME'}"
Category 4,2025-10-04,Merchant 3,61.33,2.42,26.858333333333334,"{'NONE','SAVE10','WELCOME'}"
Category 4,2025-10-04,Merchant 4,59.8,2.105,-10.255,"{'NONE','WELCOME'}"
Category 4,2025-10-04,Merchant 5,47.23,2.3633333333333333,-15.266666666666667,{'WELCOME'}
Category 4,2025-10-04,Merchant 7,57,2.85,19.2,{'WELCOME'}
Category 4,2025-10-05,Merchant 10,64.14,3.21,-40.26,{'WELCOME'}
Category 4,2025-10-05,Merchant 11,66.525,1.45,-29.915,"{'NONE','WELCOME'}"
Category 4,2025-10-05,Merchant 12,61.758,3.21,18.02,"{'NONE','SAVE10','WELCOME'}"
Category 4,2025-10-05,Merchant 13,42.415,2.725,-14.64,"{'NONE','SAVE10'}"
Category 4,2025-10-05,Merchant 14,50.7875,2.445,13.1075,"{'NONE','SAVE10','WELCOME'}"
Category 4,2025-10-05,Merchant 16,54.78625,2.10625,16.2975,"{'NONE','SAVE10','WELCOME'}"
Category 4,2025-10-05,Merchant 17,81.93,4.1,12.12,{'WELCOME'}
Category 4,2025-10-05,Merchant 18,57.156666666666666,2.0366666666666666,-13.936666666666667,"{'NONE','WELCOME'}"
Category 4,2025-10-05,Merchant 19,77.46,1.595,7.58,"{'NONE','WELCOME'}"
Category 4,2025-10-05,Merchant 2,58.565,3.18,5.1,"{'SAVE10','WELCOME'}"
Category 4,2025-10-05,Merchant 3,67.246,2.396,37.538,"{'NONE','WELCOME'}"
Category 4,2025-10-05,Merchant 4,57.965,3.0225,-21.6475,"{'NONE','SAVE10','WELCOME'}"
Category 4,2025-10-05,Merchant 5,74.18,7.42,11.22,{'SAVE10'}
Category 4,2025-10-05,Merchant 7,37.9,1.9,1.06,{'WELCOME'}
Category 4,2025-10-05,Merchant 8,66.855,1.25,19.535,"{'NONE','WELCOME'}"
Category 4,2025-10-06,Merchant 10,73.16,3.66,-31.69,{'WELCOME'}
Category 4,2025-10-06,Merchant 11,62.76,2.7,-12.81,"{'NONE','SAVE10','WELCOME'}"
Category 4,2025-10-06,Merchant 12,57.506,3.791,-0.147,"{'NONE','SAVE10','WELCOME'}"
Category 4,2025-10-06,Merchant 13,38.15,1.4275,-24.4675,"{'NONE','WELCOME'}"
Category 4,2025-10-06,Merchant 14,38.553333333333335,2.783333333333333,-13.752222222222223,"{'NONE','SAVE10','WELCOME'}"
Category 4,2025-10-06,Merchant 15,9.03,0.9,-74.99,{'SAVE10'}
Category 4,2025-10-06,Merchant 16,65.50555555555556,3.3033333333333332,18.301111111111112,"{'NONE','SAVE10','WELCOME'}"
Category 4,2025-10-06,Merchant 17,41.21333333333333,2.06,-15.09,{'WELCOME'}
Category 4,2025-10-06,Merchant 18,39.785,2.00875,-32.6325,"{'NONE','SAVE10','WELCOME'}"
Category 4,2025-10-06,Merchant 19,57.13,5.71,-44.8,{'SAVE10'}
Category 4,2025-10-06,Merchant 2,49.36666666666667,2.466666666666667,3.296666666666667,{'WELCOME'}
Category 4,2025-10-06,Merchant 3,71.77125,3.1125,35.74625,"{'NONE','SAVE10','WELCOME'}"
Category 4,2025-10-06,Merchant 4,52.53666666666667,4.913333333333333,-14.566666666666666,"{'SAVE10','WELCOME'}"
Category 4,2025-10-06,Merchant 5,38.73,0.745,-22.7225,"{'NONE','WELCOME'}"
Category 4,2025-10-06,Merchant 6,39.306666666666665,1.7833333333333332,-41.776666666666664,"{'NONE','WELCOME'}"
Category 4,2025-10-06,Merchant 7,38.09,0,3.14,{'NONE'}
Category 4,2025-10-06,Merchant 8,53.93,5.39,2.47,{'SAVE10'}
Category 4,2025-10-07,Merchant 10,73.92,3.7,-30.97,{'WELCOME'}
Category 4,2025-10-07,Merchant 11,40.62,3.23,-38.52333333333333,"{'NONE','SAVE10'}"
Category 4,2025-10-07,Merchant 12,51.738,2.292,-15.171333333333333,"{'NONE','SAVE10','WELCOME'}"
Category 4,2025-10-07,Merchant 13,9.55,0,-44.78,{'NONE'}
Category 4,2025-10-07,Merchant 14,54.947,3.502,7.177,"{'NONE','SAVE10','WELCOME'}"
Category 4,2025-10-07,Merchant 15,7.9,0,-75.22,{'NONE'}
Category 4,2025-10-07,Merchant 16,73.6975,3.9725,25.41,"{'SAVE10','WELCOME'}"
Category 4,2025-10-07,Merchant 17,47.81,2.39,2.61,{'WELCOME'}
Category 4,2025-10-07,Merchant 18,66.4,1.9775,-25.905,"{'NONE','WELCOME'}"
Category 4,2025-10-07,Merchant 19,55.05,2.75,11.95,{'WELCOME'}
Category 4,2025-10-07,Merchant 2,57.1575,1.42,3.465,"{'NONE','WELCOME'}"
Category 4,2025-10-07,Merchant 3,56.39,5.64,15.39,{'SAVE10'}
Category 4,2025-10-07,Merchant 4,51.88875,1.3625,-17.42375,"{'NONE','SAVE10','WELCOME'}"
Category 4,2025-10-07,Merchant 5,14.82,0.74,-41.46,{'WELCOME'}
Category 4,2025-10-07,Merchant 6,7.81,0.78,-72.27,{'SAVE10'}
Category 4,2025-10-07,Merchant 7,54.55,4.08,15.52,"{'SAVE10','WELCOME'}"
Category 4,2025-10-08,Merchant 10,12.03,0.6,-89.76,{'WELCOME'}
Category 4,2025-10-08,Merchant 11,63.374,4.276,-24.444,"{'NONE','SAVE10','WELCOME'}"
Category 4,2025-10-08,Merchant 12,43.55,1.3983333333333332,-16.32,"{'NONE','WELCOME'}"
Category 4,2025-10-08,Merchant 13,67.5625,4.7175,1.655,"{'SAVE10','WELCOME'}"
Category 4,2025-10-08,Merchant 14,60.61090909090909,3.4363636363636365,19.888181818181817,"{'NONE','SAVE10','WELCOME'}"
Category 4,2025-10-08,Merchant 16,61.4075,2.7933333333333334,22.413333333333334,"{'NONE','SAVE10','WELCOME'}"
Category 4,2025-10-08,Merchant 17,58.57,1.28,3.03,"{'NONE','WELCOME'}"
Category 4,2025-10-08,Merchant 18,50.148,2.026,-31.558,"{'NONE','SAVE10','WELCOME'}"
Category 4,2025-10-08,Merchant 19,66.055,4.81,-7.04,"{'NONE','SAVE10'}"
Category 4,2025-10-08,Merchant 2,98.81,0,60.63,{'NONE'}
Category 4,2025-10-08,Merchant 3,41.9325,3.1275,8.3425,"{'NONE','SAVE10','WELCOME'}"
Category 4,2025-10-08,Merchant 4,43.17,3.665,-11.165,"{'SAVE10','WELCOME'}"
Category 4,2025-10-08,Merchant 5,31.16,3.12,-27.5,{'SAVE10'}
Category 4,2025-10-08,Merchant 6,46.5625,2.3275,-35.065,{'WELCOME'}
Category 4,2025-10-08,Merchant 7,83.72,4.19,44.58,{'WELCOME'}
Category 4,2025-10-08,Merchant 8,100.1,5.01,49.03,{'WELCOME'}
Category 4,2025-10-09,Merchant 10,62.115,3.51,-42.585,"{'NONE','SAVE10'}"
Category 4,2025-10-09,Merchant 11,59.74,2.3,-22.546,"{'NONE','SAVE10','WELCOME'}"
Category 4,2025-10-09,Merchant 12,71.75666666666666,4.523333333333333,-5.633333333333333,"{'NONE','SAVE10','WELCOME'}"
Category 4,2025-10-09,Merchant 13,67.62285714285714,2.3971428571428572,1.0957142857142856,"{'NONE','SAVE10','WELCOME'}"
Category 4,2025-10-09,Merchant 14,62.27153846153846,3.673076923076923,3.3923076923076922,"{'NONE','SAVE10','WELCOME'}"
Category 4,2025-10-09,Merchant 15,71.94,0,-11.18,{'NONE'}
Category 4,2025-10-09,Merchant 16,76.475,0.92,19.1,"{'NONE','WELCOME'}"
Category 4,2025-10-09,Merchant 17,77.872,4.628,34.994,"{'SAVE10','WELCOME'}"
Category 4,2025-10-09,Merchant 18,103.55,10.36,37.72,{'SAVE10'}
Category 4,2025-10-09,Merchant 19,51.945,2.595,-46.87,{'WELCOME'}
Category 4,2025-10-09,Merchant 2,88.61,0,31.64,{'NONE'}
Category 4,2025-10-09,Merchant 3,53.7875,1.815,19.1275,"{'NONE','WELCOME'}"
Category 4,2025-10-09,Merchant 4,58.446666666666665,2.77,-29.553333333333335,"{'NONE','WELCOME'}"
Category 4,2025-10-09,Merchant 5,49.83,3.4,-12.555,"{'SAVE10','WELCOME'}"
Category 4,2025-10-09,Merchant 7,59.22,2.96,21.31,{'WELCOME'}
Category 4,2025-10-10,Merchant 11,76.54333333333334,4.6,-3.97,"{'NONE','SAVE10','WELCOME'}"
Category 4,2025-10-10,Merchant 12,66.72333333333333,1.5816666666666668,12.468333333333334,"{'NONE','SAVE10','WELCOME'}"
Category 4,2025-10-10,Merchant 13,44.14,2.21,-26.12,{'WELCOME'}
Category 4,2025-10-10,Merchant 14,59.54875,3.5625,3.23,"{'NONE','SAVE10','WELCOME'}"
Category 4,2025-10-10,Merchant 16,69.03,4.332,3.034,"{'SAVE10','WELCOME'}"
Category 4,2025-10-10,Merchant 17,49.294285714285714,1.717142857142857,3.9242857142857144,"{'NONE','WELCOME'}"
Category 4,2025-10-10,Merchant 18,32.63285714285714,2.065714285714286,-45.22,"{'NONE','SAVE10','WELCOME'}"
Category 4,2025-10-10,Merchant 19,51.785,4.91,-21.41,"{'SAVE10','WELCOME'}"
Category 4,2025-10-10,Merchant 2,67.63,1.385,14.6025,"{'NONE','SAVE10','WELCOME'}"
Category 4,2025-10-10,Merchant 3,63.61333333333334,3.01,28.416666666666668,"{'NONE','WELCOME'}"
Category 4,2025-10-10,Merchant 4,54.79,0,4.12,{'NONE'}
Category 4,2025-10-10,Merchant 5,54.495,2.325,-10.26,"{'NONE','SAVE10','WELCOME'}"
Category 4,2025-10-10,Merchant 6,45.67,4.57,-38.2,{'SAVE10'}
Category 4,2025-10-10,Merchant 7,27.355,1.985,-9.58,"{'SAVE10','WELCOME'}"
Category 4,2025-10-10,Merchant 8,67.73666666666666,5.023333333333333,16.643333333333334,"{'SAVE10','WELCOME'}"
Category 4,2025-10-11,Merchant 10,10.09,0,-91.1,{'NONE'}
Category 4,2025-10-11,Merchant 12,58.611111111111114,3.1277777777777778,-7.43,"{'NONE','SAVE10','WELCOME'}"
Category 4,2025-10-11,Merchant 13,34.166666666666664,2.78,-32.086666666666666,"{'NONE','SAVE10','WELCOME'}"
Category 4,2025-10-11,Merchant 14,77.28,1.8614285714285714,21.55,"{'NONE','WELCOME'}"
Category 4,2025-10-11,Merchant 15,72,4.68,-15.8,"{'NONE','SAVE10','WELCOME'}"
Category 4,2025-10-11,Merchant 16,68.33142857142857,2.76,22.492857142857144,"{'NONE','WELCOME'}"
Category 4,2025-10-11,Merchant 17,45.942,2.794,11.738,"{'SAVE10','WELCOME'}"
Category 4,2025-10-11,Merchant 18,61.07857142857143,3.4642857142857144,-22.195714285714285,"{'SAVE10','WELCOME'}"
Category 4,2025-10-11,Merchant 19,91.69,9.17,-13.7,{'SAVE10'}
Category 4,2025-10-11,Merchant 2,67.7725,1.45,15.31,"{'NONE','WELCOME'}"
Category 4,2025-10-11,Merchant 3,70.885,3.985,34.75833333333333,"{'NONE','SAVE10','WELCOME'}"
Category 4,2025-10-11,Merchant 5,48.69,1.415,-9.9875,"{'NONE','WELCOME'}"
Category 4,2025-10-11,Merchant 8,34.79,1.74,-13.02,{'WELCOME'}
Category 4,2025-10-12,Merchant 10,95.39,9.54,-15.34,{'SAVE10'}
Category 4,2025-10-12,Merchant 11,58.2175,0.265,-12.87,"{'NONE','WELCOME'}"
Category 4,2025-10-12,Merchant 12,32.318,1.826,-36.256,"{'SAVE10','WELCOME'}"
Category 4,2025-10-12,Merchant 13,11.44,0.57,-43.46,{'WELCOME'}
Category 4,2025-10-12,Merchant 14,54.70545454545454,3.7181818181818183,15.007272727272728,"{'SAVE10','WELCOME'}"
Category 4,2025-10-12,Merchant 15,54.4525,2.0625,-30.73,"{'NONE','WELCOME'}"
Category 4,2025-10-12,Merchant 16,73.95,3.3833333333333333,39.71333333333333,"{'NONE','SAVE10','WELCOME'}"
Category 4,2025-10-12,Merchant 17,61.0275,2.7775,14.015,"{'NONE','SAVE10','WELCOME'}"
Category 4,2025-10-12,Merchant 18,69.6475,3.4825,-21.715,{'WELCOME'}
Category 4,2025-10-12,Merchant 19,47.376666666666665,0.63,-12.226666666666667,"{'NONE','WELCOME'}"
Category 4,2025-10-12,Merchant 2,75.218,3.76,26.77,{'WELCOME'}
Category 4,2025-10-12,Merchant 3,61.124545454545455,2.6809090909090907,26.643636363636364,"{'NONE','SAVE10','WELCOME'}"
Category 4,2025-10-12,Merchant 4,44.06,2.29,-26.18,"{'NONE','SAVE10'}"
Category 4,2025-10-12,Merchant 5,27.095,2.71,-31.155,{'SAVE10'}
Category 4,2025-10-12,Merchant 6,82.64,4.13,-0.79,{'WELCOME'}
Category 4,2025-10-12,Merchant 8,11.59,0,-34.48,{'NONE'}
Category 4,2025-10-13,Merchant 10,47.506,1.772,-55.456,"{'NONE','SAVE10','WELCOME'}"
Category 4,2025-10-13,Merchant 11,56.973333333333336,2.0716666666666668,-21.011666666666667,"{'NONE','SAVE10','WELCOME'}"
Category 4,2025-10-13,Merchant 12,50.845,3.204,-3.005,"{'NONE','SAVE10','WELCOME'}"
Category 4,2025-10-13,Merchant 13,59.72,0.9766666666666667,-0.16,"{'NONE','WELCOME'}"
Category 4,2025-10-13,Merchant 14,39.727777777777774,2.1233333333333335,0.6766666666666666,"{'NONE','SAVE10','WELCOME'}"
Category 4,2025-10-13,Merchant 15,80.36,4.02,-6.78,{'WELCOME'}
Category 4,2025-10-13,Merchant 16,58.68545454545455,1.7863636363636364,22.26090909090909,"{'NONE','SAVE10','WELCOME'}"
Category 4,2025-10-13,Merchant 17,50.85,1.93,-12.49,"{'NONE','WELCOME'}"
Category 4,2025-10-13,Merchant 18,54.04,2.7,-9.035,{'WELCOME'}
Category 4,2025-10-13,Merchant 19,47.505,2.375,-51.09,{'WELCOME'}
Category 4,2025-10-13,Merchant 2,58.1525,2.9125,8.925,"{'NONE','SAVE10','WELCOME'}"
Category 4,2025-10-13,Merchant 3,49.852,2.874,17.6,"{'NONE','SAVE10','WELCOME'}"
Category 4,2025-10-13,Merchant 4,80.76,4.04,26.05,{'WELCOME'}
Category 4,2025-10-13,Merchant 5,49.48,0.972,-9.788,"{'NONE','WELCOME'}"
Category 4,2025-10-13,Merchant 6,56.846666666666664,1.2166666666666666,-23.67,"{'NONE','WELCOME'}"
Category 4,2025-10-13,Merchant 7,51.63666666666666,1.8833333333333333,14.803333333333333,"{'NONE','WELCOME'}"
Category 4,2025-10-13,Merchant 8,82.55,8.26,28.23,{'SAVE10'}
Category 4,2025-10-14,Merchant 10,21.29,1.06,-80.96,{'WELCOME'}
Category 4,2025-10-14,Merchant 11,49.586666666666666,4.3966666666666665,-36.653333333333336,"{'SAVE10','WELCOME'}"
Category 4,2025-10-14,Merchant 12,47.305,2.817,-12.791,"{'NONE','SAVE10','WELCOME'}"
Category 4,2025-10-14,Merchant 13,39.475,1.16,-29.735,"{'NONE','WELCOME'}"
Category 4,2025-10-14,Merchant 14,53.913333333333334,2.0883333333333334,-4.329166666666667,"{'NONE','SAVE10','WELCOME'}"
Category 4,2025-10-14,Merchant 16,31.342,0.81,-3.696,"{'NONE','WELCOME'}"
Category 4,2025-10-14,Merchant 17,52.485,3.435,-16.66,"{'SAVE10','WELCOME'}"
Category 4,2025-10-14,Merchant 18,41.136,2.65,-37.516,"{'NONE','SAVE10','WELCOME'}"
Category 4,2025-10-14,Merchant 19,60.29,3.0166666666666666,-20.323333333333334,{'WELCOME'}
Category 4,2025-10-14,Merchant 2,67.995,1.525,9.5,"{'NONE','WELCOME'}"
Category 4,2025-10-14,Merchant 3,57.45,3.077142857142857,24.685714285714287,"{'NONE','SAVE10','WELCOME'}"
Category 4,2025-10-14,Merchant 4,85.00333333333333,5.91,5.383333333333333,"{'SAVE10','WELCOME'}"
Category 4,2025-10-14,Merchant 5,71.89333333333333,2.1933333333333334,14.16,"{'NONE','SAVE10'}"
Category 4,2025-10-14,Merchant 6,65.07,1.2,-15.43,"{'NONE','WELCOME'}"
Category 4,2025-10-14,Merchant 7,101.44,5.07,61.42,{'WELCOME'}
Category 4,2025-10-15,Merchant 10,53.903333333333336,3.8766666666666665,-51.163333333333334,"{'SAVE10','WELCOME'}"
Category 4,2025-10-15,Merchant 11,75.0925,0,-1.1425,{'NONE'}
Category 4,2025-10-15,Merchant 12,56.206923076923076,2.3576923076923078,-15.277692307692307,"{'NONE','SAVE10','WELCOME'}"
Category 4,2025-10-15,Merchant 13,29.42,0.365,-25.275,"{'NONE','WELCOME'}"
Category 4,2025-10-15,Merchant 14,55.38,4.126666666666667,43.086666666666666,"{'SAVE10','WELCOME'}"
Category 4,2025-10-15,Merchant 15,24.78,2.48,-60.82,{'SAVE10'}
Category 4,2025-10-15,Merchant 16,63.11142857142857,3.4914285714285715,23.838571428571427,"{'NONE','SAVE10','WELCOME'}"
Category 4,2025-10-15,Merchant 17,68.99,2.97,28.91,"{'NONE','WELCOME'}"
Category 4,2025-10-15,Merchant 18,35.938,2.956,-50.376,"{'NONE','SAVE10','WELCOME'}"
Category 4,2025-10-15,Merchant 19,31.51,2.44,-39.215,"{'SAVE10','WELCOME'}"
Category 4,2025-10-15,Merchant 2,71.53,3.355,13.725,"{'NONE','SAVE10'}"
Category 4,2025-10-15,Merchant 4,27.22,1.3366666666666667,-47.82666666666667,"{'NONE','SAVE10','WELCOME'}"
Category 4,2025-10-15,Merchant 5,51.6925,4.3475,-13.3625,"{'SAVE10','WELCOME'}"
Category 4,2025-10-15,Merchant 6,88.17,4.405,4.465,{'WELCOME'}
Category 4,2025-10-15,Merchant 7,104.66,5.23,64.48,{'WELCOME'}
Category 4,2025-10-15,Merchant 8,26.196666666666665,0.5466666666666666,-20.42,"{'NONE','WELCOME'}"
Category 4,2025-10-16,Merchant 10,11.86,0.59,-89.92,{'WELCOME'}
Category 4,2025-10-16,Merchant 11,38.5175,0.6575,-33.9275,"{'NONE','WELCOME'}"
Category 4,2025-10-16,Merchant 12,33.44,2.6533333333333333,-29.601666666666667,"{'SAVE10','WELCOME'}"
Category 4,2025-10-16,Merchant 14,49.904,1.24,16.146,"{'NONE','WELCOME'}"
Category 4,2025-10-16,Merchant 15,58.45,2.92,-27.59,{'WELCOME'}
Category 4,2025-10-16,Merchant 16,51.76,3.303,18.571,"{'NONE','SAVE10','WELCOME'}"
Category 4,2025-10-16,Merchant 17,36.79571428571428,2.73,-19.372857142857143,"{'SAVE10','WELCOME'}"
Category 4,2025-10-16,Merchant 18,57.06,2.112,-14.866,"{'NONE','SAVE10','WELCOME'}"
Category 4,2025-10-16,Merchant 19,61.83,0,-6.455,{'NONE'}
Category 4,2025-10-16,Merchant 2,37.88333333333333,1.5366666666666666,-14.36,"{'NONE','WELCOME'}"
Category 4,2025-10-16,Merchant 3,53.614,5.16,17.01,"{'SAVE10','WELCOME'}"
Category 4,2025-10-16,Merchant 4,37.06,1.85,-15.46,{'WELCOME'}
Category 4,2025-10-16,Merchant 5,26.085,1.805,-31.26,"{'NONE','SAVE10'}"
Category 4,2025-10-16,Merchant 6,29.415,2.94,-52.825,{'SAVE10'}
Category 4,2025-10-16,Merchant 7,29.975,2.42,-7.395,"{'NONE','SAVE10'}"
Category 4,2025-10-16,Merchant 8,104.32,10.43,47.82,{'SAVE10'}
Category 4,2025-10-17,Merchant 10,22.56,0,-78.63,{'NONE'}
Category 4,2025-10-17,Merchant 11,82.24,5.02,-17.77,"{'NONE','SAVE10'}"
Category 4,2025-10-17,Merchant 12,51.02625,3.44875,-5.405,"{'NONE','SAVE10','WELCOME'}"
Category 4,2025-10-17,Merchant 13,44.745,3.625,-20.07,"{'SAVE10','WELCOME'}"
Category 4,2025-10-17,Merchant 14,61.450833333333335,3.485,6.655,"{'NONE','SAVE10','WELCOME'}"
Category 4,2025-10-17,Merchant 15,68.4,4.74,-19.46,"{'SAVE10','WELCOME'}"
Category 4,2025-10-17,Merchant 16,67.9,3.4,53.12,{'WELCOME'}
Category 4,2025-10-17,Merchant 17,46.2225,3.325,7.2125,"{'NONE','SAVE10','WELCOME'}"
Category 4,2025-10-17,Merchant 18,23.855,2.385,-58.675,{'SAVE10'}
Category 4,2025-10-17,Merchant 19,54.53,0.082,-8.25,"{'NONE','WELCOME'}"
Category 4,2025-10-17,Merchant 2,63.678,2.282,13.454,"{'NONE','SAVE10','WELCOME'}"
Category 4,2025-10-17,Merchant 3,82.41,3.38,46.93333333333333,"{'NONE','SAVE10','WELCOME'}"
Category 4,2025-10-17,Merchant 4,64.825,2.2975,-5.4225,"{'NONE','WELCOME'}"
Category 4,2025-10-17,Merchant 5,22.03,1.1,-41.5,{'WELCOME'}
Category 4,2025-10-17,Merchant 6,46.78666666666667,3.026666666666667,-35.54,"{'SAVE10','WELCOME'}"
Category 4,2025-10-17,Merchant 8,39.013333333333335,3.0733333333333333,-10.13,"{'SAVE10','WELCOME'}"
Category 4,2025-10-18,Merchant 10,87.22,8.72,-22.69,{'SAVE10'}
Category 4,2025-10-18,Merchant 11,56.4625,3.2425,-27.4625,"{'NONE','SAVE10','WELCOME'}"
Category 4,2025-10-18,Merchant 12,56.04333333333334,3.2911111111111113,-1.941111111111111,"{'NONE','SAVE10','WELCOME'}"
Category 4,2025-10-18,Merchant 13,87.26333333333334,3.0366666666666666,20.75,"{'NONE','WELCOME'}"
Category 4,2025-10-18,Merchant 14,50.41875,1.225,16.94,"{'NONE','WELCOME'}"
Category 4,2025-10-18,Merchant 15,75.555,3.775,-11.34,{'WELCOME'}
Category 4,2025-10-18,Merchant 16,63.055,4.0275,26.065,"{'NONE','SAVE10','WELCOME'}"
Category 4,2025-10-18,Merchant 17,34.84,1.7433333333333334,-15.446666666666667,{'WELCOME'}
Category 4,2025-10-18,Merchant 18,90.02,4.595,25.05,"{'NONE','SAVE10','WELCOME'}"
Category 4,2025-10-18,Merchant 2,55.08,0.56,8.824,"{'NONE','SAVE10','WELCOME'}"
Category 4,2025-10-18,Merchant 3,57.086,2.734,24.92,"{'NONE','SAVE10','WELCOME'}"
Category 4,2025-10-18,Merchant 4,49.08,2.1166666666666667,-26.746666666666666,"{'NONE','WELCOME'}"
Category 4,2025-10-18,Merchant 5,60.443333333333335,0,2.606666666666667,{'NONE'}
Category 4,2025-10-18,Merchant 6,15.375,1.54,-65.465,{'SAVE10'}
Category 4,2025-10-18,Merchant 7,69.6175,4.42,30.2475,"{'SAVE10','WELCOME'}"
Category 4,2025-10-19,Merchant 10,83.25,8.325,-26.265,{'SAVE10'}
Category 4,2025-10-19,Merchant 11,54.715,3.085,-34.465,"{'NONE','SAVE10'}"
Category 4,2025-10-19,Merchant 12,44.04,2.315,-15.199,"{'NONE','SAVE10','WELCOME'}"
Category 4,2025-10-19,Merchant 13,54.87,0.68,-7,"{'NONE','SAVE10'}"
Category 4,2025-10-19,Merchant 14,40.9025,2.28125,-17.22,"{'NONE','SAVE10','WELCOME'}"
Category 4,2025-10-19,Merchant 16,50.1675,2.205,9.364166666666666,"{'NONE','SAVE10','WELCOME'}"
Category 4,2025-10-19,Merchant 17,72.69857142857143,4.815714285714286,19.35857142857143,"{'NONE','SAVE10','WELCOME'}"
Category 4,2025-10-19,Merchant 18,62.196666666666665,3.4166666666666665,-32.85,"{'NONE','SAVE10','WELCOME'}"
Category 4,2025-10-19,Merchant 19,49.975,3.785,-22.095,"{'NONE','SAVE10'}"
Category 4,2025-10-19,Merchant 2,42.676,3.514,-15.792,"{'NONE','SAVE10','WELCOME'}"
Category 4,2025-10-19,Merchant 3,25.84,2.58,-12.37,{'SAVE10'}
Category 4,2025-10-19,Merchant 4,74.015,3.215,-2.91,"{'NONE','SAVE10','WELCOME'}"
Category 4,2025-10-19,Merchant 5,21.2,1.06,-35.4,{'WELCOME'}
Category 4,2025-10-19,Merchant 6,47.01,1.9,-34.19,"{'NONE','WELCOME'}"
Category 4,2025-10-19,Merchant 8,27.985,1.84,-19.925,"{'SAVE10','WELCOME'}"
Category 4,2025-10-20,Merchant 10,29.9,0,-71.29,{'NONE'}
Category 4,2025-10-20,Merchant 11,47.28,2.36,-50.07,{'WELCOME'}
Category 4,2025-10-20,Merchant 12,57.816,1.522,-19.576,"{'NONE','WELCOME'}"
Category 4,2025-10-20,Merchant 13,28.37,1.42,-41.1,{'WELCOME'}
Category 4,2025-10-20,Merchant 14,22.025714285714287,0.7628571428571429,-37.621428571428574,"{'NONE','SAVE10','WELCOME'}"
Category 4,2025-10-20,Merchant 15,54.345,0,-28.775,{'NONE'}
Category 4,2025-10-20,Merchant 16,39.48,1.873,0.425,"{'NONE','SAVE10','WELCOME'}"
Category 4,2025-10-20,Merchant 17,35.68333333333333,1.0866666666666667,-19.68,"{'NONE','WELCOME'}"
Category 4,2025-10-20,Merchant 18,41.66571428571429,1.9742857142857142,-31.451428571428572,"{'NONE','SAVE10','WELCOME'}"
Category 4,2025-10-20,Merchant 19,49.2025,1.38,7.4725,"{'NONE','WELCOME'}"
Category 4,2025-10-20,Merchant 2,41.195,2.69,-11.781666666666666,"{'NONE','SAVE10','WELCOME'}"
Category 4,2025-10-20,Merchant 3,61.81333333333333,3.09,29.98,{'WELCOME'}
Category 4,2025-10-20,Merchant 4,51.736,3.316,-22.986,"{'SAVE10','WELCOME'}"
Category 4,2025-10-20,Merchant 5,89.05,4.45,22.17,{'WELCOME'}
Category 4,2025-10-20,Merchant 6,11.6,1.16,-68.86,{'SAVE10'}
Category 4,2025-10-20,Merchant 8,91.34,6.59,38.68,"{'SAVE10','WELCOME'}"
Category 4,2025-10-21,Merchant 10,18.62,0.93,-83.5,{'WELCOME'}
Category 4,2025-10-21,Merchant 11,16.535,0.825,-50.665,{'WELCOME'}
Category 4,2025-10-21,Merchant 12,48.69777777777778,2.812222222222222,-8.813333333333333,"{'NONE','SAVE10','WELCOME'}"
Category 4,2025-10-21,Merchant 14,63.62538461538462,2.9007692307692308,4.443076923076923,"{'NONE','SAVE10','WELCOME'}"
Category 4,2025-10-21,Merchant 16,57.891666666666666,1.2566666666666666,4.99,"{'NONE','SAVE10','WELCOME'}"
Category 4,2025-10-21,Merchant 17,34.49,2.0283333333333333,-7.515,"{'SAVE10','WELCOME'}"
Category 4,2025-10-21,Merchant 18,53.754,4.122,-29.496,"{'SAVE10','WELCOME'}"
Category 4,2025-10-21,Merchant 19,26.94,0,-69.28,{'NONE'}
Category 4,2025-10-21,Merchant 2,74.735,1.715,17.31,"{'NONE','WELCOME'}"
Category 4,2025-10-21,Merchant 3,52.635,2.63,19.675,{'WELCOME'}
Category 4,2025-10-21,Merchant 4,77.22,0,26.55,{'NONE'}
Category 4,2025-10-21,Merchant 5,79.97,4.053333333333334,18.08,"{'NONE','SAVE10','WELCOME'}"
Category 4,2025-10-21,Merchant 6,54.41,1.465,-26.355,"{'NONE','WELCOME'}"
Category 4,2025-10-21,Merchant 7,13.41,0,-21.54,{'NONE'}
Category 4,2025-10-21,Merchant 8,47.385,4.075,-2.76,"{'SAVE10','WELCOME'}"
Category 4,2025-10-22,Merchant 11,74.2125,4.63,3.2075,"{'SAVE10','WELCOME'}"
Category 4,2025-10-22,Merchant 12,45.585,4.005,-35.79,"{'SAVE10','WELCOME'}"
Category 4,2025-10-22,Merchant 14,56.845,2.356,-10.13,"{'NONE','SAVE10','WELCOME'}"
Category 4,2025-10-22,Merchant 16,59.205,3.6775,6.92,"{'SAVE10','WELCOME'}"
Category 4,2025-10-22,Merchant 17,59.66,2.374285714285714,6.29,"{'NONE','SAVE10','WELCOME'}"
Category 4,2025-10-22,Merchant 18,48.31142857142857,2.7071428571428573,-34.20857142857143,"{'NONE','SAVE10','WELCOME'}"
Category 4,2025-10-22,Merchant 19,64.08,0,-32.14,{'NONE'}
Category 4,2025-10-22,Merchant 2,62.84875,3.46,8.06125,"{'NONE','SAVE10','WELCOME'}"
Category 4,2025-10-22,Merchant 3,56.418,2.644,24.396,"{'NONE','SAVE10','WELCOME'}"
Category 4,2025-10-22,Merchant 4,66.2875,3.03,-21.9725,"{'NONE','SAVE10','WELCOME'}"
Category 4,2025-10-22,Merchant 5,66.51,4.246666666666667,2.13,"{'NONE','SAVE10','WELCOME'}"
Category 4,2025-10-22,Merchant 6,55.58,2.78,-26.5,{'WELCOME'}
Category 4,2025-10-22,Merchant 7,44.905,1.875,8.08,"{'NONE','WELCOME'}"
Category 4,2025-10-22,Merchant 8,26.59,1.33,-20.81,{'WELCOME'}
Category 4,2025-10-23,Merchant 10,36.34,0.21,-65.06,"{'NONE','WELCOME'}"
Category 4,2025-10-23,Merchant 11,58.755,3.89,-11.51,"{'SAVE10','WELCOME'}"
Category 4,2025-10-23,Merchant 12,49.59,2.48,-8.38,{'WELCOME'}
Category 4,2025-10-23,Merchant 13,75.34666666666666,1.6066666666666667,10.263333333333334,"{'NONE','WELCOME'}"
Category 4,2025-10-23,Merchant 14,41.2,2.7785714285714285,-2.2535714285714286,"{'NONE','SAVE10','WELCOME'}"
Category 4,2025-10-23,Merchant 15,62.6,4.024,-24.544,"{'SAVE10','WELCOME'}"
Category 4,2025-10-23,Merchant 16,52.99,3.0955555555555554,12.035555555555556,"{'SAVE10','WELCOME'}"
Category 4,2025-10-23,Merchant 17,56.17,0,7.66,{'NONE'}
Category 4,2025-10-23,Merchant 18,54.084,3.746,-29.342,"{'NONE','SAVE10','WELCOME'}"
Category 4,2025-10-23,Merchant 19,38.1175,1.2575,-31.425,"{'NONE','WELCOME'}"
Category 4,2025-10-23,Merchant 2,85.355,0,39.04,{'NONE'}
Category 4,2025-10-23,Merchant 3,52.05,2.305,22.768333333333334,"{'NONE','SAVE10','WELCOME'}"
Category 4,2025-10-23,Merchant 4,72.5125,5.9525,7.25,"{'SAVE10','WELCOME'}"
Category 4,2025-10-23,Merchant 5,90.61,6.03,29.043333333333333,"{'SAVE10','WELCOME'}"
Category 4,2025-10-23,Merchant 6,28.36,2.84,-53.78,{'SAVE10'}
Category 4,2025-10-23,Merchant 7,69.01,6.9,27.16,{'SAVE10'}
Category 4,2025-10-23,Merchant 8,59.34,2.26,11.01,"{'NONE','WELCOME'}"
Category 4,2025-10-24,Merchant 10,41.595,2.08,-61.675,{'WELCOME'}
Category 4,2025-10-24,Merchant 11,56.545,2.83,-32.38,{'WELCOME'}
Category 4,2025-10-24,Merchant 12,62.68222222222222,2.411111111111111,10.484444444444444,"{'NONE','SAVE10','WELCOME'}"
Category 4,2025-10-24,Merchant 13,74.755,0.79,16.205,"{'NONE','WELCOME'}"
Category 4,2025-10-24,Merchant 14,47.26733333333333,2.3926666666666665,4.465333333333334,"{'NONE','SAVE10','WELCOME'}"
Category 4,2025-10-24,Merchant 15,37.48,1.87,-47.51,{'WELCOME'}
Category 4,2025-10-24,Merchant 16,41.126666666666665,1.355,-3.3583333333333334,"{'NONE','WELCOME'}"
Category 4,2025-10-24,Merchant 17,40.723333333333336,1.8933333333333333,-9.713333333333333,"{'NONE','SAVE10','WELCOME'}"
Category 4,2025-10-24,Merchant 18,53.64333333333333,1.93,-20.606666666666666,"{'NONE','WELCOME'}"
Category 4,2025-10-24,Merchant 19,39.752,1.896,-24.842,"{'NONE','SAVE10','WELCOME'}"
Category 4,2025-10-24,Merchant 2,75.07285714285715,3.077142857142857,26.122857142857143,"{'NONE','SAVE10','WELCOME'}"
Category 4,2025-10-24,Merchant 3,45.406666666666666,2.68,10.72,"{'NONE','SAVE10','WELCOME'}"
Category 4,2025-10-24,Merchant 4,55.915,3.275,-6.67,"{'SAVE10','WELCOME'}"
Category 4,2025-10-24,Merchant 5,50.84,1.085,-12.675,"{'NONE','SAVE10'}"
Category 4,2025-10-24,Merchant 6,84.61,0,5.31,{'NONE'}
Category 4,2025-10-24,Merchant 7,33.9,1.7,-2.75,{'WELCOME'}
Category 4,2025-10-24,Merchant 8,46.365,4.64,-4.34,{'SAVE10'}
Category 4,2025-10-25,Merchant 11,41.6025,1.23,-35.8625,"{'NONE','SAVE10','WELCOME'}"
Category 4,2025-10-25,Merchant 12,57.54,2.42,-22.42,"{'NONE','SAVE10','WELCOME'}"
Category 4,2025-10-25,Merchant 13,50.378,1.818,-8.514,"{'NONE','SAVE10','WELCOME'}"
Category 4,2025-10-25,Merchant 14,58.165,3.1891666666666665,5.414166666666667,"{'NONE','SAVE10','WELCOME'}"
Category 4,2025-10-25,Merchant 15,29.5,1.475,-55.095,{'WELCOME'}
Category 4,2025-10-25,Merchant 16,53.928,1.986,1.592,"{'NONE','SAVE10','WELCOME'}"
Category 4,2025-10-25,Merchant 17,76.15,3.81,40.93,{'WELCOME'}
Category 4,2025-10-25,Merchant 18,29.38,2.4366666666666665,-55.29333333333334,"{'SAVE10','WELCOME'}"
Category 4,2025-10-25,Merchant 19,77.705,3.885,33.47,{'WELCOME'}
Category 4,2025-10-25,Merchant 2,63.785,3.5725,13.2675,"{'NONE','SAVE10','WELCOME'}"
Category 4,2025-10-25,Merchant 3,61.79,3.09,28.235,{'WELCOME'}
Category 4,2025-10-25,Merchant 4,56.852,2.632,-24.098,"{'NONE','SAVE10','WELCOME'}"
Category 4,2025-10-25,Merchant 5,34.05,1.05,-29.43,"{'NONE','WELCOME'}"
Category 4,2025-10-25,Merchant 6,5.46,0.55,-74.39,{'SAVE10'}
Category 4,2025-10-25,Merchant 7,65.055,1.3,28.805,"{'NONE','WELCOME'}"
Category 4,2025-10-25,Merchant 8,78.55,3.93,28.55,{'WELCOME'}
Category 4,2025-10-26,Merchant 11,24.97,1.25,-62.375,{'WELCOME'}
Category 4,2025-10-26,Merchant 12,56.49,3.968888888888889,-1.9577777777777778,"{'NONE','SAVE10','WELCOME'}"
Category 4,2025-10-26,Merchant 13,41.05,0,-27,{'NONE'}
Category 4,2025-10-26,Merchant 14,53.464285714285715,2.2742857142857145,2.710714285714286,"{'NONE','SAVE10','WELCOME'}"
Category 4,2025-10-26,Merchant 16,49.4075,2.6275,14.1425,"{'NONE','SAVE10','WELCOME'}"
Category 4,2025-10-26,Merchant 17,42.97,1.5283333333333333,-15.685,"{'NONE','SAVE10','WELCOME'}"
Category 4,2025-10-26,Merchant 18,13.515,0.955,-52.71,"{'SAVE10','WELCOME'}"
Category 4,2025-10-26,Merchant 19,87.365,4.99,14.09,"{'NONE','SAVE10'}"
Category 4,2025-10-26,Merchant 2,59.81125,4.11875,2.01625,"{'NONE','SAVE10','WELCOME'}"
Category 4,2025-10-26,Merchant 3,90.555,6.86,53.365,"{'SAVE10','WELCOME'}"
Category 4,2025-10-26,Merchant 4,59.46333333333333,5.44,-19.686666666666667,"{'SAVE10','WELCOME'}"
Category 4,2025-10-26,Merchant 5,34.67,3.13,-24,"{'SAVE10','WELCOME'}"
Category 4,2025-10-26,Merchant 6,15.85,0.79,-64.24,{'WELCOME'}
Category 4,2025-10-26,Merchant 7,63.24,0,28.29,{'NONE'}
Category 4,2025-10-26,Merchant 8,39.81,1.99,-8.25,{'WELCOME'}
Category 4,2025-10-27,Merchant 10,56.69,2.26,-46.76,"{'NONE','WELCOME'}"
Category 4,2025-10-27,Merchant 11,56.156666666666666,2.8066666666666666,-16.633333333333333,{'WELCOME'}
Category 4,2025-10-27,Merchant 12,73.51166666666667,4.463333333333333,14.353333333333333,"{'SAVE10','WELCOME'}"
Category 4,2025-10-27,Merchant 13,59.32333333333333,2.966666666666667,-2.546666666666667,{'WELCOME'}
Category 4,2025-10-27,Merchant 14,40.88090909090909,2.3754545454545455,-29.59,"{'NONE','SAVE10','WELCOME'}"
Category 4,2025-10-27,Merchant 15,88.92,4.45,1.35,{'WELCOME'}
Category 4,2025-10-27,Merchant 16,50.062,1.936,1.164,"{'NONE','WELCOME'}"
Category 4,2025-10-27,Merchant 17,53.848,2.126,-0.268,"{'NONE','WELCOME'}"
Category 4,2025-10-27,Merchant 18,54.924,0.732,-17.028,"{'NONE','WELCOME'}"
Category 4,2025-10-27,Merchant 19,79.475,2.385,8.805,"{'NONE','WELCOME'}"
Category 4,2025-10-27,Merchant 2,44.712,2.569,-4.676,"{'NONE','SAVE10','WELCOME'}"
Category 4,2025-10-27,Merchant 3,71.1775,3.205,34.95875,"{'NONE','SAVE10','WELCOME'}"
Category 4,2025-10-27,Merchant 4,77.22666666666667,7.723333333333334,-4.206666666666667,{'SAVE10'}
Category 4,2025-10-27,Merchant 5,37.48,1.9366666666666668,-22.293333333333333,"{'NONE','SAVE10','WELCOME'}"
Category 4,2025-10-27,Merchant 6,92.28,4.61,8.37,{'WELCOME'}
Category 4,2025-10-27,Merchant 7,86.105,8.615,42.545,{'SAVE10'}
Category 4,2025-10-27,Merchant 8,90.7,9.07,35.56,{'SAVE10'}
Category 4,2025-10-28,Merchant 10,59.09,5.91,-48.01,{'SAVE10'}
Category 4,2025-10-28,Merchant 11,60.865,3.1175,-13.075,"{'NONE','SAVE10','WELCOME'}"
Category 4,2025-10-28,Merchant 12,50.045,1.95,0.41,"{'NONE','WELCOME'}"
Category 4,2025-10-28,Merchant 13,58.008,2.194,-1.26,"{'NONE','SAVE10','WELCOME'}"
Category 4,2025-10-28,Merchant 14,53.334,2.908,24.716,"{'NONE','SAVE10','WELCOME'}"
Category 4,2025-10-28,Merchant 16,40.13444444444445,1.4655555555555555,1.2944444444444445,"{'NONE','SAVE10','WELCOME'}"
Category 4,2025-10-28,Merchant 18,39.65,2.145,-62.7075,"{'NONE','SAVE10','WELCOME'}"
Category 4,2025-10-28,Merchant 19,36.452,2.964,-29.21,"{'NONE','SAVE10','WELCOME'}"
Category 4,2025-10-28,Merchant 2,44.98166666666667,1.85,-9.446666666666667,"{'NONE','SAVE10','WELCOME'}"
Category 4,2025-10-28,Merchant 3,34.69,1.85,0.7433333333333333,"{'SAVE10','WELCOME'}"
Category 4,2025-10-28,Merchant 4,85.88666666666667,2.5933333333333333,21.10333333333333,"{'NONE','WELCOME'}"
Category 4,2025-10-28,Merchant 5,40.595,2.835,-21.225,"{'SAVE10','WELCOME'}"
Category 4,2025-10-28,Merchant 6,12.45,0.62,-67.47,{'WELCOME'}
Category 4,2025-10-28,Merchant 7,52.05,2.6,14.5,{'WELCOME'}
Category 4,2025-10-29,Merchant 10,97.6,4.88,-8.47,{'WELCOME'}
Category 4,2025-10-29,Merchant 11,32.593333333333334,0.68,-51.21666666666667,"{'NONE','SAVE10','WELCOME'}"
Category 4,2025-10-29,Merchant 12,56.73833333333334,3.625,-8.48,"{'SAVE10','WELCOME'}"
Category 4,2025-10-29,Merchant 13,62.06666666666667,3.4766666666666666,-4.886666666666667,"{'NONE','SAVE10'}"
Category 4,2025-10-29,Merchant 14,51.569,3.728,-23.622,"{'NONE','SAVE10','WELCOME'}"
Category 4,2025-10-29,Merchant 16,66.48,5.57,20.235,"{'SAVE10','WELCOME'}"
Category 4,2025-10-29,Merchant 17,77.836,3.746,28.98,"{'NONE','SAVE10','WELCOME'}"
Category 4,2025-10-29,Merchant 18,75.305,5.956666666666667,1.9233333333333333,"{'NONE','SAVE10','WELCOME'}"
Category 4,2025-10-29,Merchant 19,101.37,10.14,-4.99,{'SAVE10'}
Category 4,2025-10-29,Merchant 2,41.955,0.14,-15.155,"{'NONE','WELCOME'}"
Category 4,2025-10-29,Merchant 3,68.022,4.816,33.828,"{'NONE','SAVE10','WELCOME'}"
Category 4,2025-10-29,Merchant 4,58.445,2.5775,-12.0825,"{'NONE','SAVE10','WELCOME'}"
Category 4,2025-10-29,Merchant 5,44.915,0,-14.07,{'NONE'}
Category 4,2025-10-29,Merchant 6,70.37,4.046666666666667,-12.976666666666667,"{'NONE','SAVE10','WELCOME'}"
Category 4,2025-10-29,Merchant 7,36.656666666666666,2.4066666666666667,-0.7,"{'SAVE10','WELCOME'}"
Category 4,2025-10-30,Merchant 11,74.3325,3.925,-0.415,"{'NONE','SAVE10','WELCOME'}"
Category 4,2025-10-30,Merchant 12,59.776666666666664,3.8066666666666666,1.3783333333333334,"{'NONE','SAVE10','WELCOME'}"
Category 4,2025-10-30,Merchant 13,61.676,5.884,-9.514,"{'SAVE10','WELCOME'}"
Category 4,2025-10-30,Merchant 14,42.583333333333336,2.13,-34.4,{'WELCOME'}
Category 4,2025-10-30,Merchant 15,10.89,0,-72.23,{'NONE'}
Category 4,2025-10-30,Merchant 16,68.32666666666667,3.5233333333333334,21.675,"{'NONE','SAVE10','WELCOME'}"
Category 4,2025-10-30,Merchant 17,78.678,3.402,16.428,"{'NONE','WELCOME'}"
Category 4,2025-10-30,Merchant 18,64.61,3.422,-8.074,"{'NONE','SAVE10','WELCOME'}"
Category 4,2025-10-30,Merchant 19,31.51,1.58,-66.29,{'WELCOME'}
Category 4,2025-10-30,Merchant 2,57.786,4.27,1.816,"{'SAVE10','WELCOME'}"
Category 4,2025-10-30,Merchant 3,86.21,1.7,59.21,"{'NONE','WELCOME'}"
Category 4,2025-10-30,Merchant 4,66.56,5.7925,1.4575,"{'SAVE10','WELCOME'}"
Category 4,2025-10-30,Merchant 5,90.85666666666667,3.36,25.066666666666666,"{'NONE','WELCOME'}"
Category 4,2025-10-30,Merchant 7,43.0225,1.7275,6.345,"{'NONE','SAVE10','WELCOME'}"
Category 4,2025-10-31,Merchant 11,98.265,4.915,26.975,{'WELCOME'}
Category 4,2025-10-31,Merchant 12,56.13,2.3145454545454545,3.3527272727272726,"{'NONE','SAVE10','WELCOME'}"
Category 4,2025-10-31,Merchant 13,45.376666666666665,1.825,-17.636666666666667,"{'NONE','SAVE10','WELCOME'}"
Category 4,2025-10-31,Merchant 14,50.886,2.414,5.34,"{'NONE','SAVE10','WELCOME'}"
Category 4,2025-10-31,Merchant 15,38.03333333333333,1.9,-46.986666666666665,{'WELCOME'}
Category 4,2025-10-31,Merchant 16,55.376,2.774,-18.404,"{'NONE','SAVE10','WELCOME'}"
Category 4,2025-10-31,Merchant 17,58.8275,1.9825,12.585,"{'NONE','WELCOME'}"
Category 4,2025-10-31,Merchant 18,34.9375,2.2025,-45.26,"{'SAVE10','WELCOME'}"
Category 4,2025-10-31,Merchant 19,42.24,0,-53.98,{'NONE'}
Category 4,2025-10-31,Merchant 2,52.01428571428571,2.005714285714286,-2.837142857142857,"{'NONE','SAVE10','WELCOME'}"
Category 4,2025-10-31,Merchant 3,97.15,4.86,56.93,{'WELCOME'}
Category 4,2025-10-31,Merchant 4,46.4,0,-4.27,{'NONE'}
Category 4,2025-10-31,Merchant 5,48.07,2.8875,-10.3575,"{'NONE','SAVE10','WELCOME'}"
Category 4,2025-10-31,Merchant 6,95.16,0,15.86,{'NONE'}
Category 4,2025-10-31,Merchant 7,76.715,3.835,37.93,{'WELCOME'}
Category 4,2025-10-31,Merchant 8,78.93,3.95,28.91,{'WELCOME'}
Category 4,2025-11-01,Merchant 10,53.0125,1.8475,-50.025,"{'NONE','SAVE10','WELCOME'}"
Category 4,2025-11-01,Merchant 11,41.135,2.495,-46.49,"{'SAVE10','WELCOME'}"
Category 4,2025-11-01,Merchant 12,55.19888888888889,2.381111111111111,2.798888888888889,"{'NONE','SAVE10','WELCOME'}"
Category 4,2025-11-01,Merchant 13,66.79,0.745,4.855,"{'NONE','WELCOME'}"
Category 4,2025-11-01,Merchant 14,48.114615384615384,2.4092307692307693,-0.8592307692307692,"{'NONE','SAVE10','WELCOME'}"
Category 4,2025-11-01,Merchant 15,81.94,4.1,-5.28,{'WELCOME'}
Category 4,2025-11-01,Merchant 16,64.95375,3.84125,12.87375,"{'NONE','SAVE10','WELCOME'}"
Category 4,2025-11-01,Merchant 17,52.95,3.986666666666667,11.853333333333333,"{'SAVE10','WELCOME'}"
Category 4,2025-11-01,Merchant 18,49.95,4.333333333333333,-22.98,"{'SAVE10','WELCOME'}"
Category 4,2025-11-01,Merchant 19,100.15,5.01,54.79,{'WELCOME'}
Category 4,2025-11-01,Merchant 2,59.875,4.495,8.435,"{'SAVE10','WELCOME'}"
Category 4,2025-11-01,Merchant 3,62.48,2.476,26.602,"{'NONE','WELCOME'}"
Category 4,2025-11-01,Merchant 4,70.01428571428572,2.092857142857143,2.44,"{'NONE','SAVE10','WELCOME'}"
Category 4,2025-11-01,Merchant 5,82.995,6.66,13.905,"{'SAVE10','WELCOME'}"
Category 4,2025-11-01,Merchant 6,53.95,4.07,-29.42,"{'SAVE10','WELCOME'}"
Category 4,2025-11-01,Merchant 8,38.41,1.92,-9.58,{'WELCOME'}
Category 4,2025-11-02,Merchant 10,87.84,0,-13.35,{'NONE'}
Category 4,2025-11-02,Merchant 11,18.99,1.575,-57.855,"{'SAVE10','WELCOME'}"
Category 4,2025-11-02,Merchant 12,30.154,1.586,-31.632,"{'SAVE10','WELCOME'}"
Category 4,2025-11-02,Merchant 13,50.125,1.32,-12.385,"{'NONE','WELCOME'}"
Category 4,2025-11-02,Merchant 14,56.552,2.37,8.267,"{'NONE','SAVE10','WELCOME'}"
Category 4,2025-11-02,Merchant 15,16.79,1.07,-67.4,"{'NONE','SAVE10'}"
Category 4,2025-11-02,Merchant 16,54.72,2.88,-6.542,"{'NONE','SAVE10','WELCOME'}"
Category 4,2025-11-02,Merchant 17,45.39666666666667,1.39,12.596666666666668,"{'NONE','SAVE10','WELCOME'}"
Category 4,2025-11-02,Merchant 18,51.7225,2.12,-28.0475,"{'NONE','SAVE10','WELCOME'}"
Category 4,2025-11-02,Merchant 2,44.24333333333333,0.51,-10.716666666666667,"{'NONE','WELCOME'}"
Category 4,2025-11-02,Merchant 3,55.92888888888889,3.232222222222222,24.043333333333333,"{'SAVE10','WELCOME'}"
Category 4,2025-11-02,Merchant 4,23.11,1.605,-63.725,"{'SAVE10','WELCOME'}"
Category 4,2025-11-02,Merchant 5,66.37,2.05,4.1866666666666665,"{'NONE','WELCOME'}"
Category 4,2025-11-02,Merchant 6,55.285,1.49,-25.505,"{'NONE','WELCOME'}"
Category 4,2025-11-02,Merchant 7,64.36,4.79,24.62,"{'SAVE10','WELCOME'}"
Category 4,2025-11-02,Merchant 8,59.49666666666667,2.2333333333333334,11.193333333333333,"{'NONE','WELCOME'}"
Category 4,2025-11-03,Merchant 10,53.61,2.68,-50.26,{'WELCOME'}
Category 4,2025-11-03,Merchant 11,48.985,2.2583333333333333,-29.186666666666667,"{'NONE','WELCOME'}"
Category 4,2025-11-03,Merchant 12,44.07,3.26,0.6216666666666667,"{'NONE','SAVE10','WELCOME'}"
Category 4,2025-11-03,Merchant 13,35.16,1.76,-20.93,{'WELCOME'}
Category 4,2025-11-03,Merchant 14,64.5425,3.2775,5.02,"{'NONE','SAVE10','WELCOME'}"
Category 4,2025-11-03,Merchant 15,29.05,1.45,-55.52,{'WELCOME'}
Category 4,2025-11-03,Merchant 16,47.95666666666666,2.34,5.405,"{'NONE','SAVE10','WELCOME'}"
Category 4,2025-11-03,Merchant 17,69.81,3.49,0.61,{'WELCOME'}
Category 4,2025-11-03,Merchant 18,47.336,1.728,-37.75,"{'NONE','WELCOME'}"
Category 4,2025-11-03,Merchant 19,81.175,4.6575,8.2325,"{'NONE','SAVE10','WELCOME'}"
Category 4,2025-11-03,Merchant 2,42.32333333333333,1.8433333333333333,-14.81,"{'NONE','SAVE10','WELCOME'}"
Category 4,2025-11-03,Merchant 3,30.325,0.935,-6.105,"{'NONE','SAVE10'}"
Category 4,2025-11-03,Merchant 4,51,4.365,-4.035,"{'SAVE10','WELCOME'}"
Category 4,2025-11-03,Merchant 5,70.26,2.42,8.855,"{'NONE','WELCOME'}"
Category 4,2025-11-03,Merchant 6,52.835,0.325,-26.79,"{'NONE','WELCOME'}"
Category 4,2025-11-03,Merchant 7,77.26,3.86,38.45,{'WELCOME'}
Category 4,2025-11-04,Merchant 10,48.165,0.24,-53.265,"{'NONE','WELCOME'}"
Category 4,2025-11-04,Merchant 11,62.58857142857143,3.1157142857142857,-7.897142857142857,"{'NONE','SAVE10','WELCOME'}"
Category 4,2025-11-04,Merchant 12,72.5188888888889,4.0777777777777775,17.63,"{'SAVE10','WELCOME'}"
Category 4,2025-11-04,Merchant 13,51.85,4.446666666666666,-11.5,"{'SAVE10','WELCOME'}"
Category 4,2025-11-04,Merchant 14,83.36166666666666,3.3183333333333334,24.155,"{'NONE','SAVE10','WELCOME'}"
Category 4,2025-11-04,Merchant 15,41.62,2.08,-43.58,{'WELCOME'}
Category 4,2025-11-04,Merchant 16,58.036,2.872,12.032,"{'NONE','SAVE10','WELCOME'}"
Category 4,2025-11-04,Merchant 17,66.354,4.108,10.278,"{'SAVE10','WELCOME'}"
Category 4,2025-11-04,Merchant 18,44.225,2.21,-23.6475,{'WELCOME'}
Category 4,2025-11-04,Merchant 19,75.8,3.79,13.036666666666667,{'WELCOME'}
Category 4,2025-11-04,Merchant 2,95.925,0,48.35,{'NONE'}
Category 4,2025-11-04,Merchant 3,11.473333333333333,0.69,-21.313333333333333,"{'SAVE10','WELCOME'}"
Category 4,2025-11-04,Merchant 4,13.71,0.69,-37.65,{'WELCOME'}
Category 4,2025-11-04,Merchant 5,39.475,2.415,-21.925,"{'SAVE10','WELCOME'}"
Category 4,2025-11-04,Merchant 6,21.57,2.16,-59.89,{'SAVE10'}
Category 4,2025-11-04,Merchant 8,39.48,1.97,-8.56,{'WELCOME'}
Category 4,2025-11-05,Merchant 11,42.42,2.864,-33.935,"{'NONE','SAVE10','WELCOME'}"
Category 4,2025-11-05,Merchant 12,81.728,3.958,12.71,"{'NONE','SAVE10','WELCOME'}"
Category 4,2025-11-05,Merchant 14,80.315,2.565,32.315,"{'NONE','WELCOME'}"
Category 4,2025-11-05,Merchant 16,53.34285714285714,3.09,18.37857142857143,"{'NONE','SAVE10','WELCOME'}"
Category 4,2025-11-05,Merchant 17,50.3325,1.6475,0.15,"{'NONE','WELCOME'}"
Category 4,2025-11-05,Merchant 18,53.308,1.858,-38.096,"{'NONE','WELCOME'}"
Category 4,2025-11-05,Merchant 19,59.955,0.5625,-8.8925,"{'NONE','WELCOME'}"
Category 4,2025-11-05,Merchant 2,41.266666666666666,2.455,-4.791666666666667,"{'SAVE10','WELCOME'}"
Category 4,2025-11-05,Merchant 3,62.138,4.766,23.916,"{'SAVE10','WELCOME'}"
Category 4,2025-11-05,Merchant 4,65.04,1.875,-4.785,"{'NONE','WELCOME'}"
Category 4,2025-11-05,Merchant 5,50.2225,2.855,-11.6175,"{'SAVE10','WELCOME'}"
Category 4,2025-11-05,Merchant 6,67.68,5.055,-16.675,"{'SAVE10','WELCOME'}"
Category 4,2025-11-06,Merchant 10,57.3,0.705,-44.595,"{'NONE','WELCOME'}"
Category 4,2025-11-06,Merchant 11,70.63857142857142,2.0357142857142856,-4.952857142857143,"{'NONE','SAVE10','WELCOME'}"
Category 4,2025-11-06,Merchant 12,60.195,3.3,5.183,"{'NONE','SAVE10','WELCOME'}"
Category 4,2025-11-06,Merchant 13,63.51,1.46,0.86,"{'NONE','WELCOME'}"
Category 4,2025-11-06,Merchant 14,49.642,2.077,-3.604,"{'NONE','SAVE10','WELCOME'}"
Category 4,2025-11-06,Merchant 15,40.8,2.04,-44.36,{'WELCOME'}
Category 4,2025-11-06,Merchant 16,71.28555555555556,2.811111111111111,19.74888888888889,"{'NONE','SAVE10','WELCOME'}"
Category 4,2025-11-06,Merchant 17,55.2425,3.83,7.1525,"{'NONE','SAVE10'}"
Category 4,2025-11-06,Merchant 18,57.15625,2.33875,-20.87875,"{'NONE','SAVE10','WELCOME'}"
Category 4,2025-11-06,Merchant 19,45.461666666666666,1.7733333333333332,-24.596666666666668,"{'NONE','WELCOME'}"
Category 4,2025-11-06,Merchant 2,61.04333333333334,4.886666666666667,7.13,"{'SAVE10','WELCOME'}"
Category 4,2025-11-06,Merchant 3,63.845,0,31,{'NONE'}
Category 4,2025-11-06,Merchant 5,54.016666666666666,1.6,-7.716666666666667,"{'NONE','WELCOME'}"
Category 4,2025-11-06,Merchant 6,62.62,6.265,-22.945,{'SAVE10'}
Category 4,2025-11-06,Merchant 7,66.85,3.34,28.56,{'WELCOME'}
Category 4,2025-11-07,Merchant 10,45.625,0,-55.565,{'NONE'}
Category 4,2025-11-07,Merchant 11,51.69,1.762,-30.058,"{'NONE','SAVE10','WELCOME'}"
Category 4,2025-11-07,Merchant 12,63.01888888888889,4.168888888888889,8.905555555555555,"{'NONE','SAVE10','WELCOME'}"
Category 4,2025-11-07,Merchant 13,69.2175,5.4225,-0.825,"{'NONE','SAVE10','WELCOME'}"
Category 4,2025-11-07,Merchant 14,47.41916666666667,1.9983333333333333,-4.755833333333333,"{'NONE','SAVE10','WELCOME'}"
Category 4,2025-11-07,Merchant 15,82.94,8.29,-8.47,{'SAVE10'}
Category 4,2025-11-07,Merchant 16,44.81,3.166,1.07,"{'NONE','SAVE10','WELCOME'}"
Category 4,2025-11-07,Merchant 17,51.54,2.974,-3.402,"{'NONE','SAVE10','WELCOME'}"
Category 4,2025-11-07,Merchant 18,50.6625,2.185,-14.7375,"{'NONE','SAVE10','WELCOME'}"
Category 4,2025-11-07,Merchant 19,54.655,2.2575,-15.8875,"{'NONE','SAVE10','WELCOME'}"
Category 4,2025-11-07,Merchant 2,52.684285714285714,2.5642857142857145,1.562857142857143,"{'NONE','SAVE10','WELCOME'}"
Category 4,2025-11-07,Merchant 3,69.91333333333333,3.4833333333333334,34.42333333333333,"{'NONE','SAVE10','WELCOME'}"
Category 4,2025-11-07,Merchant 4,52.66,2.63,-35.2,{'WELCOME'}
Category 4,2025-11-07,Merchant 6,8.29,0.83,-71.84,{'SAVE10'}
Category 4,2025-11-07,Merchant 7,95.32,4.77,55.6,{'WELCOME'}
Category 4,2025-11-07,Merchant 8,55.21333333333333,2.763333333333333,6.38,{'WELCOME'}
Category 4,2025-11-08,Merchant 10,60.87,4.195,-44.515,"{'SAVE10','WELCOME'}"
Category 4,2025-11-08,Merchant 11,69.57,3.48,-11.11,{'WELCOME'}
Category 4,2025-11-08,Merchant 12,56.614,2.533,-4.281,"{'NONE','SAVE10','WELCOME'}"
Category 4,2025-11-08,Merchant 13,10.89,1.09,-44.53,{'SAVE10'}
Category 4,2025-11-08,Merchant 14,61.31777777777778,3.062222222222222,11.125555555555556,"{'NONE','SAVE10','WELCOME'}"
Category 4,2025-11-08,Merchant 15,76.01,7.6,-14.71,{'SAVE10'}
Category 4,2025-11-08,Merchant 16,54.302,1.216,15.862,"{'NONE','SAVE10','WELCOME'}"
Category 4,2025-11-08,Merchant 17,66.774,4.266,7.098,"{'SAVE10','WELCOME'}"
Category 4,2025-11-08,Merchant 18,25.856666666666666,1.5966666666666667,-48.06,"{'SAVE10','WELCOME'}"
Category 4,2025-11-08,Merchant 19,53.12,1.0083333333333333,2.45,"{'NONE','WELCOME'}"
Category 4,2025-11-08,Merchant 2,58.85,3.4325,3.145,"{'SAVE10','WELCOME'}"
Category 4,2025-11-08,Merchant 3,94.35,2.225,56.63,"{'NONE','WELCOME'}"
Category 4,2025-11-08,Merchant 4,52.66,1.7275,-25.6575,"{'NONE','SAVE10','WELCOME'}"
Category 4,2025-11-08,Merchant 5,44.06333333333333,0.6066666666666667,-16.676666666666666,"{'NONE','SAVE10'}"
Category 4,2025-11-08,Merchant 6,68.145,4.635,-15.785,"{'SAVE10','WELCOME'}"
Category 5,2025-09-09,Merchant 10,68.6,3.43,-26.97,{'WELCOME'}
Category 5,2025-09-09,Merchant 12,84.53,4.23,67.96,{'WELCOME'}
Category 5,2025-09-09,Merchant 13,49.8,0,-2.25,{'NONE'}
Category 5,2025-09-09,Merchant 15,8.99,0.45,-7.62,{'WELCOME'}
Category 5,2025-09-09,Merchant 16,39.85,1.99,-34.16,{'WELCOME'}
Category 5,2025-09-09,Merchant 17,27.75,1.39,-36.56,{'WELCOME'}
Category 5,2025-09-09,Merchant 18,81.58,0,28.03,{'NONE'}
Category 5,2025-09-09,Merchant 19,50.295,3.48,1.51,"{'SAVE10','WELCOME'}"
Category 5,2025-09-09,Merchant 3,61.03,6.1,-8.36,{'SAVE10'}
Category 5,2025-09-09,Merchant 4,48.375,2.725,21.23,"{'SAVE10','WELCOME'}"
Category 5,2025-09-09,Merchant 5,100.28,5.01,11.65,{'WELCOME'}
Category 5,2025-09-09,Merchant 8,74.3,1.23,0.01,"{'NONE','WELCOME'}"
Category 5,2025-09-10,Merchant 10,12.41,0.62,5.94,{'WELCOME'}
Category 5,2025-09-10,Merchant 11,86.985,8.7,70.84,{'SAVE10'}
Category 5,2025-09-10,Merchant 12,40.52,1.27,-23.16,"{'NONE','SAVE10','WELCOME'}"
Category 5,2025-09-10,Merchant 13,52.90833333333333,3.5733333333333333,-5.41,"{'SAVE10','WELCOME'}"
Category 5,2025-09-10,Merchant 14,46.26857142857143,2.4135714285714287,-27.885714285714286,"{'NONE','SAVE10','WELCOME'}"
Category 5,2025-09-10,Merchant 15,45.21,1.7342857142857142,28.722857142857144,"{'NONE','WELCOME'}"
Category 5,2025-09-10,Merchant 16,30.763333333333332,2.8766666666666665,-73.67333333333333,"{'SAVE10','WELCOME'}"
Category 5,2025-09-10,Merchant 17,22.99,0,-39.93,{'NONE'}
Category 5,2025-09-10,Merchant 18,59.75375,2.8125,15.00625,"{'NONE','SAVE10','WELCOME'}"
Category 5,2025-09-10,Merchant 19,69.06875,2.82,7.2625,"{'NONE','SAVE10','WELCOME'}"
Category 5,2025-09-10,Merchant 2,84.76,4.235,10.385,{'WELCOME'}
Category 5,2025-09-10,Merchant 20,8.41,0.42,-5.05,{'WELCOME'}
Category 5,2025-09-10,Merchant 3,60.39,3.47,-26.145,"{'NONE','SAVE10'}"
Category 5,2025-09-10,Merchant 4,75.15333333333334,2.6933333333333334,47.413333333333334,"{'NONE','SAVE10','WELCOME'}"
Category 5,2025-09-10,Merchant 5,51.3275,3.9225,-5.135,"{'NONE','SAVE10','WELCOME'}"
Category 5,2025-09-10,Merchant 6,89.61666666666666,7.3966666666666665,31.59,"{'SAVE10','WELCOME'}"
Category 5,2025-09-10,Merchant 7,56.151428571428575,2.9557142857142855,20.645714285714284,"{'NONE','SAVE10','WELCOME'}"
Category 5,2025-09-10,Merchant 8,64.26,1.7066666666666668,-17.55666666666667,"{'NONE','WELCOME'}"
Category 5,2025-09-10,Merchant 9,45.60666666666667,3.6333333333333333,-60.156666666666666,"{'SAVE10','WELCOME'}"
Category 5,2025-09-11,Merchant 10,64.065,2.69,12.8025,"{'NONE','SAVE10','WELCOME'}"
Category 5,2025-09-11,Merchant 11,98.33,4.92,85.96,{'WELCOME'}
Category 5,2025-09-11,Merchant 12,67.54666666666667,2.8666666666666667,29.32,"{'NONE','WELCOME'}"
Category 5,2025-09-11,Merchant 13,44.966,3.882,-24.672,"{'SAVE10','WELCOME'}"
Category 5,2025-09-11,Merchant 14,65.17647058823529,3.0788235294117645,-16.231176470588235,"{'NONE','SAVE10','WELCOME'}"
Category 5,2025-09-11,Merchant 15,63.58,1.4,50.94,"{'NONE','WELCOME'}"
Category 5,2025-09-11,Merchant 16,44.403,1.534,-0.473,"{'NONE','SAVE10','WELCOME'}"
Category 5,2025-09-11,Merchant 18,48.848333333333336,2.1566666666666667,2.55,"{'NONE','SAVE10','WELCOME'}"
Category 5,2025-09-11,Merchant 19,52.171,3.069,-11.587,"{'NONE','SAVE10','WELCOME'}"
Category 5,2025-09-11,Merchant 2,55.83,2.79,-1.58,{'WELCOME'}
Category 5,2025-09-11,Merchant 4,18.15,1.68,-43.31,"{'SAVE10','WELCOME'}"
Category 5,2025-09-11,Merchant 5,61.5825,1.0325,38.58,"{'NONE','WELCOME'}"
Category 5,2025-09-11,Merchant 6,83.258,5.304,23.444,"{'NONE','SAVE10'}"
Category 5,2025-09-11,Merchant 7,40.74,2.04,9.22,{'WELCOME'}
Category 5,2025-09-11,Merchant 8,58.79625,2.63125,-23.97125,"{'NONE','SAVE10','WELCOME'}"
Category 5,2025-09-11,Merchant 9,62.45,4.4225,-27.1475,"{'NONE','SAVE10','WELCOME'}"
Category 5,2025-09-12,Merchant 10,68.9075,1.95,29.3825,"{'NONE','SAVE10','WELCOME'}"
Category 5,2025-09-12,Merchant 11,69.44,3.47,58.52,{'WELCOME'}
Category 5,2025-09-12,Merchant 12,66.336,2.554,20.982,"{'NONE','SAVE10','WELCOME'}"
Category 5,2025-09-12,Merchant 13,74.70666666666666,3.7533333333333334,14.1,"{'NONE','SAVE10','WELCOME'}"
Category 5,2025-09-12,Merchant 14,66.51692307692308,3.319230769230769,-14.7,"{'NONE','SAVE10','WELCOME'}"
Category 5,2025-09-12,Merchant 15,54.36333333333334,2.716666666666667,37.126666666666665,{'WELCOME'}
Category 5,2025-09-12,Merchant 16,67.0425,4.4325,-4.77875,"{'NONE','SAVE10','WELCOME'}"
Category 5,2025-09-12,Merchant 18,49.665,2.795,-23.4225,"{'NONE','SAVE10','WELCOME'}"
Category 5,2025-09-12,Merchant 19,65.44333333333333,2.18,-7.93,"{'NONE','SAVE10','WELCOME'}"
Category 5,2025-09-12,Merchant 2,57.1325,1.6525,0.86,"{'NONE','WELCOME'}"
Category 5,2025-09-12,Merchant 20,50.098571428571425,0.9514285714285714,36.107142857142854,"{'NONE','SAVE10','WELCOME'}"
Category 5,2025-09-12,Merchant 3,83.00666666666666,1.53,5.006666666666667,"{'NONE','WELCOME'}"
Category 5,2025-09-12,Merchant 4,37.88333333333333,2.216666666666667,13.126666666666667,"{'SAVE10','WELCOME'}"
Category 5,2025-09-12,Merchant 5,48.11,3.2025,-22.725,"{'NONE','SAVE10','WELCOME'}"
Category 5,2025-09-12,Merchant 6,62.61,6.26,-4.79,{'SAVE10'}
Category 5,2025-09-12,Merchant 8,70.256,1.774,4.71,"{'NONE','WELCOME'}"
Category 5,2025-09-12,Merchant 9,49.483333333333334,1.1933333333333334,-8.626666666666667,"{'NONE','WELCOME'}"
Category 5,2025-09-13,Merchant 10,45.58,4.56,35.17,{'SAVE10'}
Category 5,2025-09-13,Merchant 12,71.97857142857143,5.11,16.052857142857142,"{'NONE','SAVE10','WELCOME'}"
Category 5,2025-09-13,Merchant 13,58.833333333333336,5.176666666666667,-25.453333333333333,"{'SAVE10','WELCOME'}"
Category 5,2025-09-13,Merchant 14,58.22666666666667,2.356666666666667,-21.875833333333333,"{'NONE','SAVE10','WELCOME'}"
Category 5,2025-09-13,Merchant 15,63.645,2.155,50.25,"{'NONE','WELCOME'}"
Category 5,2025-09-13,Merchant 16,60.862857142857145,4.3757142857142854,-2.7014285714285715,"{'NONE','SAVE10','WELCOME'}"
Category 5,2025-09-13,Merchant 17,71.62,3.58,5.12,{'WELCOME'}
Category 5,2025-09-13,Merchant 18,68.27714285714286,5.642857142857143,9.404285714285715,"{'NONE','SAVE10','WELCOME'}"
Category 5,2025-09-13,Merchant 19,55.035,3.158,7.835,"{'NONE','SAVE10','WELCOME'}"
Category 5,2025-09-13,Merchant 2,53.205,1.65,-18.585,"{'NONE','WELCOME'}"
Category 5,2025-09-13,Merchant 20,86.045,2.005,71,"{'NONE','WELCOME'}"
Category 5,2025-09-13,Merchant 3,40.403333333333336,3.3233333333333333,-39.39333333333333,"{'SAVE10','WELCOME'}"
Category 5,2025-09-13,Merchant 4,67.12,4.554,-20.31,"{'SAVE10','WELCOME'}"
Category 5,2025-09-13,Merchant 5,57.223333333333336,1.3766666666666667,-8.54,"{'NONE','WELCOME'}"
Category 5,2025-09-13,Merchant 6,43.488,2.896,-7.936,"{'SAVE10','WELCOME'}"
Category 5,2025-09-13,Merchant 7,46.62,2.33,-6.68,{'WELCOME'}
Category 5,2025-09-13,Merchant 8,54.49,2.0516666666666667,-26.531666666666666,"{'NONE','WELCOME'}"
Category 5,2025-09-13,Merchant 9,28.925,1.1875,-57.4375,"{'NONE','WELCOME'}"
Category 5,2025-09-14,Merchant 10,72.8375,1.4475,22.8175,"{'NONE','WELCOME'}"
Category 5,2025-09-14,Merchant 11,35.97,3.6,24.92,{'SAVE10'}
Category 5,2025-09-14,Merchant 12,54.56,1.532857142857143,-21.46857142857143,"{'NONE','WELCOME'}"
Category 5,2025-09-14,Merchant 13,44.725,2.835,-6.9975,"{'NONE','SAVE10','WELCOME'}"
Category 5,2025-09-14,Merchant 14,50.374,1.716,-34.972,"{'NONE','SAVE10','WELCOME'}"
Category 5,2025-09-14,Merchant 15,26.248,1.066,12.958,"{'NONE','SAVE10','WELCOME'}"
Category 5,2025-09-14,Merchant 16,74.91,5.555,0.39,"{'SAVE10','WELCOME'}"
Category 5,2025-09-14,Merchant 17,100.79,5.04,32.83,{'WELCOME'}
Category 5,2025-09-14,Merchant 18,67.756,2.284,18.798,"{'NONE','SAVE10','WELCOME'}"
Category 5,2025-09-14,Merchant 19,64.28666666666666,3.8825,15.715,"{'NONE','SAVE10','WELCOME'}"
Category 5,2025-09-14,Merchant 2,13.15,0.66,-73.17,{'WELCOME'}
Category 5,2025-09-14,Merchant 20,55.635,1.84,40.755,"{'NONE','WELCOME'}"
Category 5,2025-09-14,Merchant 3,69.165,1.46,-35.135,"{'NONE','WELCOME'}"
Category 5,2025-09-14,Merchant 4,22.3275,0.24,-38.6325,"{'NONE','WELCOME'}"
Category 5,2025-09-14,Merchant 5,43.724,3.11,-1.038,"{'NONE','SAVE10','WELCOME'}"
Category 5,2025-09-14,Merchant 6,56.685,3.645,2.6816666666666666,"{'SAVE10','WELCOME'}"
Category 5,2025-09-14,Merchant 7,14.37,0.72,-37.32,{'WELCOME'}
Category 5,2025-09-14,Merchant 8,57.718,4.62,-15.222,"{'SAVE10','WELCOME'}"
Category 5,2025-09-14,Merchant 9,54.35333333333333,0.4033333333333333,-48.18,"{'NONE','WELCOME'}"
Category 5,2025-09-15,Merchant 10,55.486666666666665,4.723333333333334,16.716666666666665,"{'SAVE10','WELCOME'}"
Category 5,2025-09-15,Merchant 11,98.95,4.95,86.55,{'WELCOME'}
Category 5,2025-09-15,Merchant 12,58.42333333333333,4.359166666666667,7.708333333333333,"{'NONE','SAVE10','WELCOME'}"
Category 5,2025-09-15,Merchant 13,43.42666666666667,2.1733333333333333,-11.383333333333333,{'WELCOME'}
Category 5,2025-09-15,Merchant 14,69.399,4.733,-23.186,"{'SAVE10','WELCOME'}"
Category 5,2025-09-15,Merchant 15,65.86,0,49.7,{'NONE'}
Category 5,2025-09-15,Merchant 16,36.328,2.388,-42.766,"{'SAVE10','WELCOME'}"
Category 5,2025-09-15,Merchant 17,100.69,10.07,27.7,{'SAVE10'}
Category 5,2025-09-15,Merchant 18,52.97,2.9683333333333333,12.396666666666667,"{'NONE','SAVE10','WELCOME'}"
Category 5,2025-09-15,Merchant 19,60.77916666666667,2.1858333333333335,0.775,"{'NONE','SAVE10','WELCOME'}"
Category 5,2025-09-15,Merchant 2,87.95,4.4,-2.11,{'WELCOME'}
Category 5,2025-09-15,Merchant 20,20.48,2.05,5.39,{'SAVE10'}
Category 5,2025-09-15,Merchant 3,48.795,1.4625,-45.62,"{'NONE','WELCOME'}"
Category 5,2025-09-15,Merchant 4,54.99,1.805,28.765,"{'NONE','WELCOME'}"
Category 5,2025-09-15,Merchant 5,59.214285714285715,4.304285714285714,15.58,"{'NONE','SAVE10','WELCOME'}"
Category 5,2025-09-15,Merchant 6,101.14,5.06,68.09,{'WELCOME'}
Category 5,2025-09-15,Merchant 7,56.845,3.2225,18.77,"{'NONE','SAVE10','WELCOME'}"
Category 5,2025-09-15,Merchant 8,42.39666666666667,1.4466666666666668,-51.51,"{'NONE','WELCOME'}"
Category 5,2025-09-15,Merchant 9,54.465,0.185,-13.94,"{'NONE','WELCOME'}"
Category 5,2025-09-16,Merchant 10,59.88,3.405,7.48,"{'SAVE10','WELCOME'}"
Category 5,2025-09-16,Merchant 12,50.07,2.216,-18.208,"{'NONE','SAVE10','WELCOME'}"
Category 5,2025-09-16,Merchant 13,40.205,1.115,-26.49,"{'NONE','WELCOME'}"
Category 5,2025-09-16,Merchant 14,58.162,3.58,-10.728,"{'NONE','SAVE10','WELCOME'}"
Category 5,2025-09-16,Merchant 16,53.93333333333333,2.6966666666666668,-30.63,{'WELCOME'}
Category 5,2025-09-16,Merchant 17,30.85,0.5,-32.57,"{'NONE','WELCOME'}"
Category 5,2025-09-16,Merchant 18,61.0475,2.231875,14.29,"{'NONE','SAVE10','WELCOME'}"
Category 5,2025-09-16,Merchant 19,48.49454545454545,3.39,-9.641818181818183,"{'NONE','SAVE10','WELCOME'}"
Category 5,2025-09-16,Merchant 2,46.53666666666667,1.65,-30.426666666666666,"{'NONE','SAVE10','WELCOME'}"
Category 5,2025-09-16,Merchant 20,59.3,4.696666666666666,41.56333333333333,"{'SAVE10','WELCOME'}"
Category 5,2025-09-16,Merchant 3,48.09,1.595,-36.57,"{'NONE','SAVE10'}"
Category 5,2025-09-16,Merchant 4,17.54,1.75,-81.23,{'SAVE10'}
Category 5,2025-09-16,Merchant 5,62.978,2.006,-16.572,"{'NONE','WELCOME'}"
Category 5,2025-09-16,Merchant 6,67.97666666666667,2.67,25.726666666666667,"{'NONE','WELCOME'}"
Category 5,2025-09-16,Merchant 7,18.14,0.91,-33.74,{'WELCOME'}
Category 5,2025-09-16,Merchant 8,56.593333333333334,3.195,-34.291666666666664,"{'NONE','SAVE10','WELCOME'}"
Category 5,2025-09-16,Merchant 9,28.47,2.47,-8.305,"{'SAVE10','WELCOME'}"
Category 5,2025-09-17,Merchant 10,48.74,1.4066666666666667,-30.143333333333334,"{'NONE','WELCOME'}"
Category 5,2025-09-17,Merchant 11,83.52,0,76.07,{'NONE'}
Category 5,2025-09-17,Merchant 12,55.91,1.6816666666666666,10.75,"{'NONE','SAVE10','WELCOME'}"
Category 5,2025-09-17,Merchant 13,63.86,3.19,8.62,{'WELCOME'}
Category 5,2025-09-17,Merchant 14,54.985,3.331,-22.881,"{'NONE','SAVE10','WELCOME'}"
Category 5,2025-09-17,Merchant 15,42.52,2.13,24.23,{'WELCOME'}
Category 5,2025-09-17,Merchant 16,60.593333333333334,0,12.34,{'NONE'}
Category 5,2025-09-17,Merchant 17,39.06,3.05,-26.91,"{'NONE','SAVE10','WELCOME'}"
Category 5,2025-09-17,Merchant 18,68.19571428571429,4.617142857142857,7.361428571428571,"{'NONE','SAVE10','WELCOME'}"
Category 5,2025-09-17,Merchant 19,40.84625,2.435,-12.96375,"{'NONE','SAVE10','WELCOME'}"
Category 5,2025-09-17,Merchant 2,55.34,2.7666666666666666,-22.74,{'WELCOME'}
Category 5,2025-09-17,Merchant 20,36.24,0,23.2,{'NONE'}
Category 5,2025-09-17,Merchant 3,51.44,2.57,-53.97,{'WELCOME'}
Category 5,2025-09-17,Merchant 4,51.804,2.73,-3.258,"{'NONE','SAVE10','WELCOME'}"
Category 5,2025-09-17,Merchant 5,56.73083333333334,4.3966666666666665,-0.6408333333333334,"{'SAVE10','WELCOME'}"
Category 5,2025-09-17,Merchant 6,76.105,3.81,26.925,{'WELCOME'}
Category 5,2025-09-17,Merchant 7,65.11,3.7475,21.1375,"{'SAVE10','WELCOME'}"
Category 5,2025-09-17,Merchant 8,38.462857142857146,2.2514285714285713,-41.777142857142856,"{'SAVE10','WELCOME'}"
Category 5,2025-09-17,Merchant 9,48.001666666666665,2.6933333333333334,-22.911666666666665,"{'NONE','SAVE10','WELCOME'}"
Category 5,2025-09-18,Merchant 10,82.424,3.462,21.676,"{'NONE','WELCOME'}"
Category 5,2025-09-18,Merchant 12,46.118,1.542,-21.632,"{'NONE','WELCOME'}"
Category 5,2025-09-18,Merchant 13,49.915,3.658333333333333,-1.5766666666666667,"{'NONE','SAVE10','WELCOME'}"
Category 5,2025-09-18,Merchant 14,63.677142857142854,4.414285714285715,-28.725714285714286,"{'NONE','SAVE10','WELCOME'}"
Category 5,2025-09-18,Merchant 15,63.372,4.142,43.07,"{'NONE','SAVE10','WELCOME'}"
Category 5,2025-09-18,Merchant 16,82.535,5.3375,-6.49,"{'SAVE10','WELCOME'}"
Category 5,2025-09-18,Merchant 17,71.05,2.61,5.52,"{'NONE','WELCOME'}"
Category 5,2025-09-18,Merchant 18,50.14,3.016,-3.696,"{'NONE','SAVE10','WELCOME'}"
Category 5,2025-09-18,Merchant 19,58.626666666666665,2.65,1.2833333333333332,"{'NONE','SAVE10','WELCOME'}"
Category 5,2025-09-18,Merchant 2,69.32333333333334,2.513333333333333,1.8433333333333333,"{'NONE','SAVE10'}"
Category 5,2025-09-18,Merchant 20,40.81,0,27.77,{'NONE'}
Category 5,2025-09-18,Merchant 3,39.38428571428572,0.8714285714285714,-47.37714285714286,"{'NONE','SAVE10','WELCOME'}"
Category 5,2025-09-18,Merchant 4,37.97,1.9,13.53,{'WELCOME'}
Category 5,2025-09-18,Merchant 5,58.57833333333333,1.7116666666666667,-1.7333333333333334,"{'NONE','WELCOME'}"
Category 5,2025-09-18,Merchant 6,58.9,2.41,11.115,"{'NONE','SAVE10','WELCOME'}"
Category 5,2025-09-18,Merchant 8,38.403333333333336,1.92,-38.53666666666667,{'WELCOME'}
Category 5,2025-09-18,Merchant 9,41.504,1.872,-8.242,"{'NONE','SAVE10','WELCOME'}"
Category 5,2025-09-19,Merchant 10,47.14,1.2566666666666666,-2.83,"{'NONE','WELCOME'}"
Category 5,2025-09-19,Merchant 11,16.19,0,8.74,{'NONE'}
Category 5,2025-09-19,Merchant 12,46.07666666666667,3.6966666666666668,-20.483333333333334,"{'SAVE10','WELCOME'}"
Category 5,2025-09-19,Merchant 13,75.826,6.196,11.816,"{'SAVE10','WELCOME'}"
Category 5,2025-09-19,Merchant 14,88.82,5.015,9.6,"{'NONE','SAVE10'}"
Category 5,2025-09-19,Merchant 16,43.961666666666666,2.1983333333333333,-40.89,{'WELCOME'}
Category 5,2025-09-19,Merchant 18,61.00857142857143,4.591428571428572,-14.058571428571428,"{'SAVE10','WELCOME'}"
Category 5,2025-09-19,Merchant 19,47.21142857142857,1.3142857142857143,-9.395714285714286,"{'NONE','WELCOME'}"
Category 5,2025-09-19,Merchant 2,60.785,5.31,-14.665,"{'SAVE10','WELCOME'}"
Category 5,2025-09-19,Merchant 20,66.59,4.45,49.1,"{'NONE','SAVE10'}"
Category 5,2025-09-19,Merchant 3,35.83,0.88,-67.89,"{'NONE','WELCOME'}"
Category 5,2025-09-19,Merchant 4,23.05,1.1133333333333333,-50.25666666666667,"{'NONE','SAVE10'}"
Category 5,2025-09-19,Merchant 5,79.455,3.97,54.275,{'WELCOME'}
Category 5,2025-09-19,Merchant 6,47.05,2.61,-6.19,"{'NONE','SAVE10','WELCOME'}"
Category 5,2025-09-19,Merchant 7,63.086666666666666,4.593333333333334,7.523333333333333,"{'SAVE10','WELCOME'}"
Category 5,2025-09-19,Merchant 8,27.438,1.774,-68.006,"{'NONE','SAVE10','WELCOME'}"
Category 5,2025-09-19,Merchant 9,45.25,2.26,-36.53333333333333,{'WELCOME'}
Category 5,2025-09-20,Merchant 10,7.33,0,-84.81,{'NONE'}
Category 5,2025-09-20,Merchant 11,43.342,1.946,33.946,"{'NONE','SAVE10','WELCOME'}"
Category 5,2025-09-20,Merchant 12,53.31666666666667,3.405,-23.188333333333333,"{'NONE','SAVE10','WELCOME'}"
Category 5,2025-09-20,Merchant 13,62.976,1.454,1.178,"{'NONE','WELCOME'}"
Category 5,2025-09-20,Merchant 14,36.01846153846154,1.7861538461538462,-40.34615384615385,"{'NONE','SAVE10','WELCOME'}"
Category 5,2025-09-20,Merchant 16,44.961666666666666,1.2916666666666667,-18.303333333333335,"{'NONE','SAVE10','WELCOME'}"
Category 5,2025-09-20,Merchant 18,65.76,4.022857142857143,20.944285714285716,"{'SAVE10','WELCOME'}"
Category 5,2025-09-20,Merchant 19,57.18875,1.30875,10.18125,"{'NONE','WELCOME'}"
Category 5,2025-09-20,Merchant 2,55.886,2.33,-7.272,"{'NONE','WELCOME'}"
Category 5,2025-09-20,Merchant 20,41.875,2.73,26.11,"{'NONE','SAVE10'}"
Category 5,2025-09-20,Merchant 3,44.235,3.175,-42.005,"{'SAVE10','WELCOME'}"
Category 5,2025-09-20,Merchant 4,46.45333333333333,2.6233333333333335,-4.79,"{'SAVE10','WELCOME'}"
Category 5,2025-09-20,Merchant 5,31.182,1.584,-35.668,"{'NONE','SAVE10','WELCOME'}"
Category 5,2025-09-20,Merchant 6,42.55166666666667,2.59,-4.873333333333333,"{'NONE','SAVE10','WELCOME'}"
Category 5,2025-09-20,Merchant 7,11.91,0.6,-39.66,{'WELCOME'}
Category 5,2025-09-20,Merchant 8,43.8,1.3057142857142856,-34.29,"{'NONE','SAVE10','WELCOME'}"
Category 5,2025-09-20,Merchant 9,54.814,2.462,-9.086,"{'NONE','SAVE10','WELCOME'}"
Category 5,2025-09-21,Merchant 10,30.285,1.515,22.925,{'WELCOME'}
Category 5,2025-09-21,Merchant 11,41.75666666666667,2.69,31.616666666666667,"{'SAVE10','WELCOME'}"
Category 5,2025-09-21,Merchant 12,73.4875,1.515,30.19,"{'NONE','SAVE10','WELCOME'}"
Category 5,2025-09-21,Merchant 13,68.88333333333334,5.963333333333333,6.066666666666666,"{'SAVE10','WELCOME'}"
Category 5,2025-09-21,Merchant 14,60.9805,3.833,-19.164,"{'NONE','SAVE10','WELCOME'}"
Category 5,2025-09-21,Merchant 15,54.263333333333335,2.7133333333333334,38.67,{'WELCOME'}
Category 5,2025-09-21,Merchant 16,26.7275,1.335,-43.525,{'WELCOME'}
Category 5,2025-09-21,Merchant 17,66.91,6.69,-2.7,{'SAVE10'}
Category 5,2025-09-21,Merchant 18,47.19,2.035555555555556,-3.037777777777778,"{'NONE','SAVE10','WELCOME'}"
Category 5,2025-09-21,Merchant 19,51.35071428571428,2.462142857142857,-8.732857142857142,"{'NONE','SAVE10','WELCOME'}"
Category 5,2025-09-21,Merchant 2,19.895,0.995,-51.24,{'WELCOME'}
Category 5,2025-09-21,Merchant 20,60.53666666666667,2.17,45.32666666666667,"{'NONE','WELCOME'}"
Category 5,2025-09-21,Merchant 3,50.335,4.66,-57.165,"{'SAVE10','WELCOME'}"
Category 5,2025-09-21,Merchant 4,47.82333333333333,4.04,-28.41,"{'SAVE10','WELCOME'}"
Category 5,2025-09-21,Merchant 5,57.04142857142857,3.36,0.5685714285714286,"{'NONE','SAVE10','WELCOME'}"
Category 5,2025-09-21,Merchant 6,51.12,5.11,-16.75,{'SAVE10'}
Category 5,2025-09-21,Merchant 7,59.91,1.5,14.603333333333333,"{'NONE','SAVE10'}"
Category 5,2025-09-21,Merchant 8,67.208,4.09,2.4,"{'NONE','SAVE10','WELCOME'}"
Category 5,2025-09-21,Merchant 9,80.12666666666667,2.966666666666667,42.85,"{'NONE','WELCOME'}"
Category 5,2025-09-22,Merchant 10,94.34,4.72,41.47,{'WELCOME'}
Category 5,2025-09-22,Merchant 12,50.43571428571428,2.4842857142857144,-12.835714285714285,"{'NONE','SAVE10','WELCOME'}"
Category 5,2025-09-22,Merchant 13,76.83,3.84,-6.12,{'WELCOME'}
Category 5,2025-09-22,Merchant 14,44.696,2.46,-34.994,"{'NONE','SAVE10','WELCOME'}"
Category 5,2025-09-22,Merchant 15,51.225,2.56,34.965,{'WELCOME'}
Category 5,2025-09-22,Merchant 16,43.7375,1.93,-12.97625,"{'NONE','WELCOME'}"
Category 5,2025-09-22,Merchant 17,49.325,3.35,-16.945,"{'NONE','SAVE10'}"
Category 5,2025-09-22,Merchant 18,36.422,2.418,-0.692,"{'SAVE10','WELCOME'}"
Category 5,2025-09-22,Merchant 19,44.59142857142857,2.37,-17.122857142857143,"{'SAVE10','WELCOME'}"
Category 5,2025-09-22,Merchant 2,47.586,1.288,-33.154,"{'NONE','SAVE10','WELCOME'}"
Category 5,2025-09-22,Merchant 20,62.85,6.29,43.53,{'SAVE10'}
Category 5,2025-09-22,Merchant 3,37.78,2.28,-54.156666666666666,"{'SAVE10','WELCOME'}"
Category 5,2025-09-22,Merchant 4,48.99666666666667,2.723333333333333,-50.74666666666667,"{'NONE','SAVE10','WELCOME'}"
Category 5,2025-09-22,Merchant 5,43.33833333333333,2.283333333333333,-16.781666666666666,"{'NONE','SAVE10','WELCOME'}"
Category 5,2025-09-22,Merchant 6,65.96,6.6,-1.78,{'SAVE10'}
Category 5,2025-09-22,Merchant 7,53.225,2.66,10.34,{'WELCOME'}
Category 5,2025-09-22,Merchant 8,48.325714285714284,2.1014285714285714,-41.42,"{'NONE','SAVE10','WELCOME'}"
Category 5,2025-09-23,Merchant 10,83.535,4.18,9.21,{'WELCOME'}
Category 5,2025-09-23,Merchant 11,67.85333333333334,0.5633333333333334,59.84,"{'NONE','WELCOME'}"
Category 5,2025-09-23,Merchant 12,49.43857142857143,3.057142857142857,7.142857142857143,"{'NONE','SAVE10','WELCOME'}"
Category 5,2025-09-23,Merchant 13,61.575,3.8475,12.0025,"{'SAVE10','WELCOME'}"
Category 5,2025-09-23,Merchant 14,64.193,2.117,-9.854,"{'NONE','SAVE10','WELCOME'}"
Category 5,2025-09-23,Merchant 15,74.045,3.7,54.185,{'WELCOME'}
Category 5,2025-09-23,Merchant 16,57.35,4.4375,-21.8625,"{'SAVE10','WELCOME'}"
Category 5,2025-09-23,Merchant 17,93.01,9.3,20.79,{'SAVE10'}
Category 5,2025-09-23,Merchant 18,64.50555555555556,2.8655555555555554,11.123333333333333,"{'NONE','SAVE10','WELCOME'}"
Category 5,2025-09-23,Merchant 19,62.998,2.645,-1.29,"{'NONE','SAVE10','WELCOME'}"
Category 5,2025-09-23,Merchant 2,40.175,2.315,-47.8,"{'SAVE10','WELCOME'}"
Category 5,2025-09-23,Merchant 20,90.7,9.07,68.59,{'SAVE10'}
Category 5,2025-09-23,Merchant 3,58.72,3.316666666666667,-21.07,"{'SAVE10','WELCOME'}"
Category 5,2025-09-23,Merchant 4,56.07,3.784,-15.694,"{'SAVE10','WELCOME'}"
Category 5,2025-09-23,Merchant 5,57.44571428571429,3.835714285714286,8.665714285714285,"{'SAVE10','WELCOME'}"
Category 5,2025-09-23,Merchant 6,62.574,1.572,13.122,"{'NONE','WELCOME'}"
Category 5,2025-09-23,Merchant 7,21.12,1.06,-30.91,{'WELCOME'}
Category 5,2025-09-23,Merchant 8,78.66,6.2175,-22.8025,"{'NONE','SAVE10'}"
Category 5,2025-09-23,Merchant 9,36.736666666666665,1.8333333333333333,-22.013333333333332,{'WELCOME'}
Category 5,2025-09-24,Merchant 10,41.105,1.6916666666666667,12.413333333333334,"{'NONE','SAVE10','WELCOME'}"
Category 5,2025-09-24,Merchant 11,34.74,0,27.29,{'NONE'}
Category 5,2025-09-24,Merchant 12,47.68125,1.9975,-10.72875,"{'NONE','SAVE10','WELCOME'}"
Category 5,2025-09-24,Merchant 13,45.29714285714286,3.1871428571428573,-10.442857142857143,"{'NONE','SAVE10','WELCOME'}"
Category 5,2025-09-24,Merchant 14,52.68909090909091,2.8945454545454545,-29.383636363636363,"{'NONE','SAVE10','WELCOME'}"
Category 5,2025-09-24,Merchant 15,59.65,1.464,43.994,"{'NONE','SAVE10','WELCOME'}"
Category 5,2025-09-24,Merchant 16,81.83,4.09,29.486666666666668,{'WELCOME'}
Category 5,2025-09-24,Merchant 17,35.02,3.5,-31.4,{'SAVE10'}
Category 5,2025-09-24,Merchant 18,71.7575,4.195,38.4875,"{'NONE','SAVE10','WELCOME'}"
Category 5,2025-09-24,Merchant 19,62.11666666666667,2.4033333333333333,3.3744444444444444,"{'NONE','SAVE10','WELCOME'}"
Category 5,2025-09-24,Merchant 2,48.38,4.695,-26.455,"{'SAVE10','WELCOME'}"
Category 5,2025-09-24,Merchant 3,55.6625,2.795,-20.31,"{'NONE','SAVE10','WELCOME'}"
Category 5,2025-09-24,Merchant 4,40.8175,1.53,-20.4925,"{'NONE','SAVE10','WELCOME'}"
Category 5,2025-09-24,Merchant 5,35.71,2.893333333333333,-8.856666666666667,"{'SAVE10','WELCOME'}"
Category 5,2025-09-24,Merchant 6,46.3,3.405,-19.055,"{'SAVE10','WELCOME'}"
Category 5,2025-09-24,Merchant 7,66.5,3.33,33.7,{'WELCOME'}
Category 5,2025-09-24,Merchant 8,85.5675,3.3625,18.6475,"{'NONE','WELCOME'}"
Category 5,2025-09-24,Merchant 9,53.31,4.095,-52.915,"{'SAVE10','WELCOME'}"
Category 5,2025-09-25,Merchant 10,51.69285714285714,2.717142857142857,12.67,"{'NONE','SAVE10','WELCOME'}"
Category 5,2025-09-25,Merchant 11,77.94857142857143,6.841428571428572,63.65857142857143,"{'NONE','SAVE10'}"
Category 5,2025-09-25,Merchant 12,64.52666666666667,3.138333333333333,11.911666666666667,"{'NONE','SAVE10','WELCOME'}"
Category 5,2025-09-25,Merchant 13,64.6,4.986,4.686,"{'SAVE10','WELCOME'}"
Category 5,2025-09-25,Merchant 14,47.254,3.88,-42.152,"{'NONE','SAVE10','WELCOME'}"
Category 5,2025-09-25,Merchant 15,99.75,9.98,73.62,{'SAVE10'}
Category 5,2025-09-25,Merchant 16,71.13166666666666,3.315,-4.99,"{'NONE','SAVE10','WELCOME'}"
Category 5,2025-09-25,Merchant 17,92.85,4.64,25.29,{'WELCOME'}
Category 5,2025-09-25,Merchant 18,68.23666666666666,4.215,33.093333333333334,"{'NONE','SAVE10','WELCOME'}"
Category 5,2025-09-25,Merchant 19,51.636428571428574,4.100714285714286,-8.153571428571428,"{'NONE','SAVE10','WELCOME'}"
Category 5,2025-09-25,Merchant 2,70.6675,5.5175,2.77,"{'SAVE10','WELCOME'}"
Category 5,2025-09-25,Merchant 3,75.35,3.75,-31.24,"{'NONE','SAVE10','WELCOME'}"
Category 5,2025-09-25,Merchant 4,61.0325,0.94,36.6125,"{'NONE','WELCOME'}"
Category 5,2025-09-25,Merchant 5,51.63,2.534,8.794,"{'NONE','SAVE10','WELCOME'}"
Category 5,2025-09-25,Merchant 6,74.55,5.85,7.56,"{'SAVE10','WELCOME'}"
Category 5,2025-09-25,Merchant 7,50.24333333333333,1.5633333333333332,19.2,"{'NONE','WELCOME'}"
Category 5,2025-09-25,Merchant 8,51.79666666666667,1.5766666666666667,-47.33,"{'NONE','WELCOME'}"
Category 5,2025-09-25,Merchant 9,61.335,3.065,-43.86,{'WELCOME'}
Category 5,2025-09-26,Merchant 10,49.84,2.65625,-1.6,"{'NONE','SAVE10','WELCOME'}"
Category 5,2025-09-26,Merchant 11,51.43,0.165,43.815,"{'NONE','WELCOME'}"
Category 5,2025-09-26,Merchant 12,52.04,3.3466666666666667,-2.66,"{'NONE','SAVE10','WELCOME'}"
Category 5,2025-09-26,Merchant 13,25.184285714285714,2.0214285714285714,-33.004285714285714,"{'NONE','SAVE10','WELCOME'}"
Category 5,2025-09-26,Merchant 14,58.60181818181818,2.829090909090909,-18.55181818181818,"{'NONE','SAVE10','WELCOME'}"
Category 5,2025-09-26,Merchant 15,89.92,4.495,74.185,{'WELCOME'}
Category 5,2025-09-26,Merchant 16,63.62428571428571,4.718571428571429,-7.148571428571429,"{'SAVE10','WELCOME'}"
Category 5,2025-09-26,Merchant 17,41.13,3.11,-24.9,"{'SAVE10','WELCOME'}"
Category 5,2025-09-26,Merchant 18,88.058,7.804,18.416,"{'SAVE10','WELCOME'}"
Category 5,2025-09-26,Merchant 19,38.83428571428571,0.9085714285714286,-13.314285714285715,"{'NONE','SAVE10','WELCOME'}"
Category 5,2025-09-26,Merchant 2,64.21666666666667,0,9.596666666666668,{'NONE'}
Category 5,2025-09-26,Merchant 3,55.33,1.655,-29.39,"{'NONE','SAVE10'}"
Category 5,2025-09-26,Merchant 4,34.955,0.965,9.57,"{'NONE','WELCOME'}"
Category 5,2025-09-26,Merchant 5,47.7975,2.88375,-26.8525,"{'NONE','SAVE10','WELCOME'}"
Category 5,2025-09-26,Merchant 6,60.178333333333335,1.6933333333333334,13.38,"{'NONE','SAVE10','WELCOME'}"
Category 5,2025-09-26,Merchant 7,44.97,3.05,5.276666666666666,"{'NONE','SAVE10','WELCOME'}"
Category 5,2025-09-26,Merchant 8,56.284,2.468,-26.144,"{'NONE','SAVE10','WELCOME'}"
Category 5,2025-09-26,Merchant 9,78.7,4.043333333333333,17.74,"{'NONE','SAVE10','WELCOME'}"
Category 5,2025-09-27,Merchant 10,40.876666666666665,3.086666666666667,-25.023333333333333,"{'SAVE10','WELCOME'}"
Category 5,2025-09-27,Merchant 12,59.514545454545456,2.7754545454545454,9.141818181818183,"{'NONE','SAVE10','WELCOME'}"
Category 5,2025-09-27,Merchant 13,39.86666666666667,1.7233333333333334,-22.926666666666666,"{'NONE','WELCOME'}"
Category 5,2025-09-27,Merchant 14,54.948181818181816,3.3554545454545455,-20.53727272727273,"{'NONE','SAVE10','WELCOME'}"
Category 5,2025-09-27,Merchant 15,47.655,2.3825,30.3425,{'WELCOME'}
Category 5,2025-09-27,Merchant 16,58.163333333333334,3.7244444444444444,-9.504444444444445,"{'NONE','SAVE10','WELCOME'}"
Category 5,2025-09-27,Merchant 18,36.175,1.03,-7.7,"{'NONE','SAVE10','WELCOME'}"
Category 5,2025-09-27,Merchant 19,56.17666666666667,3.2506666666666666,1.882,"{'NONE','SAVE10','WELCOME'}"
Category 5,2025-09-27,Merchant 2,45.54,4.555,-29.155,{'SAVE10'}
Category 5,2025-09-27,Merchant 3,47.88,1.24,-56.2,"{'NONE','WELCOME'}"
Category 5,2025-09-27,Merchant 4,57.28857142857143,3.5014285714285713,-11.848571428571429,"{'NONE','SAVE10','WELCOME'}"
Category 5,2025-09-27,Merchant 5,69.00333333333333,3.118333333333333,-2.3533333333333335,"{'NONE','SAVE10','WELCOME'}"
Category 5,2025-09-27,Merchant 6,60.1575,5.1175,-6.91,"{'SAVE10','WELCOME'}"
Category 5,2025-09-27,Merchant 7,54.5,5.45,19.57,{'SAVE10'}
Category 5,2025-09-27,Merchant 8,67.4375,3.3725,2.615,{'WELCOME'}
Category 5,2025-09-27,Merchant 9,87.86,4.39,-18.66,{'WELCOME'}
Category 5,2025-09-28,Merchant 10,45.89,2.027142857142857,-16.855714285714285,"{'NONE','SAVE10','WELCOME'}"
Category 5,2025-09-28,Merchant 11,58.47,5.04,45.98,"{'SAVE10','WELCOME'}"
Category 5,2025-09-28,Merchant 12,42.92,1.735,-29.796666666666667,"{'NONE','SAVE10','WELCOME'}"
Category 5,2025-09-28,Merchant 13,71.514,3.128,10.572,"{'NONE','SAVE10','WELCOME'}"
Category 5,2025-09-28,Merchant 14,53.62555555555556,2.6144444444444446,-23.427777777777777,"{'NONE','SAVE10','WELCOME'}"
Category 5,2025-09-28,Merchant 15,58.54,1.94,42.9,"{'NONE','WELCOME'}"
Category 5,2025-09-28,Merchant 16,59.02,2.95,8.08,{'WELCOME'}
Category 5,2025-09-28,Merchant 17,48.645,2.295,-16.57,"{'NONE','WELCOME'}"
Category 5,2025-09-28,Merchant 18,71.10571428571428,4.17,13.705714285714286,"{'SAVE10','WELCOME'}"
Category 5,2025-09-28,Merchant 19,44.45230769230769,2.687692307692308,-29.62076923076923,"{'NONE','SAVE10','WELCOME'}"
Category 5,2025-09-28,Merchant 2,87,4.935,27.445,"{'NONE','SAVE10'}"
Category 5,2025-09-28,Merchant 3,74.18,2.8766666666666665,-18.35333333333333,"{'NONE','WELCOME'}"
Category 5,2025-09-28,Merchant 4,79.2,1.73,17.69,"{'NONE','WELCOME'}"
Category 5,2025-09-28,Merchant 5,80.1475,6.7675,34.755,"{'SAVE10','WELCOME'}"
Category 5,2025-09-28,Merchant 6,34.482,0.626,-21.302,"{'NONE','SAVE10','WELCOME'}"
Category 5,2025-09-28,Merchant 7,50.86,4.05,-4.16,"{'SAVE10','WELCOME'}"
Category 5,2025-09-28,Merchant 8,56.33857142857143,4.4957142857142856,-26.282857142857143,"{'SAVE10','WELCOME'}"
Category 5,2025-09-28,Merchant 9,69.13,2.7225,-1.8125,"{'NONE','WELCOME'}"
Category 5,2025-09-29,Merchant 10,60.116,3.342,7.948,"{'SAVE10','WELCOME'}"
Category 5,2025-09-29,Merchant 12,58.25333333333333,2.8266666666666667,17.581666666666667,"{'NONE','SAVE10','WELCOME'}"
Category 5,2025-09-29,Merchant 13,55.336666666666666,1.26,-16.013333333333332,"{'NONE','WELCOME'}"
Category 5,2025-09-29,Merchant 14,80.17888888888889,2.581111111111111,-8.67,"{'NONE','WELCOME'}"
Category 5,2025-09-29,Merchant 15,57.835,4.01,40.13,"{'SAVE10','WELCOME'}"
Category 5,2025-09-29,Merchant 16,57.9975,1.6725,-2.1525,"{'NONE','WELCOME'}"
Category 5,2025-09-29,Merchant 18,48.75333333333333,3.2333333333333334,4.364444444444445,"{'NONE','SAVE10','WELCOME'}"
Category 5,2025-09-29,Merchant 19,66.11777777777777,5.405555555555556,-21.13222222222222,"{'SAVE10','WELCOME'}"
Category 5,2025-09-29,Merchant 2,62.13,2.1725,-10.1825,"{'NONE','WELCOME'}"
Category 5,2025-09-29,Merchant 20,91.72,4.59,74.09,{'WELCOME'}
Category 5,2025-09-29,Merchant 3,54.208333333333336,2.533333333333333,-18.206666666666667,"{'NONE','SAVE10','WELCOME'}"
Category 5,2025-09-29,Merchant 4,44.028333333333336,2.6466666666666665,16.335,"{'SAVE10','WELCOME'}"
Category 5,2025-09-29,Merchant 5,41.75714285714286,1.2557142857142858,-7.381428571428572,"{'NONE','WELCOME'}"
Category 5,2025-09-29,Merchant 6,56.655,4.8325,-2.245,"{'SAVE10','WELCOME'}"
Category 5,2025-09-29,Merchant 7,66.1625,4.1275,27.185,"{'NONE','SAVE10','WELCOME'}"
Category 5,2025-09-29,Merchant 8,64.77125,3.2025,-6.42125,"{'NONE','SAVE10','WELCOME'}"
Category 5,2025-09-29,Merchant 9,54.06,0.48,-25.94333333333333,"{'NONE','WELCOME'}"
Category 5,2025-09-30,Merchant 10,67.63,1.2,-25.71,"{'NONE','WELCOME'}"
Category 5,2025-09-30,Merchant 11,82.12,5.543333333333333,69.12666666666667,"{'SAVE10','WELCOME'}"
Category 5,2025-09-30,Merchant 12,50.8525,2.64125,2.20375,"{'NONE','SAVE10','WELCOME'}"
Category 5,2025-09-30,Merchant 13,61.506,0.116,1.046,"{'NONE','WELCOME'}"
Category 5,2025-09-30,Merchant 14,78.25166666666667,4.408333333333333,-3.2875,"{'NONE','SAVE10','WELCOME'}"
Category 5,2025-09-30,Merchant 15,70.25333333333333,3.51,53.86333333333334,{'WELCOME'}
Category 5,2025-09-30,Merchant 16,75.49,2.078,6.356,"{'NONE','WELCOME'}"
Category 5,2025-09-30,Merchant 17,54.44,5.44,-13.92,{'SAVE10'}
Category 5,2025-09-30,Merchant 18,49.23,3.926,-22.364,"{'NONE','SAVE10','WELCOME'}"
Category 5,2025-09-30,Merchant 19,38.78666666666667,2.263333333333333,-27.013333333333332,"{'SAVE10','WELCOME'}"
Category 5,2025-09-30,Merchant 2,51.28,4.8,-39.18,"{'SAVE10','WELCOME'}"
Category 5,2025-09-30,Merchant 20,86.64,0,73.6,{'NONE'}
Category 5,2025-09-30,Merchant 3,68.34,2.6375,-17.3625,"{'NONE','SAVE10','WELCOME'}"
Category 5,2025-09-30,Merchant 4,81.58,5.693333333333333,28.52,"{'SAVE10','WELCOME'}"
Category 5,2025-09-30,Merchant 5,36.96,3.2716666666666665,-34.72,"{'SAVE10','WELCOME'}"
Category 5,2025-09-30,Merchant 6,53.38,1.98,6.025,"{'NONE','WELCOME'}"
Category 5,2025-09-30,Merchant 7,5.09,0.25,-46.13,{'WELCOME'}
Category 5,2025-09-30,Merchant 8,42.962857142857146,2.362857142857143,-22.30142857142857,"{'NONE','SAVE10','WELCOME'}"
Category 5,2025-09-30,Merchant 9,51.645,2.585,14.75,{'WELCOME'}
Category 5,2025-10-01,Merchant 10,67.5925,2.72,15.8775,"{'NONE','SAVE10','WELCOME'}"
Category 5,2025-10-01,Merchant 12,48.835,2.1025,-12.68,"{'NONE','SAVE10','WELCOME'}"
Category 5,2025-10-01,Merchant 13,52.625,3.875,-0.1375,"{'NONE','SAVE10','WELCOME'}"
Category 5,2025-10-01,Merchant 14,54.142,1.884,-32.586,"{'NONE','SAVE10','WELCOME'}"
Category 5,2025-10-01,Merchant 15,46.49,2.32,28.01,{'WELCOME'}
Category 5,2025-10-01,Merchant 16,50.70875,2.23625,-27.85375,"{'NONE','SAVE10','WELCOME'}"
Category 5,2025-10-01,Merchant 17,24.895,0.67,-38.695,"{'NONE','WELCOME'}"
Category 5,2025-10-01,Merchant 18,74.66333333333333,4.526666666666666,15.438333333333333,"{'SAVE10','WELCOME'}"
Category 5,2025-10-01,Merchant 19,69.80545454545455,3.1072727272727274,4.7690909090909095,"{'NONE','SAVE10','WELCOME'}"
Category 5,2025-10-01,Merchant 2,47.4275,0.6525,-31.125,"{'NONE','WELCOME'}"
Category 5,2025-10-01,Merchant 20,53.235,0,40.195,{'NONE'}
Category 5,2025-10-01,Merchant 4,71.13,3.555,5.915,{'WELCOME'}
Category 5,2025-10-01,Merchant 5,52.25833333333333,2.9966666666666666,5.956666666666667,"{'SAVE10','WELCOME'}"
Category 5,2025-10-01,Merchant 6,66.53666666666666,4.8533333333333335,11.593333333333334,"{'SAVE10','WELCOME'}"
Category 5,2025-10-01,Merchant 7,60.99,5.886666666666667,18.46,"{'SAVE10','WELCOME'}"
Category 5,2025-10-01,Merchant 8,69.796,3.714,-5.1,"{'NONE','SAVE10','WELCOME'}"
Category 5,2025-10-01,Merchant 9,66.5475,2.15,13.1325,"{'NONE','WELCOME'}"
Category 5,2025-10-02,Merchant 10,69.6975,2.705,7.4225,"{'NONE','SAVE10','WELCOME'}"
Category 5,2025-10-02,Merchant 11,30.885,1.86,21.575,"{'SAVE10','WELCOME'}"
Category 5,2025-10-02,Merchant 12,45.806,2.882,-6.636,"{'SAVE10','WELCOME'}"
Category 5,2025-10-02,Merchant 13,40.23,2.01,-1.18,{'WELCOME'}
Category 5,2025-10-02,Merchant 14,63.605384615384615,3.330769230769231,-14.956153846153846,"{'NONE','SAVE10','WELCOME'}"
Category 5,2025-10-02,Merchant 15,72.392,4.838,55.33,"{'NONE','SAVE10','WELCOME'}"
Category 5,2025-10-02,Merchant 16,56.23,4.24,-9.194,"{'SAVE10','WELCOME'}"
Category 5,2025-10-02,Merchant 18,61.73375,2.155,-10.71375,"{'NONE','WELCOME'}"
Category 5,2025-10-02,Merchant 19,50.54555555555556,4.183333333333334,-18.135555555555555,"{'NONE','SAVE10','WELCOME'}"
Category 5,2025-10-02,Merchant 2,64.1875,6.2125,-4.405,"{'SAVE10','WELCOME'}"
Category 5,2025-10-02,Merchant 3,10.606666666666667,0.53,-79.58,{'WELCOME'}
Category 5,2025-10-02,Merchant 4,33.61,1.21,-7.292,"{'NONE','WELCOME'}"
Category 5,2025-10-02,Merchant 5,27.516666666666666,2.1266666666666665,-27.98,"{'SAVE10','WELCOME'}"
Category 5,2025-10-02,Merchant 6,89.23,8.92,17.55,{'SAVE10'}
Category 5,2025-10-02,Merchant 7,30.36,2.125,-11.99,"{'NONE','SAVE10','WELCOME'}"
Category 5,2025-10-02,Merchant 8,38.623333333333335,0,-9.096666666666668,{'NONE'}
Category 5,2025-10-02,Merchant 9,93.035,6.995,17.82,"{'SAVE10','WELCOME'}"
Category 5,2025-10-03,Merchant 10,72.32714285714286,3.4914285714285715,20.202857142857145,"{'NONE','SAVE10','WELCOME'}"
Category 5,2025-10-03,Merchant 11,23.35,0,15.9,{'NONE'}
Category 5,2025-10-03,Merchant 12,52.6075,0.88,39.3875,"{'NONE','WELCOME'}"
Category 5,2025-10-03,Merchant 13,43.776666666666664,1.4133333333333333,-23.51,"{'NONE','SAVE10','WELCOME'}"
Category 5,2025-10-03,Merchant 14,55.955,2.603,-15.006,"{'NONE','SAVE10','WELCOME'}"
Category 5,2025-10-03,Merchant 15,89.79,4.49,74.06,{'WELCOME'}
Category 5,2025-10-03,Merchant 16,70.54444444444445,3.736666666666667,-0.4166666666666667,"{'NONE','SAVE10','WELCOME'}"
Category 5,2025-10-03,Merchant 17,30.72,0,-32.2,{'NONE'}
Category 5,2025-10-03,Merchant 18,67.32857142857142,1.18,21.774285714285714,"{'NONE','WELCOME'}"
Category 5,2025-10-03,Merchant 19,39.619166666666665,1.9991666666666668,-25.0725,"{'NONE','SAVE10','WELCOME'}"
Category 5,2025-10-03,Merchant 2,63.42666666666667,3.17,-15.056666666666667,{'WELCOME'}
Category 5,2025-10-03,Merchant 20,65.10333333333334,3.8233333333333333,48.24,"{'NONE','SAVE10','WELCOME'}"
Category 5,2025-10-03,Merchant 3,22.45,1.12,-41.96,{'WELCOME'}
Category 5,2025-10-03,Merchant 4,56.58875,1.23875,-14.68,"{'NONE','WELCOME'}"
Category 5,2025-10-03,Merchant 5,64.40285714285714,5.264285714285714,15.16,"{'SAVE10','WELCOME'}"
Category 5,2025-10-03,Merchant 6,60.745,2.3733333333333335,1.6766666666666667,"{'NONE','SAVE10','WELCOME'}"
Category 5,2025-10-03,Merchant 7,74.715,4.365,35.5,"{'NONE','SAVE10','WELCOME'}"
Category 5,2025-10-03,Merchant 8,60.954,0.606,-30.268,"{'NONE','WELCOME'}"
Category 5,2025-10-03,Merchant 9,46.333333333333336,2.683333333333333,-35.873333333333335,"{'NONE','SAVE10','WELCOME'}"
Category 5,2025-10-04,Merchant 10,42.74857142857143,2.6557142857142857,-14.581428571428571,"{'NONE','SAVE10','WELCOME'}"
Category 5,2025-10-04,Merchant 11,62.61,3.13,52.03,{'WELCOME'}
Category 5,2025-10-04,Merchant 12,34.666666666666664,1.7266666666666668,-18.413333333333334,"{'NONE','SAVE10','WELCOME'}"
Category 5,2025-10-04,Merchant 13,61.5425,2.815,6.2375,"{'NONE','WELCOME'}"
Category 5,2025-10-04,Merchant 14,46.54375,1.97,-32.735,"{'NONE','SAVE10','WELCOME'}"
Category 5,2025-10-04,Merchant 16,56.36769230769231,2.3615384615384616,-16.845384615384614,"{'NONE','SAVE10','WELCOME'}"
Category 5,2025-10-04,Merchant 18,55.91166666666667,1.5875,-0.8941666666666667,"{'NONE','SAVE10','WELCOME'}"
Category 5,2025-10-04,Merchant 19,64.39,2.775,2.34,"{'NONE','SAVE10','WELCOME'}"
Category 5,2025-10-04,Merchant 2,34.73714285714286,1.5314285714285714,-34.71714285714286,"{'NONE','SAVE10','WELCOME'}"
Category 5,2025-10-04,Merchant 3,77.875,2.13,-7.32,"{'NONE','WELCOME'}"
Category 5,2025-10-04,Merchant 4,59.185,2.96,31.805,{'WELCOME'}
Category 5,2025-10-04,Merchant 5,50.81285714285714,3.361428571428571,2.8914285714285715,"{'NONE','SAVE10','WELCOME'}"
Category 5,2025-10-04,Merchant 6,48.1525,2.715,-4.08125,"{'NONE','SAVE10','WELCOME'}"
Category 5,2025-10-04,Merchant 7,65.215,2.08,22.91,"{'NONE','WELCOME'}"
Category 5,2025-10-04,Merchant 8,39.27,1.756,-62.072,"{'NONE','SAVE10','WELCOME'}"
Category 5,2025-10-04,Merchant 9,59.85,3.83,-12.2,"{'NONE','SAVE10','WELCOME'}"
Category 5,2025-10-05,Merchant 10,41.065,2.375,32.84,"{'SAVE10','WELCOME'}"
Category 5,2025-10-05,Merchant 11,22.48,1.4066666666666667,13.623333333333333,"{'SAVE10','WELCOME'}"
Category 5,2025-10-05,Merchant 12,45.72888888888889,2.7,-7.072222222222222,"{'NONE','SAVE10','WELCOME'}"
Category 5,2025-10-05,Merchant 13,44.47142857142857,2.48,-10.31,"{'NONE','SAVE10','WELCOME'}"
Category 5,2025-10-05,Merchant 14,52.553636363636365,1.6490909090909092,-35.03636363636364,"{'NONE','SAVE10','WELCOME'}"
Category 5,2025-10-05,Merchant 15,32.505,1.625,17.18,{'WELCOME'}
Category 5,2025-10-05,Merchant 16,39.64333333333333,2.3316666666666666,-47.41,"{'NONE','SAVE10','WELCOME'}"
Category 5,2025-10-05,Merchant 17,51.04,2.955,-14.835,"{'SAVE10','WELCOME'}"
Category 5,2025-10-05,Merchant 18,61.03125,4.21125,16.24125,"{'SAVE10','WELCOME'}"
Category 5,2025-10-05,Merchant 19,52.641,2.45,5.604,"{'NONE','SAVE10','WELCOME'}"
Category 5,2025-10-05,Merchant 2,52.132,1.16,-3.648,"{'NONE','SAVE10','WELCOME'}"
Category 5,2025-10-05,Merchant 20,46.32,0,33.28,{'NONE'}
Category 5,2025-10-05,Merchant 3,33.6,1.68,-51.145,{'WELCOME'}
Category 5,2025-10-05,Merchant 4,11.87,1.19,-86.34,{'SAVE10'}
Category 5,2025-10-05,Merchant 5,69.616,2.932,7.355,"{'NONE','SAVE10','WELCOME'}"
Category 5,2025-10-05,Merchant 6,49.27,4.93,-17.61,{'SAVE10'}
Category 5,2025-10-05,Merchant 7,62.02,1.4933333333333334,23.883333333333333,"{'NONE','WELCOME'}"
Category 5,2025-10-05,Merchant 8,64.304,3.066,-16.052,"{'NONE','SAVE10','WELCOME'}"
Category 5,2025-10-05,Merchant 9,70.75,1.8066666666666666,-10.58,"{'NONE','SAVE10'}"
Category 5,2025-10-06,Merchant 10,47.276666666666664,3.401666666666667,-4.838333333333333,"{'SAVE10','WELCOME'}"
Category 5,2025-10-06,Merchant 11,77.99,7.8,62.74,{'SAVE10'}
Category 5,2025-10-06,Merchant 12,41.96,1.886,-16.684,"{'NONE','WELCOME'}"
Category 5,2025-10-06,Merchant 13,61.43142857142857,2.302857142857143,-16.115714285714287,"{'NONE','SAVE10','WELCOME'}"
Category 5,2025-10-06,Merchant 14,55.0035294117647,2.03,-35.73705882352941,"{'NONE','SAVE10','WELCOME'}"
Category 5,2025-10-06,Merchant 15,33.265,1.66,17.905,{'WELCOME'}
Category 5,2025-10-06,Merchant 16,69.885,4.011666666666667,2.881666666666667,"{'NONE','SAVE10','WELCOME'}"
Category 5,2025-10-06,Merchant 18,55.43142857142857,2.1542857142857144,12.482857142857142,"{'NONE','WELCOME'}"
Category 5,2025-10-06,Merchant 19,67.7575,3.01625,2.35125,"{'NONE','SAVE10','WELCOME'}"
Category 5,2025-10-06,Merchant 2,43.236,1.09,-37.306,"{'NONE','WELCOME'}"
Category 5,2025-10-06,Merchant 20,38.84,2.58,23.22,"{'SAVE10','WELCOME'}"
Category 5,2025-10-06,Merchant 3,58.3075,1.02,-35.665,"{'NONE','WELCOME'}"
Category 5,2025-10-06,Merchant 4,34.76,1.505,8.835,"{'NONE','WELCOME'}"
Category 5,2025-10-06,Merchant 5,62.445454545454545,3.309090909090909,5.942727272727272,"{'NONE','SAVE10','WELCOME'}"
Category 5,2025-10-06,Merchant 6,72.46714285714286,3.4,21.44,"{'NONE','SAVE10','WELCOME'}"
Category 5,2025-10-06,Merchant 7,37.28,3.1466666666666665,4.653333333333333,"{'SAVE10','WELCOME'}"
Category 5,2025-10-06,Merchant 8,53.925,1.535,-12.6375,"{'NONE','WELCOME'}"
Category 5,2025-10-06,Merchant 9,59.24,5.92,-48.81,{'SAVE10'}
Category 5,2025-10-07,Merchant 10,87.44,2.43,58.01,"{'NONE','WELCOME'}"
Category 5,2025-10-07,Merchant 11,5.84,0,-1.61,{'NONE'}
Category 5,2025-10-07,Merchant 12,47.032222222222224,2.1977777777777776,-5.185555555555555,"{'NONE','SAVE10','WELCOME'}"
Category 5,2025-10-07,Merchant 13,41.836666666666666,1.73,-7.726666666666667,"{'NONE','SAVE10'}"
Category 5,2025-10-07,Merchant 14,53.78090909090909,1.8363636363636364,-26.55272727272727,"{'NONE','SAVE10','WELCOME'}"
Category 5,2025-10-07,Merchant 15,25.1775,1.1625,11.545,"{'NONE','SAVE10','WELCOME'}"
Category 5,2025-10-07,Merchant 16,42.826,2.448,-32.586,"{'NONE','SAVE10','WELCOME'}"
Category 5,2025-10-07,Merchant 17,37.92,0.21,-25.21,"{'NONE','WELCOME'}"
Category 5,2025-10-07,Merchant 18,52.909,2.429,-0.838,"{'NONE','SAVE10','WELCOME'}"
Category 5,2025-10-07,Merchant 19,53.02708333333333,1.9091666666666667,-21.82375,"{'NONE','SAVE10','WELCOME'}"
Category 5,2025-10-07,Merchant 2,55.18333333333333,0,-9.783333333333333,{'NONE'}
Category 5,2025-10-07,Merchant 20,69.815,6.985,49.79,{'SAVE10'}
Category 5,2025-10-07,Merchant 3,96.245,0,32.955,{'NONE'}
Category 5,2025-10-07,Merchant 4,41.8675,2.8025,-20.715,"{'NONE','SAVE10'}"
Category 5,2025-10-07,Merchant 5,57.48307692307692,2.4723076923076923,-3.059230769230769,"{'NONE','SAVE10','WELCOME'}"
Category 5,2025-10-07,Merchant 6,64.14,3.21,15.555,{'WELCOME'}
Category 5,2025-10-07,Merchant 7,43.915,1.145,2.545,"{'NONE','WELCOME'}"
Category 5,2025-10-07,Merchant 8,64.14571428571429,2.94,-23.19,"{'NONE','WELCOME'}"
Category 5,2025-10-07,Merchant 9,45.89333333333333,1.3033333333333332,-12.326666666666666,"{'NONE','WELCOME'}"
Category 5,2025-10-08,Merchant 10,78.02,0,29.87,{'NONE'}
Category 5,2025-10-08,Merchant 12,55.75625,2.63625,7.20375,"{'NONE','WELCOME'}"
Category 5,2025-10-08,Merchant 13,49.09,4.5,-7.46,"{'SAVE10','WELCOME'}"
Category 5,2025-10-08,Merchant 14,30.455,0.515,-42.155,"{'NONE','WELCOME'}"
Category 5,2025-10-08,Merchant 15,73.64,3.68,56.26,{'WELCOME'}
Category 5,2025-10-08,Merchant 16,20.57,0.89,-46.166666666666664,"{'NONE','WELCOME'}"
Category 5,2025-10-08,Merchant 17,75.005,3.75,8.335,{'WELCOME'}
Category 5,2025-10-08,Merchant 18,59.665,2.625,8.645,"{'NONE','SAVE10','WELCOME'}"
Category 5,2025-10-08,Merchant 19,72.23571428571428,4.061428571428571,9.175714285714285,"{'NONE','SAVE10','WELCOME'}"
Category 5,2025-10-08,Merchant 2,8.33,0,-46.29,{'NONE'}
Category 5,2025-10-08,Merchant 3,65.08,6.51,-44.27,{'SAVE10'}
Category 5,2025-10-08,Merchant 4,20.95,2.1,-78.17,{'SAVE10'}
Category 5,2025-10-08,Merchant 5,64.15333333333334,4.235,1.7416666666666667,"{'NONE','SAVE10','WELCOME'}"
Category 5,2025-10-08,Merchant 6,52.38,0,7.815,{'NONE'}
Category 5,2025-10-08,Merchant 7,77.68,5.536666666666667,42.663333333333334,"{'SAVE10','WELCOME'}"
Category 5,2025-10-08,Merchant 8,52.709,3.649,-20.531,"{'NONE','SAVE10','WELCOME'}"
Category 5,2025-10-08,Merchant 9,59.59,2.98,-45.52,{'WELCOME'}
Category 5,2025-10-09,Merchant 10,66.08,4.416666666666667,-15.813333333333333,"{'SAVE10','WELCOME'}"
Category 5,2025-10-09,Merchant 12,66.392,4.164,12.376,"{'SAVE10','WELCOME'}"
Category 5,2025-10-09,Merchant 13,66.335,1.43,19.18,"{'NONE','WELCOME'}"
Category 5,2025-10-09,Merchant 14,64.97444444444444,3.316666666666667,-8.336666666666666,"{'NONE','SAVE10','WELCOME'}"
Category 5,2025-10-09,Merchant 15,59.8975,3.28,41.69,"{'NONE','SAVE10','WELCOME'}"
Category 5,2025-10-09,Merchant 16,71.75285714285714,4.368571428571428,-2.664285714285714,"{'NONE','SAVE10','WELCOME'}"
Category 5,2025-10-09,Merchant 18,35.77142857142857,1.6642857142857144,-13.72,"{'NONE','SAVE10','WELCOME'}"
Category 5,2025-10-09,Merchant 19,63.23,1.035,-4.04375,"{'NONE','WELCOME'}"
Category 5,2025-10-09,Merchant 2,51.185,5.12,-24.075,{'SAVE10'}
Category 5,2025-10-09,Merchant 3,53.3675,1.4775,-41.0625,"{'NONE','WELCOME'}"
Category 5,2025-10-09,Merchant 4,48.01714285714286,1.9842857142857142,-9.501428571428571,"{'NONE','SAVE10','WELCOME'}"
Category 5,2025-10-09,Merchant 5,58.844,4.322,12.568,"{'SAVE10','WELCOME'}"
Category 5,2025-10-09,Merchant 6,45.884,2.292,2.018,{'WELCOME'}
Category 5,2025-10-09,Merchant 7,27.85333333333333,1.8533333333333333,-17.80666666666667,"{'SAVE10','WELCOME'}"
Category 5,2025-10-09,Merchant 8,57.845,2.1016666666666666,-11.961666666666666,"{'NONE','WELCOME'}"
Category 5,2025-10-09,Merchant 9,46.44,2.32,-58.01,{'WELCOME'}
Category 5,2025-10-10,Merchant 10,20.74,1.04,-0.25,{'WELCOME'}
Category 5,2025-10-10,Merchant 11,30.57,2.695,20.425,"{'SAVE10','WELCOME'}"
Category 5,2025-10-10,Merchant 12,69.765,2.433333333333333,29.608333333333334,"{'NONE','SAVE10','WELCOME'}"
Category 5,2025-10-10,Merchant 13,53.86375,4.5275,0.22875,"{'SAVE10','WELCOME'}"
Category 5,2025-10-10,Merchant 14,63.17125,2.358125,-14.873125,"{'NONE','SAVE10','WELCOME'}"
Category 5,2025-10-10,Merchant 15,56.39,5.64,39.51,{'SAVE10'}
Category 5,2025-10-10,Merchant 16,47.41166666666667,1.7233333333333334,-11.361666666666666,"{'NONE','WELCOME'}"
Category 5,2025-10-10,Merchant 17,71.18666666666667,4.8,3.466666666666667,"{'NONE','SAVE10'}"
Category 5,2025-10-10,Merchant 18,56.315,1.045,35.65,"{'NONE','WELCOME'}"
Category 5,2025-10-10,Merchant 19,47.263333333333335,1.3822222222222222,-21.185555555555556,"{'NONE','SAVE10','WELCOME'}"
Category 5,2025-10-10,Merchant 2,31.11,2.1,-56.65,"{'NONE','SAVE10'}"
Category 5,2025-10-10,Merchant 20,65.87,4.225,48.61,"{'SAVE10','WELCOME'}"
Category 5,2025-10-10,Merchant 3,31.325,0.86,-72.375,"{'NONE','WELCOME'}"
Category 5,2025-10-10,Merchant 4,56.2075,2.535,10.6325,"{'NONE','SAVE10','WELCOME'}"
Category 5,2025-10-10,Merchant 5,73.34,4.12,26.421666666666667,"{'NONE','SAVE10','WELCOME'}"
Category 5,2025-10-10,Merchant 6,60.75666666666667,4.25,17.466666666666665,"{'SAVE10','WELCOME'}"
Category 5,2025-10-10,Merchant 8,67.81,3.39,-13.6875,{'WELCOME'}
Category 5,2025-10-11,Merchant 10,67.91875,5.13375,24.7875,"{'SAVE10','WELCOME'}"
Category 5,2025-10-11,Merchant 12,53.08571428571429,2.4485714285714284,-0.28285714285714286,"{'NONE','WELCOME'}"
Category 5,2025-10-11,Merchant 14,57.651,3.822,-10.157,"{'NONE','SAVE10','WELCOME'}"
Category 5,2025-10-11,Merchant 15,98.36333333333333,6.503333333333333,78.98,"{'SAVE10','WELCOME'}"
Category 5,2025-10-11,Merchant 16,46.225,0.53,-23.27,"{'NONE','SAVE10'}"
Category 5,2025-10-11,Merchant 17,65.16,0,2.24,{'NONE'}
Category 5,2025-10-11,Merchant 18,62.634,2.202,11.894,"{'NONE','SAVE10','WELCOME'}"
Category 5,2025-10-11,Merchant 19,61.29181818181818,2.7063636363636365,11.546363636363637,"{'NONE','SAVE10','WELCOME'}"
Category 5,2025-10-11,Merchant 2,11.54,1.15,-44.23,{'SAVE10'}
Category 5,2025-10-11,Merchant 20,103.01,10.3,79.67,{'SAVE10'}
Category 5,2025-10-11,Merchant 3,69.4,4.56,-24.816666666666666,"{'SAVE10','WELCOME'}"
Category 5,2025-10-11,Merchant 4,63.07,6.31,34.22,{'SAVE10'}
Category 5,2025-10-11,Merchant 5,69.82,4.046666666666667,22.045,"{'SAVE10','WELCOME'}"
Category 5,2025-10-11,Merchant 6,44.473333333333336,2.3833333333333333,3.05,"{'SAVE10','WELCOME'}"
Category 5,2025-10-11,Merchant 7,50.862857142857145,3.3128571428571427,5.79,"{'SAVE10','WELCOME'}"
Category 5,2025-10-11,Merchant 8,88.91,4.445,-18.175,{'WELCOME'}
Category 5,2025-10-11,Merchant 9,67.19,2.325,30.555,"{'NONE','SAVE10'}"
Category 5,2025-10-12,Merchant 10,43.2925,2.1625,24.705,{'WELCOME'}
Category 5,2025-10-12,Merchant 12,48.045,2.348333333333333,-25.285,"{'NONE','WELCOME'}"
Category 5,2025-10-12,Merchant 13,53.37,2.2114285714285713,-12.74,"{'NONE','WELCOME'}"
Category 5,2025-10-12,Merchant 14,58.10642857142857,3.4735714285714288,-20.627142857142857,"{'NONE','SAVE10','WELCOME'}"
Category 5,2025-10-12,Merchant 15,11.905,0.595,-2.39,{'WELCOME'}
Category 5,2025-10-12,Merchant 16,63.268,3.87,2.86,"{'NONE','SAVE10','WELCOME'}"
Category 5,2025-10-12,Merchant 17,83.2,4.16,16.12,{'WELCOME'}
Category 5,2025-10-12,Merchant 18,38.134,1.396,-9.974,"{'NONE','SAVE10','WELCOME'}"
Category 5,2025-10-12,Merchant 19,72.85,2.7783333333333333,26.919166666666666,"{'NONE','SAVE10','WELCOME'}"
Category 5,2025-10-12,Merchant 2,59.785,2.99,-28.865,{'WELCOME'}
Category 5,2025-10-12,Merchant 20,53.33,2.67,37.62,{'WELCOME'}
Category 5,2025-10-12,Merchant 3,65.71,5.14,-22.495,"{'NONE','SAVE10'}"
Category 5,2025-10-12,Merchant 4,54.01285714285714,2.2457142857142856,-24.51,"{'NONE','SAVE10','WELCOME'}"
Category 5,2025-10-12,Merchant 5,45.787142857142854,2.952857142857143,3.5042857142857144,"{'NONE','SAVE10','WELCOME'}"
Category 5,2025-10-12,Merchant 6,49.207142857142856,1.5814285714285714,-4.505714285714285,"{'NONE','SAVE10','WELCOME'}"
Category 5,2025-10-12,Merchant 7,51.43,2.38,-1.915,"{'NONE','WELCOME'}"
Category 5,2025-10-12,Merchant 8,70.08,3.504,-22.546,{'WELCOME'}
Category 5,2025-10-12,Merchant 9,52.99333333333333,5.093333333333334,-54.23,"{'SAVE10','WELCOME'}"
Category 5,2025-10-13,Merchant 10,73.17875,1.6325,22.7625,"{'NONE','SAVE10','WELCOME'}"
Category 5,2025-10-13,Merchant 11,87.13,4.355,75.325,{'WELCOME'}
Category 5,2025-10-13,Merchant 12,57.418,3.344,18.326,"{'NONE','SAVE10','WELCOME'}"
Category 5,2025-10-13,Merchant 13,95.39,4.77,11.51,{'WELCOME'}
Category 5,2025-10-13,Merchant 14,56.34,2.348666666666667,-20.55666666666667,"{'NONE','SAVE10','WELCOME'}"
Category 5,2025-10-13,Merchant 15,70.41,3.946,53.258,"{'NONE','SAVE10','WELCOME'}"
Category 5,2025-10-13,Merchant 16,64.555,4.428333333333334,-11.661666666666667,"{'NONE','SAVE10','WELCOME'}"
Category 5,2025-10-13,Merchant 18,66.48714285714286,1.9385714285714286,10.607142857142858,"{'NONE','SAVE10','WELCOME'}"
Category 5,2025-10-13,Merchant 19,64.554,1.184,-4.528,"{'NONE','WELCOME'}"
Category 5,2025-10-13,Merchant 2,57.76,5.78,-2.64,{'SAVE10'}
Category 5,2025-10-13,Merchant 20,36.943333333333335,2.7533333333333334,21.15,"{'SAVE10','WELCOME'}"
Category 5,2025-10-13,Merchant 3,14.47,0.72,-49.54,{'WELCOME'}
Category 5,2025-10-13,Merchant 4,51.468,1.622,12.41,"{'NONE','WELCOME'}"
Category 5,2025-10-13,Merchant 5,66.44166666666666,3.046666666666667,5.218333333333334,"{'NONE','WELCOME'}"
Category 5,2025-10-13,Merchant 6,38.16,1.91,-9.125,{'WELCOME'}
Category 5,2025-10-13,Merchant 7,49.89,3.1925,11.845,"{'NONE','SAVE10','WELCOME'}"
Category 5,2025-10-13,Merchant 8,61.25666666666667,3.417777777777778,-18.11777777777778,"{'NONE','SAVE10','WELCOME'}"
Category 5,2025-10-13,Merchant 9,90.58,4.53,-16.08,{'WELCOME'}
Category 5,2025-10-14,Merchant 10,42.27,1.375,-51.245,"{'NONE','WELCOME'}"
Category 5,2025-10-14,Merchant 11,66.67333333333333,2.5433333333333334,56.68,"{'NONE','WELCOME'}"
Category 5,2025-10-14,Merchant 12,65.56666666666666,2.776666666666667,-0.31666666666666665,"{'NONE','SAVE10','WELCOME'}"
Category 5,2025-10-14,Merchant 13,65.73,6.57,7.11,{'SAVE10'}
Category 5,2025-10-14,Merchant 14,61.28,2.775,-16.95642857142857,"{'NONE','SAVE10','WELCOME'}"
Category 5,2025-10-14,Merchant 15,65.988,3.408,49.374,"{'NONE','SAVE10','WELCOME'}"
Category 5,2025-10-14,Merchant 16,61.312,1.722,-13.374,"{'NONE','SAVE10','WELCOME'}"
Category 5,2025-10-14,Merchant 17,77.33,7.735,6.675,{'SAVE10'}
Category 5,2025-10-14,Merchant 18,54.53125,3.8325,9.90625,"{'NONE','SAVE10','WELCOME'}"
Category 5,2025-10-14,Merchant 19,63.556666666666665,2.93,-9.515,"{'NONE','SAVE10','WELCOME'}"
Category 5,2025-10-14,Merchant 2,51.82,2.412,-11.42,"{'NONE','SAVE10','WELCOME'}"
Category 5,2025-10-14,Merchant 20,45.76,0,32.72,{'NONE'}
Category 5,2025-10-14,Merchant 3,41.35,1.5,-53.1025,"{'NONE','WELCOME'}"
Category 5,2025-10-14,Merchant 4,59.72,1.55,5.086,"{'NONE','SAVE10','WELCOME'}"
Category 5,2025-10-14,Merchant 5,39.62,0,16.89,{'NONE'}
Category 5,2025-10-14,Merchant 6,57.33,2.5375,1.535,"{'NONE','SAVE10'}"
Category 5,2025-10-14,Merchant 7,65.25,3.26,32.51,{'WELCOME'}
Category 5,2025-10-14,Merchant 8,72.7225,0.8475,14.2425,"{'NONE','SAVE10'}"
Category 5,2025-10-14,Merchant 9,25.705,1.285,-43.8,{'WELCOME'}
Category 5,2025-10-15,Merchant 10,31.99,1.345,-18.35,"{'NONE','WELCOME'}"
Category 5,2025-10-15,Merchant 11,59.4,5.94,46.01,{'SAVE10'}
Category 5,2025-10-15,Merchant 12,59.555,3.743333333333333,4.336666666666667,"{'SAVE10','WELCOME'}"
Category 5,2025-10-15,Merchant 14,52.33416666666667,1.915,-38.711666666666666,"{'NONE','WELCOME'}"
Category 5,2025-10-15,Merchant 15,50.066,2.776,34.082,"{'NONE','SAVE10','WELCOME'}"
Category 5,2025-10-15,Merchant 16,74.93,2.5742857142857143,0.5342857142857143,"{'NONE','SAVE10','WELCOME'}"
Category 5,2025-10-15,Merchant 17,45.2,4.52,-22.24,{'SAVE10'}
Category 5,2025-10-15,Merchant 18,54.56375,2.3075,-6.36375,"{'NONE','SAVE10','WELCOME'}"
Category 5,2025-10-15,Merchant 19,79.44666666666667,1.6566666666666667,16.60333333333333,"{'NONE','WELCOME'}"
Category 5,2025-10-15,Merchant 2,46.045,0.16,-39.775,"{'NONE','WELCOME'}"
Category 5,2025-10-15,Merchant 3,95.18,4.76,-12.42,{'WELCOME'}
Category 5,2025-10-15,Merchant 4,59.85,2.99,30.56,{'WELCOME'}
Category 5,2025-10-15,Merchant 5,63.65,3.51,31.508,"{'NONE','SAVE10','WELCOME'}"
Category 5,2025-10-15,Merchant 6,72.9,7.29,37.62,{'SAVE10'}
Category 5,2025-10-15,Merchant 7,58.935,4.88,13.83,"{'SAVE10','WELCOME'}"
Category 5,2025-10-15,Merchant 9,11.865,0.435,-56.79,"{'NONE','WELCOME'}"
Category 5,2025-10-16,Merchant 10,69.21833333333333,2.36,10.813333333333333,"{'NONE','SAVE10','WELCOME'}"
Category 5,2025-10-16,Merchant 12,56.456,4.142,-0.08,"{'SAVE10','WELCOME'}"
Category 5,2025-10-16,Merchant 13,52.6575,3.965,-10.1225,"{'SAVE10','WELCOME'}"
Category 5,2025-10-16,Merchant 14,50.68615384615384,1.6861538461538461,-23.446923076923078,"{'NONE','SAVE10','WELCOME'}"
Category 5,2025-10-16,Merchant 15,47.88,4.303333333333334,32.336666666666666,"{'SAVE10','WELCOME'}"
Category 5,2025-10-16,Merchant 16,50.553333333333335,3.27,-4.58,"{'NONE','SAVE10','WELCOME'}"
Category 5,2025-10-16,Merchant 18,43.818,4.05,-13.604,"{'SAVE10','WELCOME'}"
Category 5,2025-10-16,Merchant 19,67.26142857142857,3.1657142857142855,0.11785714285714285,"{'NONE','SAVE10','WELCOME'}"
Category 5,2025-10-16,Merchant 2,69.07666666666667,4.743333333333333,-0.6333333333333333,"{'NONE','SAVE10','WELCOME'}"
Category 5,2025-10-16,Merchant 20,24.38,1.22,10.12,{'WELCOME'}
Category 5,2025-10-16,Merchant 3,51.37,0,-11.92,{'NONE'}
Category 5,2025-10-16,Merchant 4,52.01714285714286,3.662857142857143,-6.642857142857143,"{'NONE','SAVE10','WELCOME'}"
Category 5,2025-10-16,Merchant 5,66.09,3.712857142857143,13.097142857142858,"{'NONE','SAVE10','WELCOME'}"
Category 5,2025-10-16,Merchant 6,50.04,2.4125,-6.035,"{'NONE','SAVE10','WELCOME'}"
Category 5,2025-10-16,Merchant 7,56.46,2.8233333333333333,9.83,{'WELCOME'}
Category 5,2025-10-16,Merchant 8,71.06,3.012,-12.104,"{'NONE','SAVE10','WELCOME'}"
Category 5,2025-10-17,Merchant 10,62.402857142857144,4.315714285714286,-9.157142857142857,"{'SAVE10','WELCOME'}"
Category 5,2025-10-17,Merchant 11,41.89666666666667,3.26,31.186666666666667,"{'NONE','SAVE10','WELCOME'}"
Category 5,2025-10-17,Merchant 12,31.01,1.7533333333333334,-49.6,"{'SAVE10','WELCOME'}"
Category 5,2025-10-17,Merchant 13,52.584,2.29,-7.52,"{'NONE','SAVE10','WELCOME'}"
Category 5,2025-10-17,Merchant 14,60.86,2.29625,-17.275625,"{'NONE','SAVE10','WELCOME'}"
Category 5,2025-10-17,Merchant 15,21.21,2.12,2.93,{'SAVE10'}
Category 5,2025-10-17,Merchant 16,54.31428571428572,3.2414285714285715,-14.108571428571429,"{'NONE','SAVE10','WELCOME'}"
Category 5,2025-10-17,Merchant 17,60.695,0,-2.225,{'NONE'}
Category 5,2025-10-17,Merchant 18,49.04,2.4242857142857144,-8.437142857142858,"{'NONE','SAVE10','WELCOME'}"
Category 5,2025-10-17,Merchant 19,54.5675,2.6241666666666665,-12.705,"{'NONE','SAVE10','WELCOME'}"
Category 5,2025-10-17,Merchant 2,7.88,0.39,-78.17,{'WELCOME'}
Category 5,2025-10-17,Merchant 20,87.14,4.355,69.745,{'WELCOME'}
Category 5,2025-10-17,Merchant 3,50.8,2.54,-15.03,{'WELCOME'}
Category 5,2025-10-17,Merchant 4,47.78,1.9466666666666668,-1.5333333333333332,"{'NONE','SAVE10'}"
Category 5,2025-10-17,Merchant 5,52.36,5.24,24.39,{'SAVE10'}
Category 5,2025-10-17,Merchant 6,73.0225,3.6525,24.4,{'WELCOME'}
Category 5,2025-10-17,Merchant 7,64.26666666666667,3.28,31.506666666666668,"{'NONE','SAVE10','WELCOME'}"
Category 5,2025-10-17,Merchant 8,43.57,3.495,-62.565,"{'NONE','SAVE10'}"
Category 5,2025-10-17,Merchant 9,87.35,8.74,44.31,{'SAVE10'}
Category 5,2025-10-18,Merchant 10,34.845,0.915,6.93,"{'NONE','WELCOME'}"
Category 5,2025-10-18,Merchant 11,61.77,3.09,51.23,{'WELCOME'}
Category 5,2025-10-18,Merchant 12,78.148,2.27,35.768,"{'NONE','SAVE10','WELCOME'}"
Category 5,2025-10-18,Merchant 13,73.55666666666667,3.3766666666666665,19.945,"{'NONE','SAVE10','WELCOME'}"
Category 5,2025-10-18,Merchant 14,62.861666666666665,2.09,-18.460833333333333,"{'NONE','SAVE10','WELCOME'}"
Category 5,2025-10-18,Merchant 15,41.915,1.77875,27.05125,"{'NONE','SAVE10','WELCOME'}"
Category 5,2025-10-18,Merchant 16,42.67,2.874285714285714,-38.01857142857143,"{'NONE','SAVE10','WELCOME'}"
Category 5,2025-10-18,Merchant 17,41.286,2.538,-24.172,"{'NONE','SAVE10','WELCOME'}"
Category 5,2025-10-18,Merchant 18,59.144285714285715,3.224285714285714,8.092857142857143,"{'NONE','SAVE10','WELCOME'}"
Category 5,2025-10-18,Merchant 19,63.71545454545455,1.7736363636363637,9.567272727272726,"{'NONE','SAVE10','WELCOME'}"
Category 5,2025-10-18,Merchant 2,41.64,1.805,-30.305,"{'NONE','SAVE10'}"
Category 5,2025-10-18,Merchant 20,21,0,7.96,{'NONE'}
Category 5,2025-10-18,Merchant 3,50.94,4.58,-36.705,"{'NONE','SAVE10'}"
Category 5,2025-10-18,Merchant 4,57.344,1.13,17.274,"{'NONE','WELCOME'}"
Category 5,2025-10-18,Merchant 5,45.395,2.106666666666667,-17.685833333333335,"{'NONE','SAVE10','WELCOME'}"
Category 5,2025-10-18,Merchant 6,67.7275,2.4875,20.2725,"{'NONE','SAVE10','WELCOME'}"
Category 5,2025-10-18,Merchant 7,38.94,1.922,-1.058,"{'NONE','SAVE10','WELCOME'}"
Category 5,2025-10-18,Merchant 8,49.72857142857143,1.61,-43.75142857142857,"{'NONE','WELCOME'}"
Category 5,2025-10-18,Merchant 9,103.94,5.2,64.43,{'WELCOME'}
Category 5,2025-10-19,Merchant 10,15.375,0.385,-55.155,"{'NONE','WELCOME'}"
Category 5,2025-10-19,Merchant 11,34.3,0,26.85,{'NONE'}
Category 5,2025-10-19,Merchant 12,50.037142857142854,3.0614285714285714,-8.772857142857143,"{'SAVE10','WELCOME'}"
Category 5,2025-10-19,Merchant 13,68.87333333333333,4.463333333333333,7.556666666666667,"{'NONE','SAVE10','WELCOME'}"
Category 5,2025-10-19,Merchant 14,47.17090909090909,1.930909090909091,-30.836363636363636,"{'NONE','SAVE10','WELCOME'}"
Category 5,2025-10-19,Merchant 15,44.3525,1.5525,27.87,"{'NONE','SAVE10','WELCOME'}"
Category 5,2025-10-19,Merchant 16,58.305,2.535,-13.195,"{'NONE','WELCOME'}"
Category 5,2025-10-19,Merchant 17,44.81,2.24,-20.35,{'WELCOME'}
Category 5,2025-10-19,Merchant 18,47.6525,3.42,-17,"{'NONE','SAVE10','WELCOME'}"
Category 5,2025-10-19,Merchant 19,48.8975,2.2041666666666666,-5.010833333333333,"{'NONE','SAVE10','WELCOME'}"
Category 5,2025-10-19,Merchant 2,46.3425,4.32,-35.8775,"{'NONE','SAVE10'}"
Category 5,2025-10-19,Merchant 3,62.36857142857143,3.8485714285714288,-38.67,"{'NONE','SAVE10','WELCOME'}"
Category 5,2025-10-19,Merchant 4,48.4125,2.12,-14.4275,"{'NONE','WELCOME'}"
Category 5,2025-10-19,Merchant 5,60.684,2.262,-13.658,"{'NONE','WELCOME'}"
Category 5,2025-10-19,Merchant 6,80.31,4.02,48.3,{'WELCOME'}
Category 5,2025-10-19,Merchant 7,42.38,0,12.9,{'NONE'}
Category 5,2025-10-19,Merchant 8,48.822,0.608,-34.8,"{'NONE','WELCOME'}"
Category 5,2025-10-19,Merchant 9,53.376666666666665,1.55,-27.696666666666665,"{'NONE','WELCOME'}"
Category 5,2025-10-20,Merchant 10,38.06,0.495,10.565,"{'NONE','WELCOME'}"
Category 5,2025-10-20,Merchant 12,55.675,3.23375,10.75,"{'NONE','SAVE10','WELCOME'}"
Category 5,2025-10-20,Merchant 13,21.58,1.03,-25.175,"{'NONE','SAVE10','WELCOME'}"
Category 5,2025-10-20,Merchant 14,62.974,2.4106666666666667,-13.344666666666667,"{'NONE','SAVE10','WELCOME'}"
Category 5,2025-10-20,Merchant 15,59.99,6,40.29,{'SAVE10'}
Category 5,2025-10-20,Merchant 16,72.44727272727273,2.5727272727272728,-4.149090909090909,"{'NONE','SAVE10','WELCOME'}"
Category 5,2025-10-20,Merchant 17,103.78,5.19,35.67,{'WELCOME'}
Category 5,2025-10-20,Merchant 18,52.553,2.57,-13.957,"{'NONE','SAVE10','WELCOME'}"
Category 5,2025-10-20,Merchant 19,68.114,4.056,18.178,"{'NONE','SAVE10','WELCOME'}"
Category 5,2025-10-20,Merchant 2,49.91,2.416,-25.75,"{'NONE','SAVE10','WELCOME'}"
Category 5,2025-10-20,Merchant 20,37.66,2.1533333333333333,22.466666666666665,"{'SAVE10','WELCOME'}"
Category 5,2025-10-20,Merchant 3,27.83,1.39,-76.4,{'WELCOME'}
Category 5,2025-10-20,Merchant 4,51.9075,0.505,-9.3175,"{'NONE','WELCOME'}"
Category 5,2025-10-20,Merchant 5,41.3825,2.465,-30.5325,"{'NONE','SAVE10','WELCOME'}"
Category 5,2025-10-20,Merchant 6,69.46666666666667,3.473333333333333,3.7733333333333334,{'WELCOME'}
Category 5,2025-10-20,Merchant 7,62.0425,1.15,20.6675,"{'NONE','WELCOME'}"
Category 5,2025-10-20,Merchant 8,77.30666666666667,1.5266666666666666,-4.33,"{'NONE','SAVE10'}"
Category 5,2025-10-20,Merchant 9,73.825,4.8,-16.15,"{'NONE','SAVE10','WELCOME'}"
Category 5,2025-10-21,Merchant 10,38.98,3.045,-13.055,"{'NONE','SAVE10'}"
Category 5,2025-10-21,Merchant 11,35.13,0,27.68,{'NONE'}
Category 5,2025-10-21,Merchant 12,50.205,1.98625,6.5275,"{'NONE','WELCOME'}"
Category 5,2025-10-21,Merchant 13,42.355,0.515,-17.415,"{'NONE','WELCOME'}"
Category 5,2025-10-21,Merchant 14,51.107142857142854,3.8914285714285715,-19.765714285714285,"{'SAVE10','WELCOME'}"
Category 5,2025-10-21,Merchant 15,16.11,0,4.87,{'NONE'}
Category 5,2025-10-21,Merchant 16,76.378,0.232,-11.116,"{'NONE','WELCOME'}"
Category 5,2025-10-21,Merchant 17,63.505,3.175,-2.59,{'WELCOME'}
Category 5,2025-10-21,Merchant 18,42.61333333333334,3.5566666666666666,20.733333333333334,"{'NONE','SAVE10'}"
Category 5,2025-10-21,Merchant 19,63.02,3.717142857142857,6.587142857142857,"{'NONE','SAVE10','WELCOME'}"
Category 5,2025-10-21,Merchant 2,69.175,4.95,9.61,"{'SAVE10','WELCOME'}"
Category 5,2025-10-21,Merchant 4,67.205,0,7.425,{'NONE'}
Category 5,2025-10-21,Merchant 5,44.77444444444444,3.4122222222222223,-4.998888888888889,"{'NONE','SAVE10','WELCOME'}"
Category 5,2025-10-21,Merchant 6,42.19,1.48,-21.24,"{'NONE','WELCOME'}"
Category 5,2025-10-21,Merchant 7,66.485,5.89,20.37,"{'SAVE10','WELCOME'}"
Category 5,2025-10-21,Merchant 8,61.496,2.966,-32.086,"{'NONE','WELCOME'}"
Category 5,2025-10-21,Merchant 9,75.8625,6.545,-15.8575,"{'SAVE10','WELCOME'}"
Category 5,2025-10-22,Merchant 10,37.70666666666666,0.5233333333333333,17.233333333333334,"{'NONE','SAVE10','WELCOME'}"
Category 5,2025-10-22,Merchant 11,100.72,0,93.27,{'NONE'}
Category 5,2025-10-22,Merchant 12,52.276,2.008,0.562,"{'NONE','SAVE10','WELCOME'}"
Category 5,2025-10-22,Merchant 13,27.718,1.486,-23.64,"{'NONE','SAVE10','WELCOME'}"
Category 5,2025-10-22,Merchant 14,71.80625,2.78125,-9.47375,"{'NONE','SAVE10','WELCOME'}"
Category 5,2025-10-22,Merchant 15,59.075,4.48,40.895,"{'NONE','SAVE10'}"
Category 5,2025-10-22,Merchant 16,30.973333333333333,2.3966666666666665,-53.29,"{'SAVE10','WELCOME'}"
Category 5,2025-10-22,Merchant 17,86.3675,6.0875,17.36,"{'NONE','SAVE10'}"
Category 5,2025-10-22,Merchant 18,50.6,3.94,12.02,"{'NONE','SAVE10'}"
Category 5,2025-10-22,Merchant 19,60.19833333333333,3.3408333333333333,0.5883333333333334,"{'NONE','SAVE10','WELCOME'}"
Category 5,2025-10-22,Merchant 2,63.876666666666665,2.893333333333333,-3.9833333333333334,"{'NONE','SAVE10','WELCOME'}"
Category 5,2025-10-22,Merchant 20,88.25,5.4,69.81,"{'NONE','SAVE10'}"
Category 5,2025-10-22,Merchant 3,51.7275,0.985,-32.3225,"{'NONE','WELCOME'}"
Category 5,2025-10-22,Merchant 4,41.416666666666664,2.586666666666667,-9.79,"{'NONE','SAVE10','WELCOME'}"
Category 5,2025-10-22,Merchant 5,73.56777777777778,3.6155555555555554,20.31222222222222,"{'NONE','SAVE10','WELCOME'}"
Category 5,2025-10-22,Merchant 6,55.1125,1.725,8.015,"{'NONE','SAVE10','WELCOME'}"
Category 5,2025-10-22,Merchant 7,30.37,1.52,-0.63,{'WELCOME'}
Category 5,2025-10-22,Merchant 8,40.562,0.63,-44.768,"{'NONE','WELCOME'}"
Category 5,2025-10-22,Merchant 9,39.155,1.96,-64.935,{'WELCOME'}
Category 5,2025-10-23,Merchant 10,54.722,3.34,28.612,"{'SAVE10','WELCOME'}"
Category 5,2025-10-23,Merchant 11,82.02,4.1,70.47,{'WELCOME'}
Category 5,2025-10-23,Merchant 12,48.702,2.208,-3.066,"{'NONE','SAVE10','WELCOME'}"
Category 5,2025-10-23,Merchant 13,6.15,0.31,-46.21,{'WELCOME'}
Category 5,2025-10-23,Merchant 14,52.18142857142857,3.6185714285714288,-35.90571428571429,"{'NONE','SAVE10','WELCOME'}"
Category 5,2025-10-23,Merchant 16,58.83888888888889,1.74,-0.8044444444444444,"{'NONE','SAVE10','WELCOME'}"
Category 5,2025-10-23,Merchant 17,84.8075,3.1425,18.745,"{'NONE','WELCOME'}"
Category 5,2025-10-23,Merchant 18,73.58333333333333,3.95,31.856666666666666,"{'NONE','SAVE10'}"
Category 5,2025-10-23,Merchant 19,55.81777777777778,3.81,-2.921111111111111,"{'NONE','SAVE10','WELCOME'}"
Category 5,2025-10-23,Merchant 2,21.76,0,-32.86,{'NONE'}
Category 5,2025-10-23,Merchant 20,92.19,4.61,74.54,{'WELCOME'}
Category 5,2025-10-23,Merchant 3,94.6,9.46,-17.7,{'SAVE10'}
Category 5,2025-10-23,Merchant 4,57.27333333333333,3.256666666666667,-43.00333333333333,"{'SAVE10','WELCOME'}"
Category 5,2025-10-23,Merchant 5,40.86833333333333,1.3166666666666667,-43.72833333333333,"{'NONE','SAVE10','WELCOME'}"
Category 5,2025-10-23,Merchant 6,31.06,1.5583333333333333,-32.98833333333334,"{'NONE','SAVE10','WELCOME'}"
Category 5,2025-10-23,Merchant 7,34.57,3.46,1.63,{'SAVE10'}
Category 5,2025-10-23,Merchant 8,26.185,0.62,-47.495,"{'NONE','WELCOME'}"
Category 5,2025-10-23,Merchant 9,65.122,4.684,-14.564,"{'SAVE10','WELCOME'}"
Category 5,2025-10-24,Merchant 10,54.7125,2.735,3.405,{'WELCOME'}
Category 5,2025-10-24,Merchant 11,46.04666666666667,3.0933333333333333,35.50333333333333,"{'SAVE10','WELCOME'}"
Category 5,2025-10-24,Merchant 12,65.91,2.0816666666666666,14.595,"{'NONE','SAVE10','WELCOME'}"
Category 5,2025-10-24,Merchant 13,59.612857142857145,4.4871428571428575,-3.1,"{'SAVE10','WELCOME'}"
Category 5,2025-10-24,Merchant 14,39.094545454545454,2.6545454545454543,-41.39090909090909,"{'NONE','SAVE10','WELCOME'}"
Category 5,2025-10-24,Merchant 16,53.736,3.638,-26.292,"{'SAVE10','WELCOME'}"
Category 5,2025-10-24,Merchant 17,76.8,3.84,10.04,{'WELCOME'}
Category 5,2025-10-24,Merchant 18,64.6,3.112,13.946,"{'NONE','SAVE10','WELCOME'}"
Category 5,2025-10-24,Merchant 19,40.199090909090906,2.2781818181818183,-18.00090909090909,"{'NONE','SAVE10','WELCOME'}"
Category 5,2025-10-24,Merchant 2,67.50666666666666,6.1066666666666665,-24.26,"{'SAVE10','WELCOME'}"
Category 5,2025-10-24,Merchant 20,24.745,0.715,10.99,"{'NONE','WELCOME'}"
Category 5,2025-10-24,Merchant 3,21.045,1.05,-82.845,{'WELCOME'}
Category 5,2025-10-24,Merchant 4,68.882,3.212,12.586,"{'NONE','SAVE10'}"
Category 5,2025-10-24,Merchant 5,58.05125,3.00375,8.74875,"{'NONE','SAVE10','WELCOME'}"
Category 5,2025-10-24,Merchant 6,46.335,3.125,-2.165,"{'NONE','SAVE10'}"
Category 5,2025-10-24,Merchant 7,63.45,3.17,9.31,{'WELCOME'}
Category 5,2025-10-24,Merchant 8,67.625,2.9375,3.4775,"{'NONE','WELCOME'}"
Category 5,2025-10-24,Merchant 9,89.68333333333334,4.52,5.64,"{'NONE','SAVE10','WELCOME'}"
Category 5,2025-10-25,Merchant 10,66.91166666666666,2.4633333333333334,37.166666666666664,"{'NONE','SAVE10','WELCOME'}"
Category 5,2025-10-25,Merchant 11,43.19,4.32,31.42,{'SAVE10'}
Category 5,2025-10-25,Merchant 12,41.19,2.7488888888888887,-2.331111111111111,"{'NONE','SAVE10','WELCOME'}"
Category 5,2025-10-25,Merchant 13,30.97,0.185,-28.47,"{'NONE','WELCOME'}"
Category 5,2025-10-25,Merchant 14,91.63666666666667,4.96,18.29,"{'NONE','SAVE10','WELCOME'}"
Category 5,2025-10-25,Merchant 15,38.43666666666667,2.96,20.956666666666667,"{'SAVE10','WELCOME'}"
Category 5,2025-10-25,Merchant 16,78.525,4.2775,4.1525,"{'NONE','SAVE10','WELCOME'}"
Category 5,2025-10-25,Merchant 17,52.4,2.62,-13.14,{'WELCOME'}
Category 5,2025-10-25,Merchant 18,61.6875,3.65625,13.075,"{'SAVE10','WELCOME'}"
Category 5,2025-10-25,Merchant 19,56.138333333333335,2.768333333333333,-10.501666666666667,"{'NONE','SAVE10','WELCOME'}"
Category 5,2025-10-25,Merchant 2,63.02,4.065,-11.185,"{'SAVE10','WELCOME'}"
Category 5,2025-10-25,Merchant 3,52.9925,2.6525,-52.5,{'WELCOME'}
Category 5,2025-10-25,Merchant 4,85.126,3.364,42.07,"{'NONE','SAVE10','WELCOME'}"
Category 5,2025-10-25,Merchant 5,69.4975,2.7075,-16.83,"{'NONE','WELCOME'}"
Category 5,2025-10-25,Merchant 6,47.945,2.395,-17.21,{'WELCOME'}
Category 5,2025-10-25,Merchant 7,57.56,3.305,14.03,"{'SAVE10','WELCOME'}"
Category 5,2025-10-25,Merchant 8,67.8025,3.33,-30.7725,"{'NONE','SAVE10','WELCOME'}"
Category 5,2025-10-25,Merchant 9,28.31,1.42,-7.42,{'WELCOME'}
Category 5,2025-10-26,Merchant 10,69.68,4.7775,5.755,"{'SAVE10','WELCOME'}"
Category 5,2025-10-26,Merchant 11,38.64,3.86,27.33,{'SAVE10'}
Category 5,2025-10-26,Merchant 12,58.73,2.9366666666666665,4.44,{'WELCOME'}
Category 5,2025-10-26,Merchant 13,58.83166666666666,5.168333333333333,3.4283333333333332,"{'SAVE10','WELCOME'}"
Category 5,2025-10-26,Merchant 14,58.83857142857143,3.4614285714285713,-31.928571428571427,"{'NONE','SAVE10','WELCOME'}"
Category 5,2025-10-26,Merchant 15,71.795,5.115,52.98,"{'SAVE10','WELCOME'}"
Category 5,2025-10-26,Merchant 16,45.895,2.4916666666666667,-27.598333333333333,"{'SAVE10','WELCOME'}"
Category 5,2025-10-26,Merchant 17,33.99,0,-28.93,{'NONE'}
Category 5,2025-10-26,Merchant 18,42.534,2.002,-5.23,"{'NONE','SAVE10','WELCOME'}"
Category 5,2025-10-26,Merchant 19,48.776666666666664,1.2216666666666667,-14.26,"{'NONE','WELCOME'}"
Category 5,2025-10-26,Merchant 2,52.37,5.24,-7.49,{'SAVE10'}
Category 5,2025-10-26,Merchant 20,71.12,5.85,52.23,"{'SAVE10','WELCOME'}"
Category 5,2025-10-26,Merchant 3,56.17,3.794,-18.822,"{'NONE','SAVE10','WELCOME'}"
Category 5,2025-10-26,Merchant 4,21.34,1.07,-76.75,{'WELCOME'}
Category 5,2025-10-26,Merchant 5,56.5075,1.5625,17.7525,"{'NONE','SAVE10','WELCOME'}"
Category 5,2025-10-26,Merchant 6,54.988,3.18,-2.702,"{'NONE','SAVE10','WELCOME'}"
Category 5,2025-10-26,Merchant 8,64.13833333333334,2.8666666666666667,-3.888333333333333,"{'NONE','SAVE10','WELCOME'}"
Category 5,2025-10-27,Merchant 10,64.465,2.6375,-19.315,"{'NONE','SAVE10','WELCOME'}"
Category 5,2025-10-27,Merchant 12,59.5725,4.4425,4.715,"{'NONE','SAVE10','WELCOME'}"
Category 5,2025-10-27,Merchant 13,42.405,0.9425,-1.1,"{'NONE','WELCOME'}"
Category 5,2025-10-27,Merchant 14,61.56777777777778,2.391111111111111,-18.648888888888887,"{'NONE','SAVE10','WELCOME'}"
Category 5,2025-10-27,Merchant 15,54.098,3.35,39.508,"{'NONE','SAVE10','WELCOME'}"
Category 5,2025-10-27,Merchant 16,68.585,4.6433333333333335,-2.9233333333333333,"{'NONE','SAVE10','WELCOME'}"
Category 5,2025-10-27,Merchant 17,67.45666666666666,5.046666666666667,-0.51,"{'SAVE10','WELCOME'}"
Category 5,2025-10-27,Merchant 18,58.565555555555555,2.397777777777778,5.651111111111111,"{'NONE','WELCOME'}"
Category 5,2025-10-27,Merchant 19,70.4975,1.2625,26.2275,"{'NONE','WELCOME'}"
Category 5,2025-10-27,Merchant 2,41.8325,1.7875,-30.095,"{'NONE','SAVE10','WELCOME'}"
Category 5,2025-10-27,Merchant 20,64.8875,4.32,47.5275,"{'NONE','SAVE10','WELCOME'}"
Category 5,2025-10-27,Merchant 3,87.39,2.165,21.935,"{'NONE','WELCOME'}"
Category 5,2025-10-27,Merchant 4,35.36,0,-61.66,{'NONE'}
Category 5,2025-10-27,Merchant 5,63.973333333333336,4.771111111111111,9.507777777777777,"{'NONE','SAVE10','WELCOME'}"
Category 5,2025-10-27,Merchant 6,43.225,2.1875,-20.5075,"{'NONE','SAVE10','WELCOME'}"
Category 5,2025-10-27,Merchant 7,54.68,3.1966666666666668,7.676666666666667,"{'NONE','SAVE10','WELCOME'}"
Category 5,2025-10-27,Merchant 8,59.1675,2.6975,-18.06,"{'NONE','WELCOME'}"
Category 5,2025-10-27,Merchant 9,51.8375,3.545,13.9825,"{'SAVE10','WELCOME'}"
Category 5,2025-10-28,Merchant 10,38.57,1.3925,-33.39,"{'NONE','WELCOME'}"
Category 5,2025-10-28,Merchant 11,95.83,4.79,83.59,{'WELCOME'}
Category 5,2025-10-28,Merchant 12,40.765,2.1125,-14.9425,"{'NONE','SAVE10','WELCOME'}"
Category 5,2025-10-28,Merchant 13,102.76,5.14,18.51,{'WELCOME'}
Category 5,2025-10-28,Merchant 14,63.30384615384615,3.853846153846154,-18.44153846153846,"{'NONE','SAVE10','WELCOME'}"
Category 5,2025-10-28,Merchant 15,62.56,3.13,48.19,{'WELCOME'}
Category 5,2025-10-28,Merchant 16,63.31,3.2985714285714285,5.015714285714286,"{'NONE','SAVE10','WELCOME'}"
Category 5,2025-10-28,Merchant 17,71.89333333333333,1.3533333333333333,7.62,"{'NONE','WELCOME'}"
Category 5,2025-10-28,Merchant 18,37.7425,2.145,-22.05,"{'NONE','SAVE10','WELCOME'}"
Category 5,2025-10-28,Merchant 19,36.60333333333333,1.565,-11.798333333333334,"{'NONE','SAVE10','WELCOME'}"
Category 5,2025-10-28,Merchant 2,22.54,1.04,-64.16,"{'NONE','SAVE10'}"
Category 5,2025-10-28,Merchant 3,39.285,2.36,-46.14,"{'NONE','SAVE10'}"
Category 5,2025-10-28,Merchant 4,80.035,4.83,33.105,"{'NONE','SAVE10','WELCOME'}"
Category 5,2025-10-28,Merchant 5,61.54888888888889,3.0244444444444443,4.93,"{'NONE','SAVE10','WELCOME'}"
Category 5,2025-10-28,Merchant 7,67.34333333333333,4.82,18.716666666666665,"{'SAVE10','WELCOME'}"
Category 5,2025-10-28,Merchant 8,51.925,1.5775,-41.08,"{'NONE','SAVE10','WELCOME'}"
Category 5,2025-10-28,Merchant 9,72.83666666666667,1.92,-8.606666666666667,"{'NONE','WELCOME'}"
Category 5,2025-10-29,Merchant 10,78.0275,3.8725,4.01,"{'NONE','SAVE10','WELCOME'}"
Category 5,2025-10-29,Merchant 11,26.41,0.97,17.99,"{'NONE','WELCOME'}"
Category 5,2025-10-29,Merchant 12,59.885,4.321666666666666,12.085,"{'SAVE10','WELCOME'}"
Category 5,2025-10-29,Merchant 13,50.71142857142857,3.1614285714285715,-2.9442857142857144,"{'SAVE10','WELCOME'}"
Category 5,2025-10-29,Merchant 14,57.038333333333334,3.223333333333333,-24.77,"{'NONE','SAVE10','WELCOME'}"
Category 5,2025-10-29,Merchant 15,71.09333333333333,5.516666666666667,54.336666666666666,"{'SAVE10','WELCOME'}"
Category 5,2025-10-29,Merchant 16,75.9425,1.2225,7.33,"{'NONE','WELCOME'}"
Category 5,2025-10-29,Merchant 17,65.23,3.26,-0.95,{'WELCOME'}
Category 5,2025-10-29,Merchant 18,45.865,2.54125,12.0325,"{'NONE','SAVE10','WELCOME'}"
Category 5,2025-10-29,Merchant 19,46.6375,2.62625,-13.73375,"{'NONE','SAVE10','WELCOME'}"
Category 5,2025-10-29,Merchant 2,56.57142857142857,2.547142857142857,-18.332857142857144,"{'NONE','SAVE10','WELCOME'}"
Category 5,2025-10-29,Merchant 4,24.413333333333334,1.6066666666666667,-74.21333333333334,"{'NONE','SAVE10','WELCOME'}"
Category 5,2025-10-29,Merchant 5,58.968333333333334,3.6933333333333334,-2.69,"{'NONE','SAVE10','WELCOME'}"
Category 5,2025-10-29,Merchant 6,40.44,1.36,-23.14,"{'NONE','WELCOME'}"
Category 5,2025-10-29,Merchant 7,44.042,2.272,7.992,"{'NONE','SAVE10','WELCOME'}"
Category 5,2025-10-29,Merchant 8,55.002857142857145,4.43,-8.241428571428571,"{'NONE','SAVE10','WELCOME'}"
Category 5,2025-10-29,Merchant 9,65.92,6.59,-8.89,{'SAVE10'}
Category 5,2025-10-30,Merchant 10,47.99888888888889,1.8911111111111112,6.794444444444444,"{'NONE','SAVE10','WELCOME'}"
Category 5,2025-10-30,Merchant 11,34.2,1.71,25.04,{'WELCOME'}
Category 5,2025-10-30,Merchant 12,63.44,3.493333333333333,4.836666666666667,"{'SAVE10','WELCOME'}"
Category 5,2025-10-30,Merchant 13,78.21,3.665,11.075,"{'NONE','SAVE10','WELCOME'}"
Category 5,2025-10-30,Merchant 14,46.909,2.894,-33.205,"{'NONE','SAVE10','WELCOME'}"
Category 5,2025-10-30,Merchant 15,50.215,4.33,34.645,"{'SAVE10','WELCOME'}"
Category 5,2025-10-30,Merchant 16,60.80142857142857,5.65,-11.577142857142857,"{'SAVE10','WELCOME'}"
Category 5,2025-10-30,Merchant 17,46.8075,1.5725,-17.685,"{'NONE','SAVE10','WELCOME'}"
Category 5,2025-10-30,Merchant 18,35.052,0.256,-3.282,"{'NONE','SAVE10','WELCOME'}"
Category 5,2025-10-30,Merchant 19,50.0175,2.515,-11.06375,"{'NONE','SAVE10','WELCOME'}"
Category 5,2025-10-30,Merchant 2,38.008,2.198,-37.434,"{'SAVE10','WELCOME'}"
Category 5,2025-10-30,Merchant 3,58.92875,2.09625,-31.17625,"{'NONE','SAVE10','WELCOME'}"
Category 5,2025-10-30,Merchant 4,38.81,1.0566666666666666,12.706666666666667,"{'NONE','WELCOME'}"
Category 5,2025-10-30,Merchant 5,56.2125,0,3.6725,{'NONE'}
Category 5,2025-10-30,Merchant 6,47.005,1.6975,0.3375,"{'NONE','WELCOME'}"
Category 5,2025-10-30,Merchant 8,39.585,1.98,-23.605,{'WELCOME'}
Category 5,2025-10-30,Merchant 9,49.123333333333335,4.273333333333333,-34.67333333333333,"{'NONE','SAVE10'}"
Category 5,2025-10-31,Merchant 10,76.052,2.914,50.03,"{'NONE','SAVE10','WELCOME'}"
Category 5,2025-10-31,Merchant 12,65.745,3.3675,7.6475,"{'NONE','SAVE10','WELCOME'}"
Category 5,2025-10-31,Merchant 13,50.94875,2.85125,0.57125,"{'NONE','SAVE10','WELCOME'}"
Category 5,2025-10-31,Merchant 14,68.24,4.295833333333333,-5.4125,"{'NONE','SAVE10','WELCOME'}"
Category 5,2025-10-31,Merchant 15,54.4975,1.5125,38.055,"{'NONE','SAVE10','WELCOME'}"
Category 5,2025-10-31,Merchant 16,77.82,5.185,21.5425,"{'SAVE10','WELCOME'}"
Category 5,2025-10-31,Merchant 17,29.31,1.465,-35.075,{'WELCOME'}
Category 5,2025-10-31,Merchant 18,45.005,2.0216666666666665,5.145,"{'NONE','SAVE10','WELCOME'}"
Category 5,2025-10-31,Merchant 19,57.715714285714284,3.5142857142857142,-20.1,"{'NONE','SAVE10','WELCOME'}"
Category 5,2025-10-31,Merchant 3,66.67333333333333,6.136666666666667,-29.12,"{'NONE','SAVE10'}"
Category 5,2025-10-31,Merchant 4,53.5825,2.68,9.745,{'WELCOME'}
Category 5,2025-10-31,Merchant 5,62.915,3.4516666666666667,-3.6883333333333335,"{'SAVE10','WELCOME'}"
Category 5,2025-10-31,Merchant 6,97.125,4.73,47.83,"{'NONE','SAVE10'}"
Category 5,2025-10-31,Merchant 7,82.24,4.35,37.665,"{'NONE','SAVE10'}"
Category 5,2025-10-31,Merchant 8,53.163333333333334,1.8666666666666667,-34.00833333333333,"{'NONE','SAVE10','WELCOME'}"
Category 5,2025-10-31,Merchant 9,60.11,5.455,20.345,"{'SAVE10','WELCOME'}"
Category 5,2025-11-01,Merchant 10,49.93714285714286,3.732857142857143,-14.755714285714285,"{'NONE','SAVE10','WELCOME'}"
Category 5,2025-11-01,Merchant 11,38.586666666666666,1.93,29.206666666666667,{'WELCOME'}
Category 5,2025-11-01,Merchant 12,46.02333333333333,1.4666666666666668,-6.796666666666667,"{'NONE','SAVE10','WELCOME'}"
Category 5,2025-11-01,Merchant 13,45.205,3.4675,-27.445,"{'NONE','SAVE10','WELCOME'}"
Category 5,2025-11-01,Merchant 14,66.34266666666667,3.7333333333333334,-19.248666666666665,"{'NONE','SAVE10','WELCOME'}"
Category 5,2025-11-01,Merchant 15,66.585,0.73,49.695,"{'NONE','WELCOME'}"
Category 5,2025-11-01,Merchant 16,67.37333333333333,5.176666666666667,-25.38,"{'SAVE10','WELCOME'}"
Category 5,2025-11-01,Merchant 17,39.685,2.595,-25.83,"{'SAVE10','WELCOME'}"
Category 5,2025-11-01,Merchant 18,64.934,5.512,22.902,"{'SAVE10','WELCOME'}"
Category 5,2025-11-01,Merchant 19,68.54615384615384,3.144615384615385,11.490769230769232,"{'NONE','SAVE10','WELCOME'}"
Category 5,2025-11-01,Merchant 2,44.17,3.0775,-29.0475,"{'SAVE10','WELCOME'}"
Category 5,2025-11-01,Merchant 20,102.9,5.165,84.695,"{'NONE','SAVE10'}"
Category 5,2025-11-01,Merchant 3,101.32,10.13,27.9,{'SAVE10'}
Category 5,2025-11-01,Merchant 4,77.82,2.81,2.816666666666667,"{'NONE','WELCOME'}"
Category 5,2025-11-01,Merchant 5,48.1625,1.9775,-6.61,"{'NONE','WELCOME'}"
Category 5,2025-11-01,Merchant 6,12.95,0.63,-49.63,"{'NONE','SAVE10'}"
Category 5,2025-11-01,Merchant 7,41.68,2.218,-2.912,"{'NONE','SAVE10','WELCOME'}"
Category 5,2025-11-01,Merchant 8,57.50333333333333,0.9166666666666666,-0.9933333333333333,"{'NONE','SAVE10'}"
Category 5,2025-11-01,Merchant 9,70.89,0,36.58,{'NONE'}
Category 5,2025-11-02,Merchant 10,35.01,2.196,1.246,"{'NONE','SAVE10','WELCOME'}"
Category 5,2025-11-02,Merchant 11,63.57333333333333,3.35,52.77333333333333,"{'NONE','SAVE10'}"
Category 5,2025-11-02,Merchant 12,77.276,3.64,37.742,"{'NONE','SAVE10','WELCOME'}"
Category 5,2025-11-02,Merchant 13,61.45142857142857,1.0071428571428571,7.8914285714285715,"{'NONE','WELCOME'}"
Category 5,2025-11-02,Merchant 14,49.876666666666665,2.9844444444444442,-29.547777777777778,"{'NONE','SAVE10','WELCOME'}"
Category 5,2025-11-02,Merchant 15,36.968,1.848,21.912,{'WELCOME'}
Category 5,2025-11-02,Merchant 16,46.93375,1.52,-17.52,"{'NONE','SAVE10','WELCOME'}"
Category 5,2025-11-02,Merchant 17,42.27,4.23,-24.88,{'SAVE10'}
Category 5,2025-11-02,Merchant 18,31.776666666666667,1.4533333333333334,-38.416666666666664,"{'NONE','SAVE10','WELCOME'}"
Category 5,2025-11-02,Merchant 19,47.37,1.9125,-21.38375,"{'NONE','SAVE10','WELCOME'}"
Category 5,2025-11-02,Merchant 2,22.72,0,-31.9,{'NONE'}
Category 5,2025-11-02,Merchant 20,25.41,1.035,11.335,"{'NONE','SAVE10'}"
Category 5,2025-11-02,Merchant 3,47.664,4.214,-51.48,"{'SAVE10','WELCOME'}"
Category 5,2025-11-02,Merchant 4,104.8,5.24,2.54,{'WELCOME'}
Category 5,2025-11-02,Merchant 5,62.63,3.59375,17.84,"{'NONE','SAVE10','WELCOME'}"
Category 5,2025-11-02,Merchant 6,43.01,2.675,-4.635,"{'NONE','SAVE10','WELCOME'}"
Category 5,2025-11-02,Merchant 7,84.84333333333333,4.24,29.633333333333333,{'WELCOME'}
Category 5,2025-11-02,Merchant 8,104,0,16.63,{'NONE'}
Category 5,2025-11-02,Merchant 9,78.865,5.97,38.585,"{'SAVE10','WELCOME'}"
Category 5,2025-11-03,Merchant 10,24.57,1.23,-68.8,{'WELCOME'}
Category 5,2025-11-03,Merchant 11,72.72,3.64,61.63,{'WELCOME'}
Category 5,2025-11-03,Merchant 12,62.9925,5.5225,-13.39,"{'SAVE10','WELCOME'}"
Category 5,2025-11-03,Merchant 13,88.86666666666666,4.19,27.823333333333334,"{'NONE','SAVE10','WELCOME'}"
Category 5,2025-11-03,Merchant 14,51.343333333333334,2.7255555555555557,-16.81888888888889,"{'NONE','SAVE10','WELCOME'}"
Category 5,2025-11-03,Merchant 15,43.3525,2.1675,27.485,{'WELCOME'}
Category 5,2025-11-03,Merchant 16,43.89,0.265,-57.935,"{'NONE','WELCOME'}"
Category 5,2025-11-03,Merchant 17,16.69,0,-46.23,{'NONE'}
Category 5,2025-11-03,Merchant 18,52.415,3.6016666666666666,-9.595,"{'NONE','SAVE10','WELCOME'}"
Category 5,2025-11-03,Merchant 19,46.53333333333333,1.2666666666666666,-12.636666666666667,"{'NONE','SAVE10','WELCOME'}"
Category 5,2025-11-03,Merchant 2,46.85333333333333,1.9666666666666668,-9.733333333333333,"{'NONE','WELCOME'}"
Category 5,2025-11-03,Merchant 20,78.96,3.95,61.97,{'WELCOME'}
Category 5,2025-11-03,Merchant 3,63.7925,2.785,-22.0575,"{'NONE','WELCOME'}"
Category 5,2025-11-03,Merchant 4,26.835,1.52,0.895,"{'NONE','SAVE10'}"
Category 5,2025-11-03,Merchant 5,36.1325,0.90875,-14.745,"{'NONE','WELCOME'}"
Category 5,2025-11-03,Merchant 6,56.03375,1.705,5.215,"{'NONE','SAVE10','WELCOME'}"
Category 5,2025-11-03,Merchant 7,67.15,4.102,24.972,"{'NONE','SAVE10','WELCOME'}"
Category 5,2025-11-03,Merchant 8,93.1875,4.2575,20.085,"{'NONE','SAVE10'}"
Category 5,2025-11-03,Merchant 9,47.6075,2.3825,10.9175,{'WELCOME'}
Category 5,2025-11-04,Merchant 10,63.08,2.745,18.955,"{'NONE','SAVE10','WELCOME'}"
Category 5,2025-11-04,Merchant 11,49.92,1.73,40.74,"{'NONE','WELCOME'}"
Category 5,2025-11-04,Merchant 12,52.53333333333333,3.215,-13.786666666666667,"{'NONE','SAVE10','WELCOME'}"
Category 5,2025-11-04,Merchant 13,69.9825,3.5,0.905,{'WELCOME'}
Category 5,2025-11-04,Merchant 14,56.0925,2.87,-27.325,"{'NONE','SAVE10','WELCOME'}"
Category 5,2025-11-04,Merchant 15,61.66,1.185,46.775,"{'NONE','WELCOME'}"
Category 5,2025-11-04,Merchant 16,63.715,5.261666666666667,-3.52,"{'NONE','SAVE10','WELCOME'}"
Category 5,2025-11-04,Merchant 17,43.29,2.625,-22.255,"{'SAVE10','WELCOME'}"
Category 5,2025-11-04,Merchant 18,64.19076923076923,3.34,2.92,"{'NONE','SAVE10','WELCOME'}"
Category 5,2025-11-04,Merchant 19,68.9625,5.595,9.9125,"{'SAVE10','WELCOME'}"
Category 5,2025-11-04,Merchant 2,72.3,0,-13.36,{'NONE'}
Category 5,2025-11-04,Merchant 3,84.495,6.65,-5.22,"{'SAVE10','WELCOME'}"
Category 5,2025-11-04,Merchant 4,47.38,2.365,-16.645,{'WELCOME'}
Category 5,2025-11-04,Merchant 5,51.678333333333335,1.8283333333333334,-23.983333333333334,"{'NONE','WELCOME'}"
Category 5,2025-11-04,Merchant 6,41.20285714285714,3.0942857142857143,-14.254285714285714,"{'NONE','SAVE10','WELCOME'}"
Category 5,2025-11-04,Merchant 7,42.14,3.45,-12.28,"{'SAVE10','WELCOME'}"
Category 5,2025-11-04,Merchant 8,44.2975,2.34,-49.47,"{'NONE','SAVE10','WELCOME'}"
Category 5,2025-11-04,Merchant 9,40.406,1.414,-49.574,"{'NONE','SAVE10','WELCOME'}"
Category 5,2025-11-05,Merchant 10,11.58,0.58,5.15,{'WELCOME'}
Category 5,2025-11-05,Merchant 11,45.78,2.29,36.04,{'WELCOME'}
Category 5,2025-11-05,Merchant 12,18.89,0.94,5.61,{'WELCOME'}
Category 5,2025-11-05,Merchant 14,56.222727272727276,3.3254545454545457,-16.934545454545454,"{'NONE','SAVE10','WELCOME'}"
Category 5,2025-11-05,Merchant 16,59.732,3.248,-27.352,"{'NONE','SAVE10','WELCOME'}"
Category 5,2025-11-05,Merchant 17,80.82666666666667,2.4766666666666666,15.43,"{'NONE','WELCOME'}"
Category 5,2025-11-05,Merchant 18,58.74375,3.105,-3.60375,"{'NONE','SAVE10','WELCOME'}"
Category 5,2025-11-05,Merchant 19,63.61454545454546,2.61,-13.062727272727273,"{'NONE','SAVE10','WELCOME'}"
Category 5,2025-11-05,Merchant 2,18.48,1.85,-37.99,{'SAVE10'}
Category 5,2025-11-05,Merchant 20,102.14,0,89.1,{'NONE'}
Category 5,2025-11-05,Merchant 3,6.53,0.65,-96.96,{'SAVE10'}
Category 5,2025-11-05,Merchant 4,19.42,0,-77.6,{'NONE'}
Category 5,2025-11-05,Merchant 5,56.25,2.847777777777778,-3.0588888888888888,"{'NONE','SAVE10','WELCOME'}"
Category 5,2025-11-05,Merchant 6,38.278,1.238,-24.748,"{'NONE','WELCOME'}"
Category 5,2025-11-05,Merchant 7,49.61333333333334,2.4833333333333334,10.486666666666666,{'WELCOME'}
Category 5,2025-11-05,Merchant 8,46.57875,1.37,-35.98125,"{'NONE','SAVE10','WELCOME'}"
Category 5,2025-11-05,Merchant 9,74.91333333333333,6.226666666666667,-10.836666666666666,"{'SAVE10','WELCOME'}"
Category 5,2025-11-06,Merchant 10,69.172,2.344,0.744,"{'NONE','WELCOME'}"
Category 5,2025-11-06,Merchant 11,30.04,1.5,21.09,{'WELCOME'}
Category 5,2025-11-06,Merchant 12,43.78666666666667,1.6266666666666667,-9.193333333333333,"{'NONE','SAVE10'}"
Category 5,2025-11-06,Merchant 13,43.445,2.4025,-1.52,"{'NONE','SAVE10'}"
Category 5,2025-11-06,Merchant 14,52.243,3.075,-21.698,"{'NONE','SAVE10','WELCOME'}"
Category 5,2025-11-06,Merchant 15,68.57,0,57.33,{'NONE'}
Category 5,2025-11-06,Merchant 16,35.852,1.914,-46.194,"{'NONE','SAVE10','WELCOME'}"
Category 5,2025-11-06,Merchant 17,59.92,3,-6,{'WELCOME'}
Category 5,2025-11-06,Merchant 18,60.93666666666667,2.4683333333333333,33.84166666666667,"{'NONE','SAVE10','WELCOME'}"
Category 5,2025-11-06,Merchant 19,63.40111111111111,3.921111111111111,-12.544444444444444,"{'NONE','SAVE10','WELCOME'}"
Category 5,2025-11-06,Merchant 2,47.545,0.775,-7.85,"{'NONE','WELCOME'}"
Category 5,2025-11-06,Merchant 20,78.12,3.91,61.17,{'WELCOME'}
Category 5,2025-11-06,Merchant 3,87.59,0,-15.25,{'NONE'}
Category 5,2025-11-06,Merchant 4,55.5,2.775,-8.935,{'WELCOME'}
Category 5,2025-11-06,Merchant 5,64.16571428571429,2.6742857142857144,8.595714285714285,"{'NONE','SAVE10','WELCOME'}"
Category 5,2025-11-06,Merchant 6,52.865,3.92,-12.195,"{'SAVE10','WELCOME'}"
Category 5,2025-11-06,Merchant 7,56.645,3.895,12.525,"{'SAVE10','WELCOME'}"
Category 5,2025-11-06,Merchant 8,58.457142857142856,2.887142857142857,0.004285714285714286,"{'NONE','SAVE10','WELCOME'}"
Category 5,2025-11-06,Merchant 9,65.9725,3.615,-5.8625,"{'NONE','SAVE10','WELCOME'}"
Category 5,2025-11-07,Merchant 10,67.568,3.83,-19.604,"{'NONE','SAVE10','WELCOME'}"
Category 5,2025-11-07,Merchant 11,33.696666666666665,1.77,24.476666666666667,"{'SAVE10','WELCOME'}"
Category 5,2025-11-07,Merchant 12,69.454,1.994,15.21,"{'NONE','WELCOME'}"
Category 5,2025-11-07,Merchant 13,75.33,6.1225,-3.1375,"{'NONE','SAVE10'}"
Category 5,2025-11-07,Merchant 14,56.946666666666665,3.516111111111111,-22.593333333333334,"{'NONE','SAVE10','WELCOME'}"
Category 5,2025-11-07,Merchant 15,39.42333333333333,1.8433333333333333,23.06,"{'NONE','SAVE10','WELCOME'}"
Category 5,2025-11-07,Merchant 16,53.1975,2.035,-10.4175,"{'NONE','SAVE10','WELCOME'}"
Category 5,2025-11-07,Merchant 17,104.85,5.24,36.69,{'WELCOME'}
Category 5,2025-11-07,Merchant 18,48.884,2.26,-11.48,"{'NONE','SAVE10','WELCOME'}"
Category 5,2025-11-07,Merchant 19,52.3925,3.1525,-6.6575,"{'NONE','SAVE10','WELCOME'}"
Category 5,2025-11-07,Merchant 2,70.21,3.51,-18.96,{'WELCOME'}
Category 5,2025-11-07,Merchant 20,61.97,6.2,42.73,{'SAVE10'}
Category 5,2025-11-07,Merchant 3,52.56666666666667,0,-23.906666666666666,{'NONE'}
Category 5,2025-11-07,Merchant 4,32.74333333333333,3.066666666666667,5.883333333333333,"{'SAVE10','WELCOME'}"
Category 5,2025-11-07,Merchant 5,75.21333333333334,4.49,37.903333333333336,"{'NONE','SAVE10','WELCOME'}"
Category 5,2025-11-07,Merchant 6,60.468,2.93,9.01,"{'NONE','SAVE10','WELCOME'}"
Category 5,2025-11-07,Merchant 7,70.814,4.262,19.88,"{'SAVE10','WELCOME'}"
Category 5,2025-11-07,Merchant 8,97.505,7.17,2.485,"{'SAVE10','WELCOME'}"
Category 5,2025-11-07,Merchant 9,47.64,2.385,-22.965,{'WELCOME'}
Category 5,2025-11-08,Merchant 10,41.856,1.51,0.318,"{'NONE','SAVE10','WELCOME'}"
Category 5,2025-11-08,Merchant 11,40.48,2.0233333333333334,31.006666666666668,{'WELCOME'}
Category 5,2025-11-08,Merchant 12,54.036,3.68,0.65,"{'SAVE10','WELCOME'}"
Category 5,2025-11-08,Merchant 13,60.215,0.955,-6.32,"{'NONE','WELCOME'}"
Category 5,2025-11-08,Merchant 14,58.12777777777778,3.5844444444444443,-21.10333333333333,"{'NONE','SAVE10','WELCOME'}"
Category 5,2025-11-08,Merchant 15,36.2775,2.7825,21.025,"{'NONE','SAVE10','WELCOME'}"
Category 5,2025-11-08,Merchant 16,48.412,2.956,-15.73,"{'NONE','SAVE10','WELCOME'}"
Category 5,2025-11-08,Merchant 17,67.38,0,4.46,{'NONE'}
Category 5,2025-11-08,Merchant 18,40.39333333333333,1.5383333333333333,-34.891666666666666,"{'NONE','SAVE10','WELCOME'}"
Category 5,2025-11-08,Merchant 19,50.862857142857145,4.637142857142857,-17.91857142857143,"{'NONE','SAVE10','WELCOME'}"
Category 5,2025-11-08,Merchant 2,42.27,3.725,-31.595,"{'SAVE10','WELCOME'}"
Category 5,2025-11-08,Merchant 20,26.34,1.32,11.98,{'WELCOME'}
Category 5,2025-11-08,Merchant 3,55.6075,3.155,-20.725,"{'NONE','SAVE10','WELCOME'}"
Category 5,2025-11-08,Merchant 4,7.325,0.175,-89.87,"{'NONE','WELCOME'}"
Category 5,2025-11-08,Merchant 5,72.68666666666667,7.27,2.4366666666666665,{'SAVE10'}
Category 5,2025-11-08,Merchant 6,78.24666666666667,2.913333333333333,47.343333333333334,"{'NONE','WELCOME'}"
Category 5,2025-11-08,Merchant 7,56.24666666666667,3.62,15.986666666666666,"{'NONE','SAVE10'}"
Category 5,2025-11-08,Merchant 8,68.76,4.8625,-22.65875,"{'SAVE10','WELCOME'}"
Category 5,2025-11-08,Merchant 9,28.425,1.42,-75.125,{'WELCOME'}
Category 6,2025-09-09,Merchant 12,81.86,4.09,33.9,{'WELCOME'}
Category 6,2025-09-09,Merchant 13,63.885,3.195,-16.37,{'WELCOME'}
Category 6,2025-09-09,Merchant 19,80.4,0,61.74,{'NONE'}
Category 6,2025-09-09,Merchant 2,86.83,8.68,66.79,{'SAVE10'}
Category 6,2025-09-09,Merchant 5,19.2,0,-46.06,{'NONE'}
Category 6,2025-09-09,Merchant 6,29.81,0,-53.37,{'NONE'}
Category 6,2025-09-09,Merchant 7,10.93,0.55,-28.91,{'WELCOME'}
Category 6,2025-09-10,Merchant 10,87.55333333333333,1.25,46.873333333333335,"{'NONE','WELCOME'}"
Category 6,2025-09-10,Merchant 11,56.71625,5.2625,1.93875,"{'NONE','SAVE10'}"
Category 6,2025-09-10,Merchant 12,63.92333333333333,2.25,13.956666666666667,"{'NONE','SAVE10','WELCOME'}"
Category 6,2025-09-10,Merchant 13,44.72,0.85,-4.91,"{'NONE','WELCOME'}"
Category 6,2025-09-10,Merchant 14,36.334,2.28,-40.5,"{'NONE','SAVE10','WELCOME'}"
Category 6,2025-09-10,Merchant 15,20.136666666666667,1.0066666666666666,-36.72,{'WELCOME'}
Category 6,2025-09-10,Merchant 16,61.815,2.39,34.615,"{'NONE','SAVE10'}"
Category 6,2025-09-10,Merchant 17,63.825714285714284,2.045714285714286,12.867142857142857,"{'NONE','SAVE10','WELCOME'}"
Category 6,2025-09-10,Merchant 18,33.15,1.43,-12.12,"{'NONE','WELCOME'}"
Category 6,2025-09-10,Merchant 19,55.995555555555555,2.158888888888889,13.34,"{'NONE','SAVE10','WELCOME'}"
Category 6,2025-09-10,Merchant 2,56.464,2.44,11.232,"{'NONE','WELCOME'}"
Category 6,2025-09-10,Merchant 3,75.5,0,11.44,{'NONE'}
Category 6,2025-09-10,Merchant 4,70.32,3.52,39.62,{'WELCOME'}
Category 6,2025-09-10,Merchant 5,41.49,3.94,-3.375,"{'SAVE10','WELCOME'}"
Category 6,2025-09-10,Merchant 6,49.78,0,-33.4,{'NONE'}
Category 6,2025-09-10,Merchant 9,29.855,0.66,-61.825,"{'NONE','WELCOME'}"
Category 6,2025-09-11,Merchant 10,68.394,3.092,11.836,"{'NONE','SAVE10','WELCOME'}"
Category 6,2025-09-11,Merchant 11,56.1775,3.5875,11.665,"{'SAVE10','WELCOME'}"
Category 6,2025-09-11,Merchant 12,33.946666666666665,1.3266666666666667,-4.053333333333334,"{'NONE','SAVE10','WELCOME'}"
Category 6,2025-09-11,Merchant 13,45.574285714285715,2.5142857142857142,-17.06,"{'NONE','SAVE10','WELCOME'}"
Category 6,2025-09-11,Merchant 14,48.098333333333336,2.62,-4.1883333333333335,"{'NONE','SAVE10','WELCOME'}"
Category 6,2025-09-11,Merchant 15,42.236,0.97,-25.146,"{'NONE','WELCOME'}"
Category 6,2025-09-11,Merchant 16,43.9125,2.025,17.0775,"{'NONE','SAVE10','WELCOME'}"
Category 6,2025-09-11,Merchant 17,57.775,2.215,-12.1525,"{'NONE','WELCOME'}"
Category 6,2025-09-11,Merchant 18,48.83,2.44,-5.445,{'WELCOME'}
Category 6,2025-09-11,Merchant 19,56.162,1.733,7.628,"{'NONE','WELCOME'}"
Category 6,2025-09-11,Merchant 2,67.255,3.275,29.1625,"{'NONE','SAVE10','WELCOME'}"
Category 6,2025-09-11,Merchant 3,28.96,0.34,-35.44,"{'NONE','WELCOME'}"
Category 6,2025-09-11,Merchant 4,79.13,5.1,46.85333333333333,"{'SAVE10','WELCOME'}"
Category 6,2025-09-11,Merchant 5,46.88666666666666,1.71,4.6883333333333335,"{'NONE','SAVE10','WELCOME'}"
Category 6,2025-09-11,Merchant 6,53.18666666666667,1.7233333333333334,-9.456666666666667,"{'NONE','WELCOME'}"
Category 6,2025-09-11,Merchant 9,49.082,2.292,-35.494,"{'NONE','SAVE10','WELCOME'}"
Category 6,2025-09-12,Merchant 10,69.16,3.46,8.45,{'WELCOME'}
Category 6,2025-09-12,Merchant 11,20.84,1.04,-33.78,{'WELCOME'}
Category 6,2025-09-12,Merchant 12,65.75,2.0433333333333334,17.46,"{'NONE','WELCOME'}"
Category 6,2025-09-12,Merchant 13,36.105,2.535,-29.5025,"{'SAVE10','WELCOME'}"
Category 6,2025-09-12,Merchant 14,45.98428571428571,2.442857142857143,-12.057142857142857,"{'NONE','SAVE10','WELCOME'}"
Category 6,2025-09-12,Merchant 15,45.878571428571426,2.494285714285714,-18.235714285714284,"{'NONE','SAVE10','WELCOME'}"
Category 6,2025-09-12,Merchant 16,50.1875,3.9775,-6.955,"{'SAVE10','WELCOME'}"
Category 6,2025-09-12,Merchant 17,49.27,2.465,-45.805,{'WELCOME'}
Category 6,2025-09-12,Merchant 18,43.705,2.415,13.44,"{'NONE','SAVE10'}"
Category 6,2025-09-12,Merchant 19,62.455,2.9675,20.270833333333332,"{'NONE','SAVE10','WELCOME'}"
Category 6,2025-09-12,Merchant 2,53.099,4.184,9.406,"{'NONE','SAVE10','WELCOME'}"
Category 6,2025-09-12,Merchant 3,85.34,4.27,17.01,{'WELCOME'}
Category 6,2025-09-12,Merchant 4,41.185,3.68,10.325,"{'SAVE10','WELCOME'}"
Category 6,2025-09-12,Merchant 5,31.822,1.45,-14.634,"{'NONE','SAVE10','WELCOME'}"
Category 6,2025-09-12,Merchant 6,32.082,1.526,-12.554,"{'NONE','SAVE10','WELCOME'}"
Category 6,2025-09-12,Merchant 7,44.54,2.03,3.22,"{'NONE','WELCOME'}"
Category 6,2025-09-12,Merchant 9,47.9375,1.14,-46.165,"{'NONE','WELCOME'}"
Category 6,2025-09-13,Merchant 10,51.95,2.0166666666666666,14.206666666666667,"{'NONE','SAVE10','WELCOME'}"
Category 6,2025-09-13,Merchant 11,50.745,5.075,-22.38,{'SAVE10'}
Category 6,2025-09-13,Merchant 12,66.745,2.4725,27.9475,"{'NONE','SAVE10','WELCOME'}"
Category 6,2025-09-13,Merchant 13,50.565714285714286,2.0542857142857143,0.6728571428571428,"{'NONE','SAVE10','WELCOME'}"
Category 6,2025-09-13,Merchant 14,74.015,4.2325,2.19,"{'NONE','SAVE10'}"
Category 6,2025-09-13,Merchant 15,59.445,4.9875,-14.3925,"{'SAVE10','WELCOME'}"
Category 6,2025-09-13,Merchant 16,28.062,1.556,-13.208,"{'SAVE10','WELCOME'}"
Category 6,2025-09-13,Merchant 17,53.03857142857143,3.6471428571428572,-23.81714285714286,"{'NONE','SAVE10','WELCOME'}"
Category 6,2025-09-13,Merchant 18,33.12,1.66,-44.36,{'WELCOME'}
Category 6,2025-09-13,Merchant 19,54.9175,2.57375,4.82875,"{'NONE','SAVE10','WELCOME'}"
Category 6,2025-09-13,Merchant 2,45.65,2.3825,-2.9675,"{'SAVE10','WELCOME'}"
Category 6,2025-09-13,Merchant 3,66.63,0.815,1.755,"{'NONE','WELCOME'}"
Category 6,2025-09-13,Merchant 5,69.125,3.455,25.0725,{'WELCOME'}
Category 6,2025-09-13,Merchant 6,63.68333333333333,3.1266666666666665,21.89666666666667,"{'NONE','SAVE10','WELCOME'}"
Category 6,2025-09-13,Merchant 7,80.37,4.02,37.06,{'WELCOME'}
Category 6,2025-09-13,Merchant 9,59.972,3.594,-24.758,"{'NONE','SAVE10','WELCOME'}"
Category 6,2025-09-14,Merchant 10,53.1875,1.9925,12.04,"{'NONE','WELCOME'}"
Category 6,2025-09-14,Merchant 11,71.90666666666667,3.3266666666666667,20.42,"{'NONE','SAVE10','WELCOME'}"
Category 6,2025-09-14,Merchant 12,68.04333333333334,4.315,23.456666666666667,"{'NONE','SAVE10','WELCOME'}"
Category 6,2025-09-14,Merchant 13,74.415,6.2725,10.1875,"{'SAVE10','WELCOME'}"
Category 6,2025-09-14,Merchant 14,77.43333333333334,5.573333333333333,-6.306666666666667,"{'NONE','SAVE10','WELCOME'}"
Category 6,2025-09-14,Merchant 15,64.18625,3.3225,-12.90625,"{'NONE','SAVE10','WELCOME'}"
Category 6,2025-09-14,Merchant 16,55.198,1.756,6.006,"{'NONE','WELCOME'}"
Category 6,2025-09-14,Merchant 17,54.98166666666667,3.19,-12.606666666666667,"{'NONE','SAVE10','WELCOME'}"
Category 6,2025-09-14,Merchant 18,47.3,2.775,-7.31,"{'SAVE10','WELCOME'}"
Category 6,2025-09-14,Merchant 19,61.52923076923077,3.7415384615384615,27.09846153846154,"{'NONE','SAVE10','WELCOME'}"
Category 6,2025-09-14,Merchant 2,47.39857142857143,2.454285714285714,6.038571428571428,"{'NONE','SAVE10','WELCOME'}"
Category 6,2025-09-14,Merchant 3,60.175,0.885,-4.77,"{'NONE','WELCOME'}"
Category 6,2025-09-14,Merchant 5,55.246,3.704,6.012,"{'SAVE10','WELCOME'}"
Category 6,2025-09-14,Merchant 6,53.05,2.812,7.126,"{'NONE','SAVE10','WELCOME'}"
Category 6,2025-09-14,Merchant 7,32.62,2.38,-9.05,"{'SAVE10','WELCOME'}"
Category 6,2025-09-14,Merchant 9,60.19,4.9825,-19.4325,"{'SAVE10','WELCOME'}"
Category 6,2025-09-15,Merchant 10,83.99,4.406666666666666,28.64,"{'NONE','SAVE10','WELCOME'}"
Category 6,2025-09-15,Merchant 11,47.625,2.005,-2.54,"{'NONE','SAVE10','WELCOME'}"
Category 6,2025-09-15,Merchant 12,48.38,1.765,8.665,"{'NONE','WELCOME'}"
Category 6,2025-09-15,Merchant 13,75.035,6.01,20.555,"{'SAVE10','WELCOME'}"
Category 6,2025-09-15,Merchant 14,63.18,3.723333333333333,-24.941666666666666,"{'SAVE10','WELCOME'}"
Category 6,2025-09-15,Merchant 15,59.658,2.018,3.864,"{'NONE','WELCOME'}"
Category 6,2025-09-15,Merchant 16,61.1175,3.8925,32.415,"{'SAVE10','WELCOME'}"
Category 6,2025-09-15,Merchant 17,73.70428571428572,4,11.397142857142857,"{'NONE','SAVE10','WELCOME'}"
Category 6,2025-09-15,Merchant 18,57.00666666666667,2.85,26.30666666666667,{'WELCOME'}
Category 6,2025-09-15,Merchant 19,61.77625,3.024375,12.43125,"{'NONE','SAVE10','WELCOME'}"
Category 6,2025-09-15,Merchant 2,71.69333333333333,4.383333333333333,14.118333333333334,"{'NONE','SAVE10','WELCOME'}"
Category 6,2025-09-15,Merchant 3,58.83,5.88,-11.11,{'SAVE10'}
Category 6,2025-09-15,Merchant 4,78.81,3.9433333333333334,47.68666666666667,{'WELCOME'}
Category 6,2025-09-15,Merchant 5,46.026,2.952,-2.194,"{'SAVE10','WELCOME'}"
Category 6,2025-09-15,Merchant 6,97.88,4.895,76.585,{'WELCOME'}
Category 6,2025-09-15,Merchant 7,14.51,0,-24.78,{'NONE'}
Category 6,2025-09-15,Merchant 9,59.364,1.444,-20.514,"{'NONE','SAVE10','WELCOME'}"
Category 6,2025-09-16,Merchant 10,33.54,0,-23.71,{'NONE'}
Category 6,2025-09-16,Merchant 11,60.95,2.094,12.506,"{'NONE','WELCOME'}"
Category 6,2025-09-16,Merchant 12,45.004285714285714,1.8814285714285715,-3.414285714285714,"{'NONE','SAVE10','WELCOME'}"
Category 6,2025-09-16,Merchant 13,42.969,1.222,-3.97,"{'NONE','WELCOME'}"
Category 6,2025-09-16,Merchant 14,71.09333333333333,2.425,5.485,"{'NONE','SAVE10','WELCOME'}"
Category 6,2025-09-16,Merchant 15,59.17,3.92,-8.415,"{'NONE','SAVE10','WELCOME'}"
Category 6,2025-09-16,Merchant 16,57.37,4.08,15.913333333333334,"{'SAVE10','WELCOME'}"
Category 6,2025-09-16,Merchant 17,48.135,4.81,-14.535,{'SAVE10'}
Category 6,2025-09-16,Merchant 19,62.166111111111114,3.397222222222222,12.501111111111111,"{'NONE','SAVE10','WELCOME'}"
Category 6,2025-09-16,Merchant 2,59.0625,2.7125,-2.5475,"{'NONE','WELCOME'}"
Category 6,2025-09-16,Merchant 3,44.59,0.24,-19.71,"{'NONE','WELCOME'}"
Category 6,2025-09-16,Merchant 5,69.42833333333333,3.018333333333333,17.81,"{'NONE','SAVE10','WELCOME'}"
Category 6,2025-09-16,Merchant 6,37.986666666666665,1.9,-24.833333333333332,{'WELCOME'}
Category 6,2025-09-16,Merchant 7,46.733333333333334,0.57,6.873333333333333,"{'NONE','WELCOME'}"
Category 6,2025-09-16,Merchant 9,40.345,1.24,-42.29,"{'NONE','WELCOME'}"
Category 6,2025-09-17,Merchant 10,74.34,5.013333333333334,18.383333333333333,"{'SAVE10','WELCOME'}"
Category 6,2025-09-17,Merchant 11,50.7375,2.7525,-12.83,"{'NONE','SAVE10','WELCOME'}"
Category 6,2025-09-17,Merchant 12,53.472,2.27,8.042,"{'NONE','WELCOME'}"
Category 6,2025-09-17,Merchant 13,57.182,3.618,-5.21,"{'SAVE10','WELCOME'}"
Category 6,2025-09-17,Merchant 14,77.6425,3.1275,17.95,"{'NONE','SAVE10','WELCOME'}"
Category 6,2025-09-17,Merchant 15,67.06857142857143,1.5742857142857143,-2.3657142857142857,"{'NONE','WELCOME'}"
Category 6,2025-09-17,Merchant 16,67.00333333333333,4.52,24.903333333333332,"{'SAVE10','WELCOME'}"
Category 6,2025-09-17,Merchant 17,46.08,2.31625,-18.7625,"{'NONE','SAVE10','WELCOME'}"
Category 6,2025-09-17,Merchant 18,83.68,3.3575,28.4875,"{'NONE','SAVE10','WELCOME'}"
Category 6,2025-09-17,Merchant 19,57.225625,2.573125,16.676875,"{'NONE','SAVE10','WELCOME'}"
Category 6,2025-09-17,Merchant 2,66.37,3.32,7.746666666666667,{'WELCOME'}
Category 6,2025-09-17,Merchant 3,59.93,3,-7.13,{'WELCOME'}
Category 6,2025-09-17,Merchant 5,49.26166666666666,3.288333333333333,-2.408333333333333,"{'NONE','SAVE10','WELCOME'}"
Category 6,2025-09-17,Merchant 6,54.32,3.356666666666667,-9.956666666666667,"{'NONE','SAVE10','WELCOME'}"
Category 6,2025-09-17,Merchant 9,70.11666666666666,2.65,-17.136666666666667,"{'NONE','WELCOME'}"
Category 6,2025-09-18,Merchant 10,58.625,2.93,-1.555,{'WELCOME'}
Category 6,2025-09-18,Merchant 11,54.535,5.045,8.565,"{'SAVE10','WELCOME'}"
Category 6,2025-09-18,Merchant 12,53.705,3.3316666666666666,3.393333333333333,"{'NONE','SAVE10','WELCOME'}"
Category 6,2025-09-18,Merchant 13,45.68,3.535,-34.915,"{'SAVE10','WELCOME'}"
Category 6,2025-09-18,Merchant 14,43.228,2.29,-33.28,"{'NONE','SAVE10','WELCOME'}"
Category 6,2025-09-18,Merchant 15,58.7575,2.73875,-20.19125,"{'NONE','SAVE10','WELCOME'}"
Category 6,2025-09-18,Merchant 16,82.6725,4.655,34.5025,"{'NONE','SAVE10','WELCOME'}"
Category 6,2025-09-18,Merchant 17,55.28,3.743333333333333,-29.49,"{'SAVE10','WELCOME'}"
Category 6,2025-09-18,Merchant 18,43.53333333333333,2.216666666666667,-2.5233333333333334,"{'NONE','SAVE10','WELCOME'}"
Category 6,2025-09-18,Merchant 19,51.73,1.678,-4.98,"{'NONE','WELCOME'}"
Category 6,2025-09-18,Merchant 2,62.285,3.46125,30.34,"{'NONE','SAVE10','WELCOME'}"
Category 6,2025-09-18,Merchant 4,70.415,7.045,36.19,{'SAVE10'}
Category 6,2025-09-18,Merchant 5,65.9275,4.18,21.15,"{'NONE','SAVE10','WELCOME'}"
Category 6,2025-09-18,Merchant 6,43.973333333333336,3.1533333333333333,-20.1,"{'NONE','SAVE10'}"
Category 6,2025-09-18,Merchant 7,33.42333333333333,1.1033333333333333,-6.97,"{'NONE','WELCOME'}"
Category 6,2025-09-18,Merchant 9,57.512,1.388,-32.082,"{'NONE','WELCOME'}"
Category 6,2025-09-19,Merchant 10,29.84,1.49,-9.98,{'WELCOME'}
Category 6,2025-09-19,Merchant 11,48.074,3.478,-1.752,"{'NONE','SAVE10','WELCOME'}"
Category 6,2025-09-19,Merchant 12,59.015,2.33,5.615,"{'NONE','SAVE10','WELCOME'}"
Category 6,2025-09-19,Merchant 13,61.972,3.1,4.436,{'WELCOME'}
Category 6,2025-09-19,Merchant 14,48.516,3.99,-16.386,"{'NONE','SAVE10','WELCOME'}"
Category 6,2025-09-19,Merchant 15,53.016666666666666,2.194444444444444,-16.965555555555557,"{'NONE','SAVE10','WELCOME'}"
Category 6,2025-09-19,Merchant 16,64.59,6.46,33.02,{'SAVE10'}
Category 6,2025-09-19,Merchant 17,55.81875,3.54375,-23.29,"{'NONE','SAVE10','WELCOME'}"
Category 6,2025-09-19,Merchant 18,53.9575,2.5625,-0.44,"{'NONE','WELCOME'}"
Category 6,2025-09-19,Merchant 19,67.205,2.05,20.03875,"{'NONE','SAVE10','WELCOME'}"
Category 6,2025-09-19,Merchant 2,54.784,2.534,15.024,"{'NONE','SAVE10','WELCOME'}"
Category 6,2025-09-19,Merchant 3,68.57,2.115,2.395,"{'NONE','SAVE10'}"
Category 6,2025-09-19,Merchant 4,49.01,2.3133333333333335,19.516666666666666,"{'NONE','WELCOME'}"
Category 6,2025-09-19,Merchant 5,41.684285714285714,1.967142857142857,-18.215714285714284,"{'NONE','SAVE10','WELCOME'}"
Category 6,2025-09-19,Merchant 6,69.43,3.47,49.56,{'WELCOME'}
Category 6,2025-09-19,Merchant 7,48.52,1.325,7.905,"{'NONE','SAVE10'}"
Category 6,2025-09-19,Merchant 9,68.8,0.86,-24.375,"{'NONE','WELCOME'}"
Category 6,2025-09-20,Merchant 10,63.27,6.33,22.515,{'SAVE10'}
Category 6,2025-09-20,Merchant 11,46.59,2.988,-2.748,"{'NONE','SAVE10','WELCOME'}"
Category 6,2025-09-20,Merchant 12,43.11,2.5085714285714285,-8.811428571428571,"{'NONE','SAVE10','WELCOME'}"
Category 6,2025-09-20,Merchant 13,46.7325,1.2175,2.1575,"{'NONE','WELCOME'}"
Category 6,2025-09-20,Merchant 14,57.785714285714285,1.987142857142857,-10.024285714285714,"{'NONE','SAVE10','WELCOME'}"
Category 6,2025-09-20,Merchant 15,55.624,3.298,-14.086,"{'NONE','SAVE10'}"
Category 6,2025-09-20,Merchant 16,43.473333333333336,2.3733333333333335,16.19,"{'SAVE10','WELCOME'}"
Category 6,2025-09-20,Merchant 17,49.905,2.72125,-11.46625,"{'NONE','SAVE10','WELCOME'}"
Category 6,2025-09-20,Merchant 18,58.885555555555555,3.0277777777777777,-9.302222222222222,"{'NONE','SAVE10','WELCOME'}"
Category 6,2025-09-20,Merchant 19,63.03545454545455,2.8372727272727274,14.855454545454545,"{'NONE','SAVE10','WELCOME'}"
Category 6,2025-09-20,Merchant 2,29.565,1.48,-30.19,{'WELCOME'}
Category 6,2025-09-20,Merchant 4,30.125,2.735,0.21,"{'SAVE10','WELCOME'}"
Category 6,2025-09-20,Merchant 5,61.094,3.604,21.694,"{'NONE','SAVE10','WELCOME'}"
Category 6,2025-09-20,Merchant 6,68.8,6.88,-21.26,{'SAVE10'}
Category 6,2025-09-20,Merchant 7,53.335,4.535,9.51,"{'SAVE10','WELCOME'}"
Category 6,2025-09-20,Merchant 9,81.2125,5.09,-15.545,"{'SAVE10','WELCOME'}"
Category 6,2025-09-21,Merchant 10,36.593333333333334,1.995,-8.735,"{'NONE','SAVE10','WELCOME'}"
Category 6,2025-09-21,Merchant 11,68.26,5.77,-5.56,"{'SAVE10','WELCOME'}"
Category 6,2025-09-21,Merchant 12,65.25,2.98125,12.10625,"{'NONE','SAVE10','WELCOME'}"
Category 6,2025-09-21,Merchant 13,62.873333333333335,0.96,3.5033333333333334,"{'NONE','WELCOME'}"
Category 6,2025-09-21,Merchant 14,63.415,2.0316666666666667,-12.206666666666667,"{'NONE','SAVE10','WELCOME'}"
Category 6,2025-09-21,Merchant 15,38.23,1.91,-35.16,{'WELCOME'}
Category 6,2025-09-21,Merchant 16,36.97,0.69,11.47,"{'NONE','SAVE10'}"
Category 6,2025-09-21,Merchant 17,69.035,4.1,5.6825,"{'NONE','SAVE10','WELCOME'}"
Category 6,2025-09-21,Merchant 18,47.988,1.79,-20.028,"{'NONE','SAVE10','WELCOME'}"
Category 6,2025-09-21,Merchant 19,51.4875,2.65,-5.4625,"{'NONE','SAVE10','WELCOME'}"
Category 6,2025-09-21,Merchant 2,51.641666666666666,1.9466666666666668,1.1416666666666666,"{'NONE','WELCOME'}"
Category 6,2025-09-21,Merchant 3,38.41,0,-25.65,{'NONE'}
Category 6,2025-09-21,Merchant 4,36.49,3.425,5.89,"{'SAVE10','WELCOME'}"
Category 6,2025-09-21,Merchant 5,55.925555555555555,2.6422222222222222,-0.43333333333333335,"{'NONE','SAVE10','WELCOME'}"
Category 6,2025-09-21,Merchant 6,46.12,2.685,-39.745,"{'SAVE10','WELCOME'}"
Category 6,2025-09-21,Merchant 7,46.28,2.315,4.675,{'WELCOME'}
Category 6,2025-09-21,Merchant 9,84.145,4.76,-0.715,"{'NONE','SAVE10'}"
Category 6,2025-09-22,Merchant 11,70.01,4.105,15.035,"{'SAVE10','WELCOME'}"
Category 6,2025-09-22,Merchant 12,69.342,4.08,27.01,"{'NONE','SAVE10','WELCOME'}"
Category 6,2025-09-22,Merchant 13,26.916666666666668,1.5166666666666666,-21.183333333333334,"{'SAVE10','WELCOME'}"
Category 6,2025-09-22,Merchant 14,61.02142857142857,2.4585714285714286,1.362857142857143,"{'NONE','SAVE10','WELCOME'}"
Category 6,2025-09-22,Merchant 15,55.235,2.52,-7.261666666666667,"{'NONE','SAVE10','WELCOME'}"
Category 6,2025-09-22,Merchant 16,38.59,2.788,3.574,"{'SAVE10','WELCOME'}"
Category 6,2025-09-22,Merchant 17,52.73833333333334,2.5366666666666666,-14.288333333333334,"{'NONE','WELCOME'}"
Category 6,2025-09-22,Merchant 18,50.71,1.08,21.78,"{'NONE','WELCOME'}"
Category 6,2025-09-22,Merchant 19,60.60916666666667,1.9375,24.0125,"{'NONE','SAVE10','WELCOME'}"
Category 6,2025-09-22,Merchant 2,65.78,5.76,1.745,"{'SAVE10','WELCOME'}"
Category 6,2025-09-22,Merchant 3,72.06,7.21,0.79,{'SAVE10'}
Category 6,2025-09-22,Merchant 4,21.495,2.15,-7.835,{'SAVE10'}
Category 6,2025-09-22,Merchant 5,46.526666666666664,2.3266666666666667,11.823333333333334,{'WELCOME'}
Category 6,2025-09-22,Merchant 7,79.455,7.95,32.22,{'SAVE10'}
Category 6,2025-09-22,Merchant 9,46.07833333333333,2.98,-45.145,"{'NONE','SAVE10','WELCOME'}"
Category 6,2025-09-23,Merchant 10,44.835,1.4575,-0.5075,"{'NONE','WELCOME'}"
Category 6,2025-09-23,Merchant 11,47.628,0.782,0.496,"{'NONE','WELCOME'}"
Category 6,2025-09-23,Merchant 12,54.325,2.3833333333333333,12.753333333333334,"{'NONE','SAVE10','WELCOME'}"
Category 6,2025-09-23,Merchant 13,33.69,1.1485714285714286,-15.122857142857143,"{'NONE','SAVE10','WELCOME'}"
Category 6,2025-09-23,Merchant 14,54.751666666666665,2.6333333333333333,-21.471666666666668,"{'NONE','SAVE10','WELCOME'}"
Category 6,2025-09-23,Merchant 15,40.986,1.104,-30.43,"{'NONE','SAVE10','WELCOME'}"
Category 6,2025-09-23,Merchant 16,44.822,1.634,-11.73,"{'NONE','WELCOME'}"
Category 6,2025-09-23,Merchant 17,8.11,0,-49.75,{'NONE'}
Category 6,2025-09-23,Merchant 18,25.06,0,-50.76,{'NONE'}
Category 6,2025-09-23,Merchant 19,56.835,3.138,7.078,"{'SAVE10','WELCOME'}"
Category 6,2025-09-23,Merchant 2,51.82,1.3925,6.735,"{'NONE','SAVE10'}"
Category 6,2025-09-23,Merchant 4,20.03,2,-9.15,{'SAVE10'}
Category 6,2025-09-23,Merchant 5,62.575,2.9,19.186666666666667,"{'NONE','WELCOME'}"
Category 6,2025-09-23,Merchant 6,77.535,1.53,59.605,"{'NONE','WELCOME'}"
Category 6,2025-09-23,Merchant 7,77.4,3.87,34.24,{'WELCOME'}
Category 6,2025-09-23,Merchant 9,67.28333333333333,4.338333333333333,-22.09,"{'NONE','SAVE10','WELCOME'}"
Category 6,2025-09-24,Merchant 10,39.8725,1.995,-14.64,{'WELCOME'}
Category 6,2025-09-24,Merchant 11,53.693333333333335,2.5883333333333334,-0.6683333333333333,"{'NONE','SAVE10','WELCOME'}"
Category 6,2025-09-24,Merchant 12,57.51,0.55,6.38,"{'NONE','WELCOME'}"
Category 6,2025-09-24,Merchant 13,50.865,1.6175,-12.46,"{'NONE','WELCOME'}"
Category 6,2025-09-24,Merchant 14,20.71,2.07,-72.55,{'SAVE10'}
Category 6,2025-09-24,Merchant 15,69.95666666666666,3.82,-0.6816666666666666,"{'NONE','SAVE10','WELCOME'}"
Category 6,2025-09-24,Merchant 16,45.328,1.598,3.896,"{'NONE','SAVE10','WELCOME'}"
Category 6,2025-09-24,Merchant 17,59.60625,1.7725,11.8475,"{'NONE','SAVE10','WELCOME'}"
Category 6,2025-09-24,Merchant 18,80.65,0,28.815,{'NONE'}
Category 6,2025-09-24,Merchant 19,59.144,3.897,-0.731,"{'NONE','SAVE10','WELCOME'}"
Category 6,2025-09-24,Merchant 2,52.0925,2.1375,12.595,"{'NONE','WELCOME'}"
Category 6,2025-09-24,Merchant 3,75.56,0,11.5,{'NONE'}
Category 6,2025-09-24,Merchant 4,69.44,0,42.26,{'NONE'}
Category 6,2025-09-24,Merchant 5,67.5725,0.73,2.565,"{'NONE','WELCOME'}"
Category 6,2025-09-24,Merchant 7,88.985,2.24,47.455,"{'NONE','WELCOME'}"
Category 6,2025-09-24,Merchant 9,75.13,3.755,-15.48,{'WELCOME'}
Category 6,2025-09-25,Merchant 10,34.74,1.74,-5.33,{'WELCOME'}
Category 6,2025-09-25,Merchant 11,49.51,2.572,-12.43,"{'NONE','SAVE10','WELCOME'}"
Category 6,2025-09-25,Merchant 12,87.09666666666666,4.3533333333333335,25.453333333333333,{'WELCOME'}
Category 6,2025-09-25,Merchant 13,50.336666666666666,1.7266666666666668,4.253333333333333,"{'NONE','WELCOME'}"
Category 6,2025-09-25,Merchant 14,45.93,0.32,-32.59,"{'NONE','WELCOME'}"
Category 6,2025-09-25,Merchant 15,72.368,5.714,-4.068,"{'SAVE10','WELCOME'}"
Category 6,2025-09-25,Merchant 16,34.846666666666664,1.9416666666666667,8.095,"{'SAVE10','WELCOME'}"
Category 6,2025-09-25,Merchant 17,59.76714285714286,2.7064285714285714,-1.6485714285714286,"{'NONE','SAVE10','WELCOME'}"
Category 6,2025-09-25,Merchant 18,10.59,0.53,-17.79,{'WELCOME'}
Category 6,2025-09-25,Merchant 19,56.35909090909091,2.2736363636363635,12.932727272727274,"{'NONE','SAVE10','WELCOME'}"
Category 6,2025-09-25,Merchant 2,33.4575,0.975,-11.21,"{'NONE','WELCOME'}"
Category 6,2025-09-25,Merchant 4,49.86,4.99,17.69,{'SAVE10'}
Category 6,2025-09-25,Merchant 5,52.28333333333333,1.7233333333333334,18.183333333333334,"{'NONE','WELCOME'}"
Category 6,2025-09-25,Merchant 6,38.61,1.935,20.275,{'WELCOME'}
Category 6,2025-09-25,Merchant 7,22.895,1.325,-17.72,"{'SAVE10','WELCOME'}"
Category 6,2025-09-25,Merchant 9,48.16166666666667,2.643333333333333,-39.085,"{'SAVE10','WELCOME'}"
Category 6,2025-09-26,Merchant 10,57.00666666666667,3.368333333333333,14.758333333333333,"{'NONE','SAVE10','WELCOME'}"
Category 6,2025-09-26,Merchant 11,51.40714285714286,2.277142857142857,-7.034285714285715,"{'NONE','WELCOME'}"
Category 6,2025-09-26,Merchant 12,48.144,3.866,6.862,"{'SAVE10','WELCOME'}"
Category 6,2025-09-26,Merchant 13,60.7,4.51,7.105,"{'SAVE10','WELCOME'}"
Category 6,2025-09-26,Merchant 14,33.7875,0.9475,-20.0825,"{'NONE','WELCOME'}"
Category 6,2025-09-26,Merchant 15,40.876,3.38,-33.342,"{'NONE','SAVE10','WELCOME'}"
Category 6,2025-09-26,Merchant 16,85.94,1.55,47.01,"{'NONE','WELCOME'}"
Category 6,2025-09-26,Merchant 17,60.003,2.048,-15.056,"{'NONE','SAVE10','WELCOME'}"
Category 6,2025-09-26,Merchant 18,69.32,2.26,7.23,"{'NONE','WELCOME'}"
Category 6,2025-09-26,Merchant 19,49.41,3.3333333333333335,17.941111111111113,"{'SAVE10','WELCOME'}"
Category 6,2025-09-26,Merchant 2,60.57363636363636,3.9245454545454543,22.471818181818183,"{'SAVE10','WELCOME'}"
Category 6,2025-09-26,Merchant 4,68.42,6.84,34.4,{'SAVE10'}
Category 6,2025-09-26,Merchant 5,70.815,4.825,25.3925,"{'NONE','SAVE10'}"
Category 6,2025-09-26,Merchant 6,32.154,1.188,-25.502,"{'NONE','SAVE10','WELCOME'}"
Category 6,2025-09-26,Merchant 7,67.25,0,27.96,{'NONE'}
Category 6,2025-09-26,Merchant 9,20.56,0.305,-72.06,"{'NONE','WELCOME'}"
Category 6,2025-09-27,Merchant 10,56.188,1.504,5.002,"{'NONE','SAVE10','WELCOME'}"
Category 6,2025-09-27,Merchant 11,58.78875,3.355,2.755,"{'NONE','SAVE10','WELCOME'}"
Category 6,2025-09-27,Merchant 12,62.29,6.23,20.78,{'SAVE10'}
Category 6,2025-09-27,Merchant 13,78.5125,5.015,19.295,"{'NONE','SAVE10','WELCOME'}"
Category 6,2025-09-27,Merchant 14,22.003333333333334,1.3666666666666667,-38.53,"{'NONE','SAVE10','WELCOME'}"
Category 6,2025-09-27,Merchant 15,56.193333333333335,0,-21.593333333333334,{'NONE'}
Category 6,2025-09-27,Merchant 16,85.23,4.176666666666667,31.003333333333334,"{'NONE','SAVE10','WELCOME'}"
Category 6,2025-09-27,Merchant 17,61.162,2.45,-1.012,"{'NONE','SAVE10','WELCOME'}"
Category 6,2025-09-27,Merchant 18,55.126666666666665,2.756666666666667,-7.46,{'WELCOME'}
Category 6,2025-09-27,Merchant 19,46.44416666666667,2.703333333333333,-0.855,"{'NONE','SAVE10','WELCOME'}"
Category 6,2025-09-27,Merchant 2,35.20666666666666,3.5233333333333334,-2.51,{'SAVE10'}
Category 6,2025-09-27,Merchant 5,65.76,3.975,33.355,"{'NONE','SAVE10','WELCOME'}"
Category 6,2025-09-27,Merchant 6,88.58,4.43,0.97,{'WELCOME'}
Category 6,2025-09-27,Merchant 9,62.262,2.428,-23.484,"{'NONE','SAVE10','WELCOME'}"
Category 6,2025-09-28,Merchant 10,55.97,3.47,16.634,"{'SAVE10','WELCOME'}"
Category 6,2025-09-28,Merchant 11,62.696666666666665,1.615,11.115,"{'NONE','SAVE10','WELCOME'}"
Category 6,2025-09-28,Merchant 12,43.065,3.1275,1.465,"{'SAVE10','WELCOME'}"
Category 6,2025-09-28,Merchant 13,71.05333333333333,4.048333333333333,20.828333333333333,"{'SAVE10','WELCOME'}"
Category 6,2025-09-28,Merchant 14,71.912,3.596,-3.66,{'WELCOME'}
Category 6,2025-09-28,Merchant 15,58.695,0.815,-15.438333333333333,"{'NONE','SAVE10','WELCOME'}"
Category 6,2025-09-28,Merchant 16,37.264,1.422,-3.872,"{'NONE','SAVE10','WELCOME'}"
Category 6,2025-09-28,Merchant 17,71.67,4.0425,8.2725,"{'NONE','SAVE10','WELCOME'}"
Category 6,2025-09-28,Merchant 18,30.025,0.355,-22.165,"{'NONE','WELCOME'}"
Category 6,2025-09-28,Merchant 19,57.614285714285714,3.3528571428571428,15.972857142857142,"{'NONE','SAVE10','WELCOME'}"
Category 6,2025-09-28,Merchant 2,69.71333333333334,2.533333333333333,13.543333333333333,"{'NONE','WELCOME'}"
Category 6,2025-09-28,Merchant 3,55.82,2.79,-11.03,{'WELCOME'}
Category 6,2025-09-28,Merchant 4,44.75,2.1233333333333335,15.446666666666667,"{'NONE','SAVE10','WELCOME'}"
Category 6,2025-09-28,Merchant 5,55.2175,3.185,11.1075,"{'NONE','SAVE10','WELCOME'}"
Category 6,2025-09-28,Merchant 6,55.9125,3.165,-13.7375,"{'SAVE10','WELCOME'}"
Category 6,2025-09-28,Merchant 7,96.58,9.66,47.63,{'SAVE10'}
Category 6,2025-09-28,Merchant 9,64.625,3.231666666666667,-19.138333333333332,{'WELCOME'}
Category 6,2025-09-29,Merchant 10,49.8925,2.7975,5.9875,"{'NONE','SAVE10','WELCOME'}"
Category 6,2025-09-29,Merchant 11,56.9,2.85,25.79,{'WELCOME'}
Category 6,2025-09-29,Merchant 12,61.6575,4.0975,11.9075,"{'NONE','SAVE10','WELCOME'}"
Category 6,2025-09-29,Merchant 13,68.08375,2.5975,21.97625,"{'NONE','SAVE10','WELCOME'}"
Category 6,2025-09-29,Merchant 14,61.79066666666667,2.78,-10.024666666666667,"{'NONE','SAVE10','WELCOME'}"
Category 6,2025-09-29,Merchant 15,42.056666666666665,3.5966666666666667,-31.95,"{'SAVE10','WELCOME'}"
Category 6,2025-09-29,Merchant 16,55.824285714285715,1.552857142857143,7.9557142857142855,"{'NONE','WELCOME'}"
Category 6,2025-09-29,Merchant 17,81.33,6.18,15.738333333333333,"{'SAVE10','WELCOME'}"
Category 6,2025-09-29,Merchant 18,10.43,0,-17.42,{'NONE'}
Category 6,2025-09-29,Merchant 19,49.0995,3.569,4.947,"{'NONE','SAVE10','WELCOME'}"
Category 6,2025-09-29,Merchant 2,32.145,0.4,-13.865,"{'NONE','WELCOME'}"
Category 6,2025-09-29,Merchant 3,17.42,0,-46.64,{'NONE'}
Category 6,2025-09-29,Merchant 5,38.112,1.602,-18.492,"{'NONE','SAVE10','WELCOME'}"
Category 6,2025-09-29,Merchant 6,10.5,0.53,-73.21,{'WELCOME'}
Category 6,2025-09-29,Merchant 7,22.63,0.81,-17.47,"{'NONE','WELCOME'}"
Category 6,2025-09-29,Merchant 9,34.35666666666667,2.3266666666666667,-45.29333333333334,"{'SAVE10','WELCOME'}"
Category 6,2025-09-30,Merchant 10,74.26666666666667,3.7133333333333334,19.61,{'WELCOME'}
Category 6,2025-09-30,Merchant 12,70.233,3.107,26.629,"{'NONE','SAVE10','WELCOME'}"
Category 6,2025-09-30,Merchant 13,10.46,1.05,-32.17,{'SAVE10'}
Category 6,2025-09-30,Merchant 14,56.51125,3.0025,-19.3875,"{'NONE','SAVE10','WELCOME'}"
Category 6,2025-09-30,Merchant 15,55.78875,3.41625,-32.2475,"{'NONE','SAVE10','WELCOME'}"
Category 6,2025-09-30,Merchant 16,43.64,1.415,17.565,"{'NONE','SAVE10','WELCOME'}"
Category 6,2025-09-30,Merchant 17,49.234,1.998,-31.364,"{'NONE','WELCOME'}"
Category 6,2025-09-30,Merchant 18,74.76,0,-1.06,{'NONE'}
Category 6,2025-09-30,Merchant 19,67.33727272727273,3.158181818181818,22.99909090909091,"{'NONE','SAVE10','WELCOME'}"
Category 6,2025-09-30,Merchant 2,58.124,1.883,7.867,"{'NONE','WELCOME'}"
Category 6,2025-09-30,Merchant 4,104.41,10.44,66.79,{'SAVE10'}
Category 6,2025-09-30,Merchant 5,38.18666666666667,3.4,-14.25,"{'SAVE10','WELCOME'}"
Category 6,2025-09-30,Merchant 6,85.44333333333333,4.27,-2.006666666666667,{'WELCOME'}
Category 6,2025-09-30,Merchant 7,44.97,2.25,3.43,{'WELCOME'}
Category 6,2025-09-30,Merchant 9,51.57666666666667,3.9433333333333334,-37.833333333333336,"{'SAVE10','WELCOME'}"
Category 6,2025-10-01,Merchant 10,85.15,6.01,37.10666666666667,"{'NONE','SAVE10'}"
Category 6,2025-10-01,Merchant 11,87.75,6.28,40.545,"{'SAVE10','WELCOME'}"
Category 6,2025-10-01,Merchant 12,58.07666666666667,0,9.663333333333334,{'NONE'}
Category 6,2025-10-01,Merchant 13,49.435,0,-17.39,{'NONE'}
Category 6,2025-10-01,Merchant 14,50.612,1.12,-33.548,"{'NONE','WELCOME'}"
Category 6,2025-10-01,Merchant 15,72.49375,4.08625,10.75875,"{'NONE','SAVE10','WELCOME'}"
Category 6,2025-10-01,Merchant 16,47.555,0.8975,2.8425,"{'NONE','WELCOME'}"
Category 6,2025-10-01,Merchant 17,56.52,2.7714285714285714,-5.091428571428572,"{'NONE','SAVE10','WELCOME'}"
Category 6,2025-10-01,Merchant 18,49.1,2.46,-29.18,{'WELCOME'}
Category 6,2025-10-01,Merchant 19,56.58470588235294,2.0976470588235294,8.67235294117647,"{'NONE','SAVE10','WELCOME'}"
Category 6,2025-10-01,Merchant 3,85.1,1.68,19.36,"{'NONE','WELCOME'}"
Category 6,2025-10-01,Merchant 4,30.405,1.175,2.05,"{'NONE','SAVE10'}"
Category 6,2025-10-01,Merchant 5,46.75,2.92,2.905,"{'SAVE10','WELCOME'}"
Category 6,2025-10-01,Merchant 6,60.7125,1.2525,9.67,"{'NONE','SAVE10','WELCOME'}"
Category 6,2025-10-01,Merchant 9,68.505,2.4325,-14.6725,"{'NONE','WELCOME'}"
Category 6,2025-10-02,Merchant 10,56.77,3.1885714285714286,14.308571428571428,"{'NONE','SAVE10','WELCOME'}"
Category 6,2025-10-02,Merchant 11,52.27333333333333,2.453333333333333,-8.583333333333334,"{'NONE','WELCOME'}"
Category 6,2025-10-02,Merchant 12,67.0075,3.6325,24.9025,"{'NONE','SAVE10','WELCOME'}"
Category 6,2025-10-02,Merchant 13,49.3,3.11,-2.895,"{'SAVE10','WELCOME'}"
Category 6,2025-10-02,Merchant 14,44.89857142857143,2.4457142857142857,-19.207142857142856,"{'NONE','SAVE10','WELCOME'}"
Category 6,2025-10-02,Merchant 15,72.956,4.59,-2.882,"{'SAVE10','WELCOME'}"
Category 6,2025-10-02,Merchant 16,57.43,5.74,26.58,{'SAVE10'}
Category 6,2025-10-02,Merchant 17,50.88666666666666,3.966666666666667,-18.19333333333333,"{'SAVE10','WELCOME'}"
Category 6,2025-10-02,Merchant 18,49.972,3.94,-1.004,"{'SAVE10','WELCOME'}"
Category 6,2025-10-02,Merchant 19,33.60142857142857,1.592857142857143,-17.27285714285714,"{'NONE','SAVE10','WELCOME'}"
Category 6,2025-10-02,Merchant 2,49.14333333333333,2.3466666666666667,0.77,"{'NONE','WELCOME'}"
Category 6,2025-10-02,Merchant 3,38.86,3.89,-29.09,{'SAVE10'}
Category 6,2025-10-02,Merchant 4,45.235,2.265,15.79,{'WELCOME'}
Category 6,2025-10-02,Merchant 5,64.30222222222223,4.8677777777777775,5.7188888888888885,"{'SAVE10','WELCOME'}"
Category 6,2025-10-02,Merchant 6,37.333333333333336,2.15,-47.99666666666667,"{'NONE','SAVE10','WELCOME'}"
Category 6,2025-10-02,Merchant 7,34.26,0,-5.03,{'NONE'}
Category 6,2025-10-02,Merchant 9,67.985,3.3975,-16.8075,{'WELCOME'}
Category 6,2025-10-03,Merchant 10,63.50857142857143,1.9328571428571428,14.665714285714285,"{'NONE','SAVE10','WELCOME'}"
Category 6,2025-10-03,Merchant 11,58.582,4.808,4.53,"{'SAVE10','WELCOME'}"
Category 6,2025-10-03,Merchant 12,58.416363636363634,2.459090909090909,10.98090909090909,"{'NONE','SAVE10','WELCOME'}"
Category 6,2025-10-03,Merchant 13,49.084,3.486,-15.086,"{'SAVE10','WELCOME'}"
Category 6,2025-10-03,Merchant 14,56.48,2.2714285714285714,-17.675714285714285,"{'NONE','SAVE10','WELCOME'}"
Category 6,2025-10-03,Merchant 15,47.732,1.998,-28.478,"{'NONE','SAVE10','WELCOME'}"
Category 6,2025-10-03,Merchant 16,70.92666666666666,3.546666666666667,30,{'WELCOME'}
Category 6,2025-10-03,Merchant 17,42.315,2.6475,-14.8075,"{'SAVE10','WELCOME'}"
Category 6,2025-10-03,Merchant 18,46.83,4.68,-33.67,{'SAVE10'}
Category 6,2025-10-03,Merchant 19,57.306666666666665,2.47,25.625,"{'NONE','SAVE10','WELCOME'}"
Category 6,2025-10-03,Merchant 2,46.6025,2.73,16.0125,"{'NONE','SAVE10','WELCOME'}"
Category 6,2025-10-03,Merchant 3,45.34,4.19,-22.91,"{'NONE','SAVE10'}"
Category 6,2025-10-03,Merchant 4,28.84,1.44,0.22,{'WELCOME'}
Category 6,2025-10-03,Merchant 5,58.73,1.6828571428571428,-0.5114285714285715,"{'NONE','SAVE10','WELCOME'}"
Category 6,2025-10-03,Merchant 6,75.89666666666666,0.9766666666666667,-8.26,"{'NONE','WELCOME'}"
Category 6,2025-10-03,Merchant 7,43.07333333333333,2.1533333333333333,1.63,{'WELCOME'}
Category 6,2025-10-03,Merchant 9,64.03,1.674,-16.596,"{'NONE','WELCOME'}"
Category 6,2025-10-04,Merchant 10,52.39,3.975,6.381666666666667,"{'SAVE10','WELCOME'}"
Category 6,2025-10-04,Merchant 11,51.03,1.6533333333333333,-18.673333333333332,"{'NONE','SAVE10','WELCOME'}"
Category 6,2025-10-04,Merchant 12,57.10666666666667,1.6933333333333334,2.91,"{'NONE','SAVE10','WELCOME'}"
Category 6,2025-10-04,Merchant 13,35.896,1.704,-10.388,"{'NONE','WELCOME'}"
Category 6,2025-10-04,Merchant 14,62.19,3.134,18.03,"{'NONE','SAVE10','WELCOME'}"
Category 6,2025-10-04,Merchant 15,59.0975,3.7525,-26.2525,"{'NONE','SAVE10','WELCOME'}"
Category 6,2025-10-04,Merchant 16,48.857142857142854,2.4442857142857144,0.011428571428571429,{'WELCOME'}
Category 6,2025-10-04,Merchant 17,53.198,2.206,-8.732,"{'NONE','SAVE10','WELCOME'}"
Category 6,2025-10-04,Merchant 18,47.13,2.06,-6.765,"{'NONE','WELCOME'}"
Category 6,2025-10-04,Merchant 19,58.809333333333335,2.818,13.783333333333333,"{'NONE','SAVE10','WELCOME'}"
Category 6,2025-10-04,Merchant 2,39.818,2.294,-11.368,"{'SAVE10','WELCOME'}"
Category 6,2025-10-04,Merchant 3,93.11,0,29.05,{'NONE'}
Category 6,2025-10-04,Merchant 4,22.64,1.13,-5.67,{'WELCOME'}
Category 6,2025-10-04,Merchant 5,10.81,1.08,-6.86,{'SAVE10'}
Category 6,2025-10-04,Merchant 6,73.885,2.38,55.11,"{'NONE','SAVE10'}"
Category 6,2025-10-04,Merchant 7,74.68,0,35.39,{'NONE'}
Category 6,2025-10-04,Merchant 9,42.424,2.914,-53.064,"{'NONE','SAVE10','WELCOME'}"
Category 6,2025-10-05,Merchant 10,61.56,2.086666666666667,2.223333333333333,"{'NONE','SAVE10','WELCOME'}"
Category 6,2025-10-05,Merchant 11,40.152,3.542,-20.59,"{'SAVE10','WELCOME'}"
Category 6,2025-10-05,Merchant 12,34.85666666666667,1.2266666666666666,-3.0433333333333334,"{'NONE','WELCOME'}"
Category 6,2025-10-05,Merchant 13,52.662,2.51,10.152,"{'NONE','SAVE10','WELCOME'}"
Category 6,2025-10-05,Merchant 14,53.515,4.405,-4.2325,"{'NONE','SAVE10','WELCOME'}"
Category 6,2025-10-05,Merchant 15,56.11909090909091,3.3027272727272727,-13.578181818181818,"{'NONE','SAVE10','WELCOME'}"
Category 6,2025-10-05,Merchant 16,28.118,1.854,-13.81,"{'NONE','SAVE10','WELCOME'}"
Category 6,2025-10-05,Merchant 17,72.17333333333333,1.2466666666666666,1.4833333333333334,"{'NONE','WELCOME'}"
Category 6,2025-10-05,Merchant 18,94.02,0,18.2,{'NONE'}
Category 6,2025-10-05,Merchant 19,43.41647058823529,1.698235294117647,-10.485294117647058,"{'NONE','SAVE10','WELCOME'}"
Category 6,2025-10-05,Merchant 2,88.155,6.21,36.335,"{'SAVE10','WELCOME'}"
Category 6,2025-10-05,Merchant 3,55.23,2.9,-11.73,"{'SAVE10','WELCOME'}"
Category 6,2025-10-05,Merchant 4,97.89,9.79,60.92,{'SAVE10'}
Category 6,2025-10-05,Merchant 5,69.15,4.525,11.5325,"{'SAVE10','WELCOME'}"
Category 6,2025-10-05,Merchant 6,82.805,0,66.405,{'NONE'}
Category 6,2025-10-05,Merchant 7,48.18,2.41,6.48,{'WELCOME'}
Category 6,2025-10-05,Merchant 9,44.07333333333333,1.1733333333333333,-41.70333333333333,"{'NONE','WELCOME'}"
Category 6,2025-10-06,Merchant 10,51.2,1.87,-7.92,"{'NONE','WELCOME'}"
Category 6,2025-10-06,Merchant 11,28.11,1.41,-41.35,{'WELCOME'}
Category 6,2025-10-06,Merchant 12,61.121,4.269,11.47,"{'SAVE10','WELCOME'}"
Category 6,2025-10-06,Merchant 13,60.495,3.31125,18.26125,"{'NONE','SAVE10','WELCOME'}"
Category 6,2025-10-06,Merchant 14,62.4375,2.3025,-19.46625,"{'NONE','SAVE10','WELCOME'}"
Category 6,2025-10-06,Merchant 15,68.26,4.75,0.2833333333333333,"{'SAVE10','WELCOME'}"
Category 6,2025-10-06,Merchant 16,78.21166666666667,3.62,30.976666666666667,"{'NONE','SAVE10','WELCOME'}"
Category 6,2025-10-06,Merchant 17,58.236666666666665,4.08,0.8516666666666667,"{'SAVE10','WELCOME'}"
Category 6,2025-10-06,Merchant 18,38.92,1.95,-38.85,{'WELCOME'}
Category 6,2025-10-06,Merchant 19,50.587857142857146,2.5342857142857143,4.472142857142857,"{'NONE','SAVE10','WELCOME'}"
Category 6,2025-10-06,Merchant 2,56.53666666666667,4.3933333333333335,5.7,"{'NONE','SAVE10','WELCOME'}"
Category 6,2025-10-06,Merchant 3,23.04,1.15,-42.17,{'WELCOME'}
Category 6,2025-10-06,Merchant 4,57.12,5.71,24.23,{'SAVE10'}
Category 6,2025-10-06,Merchant 5,51.84444444444444,2.2666666666666666,-4.43,"{'NONE','SAVE10','WELCOME'}"
Category 6,2025-10-06,Merchant 6,33.855,1.25,-17.185,"{'NONE','WELCOME'}"
Category 6,2025-10-06,Merchant 7,73.32,3.67,30.36,{'WELCOME'}
Category 6,2025-10-06,Merchant 9,37.345,2.0875,-50.95,"{'NONE','SAVE10','WELCOME'}"
Category 6,2025-10-07,Merchant 10,64.705,3.235,13.68,{'WELCOME'}
Category 6,2025-10-07,Merchant 11,48,3.13,-0.27,"{'SAVE10','WELCOME'}"
Category 6,2025-10-07,Merchant 12,55.67333333333333,2.1822222222222223,10.015555555555556,"{'NONE','SAVE10','WELCOME'}"
Category 6,2025-10-07,Merchant 13,53.91,3.242,16.098,"{'NONE','SAVE10','WELCOME'}"
Category 6,2025-10-07,Merchant 14,46.635,3.845,-9.023333333333333,"{'SAVE10','WELCOME'}"
Category 6,2025-10-07,Merchant 15,65.3225,2.75,2.815,"{'NONE','SAVE10','WELCOME'}"
Category 6,2025-10-07,Merchant 16,41.7,2.24,-23.06,"{'SAVE10','WELCOME'}"
Category 6,2025-10-07,Merchant 17,53.43125,1.4975,-4.6175,"{'NONE','SAVE10','WELCOME'}"
Category 6,2025-10-07,Merchant 19,49.403888888888886,2.4138888888888888,15.92,"{'NONE','SAVE10','WELCOME'}"
Category 6,2025-10-07,Merchant 2,49.035,1.7866666666666666,13.916666666666666,"{'NONE','WELCOME'}"
Category 6,2025-10-07,Merchant 3,65.43,3.27,-1.9,{'WELCOME'}
Category 6,2025-10-07,Merchant 4,75.98666666666666,2.4033333333333333,46.403333333333336,"{'NONE','WELCOME'}"
Category 6,2025-10-07,Merchant 5,60.54,0,43.95,{'NONE'}
Category 6,2025-10-07,Merchant 6,45.29333333333334,2.263333333333333,4.37,{'WELCOME'}
Category 6,2025-10-07,Merchant 7,46.925,3.36,4.275,"{'NONE','SAVE10'}"
Category 6,2025-10-07,Merchant 9,43.74,2.19,-49.47,{'WELCOME'}
Category 6,2025-10-08,Merchant 10,82.39,0,40.35666666666667,{'NONE'}
Category 6,2025-10-08,Merchant 11,59.81,2.695,1.725,"{'NONE','SAVE10','WELCOME'}"
Category 6,2025-10-08,Merchant 12,51.306666666666665,4.47,1.29,"{'SAVE10','WELCOME'}"
Category 6,2025-10-08,Merchant 13,60.39333333333333,4.123333333333333,-7.14,"{'NONE','SAVE10'}"
Category 6,2025-10-08,Merchant 14,42.032,0.876,-39.642,"{'NONE','WELCOME'}"
Category 6,2025-10-08,Merchant 15,60.493,3.565,-15.539,"{'NONE','SAVE10','WELCOME'}"
Category 6,2025-10-08,Merchant 16,54.005,2.415,7.775,"{'NONE','WELCOME'}"
Category 6,2025-10-08,Merchant 17,75.305,2.2716666666666665,25.08,"{'NONE','WELCOME'}"
Category 6,2025-10-08,Merchant 18,64.51,3.23,33.43,{'WELCOME'}
Category 6,2025-10-08,Merchant 19,61.041333333333334,3.3193333333333332,4.044,"{'NONE','SAVE10','WELCOME'}"
Category 6,2025-10-08,Merchant 2,54.3075,3.045,1.2375,"{'NONE','SAVE10','WELCOME'}"
Category 6,2025-10-08,Merchant 3,70.77,4.28,2.43,"{'NONE','SAVE10','WELCOME'}"
Category 6,2025-10-08,Merchant 4,19.71,1.97,-9.44,{'SAVE10'}
Category 6,2025-10-08,Merchant 5,53.41,2.67,-13.21,{'WELCOME'}
Category 6,2025-10-08,Merchant 6,34.44,1.72,-17.07,{'WELCOME'}
Category 6,2025-10-08,Merchant 7,82.53,0,43.24,{'NONE'}
Category 6,2025-10-08,Merchant 9,52.20285714285714,2.48,-29.187142857142856,"{'NONE','SAVE10','WELCOME'}"
Category 6,2025-10-09,Merchant 10,54.593333333333334,2.566666666666667,1.0833333333333333,"{'NONE','SAVE10','WELCOME'}"
Category 6,2025-10-09,Merchant 11,75.04333333333334,1.7233333333333334,28.176666666666666,"{'NONE','WELCOME'}"
Category 6,2025-10-09,Merchant 12,56.578,3.19,8.51,"{'NONE','SAVE10','WELCOME'}"
Category 6,2025-10-09,Merchant 13,90,0,12.94,{'NONE'}
Category 6,2025-10-09,Merchant 14,58.232142857142854,3.047857142857143,-23.44142857142857,"{'NONE','SAVE10','WELCOME'}"
Category 6,2025-10-09,Merchant 15,40.676,2.654,-19.654,"{'NONE','SAVE10','WELCOME'}"
Category 6,2025-10-09,Merchant 16,46.028,2.214,3.98,"{'NONE','SAVE10','WELCOME'}"
Category 6,2025-10-09,Merchant 17,50.26833333333333,3.4983333333333335,-23.511666666666667,"{'SAVE10','WELCOME'}"
Category 6,2025-10-09,Merchant 19,59.498666666666665,1.9513333333333334,18.630666666666666,"{'NONE','WELCOME'}"
Category 6,2025-10-09,Merchant 2,57.88333333333333,2.925,25.848333333333333,"{'NONE','SAVE10','WELCOME'}"
Category 6,2025-10-09,Merchant 3,82.38,4.12,14.2,{'WELCOME'}
Category 6,2025-10-09,Merchant 4,54.526666666666664,3.4966666666666666,23.85333333333333,"{'SAVE10','WELCOME'}"
Category 6,2025-10-09,Merchant 5,39.7125,1.3,9.655,"{'NONE','SAVE10','WELCOME'}"
Category 6,2025-10-09,Merchant 6,54.0125,2.035,-14.5075,"{'NONE','WELCOME'}"
Category 6,2025-10-09,Merchant 7,79.71,5.515,34.905,"{'SAVE10','WELCOME'}"
Category 6,2025-10-09,Merchant 9,31.075,2.36,-62.305,"{'SAVE10','WELCOME'}"
Category 6,2025-10-10,Merchant 10,47.32,2.37,6.62,{'WELCOME'}
Category 6,2025-10-10,Merchant 11,67.95857142857143,2.28,20.36,"{'NONE','WELCOME'}"
Category 6,2025-10-10,Merchant 12,47.4175,1.0525,3.3825,"{'NONE','WELCOME'}"
Category 6,2025-10-10,Merchant 13,56.17666666666667,3.205,9.095,"{'SAVE10','WELCOME'}"
Category 6,2025-10-10,Merchant 14,49.89333333333333,2.986666666666667,-16.55666666666667,"{'SAVE10','WELCOME'}"
Category 6,2025-10-10,Merchant 15,29.3775,1.85,-43.9525,"{'SAVE10','WELCOME'}"
Category 6,2025-10-10,Merchant 16,73.85,2.4466666666666668,33.82333333333333,"{'NONE','WELCOME'}"
Category 6,2025-10-10,Merchant 17,46.0025,2.3,-32.4675,{'WELCOME'}
Category 6,2025-10-10,Merchant 18,63.075,4.025,19.2075,"{'NONE','SAVE10','WELCOME'}"
Category 6,2025-10-10,Merchant 19,46.88454545454545,2.6936363636363634,12.271818181818182,"{'NONE','SAVE10','WELCOME'}"
Category 6,2025-10-10,Merchant 2,71.67666666666666,2.68,34.806666666666665,"{'NONE','SAVE10','WELCOME'}"
Category 6,2025-10-10,Merchant 3,34.94,1.75,-30.87,{'WELCOME'}
Category 6,2025-10-10,Merchant 5,26.12,2.615,-41.1,{'SAVE10'}
Category 6,2025-10-10,Merchant 6,77.48,3.875,-9.57,{'WELCOME'}
Category 6,2025-10-10,Merchant 9,79.48,3.97,6.33,{'WELCOME'}
Category 6,2025-10-11,Merchant 11,71.36,3.57,6.975,{'WELCOME'}
Category 6,2025-10-11,Merchant 12,80.01,5.34,30.8,"{'SAVE10','WELCOME'}"
Category 6,2025-10-11,Merchant 13,41.924,2.8,-19.65,"{'NONE','SAVE10','WELCOME'}"
Category 6,2025-10-11,Merchant 14,42.218,1.938,-23.21,"{'NONE','SAVE10','WELCOME'}"
Category 6,2025-10-11,Merchant 15,35.194,1.472,-28.38,"{'NONE','WELCOME'}"
Category 6,2025-10-11,Merchant 16,48.488,1.056,-0.004,"{'NONE','SAVE10','WELCOME'}"
Category 6,2025-10-11,Merchant 17,59.36142857142857,3.557142857142857,-7.1257142857142854,"{'NONE','SAVE10','WELCOME'}"
Category 6,2025-10-11,Merchant 18,52.582727272727276,3.388181818181818,-17.903636363636362,"{'NONE','SAVE10','WELCOME'}"
Category 6,2025-10-11,Merchant 19,68.9625,4.7525,15.92875,"{'SAVE10','WELCOME'}"
Category 6,2025-10-11,Merchant 2,47.2125,1.455,1.44,"{'NONE','SAVE10'}"
Category 6,2025-10-11,Merchant 3,77.16,7.72,5.38,{'SAVE10'}
Category 6,2025-10-11,Merchant 4,62.22,6.22,28.82,{'SAVE10'}
Category 6,2025-10-11,Merchant 5,30.07,1.3083333333333333,-27.731666666666666,"{'NONE','SAVE10','WELCOME'}"
Category 6,2025-10-11,Merchant 6,54.1875,3.09,1.3075,"{'NONE','SAVE10','WELCOME'}"
Category 6,2025-10-11,Merchant 7,50.76,2.54,8.93,{'WELCOME'}
Category 6,2025-10-11,Merchant 9,51.0675,4.8625,-40.0025,"{'SAVE10','WELCOME'}"
Category 6,2025-10-12,Merchant 10,31.843636363636364,1.579090909090909,-11.095454545454546,"{'NONE','SAVE10','WELCOME'}"
Category 6,2025-10-12,Merchant 11,59.41428571428571,2.6885714285714286,8.31,"{'NONE','SAVE10','WELCOME'}"
Category 6,2025-10-12,Merchant 12,45.76,1.135,0.755,"{'NONE','WELCOME'}"
Category 6,2025-10-12,Merchant 13,57.1125,0.66,12.79,"{'NONE','WELCOME'}"
Category 6,2025-10-12,Merchant 14,78.4775,3.12,8.185,"{'NONE','WELCOME'}"
Category 6,2025-10-12,Merchant 15,47.698,2.906,-25.52,"{'NONE','SAVE10','WELCOME'}"
Category 6,2025-10-12,Merchant 16,45.54375,2.36875,-5.24125,"{'NONE','SAVE10','WELCOME'}"
Category 6,2025-10-12,Merchant 17,49.116,1.744,-18.714,"{'NONE','SAVE10','WELCOME'}"
Category 6,2025-10-12,Merchant 18,50.585,3.5433333333333334,-12.788333333333334,"{'SAVE10','WELCOME'}"
Category 6,2025-10-12,Merchant 19,61.596666666666664,3.9055555555555554,7.78,"{'NONE','SAVE10','WELCOME'}"
Category 6,2025-10-12,Merchant 2,55.29571428571428,1.8314285714285714,14.938571428571429,"{'NONE','SAVE10','WELCOME'}"
Category 6,2025-10-12,Merchant 4,56.21,4.68,24.35,"{'SAVE10','WELCOME'}"
Category 6,2025-10-12,Merchant 5,46.59,0.97,-18.33,"{'NONE','SAVE10'}"
Category 6,2025-10-12,Merchant 6,51.276666666666664,4.4366666666666665,-36.34,"{'SAVE10','WELCOME'}"
Category 6,2025-10-12,Merchant 7,32.77,0,-6.52,{'NONE'}
Category 6,2025-10-12,Merchant 9,50.396,1.23,-38.004,"{'NONE','WELCOME'}"
Category 6,2025-10-13,Merchant 10,61.223333333333336,3.402222222222222,11.082222222222223,"{'NONE','SAVE10','WELCOME'}"
Category 6,2025-10-13,Merchant 11,47.236,2.816,-7.718,"{'SAVE10','WELCOME'}"
Category 6,2025-10-13,Merchant 12,59.459,1.816,13.833,"{'NONE','SAVE10','WELCOME'}"
Category 6,2025-10-13,Merchant 13,53.185,2.93,-12.8175,"{'NONE','SAVE10','WELCOME'}"
Category 6,2025-10-13,Merchant 14,59.70875,2.98625,-3.745,"{'NONE','SAVE10','WELCOME'}"
Category 6,2025-10-13,Merchant 15,47.584,2.277,-21.105,"{'NONE','SAVE10','WELCOME'}"
Category 6,2025-10-13,Merchant 16,55.544,3.408,12.184,"{'SAVE10','WELCOME'}"
Category 6,2025-10-13,Merchant 17,54.36636363636364,2.2181818181818183,-6.749090909090909,"{'NONE','SAVE10','WELCOME'}"
Category 6,2025-10-13,Merchant 18,67.71,3.9066666666666667,3.9766666666666666,"{'NONE','SAVE10','WELCOME'}"
Category 6,2025-10-13,Merchant 19,50.58222222222222,2.938888888888889,2.296666666666667,"{'NONE','SAVE10','WELCOME'}"
Category 6,2025-10-13,Merchant 2,72.06,3.6,22.85,{'WELCOME'}
Category 6,2025-10-13,Merchant 3,58.605,1.485,-6.94,"{'NONE','WELCOME'}"
Category 6,2025-10-13,Merchant 5,50.266666666666666,1.3433333333333333,-0.11333333333333333,"{'NONE','WELCOME'}"
Category 6,2025-10-13,Merchant 6,50.53,0.385,33.745,"{'NONE','WELCOME'}"
Category 6,2025-10-13,Merchant 7,93.52,0,54.23,{'NONE'}
Category 6,2025-10-13,Merchant 9,56.568333333333335,2.473333333333333,-30.076666666666668,"{'NONE','SAVE10','WELCOME'}"
Category 6,2025-10-14,Merchant 10,51.628571428571426,1.9757142857142858,4.33,"{'NONE','SAVE10','WELCOME'}"
Category 6,2025-10-14,Merchant 11,38.4,0.5566666666666666,-12.123333333333333,"{'NONE','SAVE10'}"
Category 6,2025-10-14,Merchant 12,47.51,1.6757142857142857,0.5242857142857142,"{'NONE','SAVE10','WELCOME'}"
Category 6,2025-10-14,Merchant 13,58.1675,2.85,-7.755,"{'NONE','SAVE10','WELCOME'}"
Category 6,2025-10-14,Merchant 14,55.854,3.214,-19,"{'SAVE10','WELCOME'}"
Category 6,2025-10-14,Merchant 15,53.97090909090909,2.890909090909091,-23.44272727272727,"{'NONE','SAVE10','WELCOME'}"
Category 6,2025-10-14,Merchant 16,56.18833333333333,2.85,15.958333333333334,"{'NONE','SAVE10','WELCOME'}"
Category 6,2025-10-14,Merchant 17,51.17,3.3466666666666667,-17.606666666666666,"{'NONE','SAVE10','WELCOME'}"
Category 6,2025-10-14,Merchant 18,72.40666666666667,4.136666666666667,40.42,"{'NONE','SAVE10'}"
Category 6,2025-10-14,Merchant 19,75.595,3.8425,5.17,"{'NONE','SAVE10','WELCOME'}"
Category 6,2025-10-14,Merchant 2,65.9975,3.3,42.4625,{'WELCOME'}
Category 6,2025-10-14,Merchant 3,93.98,4.7,25.22,{'WELCOME'}
Category 6,2025-10-14,Merchant 4,78.82,3.94,47.7,{'WELCOME'}
Category 6,2025-10-14,Merchant 5,59.535,2.5075,-7.905,"{'NONE','SAVE10','WELCOME'}"
Category 6,2025-10-14,Merchant 6,66.825,3.3425,-3.0025,{'WELCOME'}
Category 6,2025-10-14,Merchant 7,65.645,5.315,21.04,"{'SAVE10','WELCOME'}"
Category 6,2025-10-14,Merchant 9,70.55333333333333,1.0866666666666667,-7.8566666666666665,"{'NONE','WELCOME'}"
Category 6,2025-10-15,Merchant 10,49.422,1.516,9.576,"{'NONE','SAVE10','WELCOME'}"
Category 6,2025-10-15,Merchant 12,73.99375,4.40125,31.3825,"{'NONE','SAVE10','WELCOME'}"
Category 6,2025-10-15,Merchant 13,78.96166666666667,5.03,9.811666666666667,"{'NONE','SAVE10','WELCOME'}"
Category 6,2025-10-15,Merchant 14,67.49833333333333,5.556666666666667,4.923333333333333,"{'SAVE10','WELCOME'}"
Category 6,2025-10-15,Merchant 15,58.75,3.4966666666666666,-29.716666666666665,"{'SAVE10','WELCOME'}"
Category 6,2025-10-15,Merchant 16,38.29,2.458,3.48,"{'SAVE10','WELCOME'}"
Category 6,2025-10-15,Merchant 17,41.098333333333336,2.165,-24.933333333333334,"{'SAVE10','WELCOME'}"
Category 6,2025-10-15,Merchant 19,68.09545454545454,3.2036363636363636,14.231818181818182,"{'NONE','SAVE10','WELCOME'}"
Category 6,2025-10-15,Merchant 2,35.79666666666667,1.5233333333333332,-10.92,"{'NONE','SAVE10','WELCOME'}"
Category 6,2025-10-15,Merchant 3,16.06,0,-48,{'NONE'}
Category 6,2025-10-15,Merchant 4,56.28,2.81,26.29,{'WELCOME'}
Category 6,2025-10-15,Merchant 5,45.82,0,4.895,{'NONE'}
Category 6,2025-10-15,Merchant 6,79.47,6.4,23.2825,"{'SAVE10','WELCOME'}"
Category 6,2025-10-15,Merchant 7,43.105,2.155,1.66,{'WELCOME'}
Category 6,2025-10-15,Merchant 9,43.516666666666666,1.74,-51.833333333333336,"{'NONE','SAVE10','WELCOME'}"
Category 6,2025-10-16,Merchant 11,57.644,2.452,16.798,"{'NONE','SAVE10','WELCOME'}"
Category 6,2025-10-16,Merchant 12,33.656,1.832,-4.292,"{'SAVE10','WELCOME'}"
Category 6,2025-10-16,Merchant 13,60.01428571428571,4.54,13.65857142857143,"{'SAVE10','WELCOME'}"
Category 6,2025-10-16,Merchant 14,69.475,4.78,-10.483333333333333,"{'NONE','SAVE10','WELCOME'}"
Category 6,2025-10-16,Merchant 15,47.97666666666667,1.3916666666666666,-24.263333333333332,"{'NONE','WELCOME'}"
Category 6,2025-10-16,Merchant 16,45.915,1.3775,10.075,"{'NONE','WELCOME'}"
Category 6,2025-10-16,Merchant 17,44.9075,2.43625,-15.6425,"{'SAVE10','WELCOME'}"
Category 6,2025-10-16,Merchant 18,46.8725,2.9475,-7.91,"{'SAVE10','WELCOME'}"
Category 6,2025-10-16,Merchant 19,37.70285714285714,0.6585714285714286,-15.865714285714287,"{'NONE','WELCOME'}"
Category 6,2025-10-16,Merchant 2,59.79142857142857,2.357142857142857,8.40857142857143,"{'NONE','WELCOME'}"
Category 6,2025-10-16,Merchant 3,7.14,0.36,-57.28,{'WELCOME'}
Category 6,2025-10-16,Merchant 4,60.94,6.09,27.67,{'SAVE10'}
Category 6,2025-10-16,Merchant 5,56.025,2.8825,0.3775,"{'NONE','SAVE10'}"
Category 6,2025-10-16,Merchant 6,93.36,9.34,0.84,{'SAVE10'}
Category 6,2025-10-16,Merchant 7,15.73,0.79,-24.35,{'WELCOME'}
Category 6,2025-10-16,Merchant 9,52.85,2.64,-40.81,{'WELCOME'}
Category 6,2025-10-17,Merchant 10,19.74,0.765,-19.355,"{'NONE','SAVE10'}"
Category 6,2025-10-17,Merchant 11,72.155,4.54,16.745,"{'NONE','SAVE10','WELCOME'}"
Category 6,2025-10-17,Merchant 12,58.89142857142857,3.0614285714285714,14.92142857142857,"{'NONE','SAVE10','WELCOME'}"
Category 6,2025-10-17,Merchant 13,31.106,0.992,-7.128,"{'NONE','SAVE10','WELCOME'}"
Category 6,2025-10-17,Merchant 14,65.25,4.59,-3.71,"{'NONE','SAVE10'}"
Category 6,2025-10-17,Merchant 15,73.34833333333333,3.6216666666666666,2.0316666666666667,"{'NONE','SAVE10','WELCOME'}"
Category 6,2025-10-17,Merchant 16,41.52,1.035,-3.33,"{'NONE','SAVE10'}"
Category 6,2025-10-17,Merchant 17,45.80142857142857,1.8942857142857144,-10.425714285714285,"{'NONE','SAVE10','WELCOME'}"
Category 6,2025-10-17,Merchant 18,23.49,2.35,-6.71,{'SAVE10'}
Category 6,2025-10-17,Merchant 19,59.226,1.542,-2.5393333333333334,"{'NONE','SAVE10','WELCOME'}"
Category 6,2025-10-17,Merchant 2,54.154,3.626,0.636,"{'NONE','SAVE10','WELCOME'}"
Category 6,2025-10-17,Merchant 4,51.39,2.57,21.64,{'WELCOME'}
Category 6,2025-10-17,Merchant 5,56.055,2.32,37.145,"{'NONE','SAVE10'}"
Category 6,2025-10-17,Merchant 6,87.755,1.91,36.055,"{'NONE','WELCOME'}"
Category 6,2025-10-17,Merchant 7,60.605,0,21.315,{'NONE'}
Category 6,2025-10-17,Merchant 9,62.205,2.3125,-21.5025,"{'NONE','SAVE10','WELCOME'}"
Category 6,2025-10-18,Merchant 10,64.66714285714286,4.362857142857143,21.03142857142857,"{'NONE','SAVE10','WELCOME'}"
Category 6,2025-10-18,Merchant 11,59.92,1.9825,-6.495,"{'NONE','WELCOME'}"
Category 6,2025-10-18,Merchant 12,59.144,2.69,13.294,"{'NONE','SAVE10','WELCOME'}"
Category 6,2025-10-18,Merchant 13,39.95,1.644,-13.128,"{'NONE','WELCOME'}"
Category 6,2025-10-18,Merchant 14,62.0975,2.655,3.2975,"{'NONE','WELCOME'}"
Category 6,2025-10-18,Merchant 15,68.742,2.901,-6.889,"{'NONE','SAVE10','WELCOME'}"
Category 6,2025-10-18,Merchant 16,21.4,1.0666666666666667,-17.246666666666666,{'WELCOME'}
Category 6,2025-10-18,Merchant 17,51.248,1,-1.398,"{'NONE','WELCOME'}"
Category 6,2025-10-18,Merchant 18,58.00666666666667,3.92,-21.733333333333334,"{'SAVE10','WELCOME'}"
Category 6,2025-10-18,Merchant 19,43.41777777777778,2.207777777777778,-1.5722222222222222,"{'NONE','SAVE10','WELCOME'}"
Category 6,2025-10-18,Merchant 2,55.895,3.526666666666667,13.536666666666667,"{'SAVE10','WELCOME'}"
Category 6,2025-10-18,Merchant 3,17.54,0.88,-47.4,{'WELCOME'}
Category 6,2025-10-18,Merchant 5,44.94,0.3425,28.0075,"{'NONE','WELCOME'}"
Category 6,2025-10-18,Merchant 6,68.22,1.96,-16.92,"{'NONE','WELCOME'}"
Category 6,2025-10-18,Merchant 7,79.66,7.97,32.4,{'SAVE10'}
Category 6,2025-10-18,Merchant 9,59.013333333333335,1.88,-20.19,"{'NONE','SAVE10'}"
Category 6,2025-10-19,Merchant 10,83.07,4.15,40.59,{'WELCOME'}
Category 6,2025-10-19,Merchant 11,22.525,2.255,-20.655,{'SAVE10'}
Category 6,2025-10-19,Merchant 12,63.60444444444445,3.83,10.311111111111112,"{'NONE','SAVE10','WELCOME'}"
Category 6,2025-10-19,Merchant 13,43.075,1.9833333333333334,-4.175,"{'NONE','SAVE10','WELCOME'}"
Category 6,2025-10-19,Merchant 14,65.03,4.11,-10.482857142857142,"{'NONE','SAVE10','WELCOME'}"
Category 6,2025-10-19,Merchant 15,26.901666666666667,1.145,-34.56166666666667,"{'NONE','SAVE10','WELCOME'}"
Category 6,2025-10-19,Merchant 16,52.891666666666666,0.9366666666666666,8.34,"{'NONE','WELCOME'}"
Category 6,2025-10-19,Merchant 17,50.8875,2.15875,-9.45375,"{'NONE','SAVE10','WELCOME'}"
Category 6,2025-10-19,Merchant 19,51.195882352941176,3.1535294117647057,5.08764705882353,"{'NONE','SAVE10','WELCOME'}"
Category 6,2025-10-19,Merchant 2,65.03666666666666,5.743333333333333,5.66,"{'SAVE10','WELCOME'}"
Category 6,2025-10-19,Merchant 3,70.135,0,6.075,{'NONE'}
Category 6,2025-10-19,Merchant 4,38.50666666666667,1.0133333333333334,10.313333333333333,"{'NONE','SAVE10','WELCOME'}"
Category 6,2025-10-19,Merchant 5,72.44,5.11,2.73,"{'NONE','SAVE10'}"
Category 6,2025-10-19,Merchant 6,44.2975,1.7775,-7.27,"{'NONE','WELCOME'}"
Category 6,2025-10-19,Merchant 7,80.78,5.955,35.535,"{'SAVE10','WELCOME'}"
Category 6,2025-10-19,Merchant 9,58.32333333333333,2.533333333333333,-29.245,"{'NONE','WELCOME'}"
Category 6,2025-10-20,Merchant 10,50.6525,1.34,3.475,"{'NONE','WELCOME'}"
Category 6,2025-10-20,Merchant 11,66.925,4.635,11.42,"{'SAVE10','WELCOME'}"
Category 6,2025-10-20,Merchant 12,70.345,3.135,14.358333333333333,"{'NONE','SAVE10','WELCOME'}"
Category 6,2025-10-20,Merchant 13,38.435,0.33,-17.13875,"{'NONE','WELCOME'}"
Category 6,2025-10-20,Merchant 14,65.445,4.5675,-3.07,"{'SAVE10','WELCOME'}"
Category 6,2025-10-20,Merchant 15,72.526,1.822,9.128,"{'NONE','WELCOME'}"
Category 6,2025-10-20,Merchant 16,54.1175,2.0225,27.135,"{'NONE','WELCOME'}"
Category 6,2025-10-20,Merchant 17,67.648,3.382,6.148,{'WELCOME'}
Category 6,2025-10-20,Merchant 18,24.71,1.24,-4.38,{'WELCOME'}
Category 6,2025-10-20,Merchant 19,57.49,4.441111111111111,18.217777777777776,"{'NONE','SAVE10','WELCOME'}"
Category 6,2025-10-20,Merchant 2,44.988,2.562,5.2,"{'NONE','SAVE10','WELCOME'}"
Category 6,2025-10-20,Merchant 4,69.1,1.685,40.235,"{'NONE','WELCOME'}"
Category 6,2025-10-20,Merchant 5,58.53,2.925,2.84,{'WELCOME'}
Category 6,2025-10-20,Merchant 6,65.054,4.782,17.16,"{'SAVE10','WELCOME'}"
Category 6,2025-10-20,Merchant 9,59.41,1.14,-24.532,"{'NONE','WELCOME'}"
Category 6,2025-10-21,Merchant 10,66.465,5.27,13.405,"{'SAVE10','WELCOME'}"
Category 6,2025-10-21,Merchant 11,75.38,3.515,37.2675,"{'NONE','SAVE10','WELCOME'}"
Category 6,2025-10-21,Merchant 12,41.553333333333335,1.8333333333333333,-6.526666666666666,"{'NONE','SAVE10','WELCOME'}"
Category 6,2025-10-21,Merchant 13,65.224,2.22,20.246,"{'NONE','SAVE10','WELCOME'}"
Category 6,2025-10-21,Merchant 14,59.31625,3.96375,-19.155,"{'NONE','SAVE10','WELCOME'}"
Category 6,2025-10-21,Merchant 15,76.7675,3.155,7.665,"{'NONE','WELCOME'}"
Category 6,2025-10-21,Merchant 16,60.7025,3.605,3.93,"{'NONE','SAVE10','WELCOME'}"
Category 6,2025-10-21,Merchant 17,45.89555555555555,3.328888888888889,-16.05666666666667,"{'NONE','SAVE10','WELCOME'}"
Category 6,2025-10-21,Merchant 18,49.67333333333333,4.823333333333333,1.01,"{'SAVE10','WELCOME'}"
Category 6,2025-10-21,Merchant 19,54.71222222222222,3.0455555555555556,11.693333333333333,"{'NONE','SAVE10','WELCOME'}"
Category 6,2025-10-21,Merchant 2,64.12666666666667,1.7266666666666668,12.986666666666666,"{'NONE','SAVE10','WELCOME'}"
Category 6,2025-10-21,Merchant 4,28.345,1.18,-0.015,"{'NONE','WELCOME'}"
Category 6,2025-10-21,Merchant 5,60.17666666666667,2.065,9.73,"{'NONE','SAVE10'}"
Category 6,2025-10-21,Merchant 6,46.92,3.97,26.55,"{'SAVE10','WELCOME'}"
Category 6,2025-10-21,Merchant 7,102.7,10.27,53.14,{'SAVE10'}
Category 6,2025-10-21,Merchant 9,77.12,3.86,-20.35,{'WELCOME'}
Category 6,2025-10-22,Merchant 10,45.36142857142857,1.9085714285714286,3.0642857142857145,"{'NONE','WELCOME'}"
Category 6,2025-10-22,Merchant 11,44.417142857142856,1.97,-12.17,"{'NONE','SAVE10','WELCOME'}"
Category 6,2025-10-22,Merchant 12,42.83,1.6833333333333333,-6.57,"{'NONE','WELCOME'}"
Category 6,2025-10-22,Merchant 13,77.24125,4.0775,24.23125,"{'NONE','SAVE10','WELCOME'}"
Category 6,2025-10-22,Merchant 14,56.115,2.805,-11.06,{'WELCOME'}
Category 6,2025-10-22,Merchant 15,56.677142857142854,2.1514285714285712,-16.037142857142857,"{'NONE','SAVE10','WELCOME'}"
Category 6,2025-10-22,Merchant 16,61.651666666666664,2.308333333333333,15.728333333333333,"{'NONE','WELCOME'}"
Category 6,2025-10-22,Merchant 17,64.70222222222222,2.1144444444444446,-7.21,"{'NONE','SAVE10','WELCOME'}"
Category 6,2025-10-22,Merchant 18,50.11,0,-25.71,{'NONE'}
Category 6,2025-10-22,Merchant 19,43.855,2.905,6.561875,"{'NONE','SAVE10','WELCOME'}"
Category 6,2025-10-22,Merchant 2,57.111,3.924,11.894,"{'NONE','SAVE10','WELCOME'}"
Category 6,2025-10-22,Merchant 5,46.803333333333335,3.763333333333333,-5.123333333333333,"{'NONE','SAVE10'}"
Category 6,2025-10-22,Merchant 6,63.595,3.18,10.625,{'WELCOME'}
Category 6,2025-10-22,Merchant 7,28.2,1.41,-12.5,{'WELCOME'}
Category 6,2025-10-22,Merchant 9,54.653333333333336,1.51,-38.74,"{'NONE','WELCOME'}"
Category 6,2025-10-23,Merchant 10,39.155,1.8,0.1525,"{'NONE','WELCOME'}"
Category 6,2025-10-23,Merchant 12,79.854,5.772,14.108,"{'SAVE10','WELCOME'}"
Category 6,2025-10-23,Merchant 13,59.49,4.115714285714286,8.49,"{'NONE','SAVE10','WELCOME'}"
Category 6,2025-10-23,Merchant 14,48.066,2.812,-7.172,"{'SAVE10','WELCOME'}"
Category 6,2025-10-23,Merchant 15,49.174,2.704,-28.152,"{'NONE','SAVE10','WELCOME'}"
Category 6,2025-10-23,Merchant 16,22.708,1.49,-18.496,"{'NONE','SAVE10','WELCOME'}"
Category 6,2025-10-23,Merchant 17,58.75333333333333,3.9122222222222223,0.5555555555555556,"{'SAVE10','WELCOME'}"
Category 6,2025-10-23,Merchant 18,70.28333333333333,4.966666666666667,5.486666666666666,"{'SAVE10','WELCOME'}"
Category 6,2025-10-23,Merchant 19,60.085,3.8914285714285715,11.289285714285715,"{'NONE','SAVE10','WELCOME'}"
Category 6,2025-10-23,Merchant 2,52.07,2.066666666666667,7.368333333333333,"{'NONE','SAVE10','WELCOME'}"
Category 6,2025-10-23,Merchant 3,88,0,23.94,{'NONE'}
Category 6,2025-10-23,Merchant 5,56.96333333333333,1.8083333333333333,6.773333333333333,"{'NONE','SAVE10','WELCOME'}"
Category 6,2025-10-23,Merchant 6,66.06,3.3,46.36,{'WELCOME'}
Category 6,2025-10-23,Merchant 7,42.12,0,2.83,{'NONE'}
Category 6,2025-10-23,Merchant 9,81.735,6.31,-5.97,"{'SAVE10','WELCOME'}"
Category 6,2025-10-24,Merchant 10,51.11,2.56,-8.7,{'WELCOME'}
Category 6,2025-10-24,Merchant 11,72.158,3.128,24.85,"{'NONE','SAVE10'}"
Category 6,2025-10-24,Merchant 12,54.11,2.987142857142857,3.9557142857142855,"{'NONE','SAVE10','WELCOME'}"
Category 6,2025-10-24,Merchant 13,76.16,2.115,7.22,"{'NONE','WELCOME'}"
Category 6,2025-10-24,Merchant 14,44.957142857142856,2.702857142857143,-21.245714285714286,"{'NONE','SAVE10','WELCOME'}"
Category 6,2025-10-24,Merchant 15,61.215,4.01,-8.5975,"{'NONE','SAVE10'}"
Category 6,2025-10-24,Merchant 16,54.525,4.4,25.315,"{'SAVE10','WELCOME'}"
Category 6,2025-10-24,Merchant 17,58.546,2.54,17.524,"{'NONE','WELCOME'}"
Category 6,2025-10-24,Merchant 18,49.945,0.965,-2.85,"{'NONE','WELCOME'}"
Category 6,2025-10-24,Merchant 19,57.718333333333334,3.1791666666666667,14.736666666666666,"{'NONE','SAVE10','WELCOME'}"
Category 6,2025-10-24,Merchant 2,13.1175,0.6325,-16,"{'NONE','SAVE10','WELCOME'}"
Category 6,2025-10-24,Merchant 4,61.065,3.055,30.83,{'WELCOME'}
Category 6,2025-10-24,Merchant 5,66.425,2.88,10.4525,"{'NONE','SAVE10','WELCOME'}"
Category 6,2025-10-24,Merchant 6,55.094,3.002,-17.732,"{'NONE','SAVE10','WELCOME'}"
Category 6,2025-10-24,Merchant 7,88.39,4.45,44.65,"{'NONE','SAVE10'}"
Category 6,2025-10-24,Merchant 9,56.735,2.78,-38.36,"{'NONE','SAVE10'}"
Category 6,2025-10-25,Merchant 10,73.23,3.316,32.486,"{'NONE','SAVE10','WELCOME'}"
Category 6,2025-10-25,Merchant 11,49.176,2.164,5.724,"{'NONE','SAVE10','WELCOME'}"
Category 6,2025-10-25,Merchant 12,71.29,3.732,17.356,"{'NONE','SAVE10','WELCOME'}"
Category 6,2025-10-25,Merchant 13,42.48,1.4214285714285715,1.5614285714285714,"{'NONE','SAVE10','WELCOME'}"
Category 6,2025-10-25,Merchant 14,57.78875,2.535,-11.70875,"{'NONE','SAVE10','WELCOME'}"
Category 6,2025-10-25,Merchant 15,50.02333333333333,1.3922222222222222,-27.281111111111112,"{'NONE','SAVE10','WELCOME'}"
Category 6,2025-10-25,Merchant 16,35.11666666666667,1.9666666666666668,-16.9,"{'SAVE10','WELCOME'}"
Category 6,2025-10-25,Merchant 17,57.042857142857144,4.322857142857143,-6.3914285714285715,"{'SAVE10','WELCOME'}"
Category 6,2025-10-25,Merchant 18,37.81,2.545,-16.57,"{'SAVE10','WELCOME'}"
Category 6,2025-10-25,Merchant 19,43.10642857142857,1.9128571428571428,1.255,"{'NONE','SAVE10','WELCOME'}"
Category 6,2025-10-25,Merchant 2,36.9725,1.1475,1.0075,"{'NONE','SAVE10','WELCOME'}"
Category 6,2025-10-25,Merchant 3,61.596666666666664,2.533333333333333,-4.993333333333333,"{'NONE','WELCOME'}"
Category 6,2025-10-25,Merchant 4,75.65,0,48.47,{'NONE'}
Category 6,2025-10-25,Merchant 5,65.165,3.2575,20.9825,{'WELCOME'}
Category 6,2025-10-25,Merchant 6,7.58,0.38,-75.98,{'WELCOME'}
Category 6,2025-10-25,Merchant 7,93.63,4.68,49.66,{'WELCOME'}
Category 6,2025-10-25,Merchant 9,61.2875,1.95,-21.41,"{'NONE','WELCOME'}"
Category 6,2025-10-26,Merchant 10,90.768,5.224,44.332,"{'SAVE10','WELCOME'}"
Category 6,2025-10-26,Merchant 11,45.06,3.1133333333333333,-3.1966666666666668,"{'NONE','SAVE10'}"
Category 6,2025-10-26,Merchant 12,65.0175,1.4275,26.1625,"{'NONE','SAVE10','WELCOME'}"
Category 6,2025-10-26,Merchant 13,50.6775,2.69,-0.79,"{'NONE','SAVE10','WELCOME'}"
Category 6,2025-10-26,Merchant 14,49.44,2.66,-7.96375,"{'NONE','SAVE10','WELCOME'}"
Category 6,2025-10-26,Merchant 15,63.144285714285715,1.6642857142857144,-0.35,"{'NONE','WELCOME'}"
Category 6,2025-10-26,Merchant 16,63.7225,4.8925,15.165,"{'SAVE10','WELCOME'}"
Category 6,2025-10-26,Merchant 17,61.726,2.902,7.548,"{'NONE','SAVE10','WELCOME'}"
Category 6,2025-10-26,Merchant 18,47.17333333333333,3.4766666666666666,-0.14333333333333334,"{'SAVE10','WELCOME'}"
Category 6,2025-10-26,Merchant 19,65.08,3.7733333333333334,18.719444444444445,"{'NONE','SAVE10','WELCOME'}"
Category 6,2025-10-26,Merchant 2,23.93,1.0933333333333333,11.476666666666667,"{'NONE','SAVE10','WELCOME'}"
Category 6,2025-10-26,Merchant 4,30.445,1.74,1.525,"{'SAVE10','WELCOME'}"
Category 6,2025-10-26,Merchant 5,49.65,4.885,16.3375,"{'SAVE10','WELCOME'}"
Category 6,2025-10-26,Merchant 6,19.685,0.135,-30.24,"{'NONE','WELCOME'}"
Category 6,2025-10-26,Merchant 7,81.49,2.42,39.785,"{'NONE','WELCOME'}"
Category 6,2025-10-26,Merchant 9,45.266,2.106,-34.756,"{'NONE','SAVE10','WELCOME'}"
Category 6,2025-10-27,Merchant 10,82.92,4.15,34.13333333333333,{'WELCOME'}
Category 6,2025-10-27,Merchant 11,70.33428571428571,3.89,25.26142857142857,"{'NONE','SAVE10','WELCOME'}"
Category 6,2025-10-27,Merchant 12,61.845,1.1733333333333333,18.128333333333334,"{'NONE','WELCOME'}"
Category 6,2025-10-27,Merchant 13,43.482,0.728,-1.584,"{'NONE','SAVE10'}"
Category 6,2025-10-27,Merchant 14,61.06666666666667,3.0533333333333332,3.703333333333333,{'WELCOME'}
Category 6,2025-10-27,Merchant 15,41.8525,2.7975,-31.29375,"{'NONE','SAVE10','WELCOME'}"
Category 6,2025-10-27,Merchant 16,71.98166666666667,2.921666666666667,37.815,"{'NONE','SAVE10','WELCOME'}"
Category 6,2025-10-27,Merchant 17,57.73222222222222,2.64,15.161111111111111,"{'NONE','SAVE10','WELCOME'}"
Category 6,2025-10-27,Merchant 18,101.985,7.595,18.575,"{'SAVE10','WELCOME'}"
Category 6,2025-10-27,Merchant 19,58.27272727272727,2.0454545454545454,5.282727272727272,"{'NONE','SAVE10','WELCOME'}"
Category 6,2025-10-27,Merchant 2,64.62,3.571111111111111,30.8,"{'NONE','SAVE10','WELCOME'}"
Category 6,2025-10-27,Merchant 3,48.07,1.965,-17.955,"{'NONE','WELCOME'}"
Category 6,2025-10-27,Merchant 5,38.595,2.8,-5.13,"{'SAVE10','WELCOME'}"
Category 6,2025-10-27,Merchant 6,34.92,1.75,16.77,{'WELCOME'}
Category 6,2025-10-27,Merchant 7,37.9525,1.4625,-2.8,"{'NONE','SAVE10'}"
Category 6,2025-10-27,Merchant 9,37.2,1.86,-58.27,{'WELCOME'}
Category 6,2025-10-28,Merchant 10,27.796666666666667,0.3333333333333333,-3.0566666666666666,"{'NONE','WELCOME'}"
Category 6,2025-10-28,Merchant 11,29.35,0.075,-38.775,"{'NONE','WELCOME'}"
Category 6,2025-10-28,Merchant 12,36.82833333333333,2.2016666666666667,-15.013333333333334,"{'NONE','SAVE10','WELCOME'}"
Category 6,2025-10-28,Merchant 13,56.228,3.116,-5.418,"{'NONE','SAVE10','WELCOME'}"
Category 6,2025-10-28,Merchant 14,71.48,2.6285714285714286,17.472857142857144,"{'NONE','SAVE10','WELCOME'}"
Category 6,2025-10-28,Merchant 15,48.63,3.935,-20.45,"{'SAVE10','WELCOME'}"
Category 6,2025-10-28,Merchant 16,50.68,2.875,13.6425,"{'NONE','SAVE10','WELCOME'}"
Category 6,2025-10-28,Merchant 17,47.53,2.0016666666666665,-7.378333333333333,"{'NONE','SAVE10','WELCOME'}"
Category 6,2025-10-28,Merchant 18,80.545,6.175,-1.45,"{'SAVE10','WELCOME'}"
Category 6,2025-10-28,Merchant 19,51.715,2.13375,14.07,"{'NONE','SAVE10','WELCOME'}"
Category 6,2025-10-28,Merchant 2,57.355714285714285,2.13,-5.037142857142857,"{'NONE','SAVE10','WELCOME'}"
Category 6,2025-10-28,Merchant 4,68.65333333333334,2.2266666666666666,39.24666666666667,"{'NONE','WELCOME'}"
Category 6,2025-10-28,Merchant 5,41.60333333333333,3.7866666666666666,5.443333333333333,"{'SAVE10','WELCOME'}"
Category 6,2025-10-28,Merchant 9,57.70666666666666,4.056666666666667,-38.233333333333334,"{'SAVE10','WELCOME'}"
Category 6,2025-10-29,Merchant 10,61.2,1.6,20.17,"{'NONE','WELCOME'}"
Category 6,2025-10-29,Merchant 11,67.535,3.21125,9.83625,"{'NONE','WELCOME'}"
Category 6,2025-10-29,Merchant 12,52.755,1.41,6.7375,"{'NONE','SAVE10'}"
Category 6,2025-10-29,Merchant 13,33.93,1.7,-6.01,{'WELCOME'}
Category 6,2025-10-29,Merchant 14,57.455555555555556,2.63,-9.242222222222223,"{'NONE','WELCOME'}"
Category 6,2025-10-29,Merchant 15,41.9375,3.895,-27.2475,"{'SAVE10','WELCOME'}"
Category 6,2025-10-29,Merchant 16,46.791666666666664,2.4466666666666668,-11.94,"{'NONE','SAVE10','WELCOME'}"
Category 6,2025-10-29,Merchant 17,42.346,2.466,-33.266,"{'NONE','SAVE10','WELCOME'}"
Category 6,2025-10-29,Merchant 18,46.25,4.63,-34.2,{'SAVE10'}
Category 6,2025-10-29,Merchant 19,64.16142857142857,5.062857142857143,22.247142857142858,"{'NONE','SAVE10','WELCOME'}"
Category 6,2025-10-29,Merchant 2,29.61,0,-42.58,{'NONE'}
Category 6,2025-10-29,Merchant 5,69.818,4.828,19.722,"{'SAVE10','WELCOME'}"
Category 6,2025-10-29,Merchant 6,60.92166666666667,3.265,-14.393333333333333,"{'NONE','SAVE10','WELCOME'}"
Category 6,2025-10-29,Merchant 9,46.562,1.064,-42.708,"{'NONE','WELCOME'}"
Category 6,2025-10-30,Merchant 10,46.755,2.1883333333333335,5.6866666666666665,"{'NONE','WELCOME'}"
Category 6,2025-10-30,Merchant 11,79.3525,4.4025,24.0825,"{'NONE','SAVE10','WELCOME'}"
Category 6,2025-10-30,Merchant 12,59.51,2.976,13.792,{'WELCOME'}
Category 6,2025-10-30,Merchant 13,41.968333333333334,1.64,-8.35,"{'NONE','SAVE10','WELCOME'}"
Category 6,2025-10-30,Merchant 14,62.328,3.374,-25.094,"{'SAVE10','WELCOME'}"
Category 6,2025-10-30,Merchant 15,64.76,2.4657142857142857,-11.347142857142858,"{'NONE','SAVE10','WELCOME'}"
Category 6,2025-10-30,Merchant 16,83.71,5.066666666666666,28.793333333333333,"{'NONE','SAVE10'}"
Category 6,2025-10-30,Merchant 17,50.805,0.555,-16.7575,"{'NONE','WELCOME'}"
Category 6,2025-10-30,Merchant 18,53.2675,2.785,-25.3375,"{'NONE','SAVE10','WELCOME'}"
Category 6,2025-10-30,Merchant 19,49.0525,1.0175,-21.95,"{'NONE','SAVE10','WELCOME'}"
Category 6,2025-10-30,Merchant 2,56.69,5.67,6.66,{'SAVE10'}
Category 6,2025-10-30,Merchant 3,27.65,0.98,-37.39,"{'NONE','WELCOME'}"
Category 6,2025-10-30,Merchant 4,31.79,3.18,1.43,{'SAVE10'}
Category 6,2025-10-30,Merchant 5,56.57666666666667,3.091666666666667,-11.338333333333333,"{'NONE','SAVE10','WELCOME'}"
Category 6,2025-10-30,Merchant 6,75.74,7.575,18.375,{'SAVE10'}
Category 6,2025-10-30,Merchant 7,41.02,2.05,-0.32,{'WELCOME'}
Category 6,2025-10-30,Merchant 9,50.104,3.322,-36.536,"{'NONE','SAVE10','WELCOME'}"
Category 6,2025-10-31,Merchant 10,75.06625,3.26,25.96875,"{'NONE','SAVE10','WELCOME'}"
Category 6,2025-10-31,Merchant 11,58.1225,2.905,7.965,{'WELCOME'}
Category 6,2025-10-31,Merchant 12,60.41,2.61,18.666,"{'NONE','SAVE10','WELCOME'}"
Category 6,2025-10-31,Merchant 13,59.17545454545454,3.3654545454545457,9.104545454545455,"{'NONE','SAVE10','WELCOME'}"
Category 6,2025-10-31,Merchant 14,79.142,3.306,12.01,"{'NONE','WELCOME'}"
Category 6,2025-10-31,Merchant 15,52.54,4.668,-26.866,"{'SAVE10','WELCOME'}"
Category 6,2025-10-31,Merchant 16,62.32142857142857,4.417142857142857,22.45,"{'NONE','SAVE10','WELCOME'}"
Category 6,2025-10-31,Merchant 17,51.155,3.063,-20.886,"{'NONE','SAVE10','WELCOME'}"
Category 6,2025-10-31,Merchant 18,86.605,6.535,28.235,"{'SAVE10','WELCOME'}"
Category 6,2025-10-31,Merchant 19,61.78941176470588,3.148823529411765,2.6935294117647057,"{'NONE','SAVE10','WELCOME'}"
Category 6,2025-10-31,Merchant 2,51.134,4.092,7.782,"{'SAVE10','WELCOME'}"
Category 6,2025-10-31,Merchant 3,52.715,0.365,-11.71,"{'NONE','WELCOME'}"
Category 6,2025-10-31,Merchant 4,77.97,3.9,46.89,{'WELCOME'}
Category 6,2025-10-31,Merchant 5,59.995,0.9983333333333333,2.066666666666667,"{'NONE','WELCOME'}"
Category 6,2025-10-31,Merchant 6,48.31166666666667,1.3983333333333332,-2.8766666666666665,"{'NONE','SAVE10','WELCOME'}"
Category 6,2025-10-31,Merchant 7,60.42,6.04,15.09,{'SAVE10'}
Category 6,2025-10-31,Merchant 9,34.82,0.67,-45.95,"{'NONE','WELCOME'}"
Category 6,2025-11-01,Merchant 10,42.0225,2.8625,4.7375,"{'SAVE10','WELCOME'}"
Category 6,2025-11-01,Merchant 11,61.93666666666667,3.9,9.274444444444445,"{'NONE','SAVE10','WELCOME'}"
Category 6,2025-11-01,Merchant 12,56.86666666666667,5.4,11.545,"{'SAVE10','WELCOME'}"
Category 6,2025-11-01,Merchant 13,74.755,4.5125,19.7925,"{'SAVE10','WELCOME'}"
Category 6,2025-11-01,Merchant 14,49.255,2.9233333333333333,-14.423333333333334,"{'SAVE10','WELCOME'}"
Category 6,2025-11-01,Merchant 15,47.40857142857143,2.19,-22.64142857142857,"{'NONE','SAVE10','WELCOME'}"
Category 6,2025-11-01,Merchant 16,57.635,2.575,30.55,"{'NONE','WELCOME'}"
Category 6,2025-11-01,Merchant 17,52.4275,1.67,-16.41875,"{'NONE','SAVE10','WELCOME'}"
Category 6,2025-11-01,Merchant 18,86.64666666666666,4.343333333333334,38.46333333333333,"{'NONE','SAVE10','WELCOME'}"
Category 6,2025-11-01,Merchant 19,60.46933333333333,1.9733333333333334,18.687333333333335,"{'NONE','SAVE10','WELCOME'}"
Category 6,2025-11-01,Merchant 2,24.92,0.63,-9.903333333333332,"{'NONE','WELCOME'}"
Category 6,2025-11-01,Merchant 3,91.11,4.555,22.495,{'WELCOME'}
Category 6,2025-11-01,Merchant 4,77.69,0,50.51,{'NONE'}
Category 6,2025-11-01,Merchant 5,36.49,1.07,-0.376,"{'NONE','SAVE10','WELCOME'}"
Category 6,2025-11-01,Merchant 6,52.51,0,-30.67,{'NONE'}
Category 6,2025-11-01,Merchant 7,55.25,2.475,13.485,"{'NONE','WELCOME'}"
Category 6,2025-11-01,Merchant 9,54.071666666666665,1.94,-28.831666666666667,"{'NONE','SAVE10','WELCOME'}"
Category 6,2025-11-02,Merchant 10,35.455,1.7633333333333332,-2.585,"{'NONE','SAVE10','WELCOME'}"
Category 6,2025-11-02,Merchant 11,60.79,0,32.52,{'NONE'}
Category 6,2025-11-02,Merchant 12,56.56375,2.6125,7.1175,"{'NONE','SAVE10','WELCOME'}"
Category 6,2025-11-02,Merchant 13,50.494,3.074,-4.258,"{'NONE','SAVE10','WELCOME'}"
Category 6,2025-11-02,Merchant 14,44.924,2.958,-21.188,"{'SAVE10','WELCOME'}"
Category 6,2025-11-02,Merchant 15,35.44285714285714,2.158571428571429,-28.62857142857143,"{'NONE','SAVE10','WELCOME'}"
Category 6,2025-11-02,Merchant 16,58.44,3.63,17.63,"{'SAVE10','WELCOME'}"
Category 6,2025-11-02,Merchant 17,46.76714285714286,2.817142857142857,-30.405714285714286,"{'SAVE10','WELCOME'}"
Category 6,2025-11-02,Merchant 18,84.23,4.21,4.2,{'WELCOME'}
Category 6,2025-11-02,Merchant 19,53.424166666666665,2.649166666666667,15.209166666666667,"{'NONE','SAVE10','WELCOME'}"
Category 6,2025-11-02,Merchant 2,56.125,3.3025,2.7975,"{'NONE','SAVE10','WELCOME'}"
Category 6,2025-11-02,Merchant 3,72.235,3.185,4.99,"{'NONE','SAVE10'}"
Category 6,2025-11-02,Merchant 4,47.71,0,20.53,{'NONE'}
Category 6,2025-11-02,Merchant 5,50.66,2.71,21.888,"{'SAVE10','WELCOME'}"
Category 6,2025-11-02,Merchant 6,68.1625,2.565,15.8075,"{'NONE','WELCOME'}"
Category 6,2025-11-02,Merchant 7,20.42,0,-18.87,{'NONE'}
Category 6,2025-11-02,Merchant 9,77.405,5.0475,-8.39,"{'SAVE10','WELCOME'}"
Category 6,2025-11-03,Merchant 10,67.3,6.73,3.32,{'SAVE10'}
Category 6,2025-11-03,Merchant 11,14.795,1.21,-54.465,"{'SAVE10','WELCOME'}"
Category 6,2025-11-03,Merchant 12,40.177142857142854,1.782857142857143,-14.822857142857142,"{'NONE','SAVE10','WELCOME'}"
Category 6,2025-11-03,Merchant 13,45.93833333333333,1.62,2.4633333333333334,"{'NONE','SAVE10','WELCOME'}"
Category 6,2025-11-03,Merchant 14,34.34,1.72,-3.25,{'WELCOME'}
Category 6,2025-11-03,Merchant 15,68.9175,4.3625,-17.0425,"{'SAVE10','WELCOME'}"
Category 6,2025-11-03,Merchant 16,41.44,1.7175,-3.94,"{'NONE','SAVE10','WELCOME'}"
Category 6,2025-11-03,Merchant 17,69.92875,4.4175,7.23,"{'SAVE10','WELCOME'}"
Category 6,2025-11-03,Merchant 18,48.145,2.26,-29.935,"{'NONE','WELCOME'}"
Category 6,2025-11-03,Merchant 19,44.60818181818182,2.189090909090909,-2.2863636363636366,"{'NONE','SAVE10','WELCOME'}"
Category 6,2025-11-03,Merchant 2,41.4,2.55,14.29,"{'SAVE10','WELCOME'}"
Category 6,2025-11-03,Merchant 3,59.97,3,-7.09,{'WELCOME'}
Category 6,2025-11-03,Merchant 4,31.91,1.6,3.13,{'WELCOME'}
Category 6,2025-11-03,Merchant 5,70.78333333333333,4.326666666666667,17.42,"{'SAVE10','WELCOME'}"
Category 6,2025-11-03,Merchant 6,47.965,3.1925,-5.0175,"{'SAVE10','WELCOME'}"
Category 6,2025-11-03,Merchant 7,99.74,4.99,55.46,{'WELCOME'}
Category 6,2025-11-03,Merchant 9,64.18857142857142,4.638571428571429,-26.34,"{'NONE','SAVE10','WELCOME'}"
Category 6,2025-11-04,Merchant 10,58.77,1.73,9.25,"{'NONE','WELCOME'}"
Category 6,2025-11-04,Merchant 11,69.28333333333333,2.9833333333333334,11.51,"{'NONE','WELCOME'}"
Category 6,2025-11-04,Merchant 12,51.19,3.171666666666667,2.816666666666667,"{'NONE','SAVE10','WELCOME'}"
Category 6,2025-11-04,Merchant 13,72.2975,2.755,7.8375,"{'NONE','SAVE10','WELCOME'}"
Category 6,2025-11-04,Merchant 14,50.61833333333333,2.5166666666666666,-5.861666666666666,"{'NONE','SAVE10','WELCOME'}"
Category 6,2025-11-04,Merchant 15,51.05,2.065,-31.955,"{'NONE','WELCOME'}"
Category 6,2025-11-04,Merchant 16,47.15,1.265,2.37,"{'NONE','WELCOME'}"
Category 6,2025-11-04,Merchant 17,66.34428571428572,3.2714285714285714,9.275714285714285,"{'NONE','SAVE10','WELCOME'}"
Category 6,2025-11-04,Merchant 19,55.479,2.463,14.06,"{'NONE','SAVE10','WELCOME'}"
Category 6,2025-11-04,Merchant 2,61.6825,3.4225,-0.64,"{'SAVE10','WELCOME'}"
Category 6,2025-11-04,Merchant 4,72.2,7.22,37.8,{'SAVE10'}
Category 6,2025-11-04,Merchant 5,84.89,0,20.94,{'NONE'}
Category 6,2025-11-04,Merchant 6,17.45,1.745,-34.085,{'SAVE10'}
Category 6,2025-11-04,Merchant 7,78.27,3.91,35.07,{'WELCOME'}
Category 6,2025-11-04,Merchant 9,70.35,4.431666666666667,-10.541666666666666,"{'SAVE10','WELCOME'}"
Category 6,2025-11-05,Merchant 10,50.526,3.29,9.808,"{'SAVE10','WELCOME'}"
Category 6,2025-11-05,Merchant 11,89.5075,4.475,24.2175,{'WELCOME'}
Category 6,2025-11-05,Merchant 12,19.4,0.97,-16.85,{'WELCOME'}
Category 6,2025-11-05,Merchant 13,44.64555555555555,2.2933333333333334,-3.2177777777777776,"{'NONE','SAVE10','WELCOME'}"
Category 6,2025-11-05,Merchant 14,54.056,2.106,-20.194,"{'NONE','SAVE10','WELCOME'}"
Category 6,2025-11-05,Merchant 15,55.81142857142857,2.1614285714285715,-20.074285714285715,"{'NONE','WELCOME'}"
Category 6,2025-11-05,Merchant 16,48.778888888888886,2.3,9.033333333333333,"{'NONE','SAVE10','WELCOME'}"
Category 6,2025-11-05,Merchant 17,55.75333333333333,3.558333333333333,-0.9266666666666666,"{'NONE','SAVE10','WELCOME'}"
Category 6,2025-11-05,Merchant 18,56.04,2.8025,-10.59,{'WELCOME'}
Category 6,2025-11-05,Merchant 19,51.45666666666666,3.0833333333333335,-2.608888888888889,"{'NONE','SAVE10','WELCOME'}"
Category 6,2025-11-05,Merchant 2,49.2475,3.4875,16.6525,"{'NONE','SAVE10','WELCOME'}"
Category 6,2025-11-05,Merchant 3,25.06,1.255,-40.255,{'WELCOME'}
Category 6,2025-11-05,Merchant 5,59.6275,3.14,-8.4425,"{'SAVE10','WELCOME'}"
Category 6,2025-11-05,Merchant 6,16.07,0.805,-34.52,{'WELCOME'}
Category 6,2025-11-05,Merchant 7,32.4,0,-6.89,{'NONE'}
Category 6,2025-11-05,Merchant 9,37.29,0.57,-44.675,"{'NONE','WELCOME'}"
Category 6,2025-11-06,Merchant 10,58.26,0.5525,11.87,"{'NONE','WELCOME'}"
Category 6,2025-11-06,Merchant 11,46.818333333333335,2.0883333333333334,-11.866666666666667,"{'NONE','SAVE10','WELCOME'}"
Category 6,2025-11-06,Merchant 12,63.33,2.3355555555555556,20.711111111111112,"{'NONE','SAVE10','WELCOME'}"
Category 6,2025-11-06,Merchant 13,67.36571428571429,2.6357142857142857,15.527142857142858,"{'NONE','SAVE10','WELCOME'}"
Category 6,2025-11-06,Merchant 14,5.3,0,-85.89,{'NONE'}
Category 6,2025-11-06,Merchant 15,67.6225,1.265,1.725,"{'NONE','WELCOME'}"
Category 6,2025-11-06,Merchant 16,49.39375,2.2325,8.24875,"{'NONE','SAVE10','WELCOME'}"
Category 6,2025-11-06,Merchant 17,58.2,2.393333333333333,-8.06,"{'NONE','WELCOME'}"
Category 6,2025-11-06,Merchant 18,32.60625,0.84375,-2.08375,"{'NONE','WELCOME'}"
Category 6,2025-11-06,Merchant 19,65.45666666666666,4.14,38.74,"{'NONE','SAVE10','WELCOME'}"
Category 6,2025-11-06,Merchant 2,56.925,5.69,39.875,{'SAVE10'}
Category 6,2025-11-06,Merchant 3,64.5075,4.085,-3.6375,"{'NONE','SAVE10','WELCOME'}"
Category 6,2025-11-06,Merchant 5,83.52666666666667,5.923333333333333,12.78,"{'SAVE10','WELCOME'}"
Category 6,2025-11-06,Merchant 6,59.13,5.915,36.815,{'SAVE10'}
Category 6,2025-11-06,Merchant 7,19.215,0.965,-21.04,{'WELCOME'}
Category 6,2025-11-06,Merchant 9,39.56333333333333,0.57,-52.89,"{'NONE','WELCOME'}"
Category 6,2025-11-07,Merchant 10,40.287142857142854,1.1442857142857144,-3.4757142857142855,"{'NONE','SAVE10','WELCOME'}"
Category 6,2025-11-07,Merchant 11,92.71666666666667,2.6133333333333333,48.57333333333333,"{'NONE','SAVE10'}"
Category 6,2025-11-07,Merchant 12,57.675,2.6985714285714284,9.878571428571428,"{'NONE','SAVE10','WELCOME'}"
Category 6,2025-11-07,Merchant 13,68.81444444444445,2.367777777777778,16.05666666666667,"{'NONE','SAVE10','WELCOME'}"
Category 6,2025-11-07,Merchant 14,91.86,0,0.67,{'NONE'}
Category 6,2025-11-07,Merchant 15,91.5,9.15,33,{'SAVE10'}
Category 6,2025-11-07,Merchant 16,49.6675,1.8375,13.6675,"{'NONE','SAVE10','WELCOME'}"
Category 6,2025-11-07,Merchant 17,62.388333333333335,4.101666666666667,4.358333333333333,"{'NONE','SAVE10','WELCOME'}"
Category 6,2025-11-07,Merchant 18,50.56,1.58,21.13,"{'NONE','SAVE10','WELCOME'}"
Category 6,2025-11-07,Merchant 19,66.52545454545455,3.9045454545454543,20.546363636363637,"{'SAVE10','WELCOME'}"
Category 6,2025-11-07,Merchant 2,56.76888888888889,3.608888888888889,6.302222222222222,"{'NONE','SAVE10','WELCOME'}"
Category 6,2025-11-07,Merchant 3,91.55,9.16,18.34,{'SAVE10'}
Category 6,2025-11-07,Merchant 4,46.38,2.72,16.48,"{'SAVE10','WELCOME'}"
Category 6,2025-11-07,Merchant 5,62.49,3.12,-4.58,{'WELCOME'}
Category 6,2025-11-07,Merchant 6,42.035714285714285,2.762857142857143,-24.827142857142857,"{'NONE','SAVE10','WELCOME'}"
Category 6,2025-11-07,Merchant 7,74.295,5.365,29.64,"{'SAVE10','WELCOME'}"
Category 6,2025-11-07,Merchant 9,45.025,2.255,-50.84,{'WELCOME'}
Category 6,2025-11-08,Merchant 10,41.95,2.183333333333333,0.33666666666666667,"{'NONE','SAVE10','WELCOME'}"
Category 6,2025-11-08,Merchant 11,55.18666666666667,3.42,-3.0233333333333334,"{'NONE','SAVE10','WELCOME'}"
Category 6,2025-11-08,Merchant 12,55.74,1.985,12.295,"{'NONE','SAVE10','WELCOME'}"
Category 6,2025-11-08,Merchant 13,55.072,3.066,-9.77,"{'SAVE10','WELCOME'}"
Category 6,2025-11-08,Merchant 14,44.123333333333335,1.5866666666666667,-32.92166666666667,"{'NONE','SAVE10','WELCOME'}"
Category 6,2025-11-08,Merchant 15,57.8,2.545,-20.2975,"{'NONE','SAVE10'}"
Category 6,2025-11-08,Merchant 16,38.29666666666667,1.1766666666666667,-0.26,"{'NONE','WELCOME'}"
Category 6,2025-11-08,Merchant 17,65.11857142857143,4.161428571428571,-8.162857142857144,"{'SAVE10','WELCOME'}"
Category 6,2025-11-08,Merchant 18,60.373333333333335,3.02,13.513333333333334,{'WELCOME'}
Category 6,2025-11-08,Merchant 19,74.09,2.688,16.508,"{'NONE','WELCOME'}"
Category 6,2025-11-08,Merchant 2,69.6175,5.18,-0.795,"{'SAVE10','WELCOME'}"
Category 6,2025-11-08,Merchant 3,47.78,0,-16.28,{'NONE'}
Category 6,2025-11-08,Merchant 5,50.87,2.54,-16.93,{'WELCOME'}
Category 6,2025-11-08,Merchant 6,49.33,4.93,-5.39,{'SAVE10'}
Category 6,2025-11-08,Merchant 9,30.705,1.535,-50.93,{'WELCOME'}
Category 7,2025-09-09,Merchant 10,82.8,4.14,34.27,{'WELCOME'}
Category 7,2025-09-09,Merchant 12,96.65,9.67,12.95,{'SAVE10'}
Category 7,2025-09-09,Merchant 18,15.62,0.78,-49.91,{'WELCOME'}
Category 7,2025-09-09,Merchant 19,83.55,8.36,34.59,{'SAVE10'}
Category 7,2025-09-09,Merchant 3,103.43,5.17,19.47,{'WELCOME'}
Category 7,2025-09-09,Merchant 4,32.1,1.61,-13.68,{'WELCOME'}
Category 7,2025-09-09,Merchant 9,28.94,1.45,22.4,{'WELCOME'}
Category 7,2025-09-10,Merchant 1,41.32,3.15,6.69,"{'SAVE10','WELCOME'}"
Category 7,2025-09-10,Merchant 10,80.258,5.182,21.572,"{'NONE','SAVE10','WELCOME'}"
Category 7,2025-09-10,Merchant 11,72.5,3.63,55.36,{'WELCOME'}
Category 7,2025-09-10,Merchant 12,64.895,1.86,-5.77125,"{'NONE','SAVE10','WELCOME'}"
Category 7,2025-09-10,Merchant 14,71.4525,3.65,30.4475,"{'NONE','SAVE10','WELCOME'}"
Category 7,2025-09-10,Merchant 15,52.45333333333333,3.5116666666666667,-50.71,"{'NONE','SAVE10','WELCOME'}"
Category 7,2025-09-10,Merchant 16,56.33,2.82,41,{'WELCOME'}
Category 7,2025-09-10,Merchant 17,62.9,3.145,37.325,{'WELCOME'}
Category 7,2025-09-10,Merchant 18,65.9,1.625,-11.955,"{'NONE','WELCOME'}"
Category 7,2025-09-10,Merchant 19,44.035,0,-24.705,{'NONE'}
Category 7,2025-09-10,Merchant 2,90.13666666666667,4.576666666666667,25.84,"{'NONE','SAVE10','WELCOME'}"
Category 7,2025-09-10,Merchant 20,62.302,1.99,4.184,"{'NONE','SAVE10','WELCOME'}"
Category 7,2025-09-10,Merchant 3,39.66,0.66,-11.69,"{'NONE','SAVE10'}"
Category 7,2025-09-10,Merchant 4,53.927142857142854,2.4957142857142856,8.255714285714285,"{'NONE','WELCOME'}"
Category 7,2025-09-10,Merchant 6,34.455,3.0775,-26.2425,"{'SAVE10','WELCOME'}"
Category 7,2025-09-10,Merchant 8,75.46,3.1,-2.9033333333333333,"{'NONE','SAVE10','WELCOME'}"
Category 7,2025-09-10,Merchant 9,63.8275,1.685,36.665,"{'NONE','SAVE10','WELCOME'}"
Category 7,2025-09-11,Merchant 1,65.545,4.755,29.31,"{'NONE','SAVE10'}"
Category 7,2025-09-11,Merchant 10,46.11272727272727,2.596363636363636,10.854545454545455,"{'NONE','SAVE10','WELCOME'}"
Category 7,2025-09-11,Merchant 11,62.764,2.728,-4.946,"{'NONE','WELCOME'}"
Category 7,2025-09-11,Merchant 12,55.7975,4.5275,-23.1875,"{'SAVE10','WELCOME'}"
Category 7,2025-09-11,Merchant 13,49,4.9,7.88,{'SAVE10'}
Category 7,2025-09-11,Merchant 14,51.465,1.295,-11.70625,"{'NONE','SAVE10','WELCOME'}"
Category 7,2025-09-11,Merchant 15,38.92,1.95,6.36,{'WELCOME'}
Category 7,2025-09-11,Merchant 16,56.06,1.452,-16.442,"{'NONE','WELCOME'}"
Category 7,2025-09-11,Merchant 17,55.5975,1.705,-1.0125,"{'NONE','SAVE10','WELCOME'}"
Category 7,2025-09-11,Merchant 18,39.781666666666666,1.1133333333333333,-26.216666666666665,"{'NONE','SAVE10','WELCOME'}"
Category 7,2025-09-11,Merchant 19,48.82833333333333,2.716666666666667,-24.753333333333334,"{'NONE','SAVE10','WELCOME'}"
Category 7,2025-09-11,Merchant 2,9.19,0.46,-50.99,{'WELCOME'}
Category 7,2025-09-11,Merchant 20,61.87,1.6125,-3.6325,"{'NONE','SAVE10','WELCOME'}"
Category 7,2025-09-11,Merchant 3,38.644,1.268,-24.844,"{'NONE','SAVE10','WELCOME'}"
Category 7,2025-09-11,Merchant 4,61.652,2.252,11.744,"{'NONE','WELCOME'}"
Category 7,2025-09-11,Merchant 6,79.78428571428572,3.56,30.835714285714285,"{'NONE','SAVE10','WELCOME'}"
Category 7,2025-09-11,Merchant 8,57.672,2.406,12.09,"{'NONE','SAVE10','WELCOME'}"
Category 7,2025-09-11,Merchant 9,49.7,0.6225,20.9025,"{'NONE','WELCOME'}"
Category 7,2025-09-12,Merchant 1,43.626,2.486,9.66,"{'NONE','SAVE10','WELCOME'}"
Category 7,2025-09-12,Merchant 10,65.258,4.816,0.258,"{'NONE','SAVE10','WELCOME'}"
Category 7,2025-09-12,Merchant 11,70.91,3.545,10.96,{'WELCOME'}
Category 7,2025-09-12,Merchant 12,60.504285714285714,3.0414285714285714,-7.662857142857143,"{'NONE','SAVE10','WELCOME'}"
Category 7,2025-09-12,Merchant 13,61.295,1.935,23.14,"{'NONE','WELCOME'}"
Category 7,2025-09-12,Merchant 14,87.825,6.925,47.505,"{'NONE','SAVE10'}"
Category 7,2025-09-12,Merchant 15,77.88333333333334,5.185,-13.846666666666668,"{'SAVE10','WELCOME'}"
Category 7,2025-09-12,Merchant 16,59.39,5.94,40.94,{'SAVE10'}
Category 7,2025-09-12,Merchant 17,45.04,0.5033333333333333,-6.5633333333333335,"{'NONE','SAVE10'}"
Category 7,2025-09-12,Merchant 18,54.95428571428572,3.7285714285714286,-12.057142857142857,"{'NONE','SAVE10','WELCOME'}"
Category 7,2025-09-12,Merchant 19,55.366,1.516,-20.268,"{'NONE','SAVE10','WELCOME'}"
Category 7,2025-09-12,Merchant 2,60.85,3.04,-1.91,{'WELCOME'}
Category 7,2025-09-12,Merchant 3,66.8175,4.2,11.9275,"{'SAVE10','WELCOME'}"
Category 7,2025-09-12,Merchant 4,49.93,2.495,3.265,{'WELCOME'}
Category 7,2025-09-12,Merchant 6,52.833333333333336,0.93,-40.986666666666665,"{'NONE','WELCOME'}"
Category 7,2025-09-12,Merchant 8,79.77,3.99,58.44,{'WELCOME'}
Category 7,2025-09-12,Merchant 9,67.28,4.635,26.78,"{'SAVE10','WELCOME'}"
Category 7,2025-09-13,Merchant 10,44.31285714285714,2.8185714285714285,0.6128571428571429,"{'SAVE10','WELCOME'}"
Category 7,2025-09-13,Merchant 11,82.59,2.225,23.96,"{'NONE','WELCOME'}"
Category 7,2025-09-13,Merchant 12,37.886,1.972,-25.646,"{'NONE','SAVE10','WELCOME'}"
Category 7,2025-09-13,Merchant 13,84.96,4.25,44.49,{'WELCOME'}
Category 7,2025-09-13,Merchant 14,64.5425,3.61,7.89,"{'NONE','SAVE10','WELCOME'}"
Category 7,2025-09-13,Merchant 15,27.9,0.4185714285714286,-31.135714285714286,"{'NONE','SAVE10'}"
Category 7,2025-09-13,Merchant 16,73.38333333333334,0,41.36,{'NONE'}
Category 7,2025-09-13,Merchant 17,72.055,3.9175,17.8475,"{'NONE','SAVE10','WELCOME'}"
Category 7,2025-09-13,Merchant 18,31.96,1.6033333333333333,-4.32,"{'NONE','SAVE10','WELCOME'}"
Category 7,2025-09-13,Merchant 19,64.316,5.068,-1.65,"{'SAVE10','WELCOME'}"
Category 7,2025-09-13,Merchant 20,73.665,2.67,-31.705,"{'NONE','SAVE10'}"
Category 7,2025-09-13,Merchant 4,42.78,0,29.96,{'NONE'}
Category 7,2025-09-13,Merchant 6,59.355,4.5325,-2.7975,"{'SAVE10','WELCOME'}"
Category 7,2025-09-13,Merchant 8,58.08,5.81,20.58,{'SAVE10'}
Category 7,2025-09-13,Merchant 9,83.37,4.17,23.33,{'WELCOME'}
Category 7,2025-09-14,Merchant 1,63.03,3.15,28.4,{'WELCOME'}
Category 7,2025-09-14,Merchant 10,60.193,3.362,-12.827,"{'NONE','SAVE10','WELCOME'}"
Category 7,2025-09-14,Merchant 11,28.3025,0.625,14.1575,"{'NONE','SAVE10','WELCOME'}"
Category 7,2025-09-14,Merchant 12,61.175714285714285,4.261428571428572,-22.86285714285714,"{'SAVE10','WELCOME'}"
Category 7,2025-09-14,Merchant 13,65.52,3.28,26.02,{'WELCOME'}
Category 7,2025-09-14,Merchant 14,49.32375,2.725,-4.46375,"{'NONE','SAVE10','WELCOME'}"
Category 7,2025-09-14,Merchant 15,40.24,1.045,-24.09,"{'NONE','WELCOME'}"
Category 7,2025-09-14,Merchant 16,50.358333333333334,2.3583333333333334,-23.05,"{'NONE','SAVE10','WELCOME'}"
Category 7,2025-09-14,Merchant 17,29.94857142857143,2.8342857142857145,-18.824285714285715,"{'SAVE10','WELCOME'}"
Category 7,2025-09-14,Merchant 18,49.90857142857143,1.5614285714285714,-14.935714285714285,"{'NONE','SAVE10','WELCOME'}"
Category 7,2025-09-14,Merchant 19,29.185,1.98,-26.85,"{'SAVE10','WELCOME'}"
Category 7,2025-09-14,Merchant 2,44.355,2.4116666666666666,26.493333333333332,"{'NONE','SAVE10','WELCOME'}"
Category 7,2025-09-14,Merchant 20,45.67666666666667,2.28,-7.556666666666667,{'WELCOME'}
Category 7,2025-09-14,Merchant 3,60.525,3.808333333333333,-10.8,"{'SAVE10','WELCOME'}"
Category 7,2025-09-14,Merchant 4,72.49,5.524,13.04,"{'NONE','SAVE10','WELCOME'}"
Category 7,2025-09-14,Merchant 6,41.71,1.4066666666666667,-43.61333333333334,"{'NONE','WELCOME'}"
Category 7,2025-09-14,Merchant 8,90.00666666666666,1.6,56.71333333333333,"{'NONE','WELCOME'}"
Category 7,2025-09-14,Merchant 9,46.055,4.175,21.4,"{'SAVE10','WELCOME'}"
Category 7,2025-09-15,Merchant 10,50.84285714285714,3.4514285714285715,8.652142857142858,"{'SAVE10','WELCOME'}"
Category 7,2025-09-15,Merchant 11,52.87,2.645,-6.18,{'WELCOME'}
Category 7,2025-09-15,Merchant 12,61.99,4.68,-21.563333333333333,"{'SAVE10','WELCOME'}"
Category 7,2025-09-15,Merchant 14,49.09,4.38,15.173333333333334,"{'SAVE10','WELCOME'}"
Category 7,2025-09-15,Merchant 15,61.38,1.395,-38.19,"{'NONE','WELCOME'}"
Category 7,2025-09-15,Merchant 16,60.08,6.01,41.56,{'SAVE10'}
Category 7,2025-09-15,Merchant 17,73.686,4.216,17.82,"{'NONE','SAVE10','WELCOME'}"
Category 7,2025-09-15,Merchant 18,61.92857142857143,3.22,11.711428571428572,"{'NONE','SAVE10','WELCOME'}"
Category 7,2025-09-15,Merchant 19,65.55166666666666,2.5516666666666667,5.483333333333333,"{'NONE','WELCOME'}"
Category 7,2025-09-15,Merchant 2,67.34,4,39.036,"{'SAVE10','WELCOME'}"
Category 7,2025-09-15,Merchant 20,68.51666666666667,4.1466666666666665,-38.33,"{'NONE','SAVE10','WELCOME'}"
Category 7,2025-09-15,Merchant 3,65.2475,4.2125,10.345,"{'SAVE10','WELCOME'}"
Category 7,2025-09-15,Merchant 4,32.78,1.64,-40.9,{'WELCOME'}
Category 7,2025-09-15,Merchant 6,69.28833333333333,2.1966666666666668,4.445,"{'NONE','SAVE10','WELCOME'}"
Category 7,2025-09-15,Merchant 8,25.5075,1.275,-3.8725,{'WELCOME'}
Category 7,2025-09-15,Merchant 9,69.6,2.143333333333333,11.586666666666666,"{'NONE','SAVE10','WELCOME'}"
Category 7,2025-09-16,Merchant 10,39.33571428571429,2.1885714285714286,-15.781428571428572,"{'SAVE10','WELCOME'}"
Category 7,2025-09-16,Merchant 11,30.305,1.385,-27.485,"{'NONE','SAVE10'}"
Category 7,2025-09-16,Merchant 12,72.1075,3.70625,-3.40375,"{'NONE','SAVE10','WELCOME'}"
Category 7,2025-09-16,Merchant 13,18.233333333333334,1.41,-19.39666666666667,"{'SAVE10','WELCOME'}"
Category 7,2025-09-16,Merchant 14,54.21375,2.39125,0.76125,"{'NONE','SAVE10','WELCOME'}"
Category 7,2025-09-16,Merchant 15,51.55,2.58,-3.4233333333333333,{'WELCOME'}
Category 7,2025-09-16,Merchant 17,46.622,1.902,5.088,"{'NONE','WELCOME'}"
Category 7,2025-09-16,Merchant 18,34.755,2.04,-12.2475,"{'SAVE10','WELCOME'}"
Category 7,2025-09-16,Merchant 19,61.3325,4.9425,-10.2,"{'SAVE10','WELCOME'}"
Category 7,2025-09-16,Merchant 2,71.175,5.98,27.61,"{'SAVE10','WELCOME'}"
Category 7,2025-09-16,Merchant 20,73.0775,5.05,23.5425,"{'NONE','SAVE10','WELCOME'}"
Category 7,2025-09-16,Merchant 3,37.266666666666666,2.506666666666667,-35.14666666666667,"{'SAVE10','WELCOME'}"
Category 7,2025-09-16,Merchant 4,24.33,0.82,-48.53,"{'NONE','SAVE10'}"
Category 7,2025-09-16,Merchant 6,53.405,2.7416666666666667,-18.713333333333335,"{'NONE','SAVE10','WELCOME'}"
Category 7,2025-09-16,Merchant 8,54.666666666666664,4.09,33.24,"{'SAVE10','WELCOME'}"
Category 7,2025-09-16,Merchant 9,36.12,2.54,18.23,"{'SAVE10','WELCOME'}"
Category 7,2025-09-17,Merchant 1,66.18666666666667,2.77,31.936666666666667,"{'NONE','WELCOME'}"
Category 7,2025-09-17,Merchant 10,50.80714285714286,2.8107142857142855,2.1871428571428573,"{'NONE','SAVE10','WELCOME'}"
Category 7,2025-09-17,Merchant 11,50.53,4.178333333333334,-10.053333333333333,"{'SAVE10','WELCOME'}"
Category 7,2025-09-17,Merchant 12,69.74875,3.80875,-9.96625,"{'NONE','SAVE10','WELCOME'}"
Category 7,2025-09-17,Merchant 13,21.28,0.37,-15.31,"{'NONE','SAVE10'}"
Category 7,2025-09-17,Merchant 14,49.22,3.44,25.666,"{'SAVE10','WELCOME'}"
Category 7,2025-09-17,Merchant 15,65.886,1.544,-21.206,"{'NONE','WELCOME'}"
Category 7,2025-09-17,Merchant 16,65.1425,3.23,34.7675,"{'NONE','SAVE10','WELCOME'}"
Category 7,2025-09-17,Merchant 17,60.34875,2.30125,9.78375,"{'NONE','WELCOME'}"
Category 7,2025-09-17,Merchant 18,64.9,2.98,-2.965,"{'NONE','SAVE10','WELCOME'}"
Category 7,2025-09-17,Merchant 19,58.185,1.3,-9.705,"{'NONE','SAVE10','WELCOME'}"
Category 7,2025-09-17,Merchant 2,64.9925,1.475,37,"{'NONE','SAVE10','WELCOME'}"
Category 7,2025-09-17,Merchant 20,70.29428571428572,3.3314285714285714,-13.56,"{'NONE','SAVE10','WELCOME'}"
Category 7,2025-09-17,Merchant 3,55.20333333333333,1.3266666666666667,12.553333333333333,"{'NONE','WELCOME'}"
Category 7,2025-09-17,Merchant 4,64.23,4.38,7.55,"{'SAVE10','WELCOME'}"
Category 7,2025-09-17,Merchant 6,96.15,4.81,11.91,{'WELCOME'}
Category 7,2025-09-17,Merchant 8,37.80625,1.86125,-35.605,"{'NONE','SAVE10','WELCOME'}"
Category 7,2025-09-17,Merchant 9,47.4225,1.2075,15.735,"{'NONE','WELCOME'}"
Category 7,2025-09-18,Merchant 1,54.486666666666665,3.5233333333333334,19.483333333333334,"{'SAVE10','WELCOME'}"
Category 7,2025-09-18,Merchant 10,63.74166666666667,3.07,43.875,"{'NONE','SAVE10','WELCOME'}"
Category 7,2025-09-18,Merchant 11,49.35,2.47,-52.41,{'WELCOME'}
Category 7,2025-09-18,Merchant 12,64.07272727272728,2.1072727272727274,-11.402727272727272,"{'NONE','SAVE10','WELCOME'}"
Category 7,2025-09-18,Merchant 13,81.06333333333333,5.13,39.71333333333333,"{'SAVE10','WELCOME'}"
Category 7,2025-09-18,Merchant 14,31.065,1.555,-39.22,{'WELCOME'}
Category 7,2025-09-18,Merchant 15,51.585,1.775,-48.365,"{'NONE','SAVE10','WELCOME'}"
Category 7,2025-09-18,Merchant 16,39.82,1.9933333333333334,5.806666666666667,{'WELCOME'}
Category 7,2025-09-18,Merchant 17,68.05,6.81,38.82,{'SAVE10'}
Category 7,2025-09-18,Merchant 18,76.15166666666667,5.956666666666667,14.81,"{'NONE','SAVE10'}"
Category 7,2025-09-18,Merchant 19,45.775,2.565,-37.135,"{'SAVE10','WELCOME'}"
Category 7,2025-09-18,Merchant 2,85.13,8.51,16.9,{'SAVE10'}
Category 7,2025-09-18,Merchant 20,77.09,7.71,44.3,{'SAVE10'}
Category 7,2025-09-18,Merchant 3,86.085,6.33,56.295,"{'SAVE10','WELCOME'}"
Category 7,2025-09-18,Merchant 4,40.15,3.83,-6.11,"{'NONE','SAVE10'}"
Category 7,2025-09-18,Merchant 6,46.19,1.7742857142857142,-17.28142857142857,"{'NONE','SAVE10','WELCOME'}"
Category 7,2025-09-18,Merchant 8,58.943333333333335,2.106666666666667,-3.82,"{'NONE','SAVE10','WELCOME'}"
Category 7,2025-09-18,Merchant 9,44.446363636363635,2.9536363636363636,7.724545454545455,"{'NONE','SAVE10','WELCOME'}"
Category 7,2025-09-19,Merchant 1,39.63,3.96,4.19,{'SAVE10'}
Category 7,2025-09-19,Merchant 10,39.333333333333336,2.1733333333333333,-20.613333333333333,"{'NONE','SAVE10','WELCOME'}"
Category 7,2025-09-19,Merchant 11,18.36,1.84,3,{'SAVE10'}
Category 7,2025-09-19,Merchant 12,46.895,0.515,-12.925,"{'NONE','WELCOME'}"
Category 7,2025-09-19,Merchant 13,102.29,0,66.07,{'NONE'}
Category 7,2025-09-19,Merchant 14,44.983333333333334,2.25,-23.356666666666666,{'WELCOME'}
Category 7,2025-09-19,Merchant 15,44.78666666666667,3.2866666666666666,-58.89,"{'SAVE10','WELCOME'}"
Category 7,2025-09-19,Merchant 16,56.506,2.458,6.416,"{'NONE','WELCOME'}"
Category 7,2025-09-19,Merchant 17,54.188,3.94,-27.028,"{'SAVE10','WELCOME'}"
Category 7,2025-09-19,Merchant 18,53.284285714285716,4.041428571428572,-14.04,"{'SAVE10','WELCOME'}"
Category 7,2025-09-19,Merchant 19,52.53666666666667,2.845,-16.995,"{'NONE','SAVE10','WELCOME'}"
Category 7,2025-09-19,Merchant 2,83.56,5.082,36.466,"{'NONE','SAVE10','WELCOME'}"
Category 7,2025-09-19,Merchant 20,42.37,0.5,-22.02,"{'NONE','WELCOME'}"
Category 7,2025-09-19,Merchant 3,75.77,4.456666666666667,11.256666666666666,"{'NONE','SAVE10','WELCOME'}"
Category 7,2025-09-19,Merchant 4,59.355714285714285,3.267142857142857,-3.012857142857143,"{'NONE','SAVE10','WELCOME'}"
Category 7,2025-09-19,Merchant 6,77.75,4.68,-6.36,"{'SAVE10','WELCOME'}"
Category 7,2025-09-19,Merchant 8,63.774,3.19,-17.502,{'WELCOME'}
Category 7,2025-09-19,Merchant 9,38.56,1.142,26.172,"{'NONE','SAVE10','WELCOME'}"
Category 7,2025-09-20,Merchant 1,80.27,6.62,42.17,"{'SAVE10','WELCOME'}"
Category 7,2025-09-20,Merchant 10,69.6975,5.13,35.0675,"{'SAVE10','WELCOME'}"
Category 7,2025-09-20,Merchant 11,29.266666666666666,2.033333333333333,-14.876666666666667,"{'NONE','SAVE10','WELCOME'}"
Category 7,2025-09-20,Merchant 12,49.47857142857143,3.7985714285714285,-32.502857142857145,"{'SAVE10','WELCOME'}"
Category 7,2025-09-20,Merchant 13,50.53,2.53,11.78,{'WELCOME'}
Category 7,2025-09-20,Merchant 14,59.2,1.375,51.845,"{'NONE','WELCOME'}"
Category 7,2025-09-20,Merchant 15,50.14333333333333,2.0766666666666667,-49.37,"{'NONE','SAVE10','WELCOME'}"
Category 7,2025-09-20,Merchant 16,51.755,3.4825,6.4925,"{'SAVE10','WELCOME'}"
Category 7,2025-09-20,Merchant 17,39.6775,3.3625,-33.17,"{'SAVE10','WELCOME'}"
Category 7,2025-09-20,Merchant 18,56.6,2.8983333333333334,0.3,"{'NONE','SAVE10','WELCOME'}"
Category 7,2025-09-20,Merchant 19,21.19,2.12,-20.3,{'SAVE10'}
Category 7,2025-09-20,Merchant 2,65.06333333333333,3.83,16.273333333333333,"{'NONE','SAVE10','WELCOME'}"
Category 7,2025-09-20,Merchant 3,45.5875,2.28,-28.6025,{'WELCOME'}
Category 7,2025-09-20,Merchant 4,64.55,3.23,17.15,{'WELCOME'}
Category 7,2025-09-20,Merchant 6,17.9975,0.7875,-40.41,"{'NONE','WELCOME'}"
Category 7,2025-09-20,Merchant 8,42.96,1.63,-33.93666666666667,"{'NONE','WELCOME'}"
Category 7,2025-09-20,Merchant 9,42.60333333333333,2.6333333333333333,-2.566666666666667,"{'NONE','SAVE10','WELCOME'}"
Category 7,2025-09-21,Merchant 1,39.34,0.8066666666666666,7.053333333333334,"{'NONE','WELCOME'}"
Category 7,2025-09-21,Merchant 10,64.211,2.581,11.213,"{'NONE','SAVE10','WELCOME'}"
Category 7,2025-09-21,Merchant 11,22.96,0,9.44,{'NONE'}
Category 7,2025-09-21,Merchant 12,65.88666666666667,1.675,-5.623333333333333,"{'NONE','WELCOME'}"
Category 7,2025-09-21,Merchant 14,93.39333333333333,3.0366666666666666,47.82333333333333,"{'NONE','WELCOME'}"
Category 7,2025-09-21,Merchant 15,71.598,4.832,36.156,"{'NONE','SAVE10','WELCOME'}"
Category 7,2025-09-21,Merchant 17,25.358,1.976,-50.556,"{'SAVE10','WELCOME'}"
Category 7,2025-09-21,Merchant 18,51.7675,3.3175,-22.04,"{'NONE','SAVE10','WELCOME'}"
Category 7,2025-09-21,Merchant 19,50.45,1.62,8.84,"{'NONE','WELCOME'}"
Category 7,2025-09-21,Merchant 2,63.79333333333334,2.08,16.75,"{'NONE','WELCOME'}"
Category 7,2025-09-21,Merchant 3,70.46,3.5233333333333334,25.326666666666668,{'WELCOME'}
Category 7,2025-09-21,Merchant 4,102.47,0,58.3,{'NONE'}
Category 7,2025-09-21,Merchant 6,50.8225,2.5425,-9.34,{'WELCOME'}
Category 7,2025-09-21,Merchant 8,70.81,5.91,15.0725,"{'SAVE10','WELCOME'}"
Category 7,2025-09-21,Merchant 9,48.995,0.185,28.33,"{'NONE','WELCOME'}"
Category 7,2025-09-22,Merchant 1,44.46,2.22,10.76,{'WELCOME'}
Category 7,2025-09-22,Merchant 10,46.454,2.504,9.348,"{'SAVE10','WELCOME'}"
Category 7,2025-09-22,Merchant 11,35.11,1.7866666666666666,-8.786666666666667,"{'NONE','SAVE10','WELCOME'}"
Category 7,2025-09-22,Merchant 12,66.826,2.574,8.92,"{'NONE','SAVE10','WELCOME'}"
Category 7,2025-09-22,Merchant 14,44.39,1.6966666666666668,13.156666666666666,"{'NONE','WELCOME'}"
Category 7,2025-09-22,Merchant 15,62.286,1.696,-24.072,"{'NONE','WELCOME'}"
Category 7,2025-09-22,Merchant 16,38.586,1.368,-10.416,"{'NONE','WELCOME'}"
Category 7,2025-09-22,Merchant 17,65.43,1.0625,28.6575,"{'NONE','WELCOME'}"
Category 7,2025-09-22,Merchant 18,59.0375,4.1475,29.715,"{'SAVE10','WELCOME'}"
Category 7,2025-09-22,Merchant 19,40.43,2.6625,-28.8225,"{'NONE','SAVE10','WELCOME'}"
Category 7,2025-09-22,Merchant 2,51.49,2.57,-10.8,{'WELCOME'}
Category 7,2025-09-22,Merchant 20,51.52,4.073333333333333,-3.506666666666667,"{'SAVE10','WELCOME'}"
Category 7,2025-09-22,Merchant 3,32.161,1.731,-35.976,"{'NONE','SAVE10','WELCOME'}"
Category 7,2025-09-22,Merchant 4,56.075,4.1975,-20.1625,"{'NONE','SAVE10','WELCOME'}"
Category 7,2025-09-22,Merchant 6,54.56333333333333,2.73,5.97,{'WELCOME'}
Category 7,2025-09-22,Merchant 8,49.54333333333334,0.68,-11.793333333333333,"{'NONE','WELCOME'}"
Category 7,2025-09-22,Merchant 9,59.95333333333333,3.325,43.07666666666667,"{'NONE','SAVE10','WELCOME'}"
Category 7,2025-09-23,Merchant 1,97.34,4.87,60.99,{'WELCOME'}
Category 7,2025-09-23,Merchant 10,63.869,3.088,36.035,"{'NONE','SAVE10','WELCOME'}"
Category 7,2025-09-23,Merchant 11,34.785,1.74,-23.36,{'WELCOME'}
Category 7,2025-09-23,Merchant 12,62.473333333333336,3.0766666666666667,-9.095,"{'NONE','SAVE10','WELCOME'}"
Category 7,2025-09-23,Merchant 13,51.8725,2.365,13.2875,"{'NONE','SAVE10','WELCOME'}"
Category 7,2025-09-23,Merchant 14,60.022,2.334,26.61,"{'NONE','SAVE10','WELCOME'}"
Category 7,2025-09-23,Merchant 15,40.595,1.04625,-33.0125,"{'NONE','SAVE10','WELCOME'}"
Category 7,2025-09-23,Merchant 16,74.79,5.233333333333333,18.02,"{'SAVE10','WELCOME'}"
Category 7,2025-09-23,Merchant 17,41.1475,2.56,5.1875,"{'SAVE10','WELCOME'}"
Category 7,2025-09-23,Merchant 18,64.955,1.635,32.4025,"{'NONE','WELCOME'}"
Category 7,2025-09-23,Merchant 19,54.28,4.4525,-30.8275,"{'SAVE10','WELCOME'}"
Category 7,2025-09-23,Merchant 2,68.45,4.033333333333333,48.96666666666667,"{'NONE','SAVE10','WELCOME'}"
Category 7,2025-09-23,Merchant 20,53.08,5.31,-54.93,{'SAVE10'}
Category 7,2025-09-23,Merchant 3,66.38571428571429,1.6057142857142856,1.9228571428571428,"{'NONE','SAVE10','WELCOME'}"
Category 7,2025-09-23,Merchant 4,51.44090909090909,2.2745454545454544,-6.722727272727273,"{'NONE','SAVE10','WELCOME'}"
Category 7,2025-09-23,Merchant 6,67.95,2.785,-20.995,"{'NONE','SAVE10'}"
Category 7,2025-09-23,Merchant 8,61.553333333333335,3.24,-16.953333333333333,"{'NONE','SAVE10'}"
Category 7,2025-09-23,Merchant 9,58.63,2.932,17.984,"{'NONE','SAVE10','WELCOME'}"
Category 7,2025-09-24,Merchant 1,62.54,5.155,25.905,"{'SAVE10','WELCOME'}"
Category 7,2025-09-24,Merchant 10,66.248,2.262,37.956,"{'NONE','SAVE10','WELCOME'}"
Category 7,2025-09-24,Merchant 11,91.88666666666667,2.8633333333333333,-10.266666666666667,"{'NONE','WELCOME'}"
Category 7,2025-09-24,Merchant 12,49.04333333333334,2.17,-16.09111111111111,"{'NONE','SAVE10','WELCOME'}"
Category 7,2025-09-24,Merchant 13,66.20333333333333,1.28,28.703333333333333,"{'NONE','SAVE10'}"
Category 7,2025-09-24,Merchant 14,42.42333333333333,2.1233333333333335,-31.07,{'WELCOME'}
Category 7,2025-09-24,Merchant 15,70.28,3.7933333333333334,-9.166666666666666,"{'NONE','SAVE10','WELCOME'}"
Category 7,2025-09-24,Merchant 17,61.99666666666667,1.3766666666666667,35.11333333333334,"{'NONE','WELCOME'}"
Category 7,2025-09-24,Merchant 18,60.964444444444446,3.2055555555555557,-2.068888888888889,"{'NONE','SAVE10','WELCOME'}"
Category 7,2025-09-24,Merchant 19,61.432,2.322,9.712,"{'NONE','WELCOME'}"
Category 7,2025-09-24,Merchant 2,26.38,1.32,-34.66,{'WELCOME'}
Category 7,2025-09-24,Merchant 20,75.0825,1.7325,9.46,"{'NONE','WELCOME'}"
Category 7,2025-09-24,Merchant 3,45.935,0.995,-26.97,"{'NONE','WELCOME'}"
Category 7,2025-09-24,Merchant 4,44.72,2.235,13.99,{'WELCOME'}
Category 7,2025-09-24,Merchant 6,44.41285714285714,2.8014285714285716,-27.277142857142856,"{'SAVE10','WELCOME'}"
Category 7,2025-09-24,Merchant 8,34.06,1.7,-71.87,{'WELCOME'}
Category 7,2025-09-24,Merchant 9,40.68,1.27,7.133333333333333,"{'NONE','WELCOME'}"
Category 7,2025-09-25,Merchant 10,58.9,3.035,12.09625,"{'NONE','SAVE10','WELCOME'}"
Category 7,2025-09-25,Merchant 11,81.396,5.91,27.658,"{'SAVE10','WELCOME'}"
Category 7,2025-09-25,Merchant 12,38.151666666666664,2.578333333333333,-39.39333333333333,"{'NONE','SAVE10','WELCOME'}"
Category 7,2025-09-25,Merchant 13,77.23,7.72,33.29,{'SAVE10'}
Category 7,2025-09-25,Merchant 14,70.6175,2.735,12.8625,"{'NONE','SAVE10','WELCOME'}"
Category 7,2025-09-25,Merchant 15,49.15,1.09,-15.225,"{'NONE','WELCOME'}"
Category 7,2025-09-25,Merchant 16,35.435,1.1375,-22.1175,"{'NONE','WELCOME'}"
Category 7,2025-09-25,Merchant 17,80.55,2.748,22.814,"{'NONE','SAVE10','WELCOME'}"
Category 7,2025-09-25,Merchant 18,39.4,1.97,6.72,{'WELCOME'}
Category 7,2025-09-25,Merchant 19,64.072,2.834,2.06,"{'NONE','SAVE10','WELCOME'}"
Category 7,2025-09-25,Merchant 2,43.76,3.203333333333333,-4.406666666666666,"{'NONE','SAVE10','WELCOME'}"
Category 7,2025-09-25,Merchant 20,99.38,4.97,-8.29,{'WELCOME'}
Category 7,2025-09-25,Merchant 3,44.97888888888889,2.1144444444444446,1.251111111111111,"{'NONE','SAVE10','WELCOME'}"
Category 7,2025-09-25,Merchant 4,81.9,4.874,10.56,"{'NONE','SAVE10','WELCOME'}"
Category 7,2025-09-25,Merchant 6,37.625,2.415,-19.045,"{'SAVE10','WELCOME'}"
Category 7,2025-09-25,Merchant 8,90.425,5.9375,56.3825,"{'NONE','SAVE10','WELCOME'}"
Category 7,2025-09-25,Merchant 9,62.002857142857145,2.9414285714285713,26.271428571428572,"{'NONE','SAVE10','WELCOME'}"
Category 7,2025-09-26,Merchant 1,34.79666666666667,0.98,2.336666666666667,"{'NONE','WELCOME'}"
Category 7,2025-09-26,Merchant 10,53.865,3.008,-4.948,"{'NONE','SAVE10','WELCOME'}"
Category 7,2025-09-26,Merchant 11,55.342,2.766,-29.56,{'WELCOME'}
Category 7,2025-09-26,Merchant 12,70.164,4.315,-14.426,"{'SAVE10','WELCOME'}"
Category 7,2025-09-26,Merchant 13,59.94,5.99,17.73,{'SAVE10'}
Category 7,2025-09-26,Merchant 14,66.22666666666667,1.8766666666666667,3.54,"{'NONE','WELCOME'}"
Category 7,2025-09-26,Merchant 15,48.288,2.96,-41.106,"{'SAVE10','WELCOME'}"
Category 7,2025-09-26,Merchant 16,52.303333333333335,0.63,19.65,"{'NONE','WELCOME'}"
Category 7,2025-09-26,Merchant 17,48.01428571428571,1.9014285714285715,-7.161428571428571,"{'NONE','SAVE10','WELCOME'}"
Category 7,2025-09-26,Merchant 18,49.806666666666665,2.4766666666666666,-13.863333333333333,"{'NONE','SAVE10','WELCOME'}"
Category 7,2025-09-26,Merchant 19,60.2275,3.2875,-9.0275,"{'NONE','SAVE10'}"
Category 7,2025-09-26,Merchant 2,61.01,6.1,39.46,{'SAVE10'}
Category 7,2025-09-26,Merchant 20,70.4325,3.1025,42.25,"{'NONE','SAVE10','WELCOME'}"
Category 7,2025-09-26,Merchant 3,44.765,2.776666666666667,-2.015,"{'NONE','SAVE10','WELCOME'}"
Category 7,2025-09-26,Merchant 4,60.46,2.715,-14.295,"{'NONE','SAVE10','WELCOME'}"
Category 7,2025-09-26,Merchant 6,74.09777777777778,2.792222222222222,5.667777777777777,"{'NONE','SAVE10','WELCOME'}"
Category 7,2025-09-26,Merchant 8,61.825,0,-9.725,{'NONE'}
Category 7,2025-09-26,Merchant 9,59.29833333333333,1.5866666666666667,20.30666666666667,"{'NONE','WELCOME'}"
Category 7,2025-09-27,Merchant 1,30.94333333333333,2.1133333333333333,-2.65,"{'SAVE10','WELCOME'}"
Category 7,2025-09-27,Merchant 10,35.73166666666667,1.4733333333333334,4.263333333333334,"{'NONE','WELCOME'}"
Category 7,2025-09-27,Merchant 11,30.623333333333335,0,-40.07666666666667,{'NONE'}
Category 7,2025-09-27,Merchant 12,73.8525,3.43,-7.2425,"{'NONE','SAVE10'}"
Category 7,2025-09-27,Merchant 13,39.15,2.195,0.74,"{'NONE','SAVE10'}"
Category 7,2025-09-27,Merchant 14,70.23714285714286,4.301428571428572,29.66857142857143,"{'NONE','SAVE10','WELCOME'}"
Category 7,2025-09-27,Merchant 15,71.942,5.81,-3.688,"{'SAVE10','WELCOME'}"
Category 7,2025-09-27,Merchant 16,43.32333333333333,3.49,-11.7,"{'NONE','SAVE10'}"
Category 7,2025-09-27,Merchant 17,44.53875,2.32125,-6.26875,"{'NONE','SAVE10','WELCOME'}"
Category 7,2025-09-27,Merchant 18,42.846666666666664,2.453333333333333,-16.971666666666668,"{'NONE','SAVE10','WELCOME'}"
Category 7,2025-09-27,Merchant 19,44.93,1.296,-27.044,"{'NONE','SAVE10','WELCOME'}"
Category 7,2025-09-27,Merchant 2,87.515,4.375,67.69,{'WELCOME'}
Category 7,2025-09-27,Merchant 20,37.91,1,-14.043333333333333,"{'NONE','WELCOME'}"
Category 7,2025-09-27,Merchant 3,72.005,6.36875,4.22875,"{'SAVE10','WELCOME'}"
Category 7,2025-09-27,Merchant 4,48.8,2.44,-5.94,{'WELCOME'}
Category 7,2025-09-27,Merchant 6,43.27,1.35,-29.7,"{'NONE','WELCOME'}"
Category 7,2025-09-27,Merchant 8,72.25,5.21,6.255,"{'SAVE10','WELCOME'}"
Category 7,2025-09-27,Merchant 9,17.345,1.21,11.05,"{'SAVE10','WELCOME'}"
Category 7,2025-09-28,Merchant 1,76.58,3.83,41.27,{'WELCOME'}
Category 7,2025-09-28,Merchant 10,56.556666666666665,3.243333333333333,21.18,"{'NONE','SAVE10','WELCOME'}"
Category 7,2025-09-28,Merchant 11,42.32,2.115,26.685,{'WELCOME'}
Category 7,2025-09-28,Merchant 12,54.714285714285715,1.8657142857142857,-19.052857142857142,"{'NONE','WELCOME'}"
Category 7,2025-09-28,Merchant 13,56.58,2.186,18.174,"{'NONE','SAVE10','WELCOME'}"
Category 7,2025-09-28,Merchant 14,73.31,4.6,13.6875,"{'NONE','SAVE10','WELCOME'}"
Category 7,2025-09-28,Merchant 15,60.041666666666664,4.036666666666667,-20.386666666666667,"{'SAVE10','WELCOME'}"
Category 7,2025-09-28,Merchant 16,56.2,3.835,10.585,"{'NONE','SAVE10'}"
Category 7,2025-09-28,Merchant 17,63.70125,3.2925,-10.23,"{'NONE','SAVE10','WELCOME'}"
Category 7,2025-09-28,Merchant 18,66.035,5.3775,-4.295,"{'SAVE10','WELCOME'}"
Category 7,2025-09-28,Merchant 19,47.0925,1.8725,-45.2,"{'NONE','SAVE10','WELCOME'}"
Category 7,2025-09-28,Merchant 2,72.535,3.305,53.78,"{'NONE','SAVE10'}"
Category 7,2025-09-28,Merchant 3,51.91875,3.14,-5.605,"{'NONE','SAVE10','WELCOME'}"
Category 7,2025-09-28,Merchant 4,52.275,3.586666666666667,-7.673333333333333,"{'NONE','SAVE10','WELCOME'}"
Category 7,2025-09-28,Merchant 6,48.111666666666665,2.9883333333333333,-19.766666666666666,"{'NONE','SAVE10','WELCOME'}"
Category 7,2025-09-28,Merchant 8,73.51666666666667,5.576666666666667,21.636666666666667,"{'SAVE10','WELCOME'}"
Category 7,2025-09-28,Merchant 9,43.105,2.6133333333333333,3.085,"{'NONE','SAVE10','WELCOME'}"
Category 7,2025-09-29,Merchant 1,58.075,0.285,26.31,"{'NONE','WELCOME'}"
Category 7,2025-09-29,Merchant 10,71.926,2.924,42.75,"{'NONE','WELCOME'}"
Category 7,2025-09-29,Merchant 11,65.17666666666666,3.26,-8.783333333333333,{'WELCOME'}
Category 7,2025-09-29,Merchant 12,50.37444444444444,2.008888888888889,-10.283333333333333,"{'NONE','SAVE10','WELCOME'}"
Category 7,2025-09-29,Merchant 13,42.29,2.11,3.96,{'WELCOME'}
Category 7,2025-09-29,Merchant 14,39.263333333333335,1.59,-28.416666666666668,"{'NONE','SAVE10'}"
Category 7,2025-09-29,Merchant 15,59.596666666666664,3.325,-17.905,"{'SAVE10','WELCOME'}"
Category 7,2025-09-29,Merchant 16,34.888,1.586,-14.332,"{'NONE','SAVE10','WELCOME'}"
Category 7,2025-09-29,Merchant 17,57.141666666666666,4.83,18.331666666666667,"{'SAVE10','WELCOME'}"
Category 7,2025-09-29,Merchant 18,56.52625,3.6775,-10.6175,"{'SAVE10','WELCOME'}"
Category 7,2025-09-29,Merchant 19,72.865,6.085,2.965,"{'SAVE10','WELCOME'}"
Category 7,2025-09-29,Merchant 2,74.57666666666667,2.546666666666667,27.066666666666666,"{'NONE','WELCOME'}"
Category 7,2025-09-29,Merchant 20,42.596666666666664,2.8733333333333335,-62.97666666666667,"{'NONE','SAVE10','WELCOME'}"
Category 7,2025-09-29,Merchant 3,49.46333333333333,2.775,-9.215,"{'NONE','SAVE10','WELCOME'}"
Category 7,2025-09-29,Merchant 4,70.02,4.06,13.66,"{'SAVE10','WELCOME'}"
Category 7,2025-09-29,Merchant 6,52.776666666666664,2.64,-0.21333333333333335,{'WELCOME'}
Category 7,2025-09-29,Merchant 9,35.47,1.77,-22.17,{'WELCOME'}
Category 7,2025-09-30,Merchant 10,61.195,2.984,9.506,"{'NONE','SAVE10','WELCOME'}"
Category 7,2025-09-30,Merchant 11,83.28666666666666,4.166666666666667,8.42,{'WELCOME'}
Category 7,2025-09-30,Merchant 12,65.32375,3.91375,-8.0375,"{'NONE','SAVE10','WELCOME'}"
Category 7,2025-09-30,Merchant 13,73.465,0,37.245,{'NONE'}
Category 7,2025-09-30,Merchant 14,30.226666666666667,2.53,-38.39333333333333,"{'SAVE10','WELCOME'}"
Category 7,2025-09-30,Merchant 15,46.388,2.038,-27.242,"{'NONE','SAVE10','WELCOME'}"
Category 7,2025-09-30,Merchant 16,70.7525,3.6275,10.71,"{'NONE','SAVE10','WELCOME'}"
Category 7,2025-09-30,Merchant 17,63.508,3.748,4.418,"{'NONE','SAVE10','WELCOME'}"
Category 7,2025-09-30,Merchant 18,47.95,1.03,4.863333333333333,"{'NONE','WELCOME'}"
Category 7,2025-09-30,Merchant 19,48.085,2.405,-21.42,{'WELCOME'}
Category 7,2025-09-30,Merchant 2,49.574,3.252,13.164,"{'NONE','SAVE10','WELCOME'}"
Category 7,2025-09-30,Merchant 20,66.60714285714286,2.2285714285714286,17.12142857142857,"{'NONE','WELCOME'}"
Category 7,2025-09-30,Merchant 3,51.29333333333334,3.895,-8.071666666666667,"{'SAVE10','WELCOME'}"
Category 7,2025-09-30,Merchant 4,48.6975,2.60625,-11.14375,"{'NONE','SAVE10','WELCOME'}"
Category 7,2025-09-30,Merchant 6,53.024,3.01,-11.966,"{'NONE','SAVE10','WELCOME'}"
Category 7,2025-09-30,Merchant 8,72.568,5.086,24.152,"{'NONE','SAVE10','WELCOME'}"
Category 7,2025-09-30,Merchant 9,63.81666666666667,3.0366666666666666,33.63333333333333,"{'NONE','WELCOME'}"
Category 7,2025-10-01,Merchant 10,56.153,3.03,0.117,"{'NONE','SAVE10','WELCOME'}"
Category 7,2025-10-01,Merchant 11,75.3,3.77,58.02,{'WELCOME'}
Category 7,2025-10-01,Merchant 12,69.52,3.4766666666666666,-10.263333333333334,{'WELCOME'}
Category 7,2025-10-01,Merchant 14,72.07666666666667,3.0833333333333335,21.18,"{'NONE','SAVE10','WELCOME'}"
Category 7,2025-10-01,Merchant 15,96.165,9.615,21.05,{'SAVE10'}
Category 7,2025-10-01,Merchant 16,61.205,2.235,17.1925,"{'NONE','SAVE10','WELCOME'}"
Category 7,2025-10-01,Merchant 17,69.2825,2.4675,1.38,"{'NONE','WELCOME'}"
Category 7,2025-10-01,Merchant 18,55.815,3.20125,-0.96,"{'NONE','SAVE10','WELCOME'}"
Category 7,2025-10-01,Merchant 19,30.7875,0.2925,-49.85,"{'NONE','WELCOME'}"
Category 7,2025-10-01,Merchant 2,47.0925,2.445,18.13,"{'NONE','SAVE10','WELCOME'}"
Category 7,2025-10-01,Merchant 20,31.473333333333333,2.0533333333333332,-21.533333333333335,"{'SAVE10','WELCOME'}"
Category 7,2025-10-01,Merchant 3,53.398,3.839,-1.42,"{'NONE','SAVE10','WELCOME'}"
Category 7,2025-10-01,Merchant 4,56.77,4.246666666666667,29.253333333333334,"{'SAVE10','WELCOME'}"
Category 7,2025-10-01,Merchant 6,49.561,3.221,-38.474,"{'NONE','SAVE10','WELCOME'}"
Category 7,2025-10-01,Merchant 8,77.61,3.88,-1.5366666666666666,{'WELCOME'}
Category 7,2025-10-01,Merchant 9,76.845,5.3775,40.9875,"{'NONE','SAVE10'}"
Category 7,2025-10-02,Merchant 10,65.55444444444444,4.346666666666667,3.8333333333333335,"{'NONE','SAVE10','WELCOME'}"
Category 7,2025-10-02,Merchant 12,50.97375,1.95875,-12.9975,"{'NONE','SAVE10','WELCOME'}"
Category 7,2025-10-02,Merchant 14,61.35,3.9466666666666668,4.3133333333333335,"{'NONE','SAVE10','WELCOME'}"
Category 7,2025-10-02,Merchant 15,48.175714285714285,2.3085714285714287,-33.32,"{'NONE','SAVE10','WELCOME'}"
Category 7,2025-10-02,Merchant 16,33.62,1.68,19.43,{'WELCOME'}
Category 7,2025-10-02,Merchant 17,57.788,3.226,-22.714,"{'NONE','SAVE10','WELCOME'}"
Category 7,2025-10-02,Merchant 18,66.28125,2.5225,20.18125,"{'NONE','SAVE10','WELCOME'}"
Category 7,2025-10-02,Merchant 19,57.72125,2.59,-5.03625,"{'NONE','SAVE10','WELCOME'}"
Category 7,2025-10-02,Merchant 2,79.435,5.415,58.57,"{'SAVE10','WELCOME'}"
Category 7,2025-10-02,Merchant 20,76.8,3.5966666666666667,22.25,"{'NONE','SAVE10','WELCOME'}"
Category 7,2025-10-02,Merchant 3,33.98,2.155,8.8,"{'SAVE10','WELCOME'}"
Category 7,2025-10-02,Merchant 4,53.527142857142856,3.361428571428571,6.99,"{'NONE','SAVE10','WELCOME'}"
Category 7,2025-10-02,Merchant 6,17.68,0,-61.75,{'NONE'}
Category 7,2025-10-02,Merchant 8,46.586666666666666,2.3233333333333333,-23.57,"{'NONE','SAVE10','WELCOME'}"
Category 7,2025-10-02,Merchant 9,27.26,0.9985714285714286,-3.6714285714285713,"{'NONE','SAVE10','WELCOME'}"
Category 7,2025-10-03,Merchant 10,50.35454545454545,1.8463636363636364,-15.898181818181818,"{'NONE','SAVE10','WELCOME'}"
Category 7,2025-10-03,Merchant 11,61.604,3.316,-23.848,"{'NONE','SAVE10','WELCOME'}"
Category 7,2025-10-03,Merchant 12,46.4975,1.625,-35.5825,"{'NONE','SAVE10','WELCOME'}"
Category 7,2025-10-03,Merchant 14,39.8325,1.9925,31.86,{'WELCOME'}
Category 7,2025-10-03,Merchant 15,54.07875,2.75125,-5.45,"{'NONE','SAVE10','WELCOME'}"
Category 7,2025-10-03,Merchant 16,31.313333333333333,2.0933333333333333,-22.316666666666666,"{'SAVE10','WELCOME'}"
Category 7,2025-10-03,Merchant 17,61.10285714285714,4.248571428571428,14.548571428571428,"{'SAVE10','WELCOME'}"
Category 7,2025-10-03,Merchant 18,78.98,2.35,45.92,"{'NONE','WELCOME'}"
Category 7,2025-10-03,Merchant 19,64.345,2.33,7.65,"{'NONE','SAVE10','WELCOME'}"
Category 7,2025-10-03,Merchant 20,53.125,2.655,-52.23,{'WELCOME'}
Category 7,2025-10-03,Merchant 3,42.72714285714286,3.2728571428571427,-21.395714285714284,"{'NONE','SAVE10','WELCOME'}"
Category 7,2025-10-03,Merchant 4,84.7275,6.1875,42.2075,"{'SAVE10','WELCOME'}"
Category 7,2025-10-03,Merchant 6,18.666666666666668,0.36,-65.61,"{'NONE','WELCOME'}"
Category 7,2025-10-03,Merchant 8,39.14333333333333,1.9566666666666668,-23.47,{'WELCOME'}
Category 7,2025-10-03,Merchant 9,26.9425,1.495,4.9675,"{'NONE','SAVE10','WELCOME'}"
Category 7,2025-10-04,Merchant 1,51.265,1.825,17.96,"{'NONE','SAVE10'}"
Category 7,2025-10-04,Merchant 10,55.841818181818184,2.3045454545454547,4.389090909090909,"{'NONE','SAVE10','WELCOME'}"
Category 7,2025-10-04,Merchant 11,44.07,0.39,-12.725,"{'NONE','SAVE10'}"
Category 7,2025-10-04,Merchant 12,56.043,3.57,-21.096,"{'NONE','SAVE10','WELCOME'}"
Category 7,2025-10-04,Merchant 13,18.865,1.28,-18.635,"{'NONE','SAVE10'}"
Category 7,2025-10-04,Merchant 14,31.3,1.4233333333333333,-17.936666666666667,"{'NONE','WELCOME'}"
Category 7,2025-10-04,Merchant 15,60.778333333333336,2.5716666666666668,-16.708333333333332,"{'NONE','SAVE10','WELCOME'}"
Category 7,2025-10-04,Merchant 16,66,4.1575,5.4275,"{'SAVE10','WELCOME'}"
Category 7,2025-10-04,Merchant 17,52.26428571428571,4.744285714285715,1.5814285714285714,"{'SAVE10','WELCOME'}"
Category 7,2025-10-04,Merchant 18,48.277142857142856,3.2685714285714287,-13.412857142857144,"{'SAVE10','WELCOME'}"
Category 7,2025-10-04,Merchant 19,52.974,3.886,-13.778,"{'SAVE10','WELCOME'}"
Category 7,2025-10-04,Merchant 20,45.475,0,20.395,{'NONE'}
Category 7,2025-10-04,Merchant 3,63.23,3.964444444444444,-13.408888888888889,"{'SAVE10','WELCOME'}"
Category 7,2025-10-04,Merchant 4,87.08333333333333,4.703333333333333,59.11,"{'NONE','SAVE10','WELCOME'}"
Category 7,2025-10-04,Merchant 6,29.14666666666667,2.716666666666667,-23.92,"{'SAVE10','WELCOME'}"
Category 7,2025-10-04,Merchant 8,68.71,4.8925,46.48,"{'SAVE10','WELCOME'}"
Category 7,2025-10-04,Merchant 9,86.015,6.56,58.975,"{'SAVE10','WELCOME'}"
Category 7,2025-10-05,Merchant 1,39.07,1.95,5.64,{'WELCOME'}
Category 7,2025-10-05,Merchant 10,43.825,2.5191666666666666,-6.695,"{'NONE','SAVE10','WELCOME'}"
Category 7,2025-10-05,Merchant 11,49.535,3.3675,-31.68,"{'NONE','SAVE10','WELCOME'}"
Category 7,2025-10-05,Merchant 12,56.49333333333333,1.71,-10.995,"{'NONE','SAVE10'}"
Category 7,2025-10-05,Merchant 13,17.91,0,-18.31,{'NONE'}
Category 7,2025-10-05,Merchant 14,42.47857142857143,2.045714285714286,-33.95285714285714,"{'NONE','SAVE10','WELCOME'}"
Category 7,2025-10-05,Merchant 15,45.18,2.26,-20.365,{'WELCOME'}
Category 7,2025-10-05,Merchant 16,55.78,1.34,-16.61,"{'NONE','SAVE10','WELCOME'}"
Category 7,2025-10-05,Merchant 17,61.86333333333334,4.346666666666667,3.34,"{'SAVE10','WELCOME'}"
Category 7,2025-10-05,Merchant 18,56.01,3.1525,7.895,"{'SAVE10','WELCOME'}"
Category 7,2025-10-05,Merchant 19,63.26,2.045,-7.525,"{'NONE','WELCOME'}"
Category 7,2025-10-05,Merchant 2,54.165,2.71,-8.265,{'WELCOME'}
Category 7,2025-10-05,Merchant 20,65.46,3.27,-40.51,{'WELCOME'}
Category 7,2025-10-05,Merchant 3,40.71,2.4814285714285713,-22.745714285714286,"{'NONE','SAVE10','WELCOME'}"
Category 7,2025-10-05,Merchant 4,34.416666666666664,1.72,-19.60333333333333,{'WELCOME'}
Category 7,2025-10-05,Merchant 6,45.2075,2.34,-34.07,"{'NONE','SAVE10','WELCOME'}"
Category 7,2025-10-05,Merchant 8,37.795,2.56,-25.55,"{'SAVE10','WELCOME'}"
Category 7,2025-10-05,Merchant 9,52.55,2.63,14.05,{'WELCOME'}
Category 7,2025-10-06,Merchant 10,55.4075,2.9066666666666667,3.8233333333333333,"{'NONE','SAVE10','WELCOME'}"
Category 7,2025-10-06,Merchant 11,23.98,1.2,-33.625,{'WELCOME'}
Category 7,2025-10-06,Merchant 12,48.83,3.3175,-11.645,"{'NONE','SAVE10','WELCOME'}"
Category 7,2025-10-06,Merchant 13,89.94,4.5,49.22,{'WELCOME'}
Category 7,2025-10-06,Merchant 14,57.9,5.795,-8.705,{'SAVE10'}
Category 7,2025-10-06,Merchant 15,43.615,2.7083333333333335,-33.27,"{'NONE','SAVE10','WELCOME'}"
Category 7,2025-10-06,Merchant 16,46.06,2.3,31.25,{'WELCOME'}
Category 7,2025-10-06,Merchant 17,67.39666666666666,4.163333333333333,8.336666666666666,"{'NONE','SAVE10','WELCOME'}"
Category 7,2025-10-06,Merchant 18,56.66166666666667,3.5683333333333334,-0.445,"{'NONE','SAVE10','WELCOME'}"
Category 7,2025-10-06,Merchant 19,50.2,1.85,-10.186666666666667,"{'NONE','SAVE10'}"
Category 7,2025-10-06,Merchant 2,7.32,0,-8.13,{'NONE'}
Category 7,2025-10-06,Merchant 20,56.498,3.224,-18.378,"{'NONE','SAVE10','WELCOME'}"
Category 7,2025-10-06,Merchant 3,45.2,1.72,-0.5233333333333333,"{'NONE','WELCOME'}"
Category 7,2025-10-06,Merchant 4,12.22,0.61,-1.21,{'WELCOME'}
Category 7,2025-10-06,Merchant 6,55.23,2.9175,-14.53,"{'NONE','SAVE10','WELCOME'}"
Category 7,2025-10-06,Merchant 8,68.3825,5.295,24.2175,"{'SAVE10','WELCOME'}"
Category 7,2025-10-06,Merchant 9,43.8,2.1925,23.8225,{'WELCOME'}
Category 7,2025-10-07,Merchant 1,75.96,0,44.48,{'NONE'}
Category 7,2025-10-07,Merchant 10,60.335,3.111666666666667,19.716666666666665,"{'NONE','SAVE10','WELCOME'}"
Category 7,2025-10-07,Merchant 11,43.361666666666665,2.1683333333333334,-15.211666666666666,{'WELCOME'}
Category 7,2025-10-07,Merchant 12,49.54142857142857,1.7442857142857142,-14.585714285714285,"{'NONE','SAVE10','WELCOME'}"
Category 7,2025-10-07,Merchant 13,9.73,0.49,-26.98,{'WELCOME'}
Category 7,2025-10-07,Merchant 14,54.281,2.396,-7.463,"{'NONE','SAVE10','WELCOME'}"
Category 7,2025-10-07,Merchant 15,60.39375,2.37,-31.42875,"{'NONE','SAVE10','WELCOME'}"
Category 7,2025-10-07,Merchant 16,34.38,0.2275,7.0075,"{'NONE','WELCOME'}"
Category 7,2025-10-07,Merchant 17,47.175,2.9125,10.86,"{'NONE','SAVE10','WELCOME'}"
Category 7,2025-10-07,Merchant 18,49.82666666666667,2.3666666666666667,-6.078333333333333,"{'NONE','SAVE10','WELCOME'}"
Category 7,2025-10-07,Merchant 19,62.845,2.243333333333333,-3.631666666666667,"{'NONE','SAVE10','WELCOME'}"
Category 7,2025-10-07,Merchant 2,40.398,2.308,-12.776,"{'NONE','SAVE10','WELCOME'}"
Category 7,2025-10-07,Merchant 20,10.38,0,-14.7,{'NONE'}
Category 7,2025-10-07,Merchant 3,61.2,3.5322222222222224,-8.858888888888888,"{'NONE','SAVE10','WELCOME'}"
Category 7,2025-10-07,Merchant 4,51.08,1.682,-4.526,"{'NONE','WELCOME'}"
Category 7,2025-10-07,Merchant 6,43.4925,3.1,-33.18,"{'NONE','SAVE10','WELCOME'}"
Category 7,2025-10-07,Merchant 8,63.15428571428571,2.7485714285714287,-0.3242857142857143,"{'NONE','SAVE10','WELCOME'}"
Category 7,2025-10-07,Merchant 9,87.455,6.48,42.8025,"{'SAVE10','WELCOME'}"
Category 7,2025-10-08,Merchant 10,43.63,2.27,-13.825714285714286,"{'NONE','SAVE10','WELCOME'}"
Category 7,2025-10-08,Merchant 11,62.44,3.1233333333333335,45.79666666666667,{'WELCOME'}
Category 7,2025-10-08,Merchant 13,67.73,4.81,26.7,"{'SAVE10','WELCOME'}"
Category 7,2025-10-08,Merchant 14,21.99,2.013333333333333,-22.55666666666667,"{'NONE','SAVE10'}"
Category 7,2025-10-08,Merchant 15,15.305,0.35,-83.22,"{'NONE','SAVE10'}"
Category 7,2025-10-08,Merchant 17,78.955,5.98,45.93,"{'SAVE10','WELCOME'}"
Category 7,2025-10-08,Merchant 18,48.56375,2.49,-16.0075,"{'NONE','SAVE10','WELCOME'}"
Category 7,2025-10-08,Merchant 19,80.48,4.03,20.78,"{'NONE','SAVE10','WELCOME'}"
Category 7,2025-10-08,Merchant 2,72.9075,1.8425,22.4125,"{'NONE','SAVE10','WELCOME'}"
Category 7,2025-10-08,Merchant 20,73.2,3.66,44.46,{'WELCOME'}
Category 7,2025-10-08,Merchant 3,74.38,5.882,23.08,"{'NONE','SAVE10','WELCOME'}"
Category 7,2025-10-08,Merchant 4,58.403333333333336,3.9633333333333334,2.14,"{'NONE','SAVE10','WELCOME'}"
Category 7,2025-10-08,Merchant 6,86.92,2.9166666666666665,16.87,"{'NONE','WELCOME'}"
Category 7,2025-10-08,Merchant 8,81.17,4.06,16.71,{'WELCOME'}
Category 7,2025-10-08,Merchant 9,47.09,2.35,39.65,{'WELCOME'}
Category 7,2025-10-09,Merchant 1,50.605,1.73,17.395,"{'NONE','WELCOME'}"
Category 7,2025-10-09,Merchant 10,74.517,5.064,21.951,"{'NONE','SAVE10','WELCOME'}"
Category 7,2025-10-09,Merchant 11,72.56,5.166666666666667,-3.3066666666666666,"{'SAVE10','WELCOME'}"
Category 7,2025-10-09,Merchant 12,42.775,3.555,-35.2375,"{'NONE','SAVE10','WELCOME'}"
Category 7,2025-10-09,Merchant 13,102.55,5.13,61.2,{'WELCOME'}
Category 7,2025-10-09,Merchant 14,53.19,0.695,-6.485,"{'NONE','WELCOME'}"
Category 7,2025-10-09,Merchant 15,36.0075,1.2225,-28.5,"{'NONE','SAVE10','WELCOME'}"
Category 7,2025-10-09,Merchant 16,79.06,5.395,2.615,"{'SAVE10','WELCOME'}"
Category 7,2025-10-09,Merchant 17,62.71,2.5883333333333334,14.505,"{'NONE','SAVE10','WELCOME'}"
Category 7,2025-10-09,Merchant 18,76.75166666666667,3.453333333333333,27.278333333333332,"{'NONE','SAVE10','WELCOME'}"
Category 7,2025-10-09,Merchant 19,72.185,3.1775,-11.3375,"{'NONE','WELCOME'}"
Category 7,2025-10-09,Merchant 2,5.23,0.26,-54.75,{'WELCOME'}
Category 7,2025-10-09,Merchant 20,48.738,1.762,6.372,"{'NONE','SAVE10','WELCOME'}"
Category 7,2025-10-09,Merchant 3,67.31444444444445,4.314444444444445,-1.8366666666666667,"{'NONE','SAVE10','WELCOME'}"
Category 7,2025-10-09,Merchant 4,71.67333333333333,3.586666666666667,5.336666666666667,{'WELCOME'}
Category 7,2025-10-09,Merchant 6,79.705,5.41,-18.595,"{'SAVE10','WELCOME'}"
Category 7,2025-10-09,Merchant 8,59.7425,1.485,-24.0575,"{'NONE','WELCOME'}"
Category 7,2025-10-09,Merchant 9,54.09,2.796666666666667,15.423333333333334,"{'NONE','SAVE10','WELCOME'}"
Category 7,2025-10-10,Merchant 1,53.83,5.38,16.97,{'SAVE10'}
Category 7,2025-10-10,Merchant 10,54.39,4.04,-17.338571428571427,"{'SAVE10','WELCOME'}"
Category 7,2025-10-10,Merchant 11,89.4,3.1933333333333334,44.096666666666664,"{'NONE','WELCOME'}"
Category 7,2025-10-10,Merchant 12,48.96375,3.415,-27.9025,"{'NONE','SAVE10','WELCOME'}"
Category 7,2025-10-10,Merchant 13,75.08,0,38.86,{'NONE'}
Category 7,2025-10-10,Merchant 14,56.2125,2.025,12.8725,"{'NONE','WELCOME'}"
Category 7,2025-10-10,Merchant 15,58.1075,2.2175,-24.84,"{'NONE','WELCOME'}"
Category 7,2025-10-10,Merchant 16,39.2725,2.5775,-5.085,"{'SAVE10','WELCOME'}"
Category 7,2025-10-10,Merchant 17,48.91,1.5236363636363637,15.46,"{'NONE','SAVE10','WELCOME'}"
Category 7,2025-10-10,Merchant 18,45.81666666666667,1.69,-24.583333333333332,"{'NONE','SAVE10','WELCOME'}"
Category 7,2025-10-10,Merchant 19,45.4975,1.87,-24.8025,"{'NONE','WELCOME'}"
Category 7,2025-10-10,Merchant 2,53.336,2.242,17.936,"{'NONE','SAVE10','WELCOME'}"
Category 7,2025-10-10,Merchant 20,59.876,2.018,-13.794,"{'NONE','WELCOME'}"
Category 7,2025-10-10,Merchant 3,24.64,1.3266666666666667,0.43333333333333335,"{'NONE','SAVE10','WELCOME'}"
Category 7,2025-10-10,Merchant 4,73.664,4.534,15.204,"{'SAVE10','WELCOME'}"
Category 7,2025-10-10,Merchant 6,67.61333333333333,3.3833333333333333,-2.9033333333333333,{'WELCOME'}
Category 7,2025-10-10,Merchant 8,65.628,1.642,3.432,"{'NONE','SAVE10'}"
Category 7,2025-10-10,Merchant 9,63.465,2.345,5.25,"{'NONE','WELCOME'}"
Category 7,2025-10-11,Merchant 10,54.0825,2.27875,15.475,"{'NONE','SAVE10','WELCOME'}"
Category 7,2025-10-11,Merchant 11,83.94,4.2,37.63,{'WELCOME'}
Category 7,2025-10-11,Merchant 12,58.157,2.898,-21.211,"{'NONE','SAVE10','WELCOME'}"
Category 7,2025-10-11,Merchant 13,64.755,3.24,25.295,{'WELCOME'}
Category 7,2025-10-11,Merchant 14,34.04,1.7,-36.39,{'WELCOME'}
Category 7,2025-10-11,Merchant 15,63.302,4.274,2.28,"{'NONE','SAVE10'}"
Category 7,2025-10-11,Merchant 16,41.083333333333336,1.4966666666666666,-11.95,"{'NONE','WELCOME'}"
Category 7,2025-10-11,Merchant 17,26.475,1.8325,-23.905,"{'SAVE10','WELCOME'}"
Category 7,2025-10-11,Merchant 18,58.63333333333333,2.0608333333333335,14.310833333333333,"{'NONE','SAVE10','WELCOME'}"
Category 7,2025-10-11,Merchant 19,62.06,0.8183333333333334,-14.008333333333333,"{'NONE','WELCOME'}"
Category 7,2025-10-11,Merchant 2,46.41,2.32,28.64,{'WELCOME'}
Category 7,2025-10-11,Merchant 20,59.88666666666666,2.1566666666666667,32.65,"{'NONE','SAVE10','WELCOME'}"
Category 7,2025-10-11,Merchant 3,64.44,3.22,37.76,{'WELCOME'}
Category 7,2025-10-11,Merchant 6,60.89833333333333,3.51,-20.38,"{'NONE','SAVE10','WELCOME'}"
Category 7,2025-10-11,Merchant 8,53.61666666666667,1.5216666666666667,-1.385,"{'NONE','SAVE10','WELCOME'}"
Category 7,2025-10-11,Merchant 9,68.67,5.865,16.935,"{'SAVE10','WELCOME'}"
Category 7,2025-10-12,Merchant 1,61.89,6.19,24.22,{'SAVE10'}
Category 7,2025-10-12,Merchant 10,50.215,5.025,-57.4,{'SAVE10'}
Category 7,2025-10-12,Merchant 11,50.84,2.54,-50.99,{'WELCOME'}
Category 7,2025-10-12,Merchant 12,47.45444444444444,2.1844444444444444,-18.648888888888887,"{'NONE','SAVE10','WELCOME'}"
Category 7,2025-10-12,Merchant 14,90.03,2.42,54.215,"{'NONE','WELCOME'}"
Category 7,2025-10-12,Merchant 15,58.08375,2.7425,-25.38875,"{'NONE','SAVE10','WELCOME'}"
Category 7,2025-10-12,Merchant 17,59.3,2.2,-4.1625,"{'NONE','SAVE10','WELCOME'}"
Category 7,2025-10-12,Merchant 18,66.12,3.212222222222222,18.20777777777778,"{'NONE','SAVE10','WELCOME'}"
Category 7,2025-10-12,Merchant 19,35.43090909090909,1.3472727272727274,-38.86272727272727,"{'NONE','SAVE10','WELCOME'}"
Category 7,2025-10-12,Merchant 2,84.3,2.53,39.758,"{'NONE','WELCOME'}"
Category 7,2025-10-12,Merchant 20,39.7725,3.08,-7.7925,"{'SAVE10','WELCOME'}"
Category 7,2025-10-12,Merchant 3,60.94,3.56,-14.53,"{'NONE','SAVE10','WELCOME'}"
Category 7,2025-10-12,Merchant 4,33.9425,1.765,-25.9275,"{'SAVE10','WELCOME'}"
Category 7,2025-10-12,Merchant 6,51.015,3.6525,-19.48,"{'NONE','SAVE10','WELCOME'}"
Category 7,2025-10-12,Merchant 8,55.29,4.8,-53.74,"{'SAVE10','WELCOME'}"
Category 7,2025-10-12,Merchant 9,45.7125,1.4325,6.105,"{'NONE','SAVE10','WELCOME'}"
Category 7,2025-10-13,Merchant 10,36.58,2.23375,-6.5225,"{'NONE','SAVE10','WELCOME'}"
Category 7,2025-10-13,Merchant 11,72.542,1.524,6.036,"{'NONE','SAVE10','WELCOME'}"
Category 7,2025-10-13,Merchant 12,69.372,3.586,-12.872,"{'NONE','SAVE10','WELCOME'}"
Category 7,2025-10-13,Merchant 14,50.016666666666666,2.28,-18.35333333333333,"{'NONE','WELCOME'}"
Category 7,2025-10-13,Merchant 15,27.625,1.77875,-39.1,"{'NONE','SAVE10','WELCOME'}"
Category 7,2025-10-13,Merchant 16,15.38,1.54,-57.21,{'SAVE10'}
Category 7,2025-10-13,Merchant 17,50.55625,2.27625,-4.3175,"{'NONE','SAVE10','WELCOME'}"
Category 7,2025-10-13,Merchant 18,44.598333333333336,1.96,-41.245,"{'NONE','SAVE10','WELCOME'}"
Category 7,2025-10-13,Merchant 19,67.55666666666667,5.273333333333333,-9.686666666666667,"{'NONE','SAVE10'}"
Category 7,2025-10-13,Merchant 2,91.33,4.57,27.04,{'WELCOME'}
Category 7,2025-10-13,Merchant 20,59.333333333333336,2.3,6.08,"{'NONE','SAVE10','WELCOME'}"
Category 7,2025-10-13,Merchant 3,63.763333333333335,3.5,13.87,"{'NONE','SAVE10','WELCOME'}"
Category 7,2025-10-13,Merchant 4,67.448,2.936,-13.102,"{'NONE','SAVE10','WELCOME'}"
Category 7,2025-10-13,Merchant 6,45.91,1.19,-41.44,"{'NONE','WELCOME'}"
Category 7,2025-10-13,Merchant 8,52.445,3.145,10.43,"{'SAVE10','WELCOME'}"
Category 7,2025-10-13,Merchant 9,61.73,2.3975,26.1575,"{'NONE','SAVE10','WELCOME'}"
Category 7,2025-10-14,Merchant 1,89.9,4.5,53.93,{'WELCOME'}
Category 7,2025-10-14,Merchant 10,39.19166666666667,0.59,-17.705,"{'NONE','SAVE10','WELCOME'}"
Category 7,2025-10-14,Merchant 11,41.78666666666667,3.6366666666666667,-32.55,"{'SAVE10','WELCOME'}"
Category 7,2025-10-14,Merchant 12,52.94375,1.90375,-21.65875,"{'NONE','WELCOME'}"
Category 7,2025-10-14,Merchant 13,33.3,3.33,-6.25,{'SAVE10'}
Category 7,2025-10-14,Merchant 14,65.68,6.57,53.13,{'SAVE10'}
Category 7,2025-10-14,Merchant 15,63.72142857142857,1.8171428571428572,-7.9471428571428575,"{'NONE','SAVE10','WELCOME'}"
Category 7,2025-10-14,Merchant 16,37.4275,1.085,-34.7075,"{'NONE','SAVE10','WELCOME'}"
Category 7,2025-10-14,Merchant 17,59.155,2.9725,18.165,"{'NONE','SAVE10','WELCOME'}"
Category 7,2025-10-14,Merchant 18,25.492,1.662,-25.252,"{'NONE','SAVE10','WELCOME'}"
Category 7,2025-10-14,Merchant 19,59.696,3.066,0.498,"{'NONE','SAVE10','WELCOME'}"
Category 7,2025-10-14,Merchant 2,36.345,1.185,-2.425,"{'NONE','SAVE10'}"
Category 7,2025-10-14,Merchant 20,51.18,3.5733333333333333,-29.22,"{'SAVE10','WELCOME'}"
Category 7,2025-10-14,Merchant 3,27.215,0.6825,-24.375,"{'NONE','WELCOME'}"
Category 7,2025-10-14,Merchant 6,60.99666666666667,1.4366666666666668,-19.87,"{'NONE','SAVE10','WELCOME'}"
Category 7,2025-10-14,Merchant 8,55.318,2.602,-16.604,"{'NONE','SAVE10','WELCOME'}"
Category 7,2025-10-14,Merchant 9,36.436,1.248,17.786,"{'NONE','SAVE10','WELCOME'}"
Category 7,2025-10-15,Merchant 1,50.985,4.835,14.67,"{'SAVE10','WELCOME'}"
Category 7,2025-10-15,Merchant 10,45.514,1.952,16.002,"{'NONE','SAVE10','WELCOME'}"
Category 7,2025-10-15,Merchant 11,37.07666666666667,0.15,-33.77333333333333,"{'NONE','WELCOME'}"
Category 7,2025-10-15,Merchant 12,56.153,3.411,-10.046,"{'NONE','SAVE10','WELCOME'}"
Category 7,2025-10-15,Merchant 13,39.095,1.955,0.92,{'WELCOME'}
Category 7,2025-10-15,Merchant 14,70.76,2.575,48.4975,"{'NONE','WELCOME'}"
Category 7,2025-10-15,Merchant 15,61.1575,2.9375,-23.6175,"{'NONE','SAVE10','WELCOME'}"
Category 7,2025-10-15,Merchant 16,50.934,4.154,10.854,"{'SAVE10','WELCOME'}"
Category 7,2025-10-15,Merchant 17,48.00333333333333,1.5316666666666667,7.873333333333333,"{'NONE','WELCOME'}"
Category 7,2025-10-15,Merchant 18,52.268,2.316,-5.774,"{'NONE','WELCOME'}"
Category 7,2025-10-15,Merchant 19,71.6725,3.2075,-9.885,"{'NONE','SAVE10','WELCOME'}"
Category 7,2025-10-15,Merchant 2,57.4475,2.995,5.8,"{'NONE','SAVE10','WELCOME'}"
Category 7,2025-10-15,Merchant 20,68.088,3.404,24.08,{'WELCOME'}
Category 7,2025-10-15,Merchant 3,44.45666666666666,2.71,-4.3566666666666665,"{'SAVE10','WELCOME'}"
Category 7,2025-10-15,Merchant 6,62.94,4.973333333333334,-4.68,"{'SAVE10','WELCOME'}"
Category 7,2025-10-15,Merchant 8,64.58333333333333,5.17,27.723333333333333,"{'SAVE10','WELCOME'}"
Category 7,2025-10-15,Merchant 9,64.76,3.7916666666666665,22.025,"{'NONE','SAVE10','WELCOME'}"
Category 7,2025-10-16,Merchant 1,34.8,0,3.32,{'NONE'}
Category 7,2025-10-16,Merchant 10,60.367777777777775,3.362222222222222,25.52111111111111,"{'NONE','SAVE10','WELCOME'}"
Category 7,2025-10-16,Merchant 11,48.775,3.655,-54.17,"{'NONE','SAVE10'}"
Category 7,2025-10-16,Merchant 12,75.67666666666666,4.496666666666667,-10.26,"{'SAVE10','WELCOME'}"
Category 7,2025-10-16,Merchant 13,93.05,4.65,52.18,{'WELCOME'}
Category 7,2025-10-16,Merchant 14,77.82,1.8,7.295,"{'NONE','WELCOME'}"
Category 7,2025-10-16,Merchant 15,33.25,0,2.64,{'NONE'}
Category 7,2025-10-16,Merchant 16,101.11,5.06,83.54,{'WELCOME'}
Category 7,2025-10-16,Merchant 17,41.3,2.1555555555555554,-9.272222222222222,"{'NONE','SAVE10','WELCOME'}"
Category 7,2025-10-16,Merchant 18,67.16875,2.95125,-3.50375,"{'NONE','SAVE10','WELCOME'}"
Category 7,2025-10-16,Merchant 19,66.165,5.051666666666667,-7.626666666666667,"{'SAVE10','WELCOME'}"
Category 7,2025-10-16,Merchant 2,46.14,2.81,5.745,"{'SAVE10','WELCOME'}"
Category 7,2025-10-16,Merchant 20,44.19,0,19.11,{'NONE'}
Category 7,2025-10-16,Merchant 3,59.92,3.42,-5.894,"{'NONE','SAVE10','WELCOME'}"
Category 7,2025-10-16,Merchant 4,34.22,1.715,-39.535,{'WELCOME'}
Category 7,2025-10-16,Merchant 6,96.99,7.145,-3.045,"{'SAVE10','WELCOME'}"
Category 7,2025-10-16,Merchant 8,57.265,2.86,-49.825,{'WELCOME'}
Category 7,2025-10-16,Merchant 9,90.83666666666667,6.116666666666667,42.18333333333333,"{'NONE','SAVE10'}"
Category 7,2025-10-17,Merchant 1,71.54,7.15,32.91,{'SAVE10'}
Category 7,2025-10-17,Merchant 10,43.82,2.62,-9.505,"{'NONE','SAVE10','WELCOME'}"
Category 7,2025-10-17,Merchant 11,81.04,4.05,20.585,{'WELCOME'}
Category 7,2025-10-17,Merchant 12,50.60125,1.8425,-20.0475,"{'NONE','SAVE10','WELCOME'}"
Category 7,2025-10-17,Merchant 14,48.43333333333333,3.7533333333333334,-21.41,"{'SAVE10','WELCOME'}"
Category 7,2025-10-17,Merchant 15,42.07,0,11.46,{'NONE'}
Category 7,2025-10-17,Merchant 16,69.57666666666667,4.46,52.61,"{'SAVE10','WELCOME'}"
Category 7,2025-10-17,Merchant 17,35.50333333333333,1.0766666666666667,-5.71,"{'NONE','SAVE10','WELCOME'}"
Category 7,2025-10-17,Merchant 18,37.65833333333333,2.5283333333333333,-25.926666666666666,"{'SAVE10','WELCOME'}"
Category 7,2025-10-17,Merchant 19,61.67444444444445,2.9,0.9177777777777778,"{'NONE','SAVE10','WELCOME'}"
Category 7,2025-10-17,Merchant 2,48.97,4.9,28.62,{'SAVE10'}
Category 7,2025-10-17,Merchant 20,62.63,3.8533333333333335,7.826666666666667,"{'SAVE10','WELCOME'}"
Category 7,2025-10-17,Merchant 3,48.5575,1.58625,-32.0725,"{'NONE','SAVE10','WELCOME'}"
Category 7,2025-10-17,Merchant 4,31.7,1.59,-14.06,{'WELCOME'}
Category 7,2025-10-17,Merchant 6,53.82,2.4857142857142858,-26.67142857142857,"{'NONE','SAVE10','WELCOME'}"
Category 7,2025-10-17,Merchant 8,81.38666666666667,3.27,17.46,"{'NONE','SAVE10'}"
Category 7,2025-10-17,Merchant 9,101.885,0,71.405,{'NONE'}
Category 7,2025-10-18,Merchant 1,60.885,0.59,28.815,"{'NONE','WELCOME'}"
Category 7,2025-10-18,Merchant 10,44.337857142857146,1.805,5.05,"{'NONE','WELCOME'}"
Category 7,2025-10-18,Merchant 11,55.87833333333333,1.655,-16.476666666666667,"{'NONE','SAVE10','WELCOME'}"
Category 7,2025-10-18,Merchant 12,51.141666666666666,1.915,-17.128333333333334,"{'NONE','WELCOME'}"
Category 7,2025-10-18,Merchant 13,20.395,0.32,-16.145,"{'NONE','SAVE10'}"
Category 7,2025-10-18,Merchant 14,49.6725,1.465,10.8525,"{'NONE','WELCOME'}"
Category 7,2025-10-18,Merchant 15,57.90428571428571,1.8814285714285715,-41.20285714285714,"{'NONE','WELCOME'}"
Category 7,2025-10-18,Merchant 16,58.44,2.92,13.74,{'WELCOME'}
Category 7,2025-10-18,Merchant 17,51.01285714285714,3.2271428571428573,-2.8514285714285714,"{'SAVE10','WELCOME'}"
Category 7,2025-10-18,Merchant 18,52.04625,3.09125,-11.7425,"{'NONE','SAVE10','WELCOME'}"
Category 7,2025-10-18,Merchant 19,59.71,4.76,-11.02,"{'SAVE10','WELCOME'}"
Category 7,2025-10-18,Merchant 2,77.47333333333333,2.533333333333333,37.35666666666667,"{'NONE','WELCOME'}"
Category 7,2025-10-18,Merchant 20,49.5425,1.7,-16.0475,"{'NONE','WELCOME'}"
Category 7,2025-10-18,Merchant 3,49.161,3.915,-21.072,"{'NONE','SAVE10','WELCOME'}"
Category 7,2025-10-18,Merchant 4,58.435,3.006666666666667,-11.386666666666667,"{'NONE','SAVE10','WELCOME'}"
Category 7,2025-10-18,Merchant 6,65.3075,4.03,-24.8825,"{'SAVE10','WELCOME'}"
Category 7,2025-10-18,Merchant 8,31.923333333333332,0.35,-43.693333333333335,"{'NONE','WELCOME'}"
Category 7,2025-10-18,Merchant 9,45.096666666666664,0.26,-11.033333333333333,"{'NONE','WELCOME'}"
Category 7,2025-10-19,Merchant 1,10.165,0.505,-21.82,{'WELCOME'}
Category 7,2025-10-19,Merchant 10,58.604285714285716,2.664285714285714,8.035714285714286,"{'NONE','SAVE10','WELCOME'}"
Category 7,2025-10-19,Merchant 12,39.42625,0.6725,-29.84375,"{'NONE','SAVE10','WELCOME'}"
Category 7,2025-10-19,Merchant 13,66.09,5.53,24.34,"{'SAVE10','WELCOME'}"
Category 7,2025-10-19,Merchant 14,58.6075,2.1975,5.3475,"{'NONE','WELCOME'}"
Category 7,2025-10-19,Merchant 15,50.89,2.7866666666666666,-5.766666666666667,"{'SAVE10','WELCOME'}"
Category 7,2025-10-19,Merchant 16,49.28333333333333,2.4633333333333334,-4.716666666666667,{'WELCOME'}
Category 7,2025-10-19,Merchant 17,70.42625,5.06,35.1425,"{'SAVE10','WELCOME'}"
Category 7,2025-10-19,Merchant 18,61.09,1.894,-1.12,"{'NONE','WELCOME'}"
Category 7,2025-10-19,Merchant 19,11.055,0.55,-53.315,{'WELCOME'}
Category 7,2025-10-19,Merchant 2,65.838,4.114,10.858,"{'NONE','SAVE10','WELCOME'}"
Category 7,2025-10-19,Merchant 20,42.776666666666664,3.11,14.586666666666666,"{'SAVE10','WELCOME'}"
Category 7,2025-10-19,Merchant 3,39.17333333333333,1.1733333333333333,14.83,"{'NONE','SAVE10'}"
Category 7,2025-10-19,Merchant 4,47.39333333333333,0.6033333333333334,4.94,"{'NONE','WELCOME'}"
Category 7,2025-10-19,Merchant 6,35.82,0.8025,-22.6025,"{'NONE','WELCOME'}"
Category 7,2025-10-19,Merchant 8,85.8525,4.2925,10.01,{'WELCOME'}
Category 7,2025-10-19,Merchant 9,37.84,1.677142857142857,15.027142857142858,"{'NONE','SAVE10','WELCOME'}"
Category 7,2025-10-20,Merchant 10,69.88285714285715,2.2685714285714287,40.395714285714284,"{'NONE','SAVE10','WELCOME'}"
Category 7,2025-10-20,Merchant 11,8.18,0.82,-6.16,{'SAVE10'}
Category 7,2025-10-20,Merchant 12,54.23142857142857,4.207142857142857,-26.931428571428572,"{'SAVE10','WELCOME'}"
Category 7,2025-10-20,Merchant 13,56.205,0.355,19.63,"{'NONE','WELCOME'}"
Category 7,2025-10-20,Merchant 14,56.1075,1.36,21.355,"{'NONE','SAVE10','WELCOME'}"
Category 7,2025-10-20,Merchant 15,43.73142857142857,1.4285714285714286,-36.88428571428572,"{'NONE','SAVE10','WELCOME'}"
Category 7,2025-10-20,Merchant 16,61.6525,2.86,31.6475,"{'NONE','SAVE10','WELCOME'}"
Category 7,2025-10-20,Merchant 17,65.8525,1.5725,20.3475,"{'NONE','WELCOME'}"
Category 7,2025-10-20,Merchant 18,41.698,2.234,13.182,"{'NONE','SAVE10','WELCOME'}"
Category 7,2025-10-20,Merchant 19,53.00666666666667,2.65,-8.18,{'WELCOME'}
Category 7,2025-10-20,Merchant 2,43.87,4.11,2.175,"{'SAVE10','WELCOME'}"
Category 7,2025-10-20,Merchant 20,50.56333333333333,0,-0.39,{'NONE'}
Category 7,2025-10-20,Merchant 3,53.535,1.7225,6.02875,"{'NONE','WELCOME'}"
Category 7,2025-10-20,Merchant 4,65.105,1.655,50.63,"{'NONE','WELCOME'}"
Category 7,2025-10-20,Merchant 6,30.118,2.43,-24.224,"{'SAVE10','WELCOME'}"
Category 7,2025-10-20,Merchant 8,33.685,2.505,-29.605,"{'NONE','SAVE10'}"
Category 7,2025-10-20,Merchant 9,46.571666666666665,1.6866666666666668,26.201666666666668,"{'NONE','SAVE10','WELCOME'}"
Category 7,2025-10-21,Merchant 1,76.43666666666667,3.3866666666666667,41.57,"{'NONE','SAVE10','WELCOME'}"
Category 7,2025-10-21,Merchant 10,50.1525,3.94875,8.235,"{'SAVE10','WELCOME'}"
Category 7,2025-10-21,Merchant 11,57.065,2.065,-1.405,"{'NONE','WELCOME'}"
Category 7,2025-10-21,Merchant 12,61.33,2.79,-10.475,"{'NONE','SAVE10','WELCOME'}"
Category 7,2025-10-21,Merchant 13,6.46,0.65,-30.41,{'SAVE10'}
Category 7,2025-10-21,Merchant 14,76.25,0.9325,10.5475,"{'NONE','WELCOME'}"
Category 7,2025-10-21,Merchant 15,28.27,0.9775,-35.9925,"{'NONE','WELCOME'}"
Category 7,2025-10-21,Merchant 17,65.145,1.82,-3.2716666666666665,"{'NONE','SAVE10','WELCOME'}"
Category 7,2025-10-21,Merchant 18,57.99333333333333,4.376666666666667,3.9066666666666667,"{'SAVE10','WELCOME'}"
Category 7,2025-10-21,Merchant 19,25.10333333333333,1.2633333333333334,-70.16333333333333,"{'NONE','SAVE10'}"
Category 7,2025-10-21,Merchant 2,5.425,0.415,-10.44,"{'SAVE10','WELCOME'}"
Category 7,2025-10-21,Merchant 20,16.78,0,-8.3,{'NONE'}
Category 7,2025-10-21,Merchant 3,59.916666666666664,1.6633333333333333,14.105,"{'NONE','WELCOME'}"
Category 7,2025-10-21,Merchant 4,85.83666666666667,3.356666666666667,59.21,"{'NONE','SAVE10'}"
Category 7,2025-10-21,Merchant 6,85.57,7.774,3.052,"{'SAVE10','WELCOME'}"
Category 7,2025-10-21,Merchant 8,59.49,3.1225,-15.1825,"{'SAVE10','WELCOME'}"
Category 7,2025-10-21,Merchant 9,35.943333333333335,1.2,29.653333333333332,"{'NONE','WELCOME'}"
Category 7,2025-10-22,Merchant 1,36.09,1.8,2.81,{'WELCOME'}
Category 7,2025-10-22,Merchant 10,42.8975,1.9341666666666666,-9.215833333333332,"{'NONE','SAVE10','WELCOME'}"
Category 7,2025-10-22,Merchant 11,43.63,2.18,-29.25,{'WELCOME'}
Category 7,2025-10-22,Merchant 12,50.10923076923077,2.3869230769230767,-30.89,"{'NONE','SAVE10','WELCOME'}"
Category 7,2025-10-22,Merchant 13,45.065,2.525,6.32,"{'SAVE10','WELCOME'}"
Category 7,2025-10-22,Merchant 14,70.45666666666666,2.715,29.066666666666666,"{'NONE','WELCOME'}"
Category 7,2025-10-22,Merchant 15,59.1425,3.17375,-25.86875,"{'NONE','SAVE10','WELCOME'}"
Category 7,2025-10-22,Merchant 16,45.82,4.118,5.776,"{'SAVE10','WELCOME'}"
Category 7,2025-10-22,Merchant 17,36.02285714285714,1.9685714285714286,-19.22,"{'SAVE10','WELCOME'}"
Category 7,2025-10-22,Merchant 18,58.24666666666667,3.26,1.4466666666666668,"{'NONE','SAVE10','WELCOME'}"
Category 7,2025-10-22,Merchant 19,71.72,3.369090909090909,4.851818181818182,"{'NONE','SAVE10','WELCOME'}"
Category 7,2025-10-22,Merchant 2,95.26,4.76,30.78,{'WELCOME'}
Category 7,2025-10-22,Merchant 20,73.85,5.056666666666667,-8.033333333333333,"{'SAVE10','WELCOME'}"
Category 7,2025-10-22,Merchant 3,71.16666666666667,4.38,20.683333333333334,"{'SAVE10','WELCOME'}"
Category 7,2025-10-22,Merchant 4,25.076666666666668,1.605,-34.053333333333335,"{'SAVE10','WELCOME'}"
Category 7,2025-10-22,Merchant 6,28.834,1.598,-34.746,"{'NONE','SAVE10','WELCOME'}"
Category 7,2025-10-22,Merchant 8,65.15,4.11,22.17,"{'NONE','SAVE10'}"
Category 7,2025-10-22,Merchant 9,78.3925,4.0125,43.9,"{'NONE','SAVE10','WELCOME'}"
Category 7,2025-10-23,Merchant 1,22.87,0,-8.61,{'NONE'}
Category 7,2025-10-23,Merchant 10,49.716,2.906,12.21,"{'SAVE10','WELCOME'}"
Category 7,2025-10-23,Merchant 11,80.00333333333333,6.3,-25.586666666666666,"{'SAVE10','WELCOME'}"
Category 7,2025-10-23,Merchant 12,32.974,2.642,-37.97,"{'NONE','SAVE10','WELCOME'}"
Category 7,2025-10-23,Merchant 13,47.555,2.38,8.955,{'WELCOME'}
Category 7,2025-10-23,Merchant 14,46.948,1.918,-0.184,"{'NONE','SAVE10','WELCOME'}"
Category 7,2025-10-23,Merchant 15,50.42333333333333,3.1866666666666665,-50.2,"{'SAVE10','WELCOME'}"
Category 7,2025-10-23,Merchant 16,7.59,0.76,-64.22,{'SAVE10'}
Category 7,2025-10-23,Merchant 17,53.03666666666667,5.116666666666667,2.3833333333333333,"{'SAVE10','WELCOME'}"
Category 7,2025-10-23,Merchant 18,33.9,3.065,5.665,"{'SAVE10','WELCOME'}"
Category 7,2025-10-23,Merchant 19,24.85,2.485,-65.905,{'SAVE10'}
Category 7,2025-10-23,Merchant 2,54.05,2.705,-8.375,{'WELCOME'}
Category 7,2025-10-23,Merchant 20,80.35,3.276666666666667,26.12,"{'NONE','SAVE10','WELCOME'}"
Category 7,2025-10-23,Merchant 3,39.385,1.755,-13.495,"{'NONE','WELCOME'}"
Category 7,2025-10-23,Merchant 4,58.19,1.6516666666666666,-34.08166666666666,"{'NONE','SAVE10','WELCOME'}"
Category 7,2025-10-23,Merchant 6,74.87,7.485,6.4,{'SAVE10'}
Category 7,2025-10-23,Merchant 8,69.41,1.6,-14.505,"{'NONE','WELCOME'}"
Category 7,2025-10-23,Merchant 9,60.8225,2.63,22.3225,"{'NONE','WELCOME'}"
Category 7,2025-10-24,Merchant 10,44.22,1.9307692307692308,9.017692307692307,"{'NONE','SAVE10','WELCOME'}"
Category 7,2025-10-24,Merchant 11,38.6,3.86,-64.55,{'SAVE10'}
Category 7,2025-10-24,Merchant 12,47.51714285714286,2.07,-26.327142857142857,"{'NONE','SAVE10','WELCOME'}"
Category 7,2025-10-24,Merchant 13,25.885,0.275,-10.61,"{'NONE','WELCOME'}"
Category 7,2025-10-24,Merchant 14,69.33,3.993333333333333,59.35666666666667,"{'NONE','SAVE10','WELCOME'}"
Category 7,2025-10-24,Merchant 15,49.265,4.1,-51.9025,"{'NONE','SAVE10'}"
Category 7,2025-10-24,Merchant 16,43.306666666666665,1.3766666666666667,9.906666666666666,"{'NONE','SAVE10','WELCOME'}"
Category 7,2025-10-24,Merchant 17,71.182,4.04,25.664,"{'SAVE10','WELCOME'}"
Category 7,2025-10-24,Merchant 18,47.01285714285714,3.5642857142857145,-13.274285714285714,"{'SAVE10','WELCOME'}"
Category 7,2025-10-24,Merchant 19,45.524,3.704,-20.798,"{'SAVE10','WELCOME'}"
Category 7,2025-10-24,Merchant 2,36.1775,1.235,-2.6425,"{'NONE','SAVE10','WELCOME'}"
Category 7,2025-10-24,Merchant 20,84.755,1.0725,0.3875,"{'NONE','WELCOME'}"
Category 7,2025-10-24,Merchant 3,62.26,1.495,9.64,"{'NONE','WELCOME'}"
Category 7,2025-10-24,Merchant 4,44.855,2.2425,-13.7525,{'WELCOME'}
Category 7,2025-10-24,Merchant 8,58.406666666666666,3.4,37.666666666666664,"{'NONE','SAVE10','WELCOME'}"
Category 7,2025-10-24,Merchant 9,67.25,4.228,23.152,"{'SAVE10','WELCOME'}"
Category 7,2025-10-25,Merchant 1,83.93,4.2,48.25,{'WELCOME'}
Category 7,2025-10-25,Merchant 10,63.27454545454545,2.5745454545454547,10.63,"{'NONE','SAVE10','WELCOME'}"
Category 7,2025-10-25,Merchant 11,63.68333333333333,2.2333333333333334,-9.25,"{'NONE','WELCOME'}"
Category 7,2025-10-25,Merchant 12,51.093333333333334,2.8225,-24.343333333333334,"{'NONE','SAVE10','WELCOME'}"
Category 7,2025-10-25,Merchant 13,57.82,0,21.6,{'NONE'}
Category 7,2025-10-25,Merchant 14,61.4675,2.2375,8.1675,"{'NONE','WELCOME'}"
Category 7,2025-10-25,Merchant 15,54.112,1.514,-32.064,"{'NONE','WELCOME'}"
Category 7,2025-10-25,Merchant 16,6.47,0.32,-6.36,{'WELCOME'}
Category 7,2025-10-25,Merchant 17,65.0675,4.4175,12.225,"{'SAVE10','WELCOME'}"
Category 7,2025-10-25,Merchant 18,49.315,1.58375,9.7925,"{'NONE','WELCOME'}"
Category 7,2025-10-25,Merchant 19,48.58625,1.05375,-34.0425,"{'NONE','SAVE10','WELCOME'}"
Category 7,2025-10-25,Merchant 20,41.96666666666667,1.3266666666666667,-36.18666666666667,"{'NONE','WELCOME'}"
Category 7,2025-10-25,Merchant 3,70.08,3.5033333333333334,6.52,{'WELCOME'}
Category 7,2025-10-25,Merchant 4,34.44833333333333,2.848333333333333,-11.41,"{'NONE','SAVE10','WELCOME'}"
Category 7,2025-10-25,Merchant 6,61.679,2.998,-11.028,"{'NONE','SAVE10','WELCOME'}"
Category 7,2025-10-25,Merchant 8,25.05,2.265,-81.445,"{'SAVE10','WELCOME'}"
Category 7,2025-10-25,Merchant 9,42.21666666666667,3.2933333333333334,3.055,"{'NONE','SAVE10','WELCOME'}"
Category 7,2025-10-26,Merchant 1,56.52,0,25.04,{'NONE'}
Category 7,2025-10-26,Merchant 10,56.32909090909091,2.9636363636363634,7.785454545454545,"{'NONE','SAVE10','WELCOME'}"
Category 7,2025-10-26,Merchant 11,16.37,0,2.85,{'NONE'}
Category 7,2025-10-26,Merchant 12,42.77857142857143,1.7085714285714286,-34.497142857142855,"{'NONE','SAVE10','WELCOME'}"
Category 7,2025-10-26,Merchant 13,52.085,2.27,13.595,"{'NONE','WELCOME'}"
Category 7,2025-10-26,Merchant 14,31.583333333333332,1.5766666666666667,5.75,{'WELCOME'}
Category 7,2025-10-26,Merchant 15,48.62,2.185,-51.74,"{'NONE','WELCOME'}"
Category 7,2025-10-26,Merchant 16,57.6775,4.0475,11.85,"{'SAVE10','WELCOME'}"
Category 7,2025-10-26,Merchant 17,68.965,3.2225,13.145,"{'NONE','SAVE10','WELCOME'}"
Category 7,2025-10-26,Merchant 18,48.23,3.4375,8.34,"{'SAVE10','WELCOME'}"
Category 7,2025-10-26,Merchant 19,56.65,2.882,-37.942,"{'NONE','SAVE10','WELCOME'}"
Category 7,2025-10-26,Merchant 2,52.36,0.9833333333333333,6.413333333333333,"{'NONE','WELCOME'}"
Category 7,2025-10-26,Merchant 20,35.57,3.56,-70.69,{'SAVE10'}
Category 7,2025-10-26,Merchant 3,34.266,1.936,-4.716,"{'NONE','SAVE10','WELCOME'}"
Category 7,2025-10-26,Merchant 4,50.906666666666666,2.961666666666667,15.385,"{'NONE','SAVE10','WELCOME'}"
Category 7,2025-10-26,Merchant 6,96.17,4.81,11.93,{'WELCOME'}
Category 7,2025-10-26,Merchant 8,83.855,6.4325,-15.85,"{'SAVE10','WELCOME'}"
Category 7,2025-10-26,Merchant 9,87.96,6.1066666666666665,49.58,"{'SAVE10','WELCOME'}"
Category 7,2025-10-27,Merchant 10,57.14363636363636,1.9372727272727273,-8.41909090909091,"{'NONE','SAVE10','WELCOME'}"
Category 7,2025-10-27,Merchant 11,78.88,3.94,61.42,{'WELCOME'}
Category 7,2025-10-27,Merchant 12,45.21333333333333,1.365,-19.643333333333334,"{'NONE','SAVE10','WELCOME'}"
Category 7,2025-10-27,Merchant 13,41.516666666666666,2.9966666666666666,2.3,"{'SAVE10','WELCOME'}"
Category 7,2025-10-27,Merchant 14,45.55,3.715,-26.895,"{'SAVE10','WELCOME'}"
Category 7,2025-10-27,Merchant 15,52.15,2.78375,-23.195,"{'NONE','SAVE10','WELCOME'}"
Category 7,2025-10-27,Merchant 16,82.385,1.81,9.525,"{'NONE','WELCOME'}"
Category 7,2025-10-27,Merchant 17,28.02166666666667,1.2866666666666666,-10.325,"{'NONE','SAVE10','WELCOME'}"
Category 7,2025-10-27,Merchant 18,63.23428571428571,4.051428571428572,8.905714285714286,"{'SAVE10','WELCOME'}"
Category 7,2025-10-27,Merchant 19,52.4175,4.6925,-16.0925,"{'SAVE10','WELCOME'}"
Category 7,2025-10-27,Merchant 2,42.725,1.53,3.61,"{'NONE','SAVE10','WELCOME'}"
Category 7,2025-10-27,Merchant 20,94.425,4.72,-12.995,{'WELCOME'}
Category 7,2025-10-27,Merchant 3,59.37,2.1475,6.2075,"{'NONE','WELCOME'}"
Category 7,2025-10-27,Merchant 4,25.766666666666666,1.41,-19.813333333333333,"{'NONE','SAVE10','WELCOME'}"
Category 7,2025-10-27,Merchant 6,43.146,1.392,-10.158,"{'NONE','SAVE10','WELCOME'}"
Category 7,2025-10-27,Merchant 8,63.36,1.93,0.645,"{'NONE','WELCOME'}"
Category 7,2025-10-27,Merchant 9,55.544,1.53,26.456,"{'NONE','WELCOME'}"
Category 7,2025-10-28,Merchant 1,46.74,0,15.26,{'NONE'}
Category 7,2025-10-28,Merchant 10,53.186,2.444,16.948,"{'NONE','SAVE10','WELCOME'}"
Category 7,2025-10-28,Merchant 11,41.22,3.6966666666666668,-33.17666666666667,"{'SAVE10','WELCOME'}"
Category 7,2025-10-28,Merchant 12,51.148,1.882,-26.134,"{'NONE','WELCOME'}"
Category 7,2025-10-28,Merchant 14,57.35,4.07,-6.3116666666666665,"{'NONE','SAVE10','WELCOME'}"
Category 7,2025-10-28,Merchant 15,50.55,5.06,14.89,{'SAVE10'}
Category 7,2025-10-28,Merchant 16,45.66,2.78,-28.17,"{'SAVE10','WELCOME'}"
Category 7,2025-10-28,Merchant 17,47.06,1.5375,-4.9875,"{'NONE','WELCOME'}"
Category 7,2025-10-28,Merchant 18,56.81,2.995,2.1216666666666666,"{'NONE','SAVE10','WELCOME'}"
Category 7,2025-10-28,Merchant 19,69.395,2.14,-11.25,"{'NONE','SAVE10'}"
Category 7,2025-10-28,Merchant 2,66.24,1.845,48.945,"{'NONE','SAVE10'}"
Category 7,2025-10-28,Merchant 20,68.285,2.49,1.905,"{'NONE','WELCOME'}"
Category 7,2025-10-28,Merchant 3,62.655,1.9225,20.0725,"{'NONE','WELCOME'}"
Category 7,2025-10-28,Merchant 4,44.87,2.3625,-43.4675,"{'NONE','SAVE10','WELCOME'}"
Category 7,2025-10-28,Merchant 6,63.60666666666667,5.673333333333333,-30.47,"{'SAVE10','WELCOME'}"
Category 7,2025-10-28,Merchant 8,34.598,0.358,-9.09,"{'NONE','SAVE10','WELCOME'}"
Category 7,2025-10-28,Merchant 9,39.4575,1.6875,12.29,"{'NONE','WELCOME'}"
Category 7,2025-10-29,Merchant 1,68.545,5.625,31.44,"{'SAVE10','WELCOME'}"
Category 7,2025-10-29,Merchant 10,46.362,2.756,-32.094,"{'SAVE10','WELCOME'}"
Category 7,2025-10-29,Merchant 11,61.505,4.7075,0.395,"{'SAVE10','WELCOME'}"
Category 7,2025-10-29,Merchant 12,27.737142857142857,1.6414285714285715,-44.57857142857143,"{'NONE','SAVE10','WELCOME'}"
Category 7,2025-10-29,Merchant 13,67.625,0,31.405,{'NONE'}
Category 7,2025-10-29,Merchant 14,40.1025,2.36,-13.32,"{'NONE','SAVE10','WELCOME'}"
Category 7,2025-10-29,Merchant 15,83.81333333333333,5.72,24.226666666666667,"{'SAVE10','WELCOME'}"
Category 7,2025-10-29,Merchant 16,51.7125,2.225,22.3425,"{'NONE','WELCOME'}"
Category 7,2025-10-29,Merchant 17,33.586666666666666,0.26,-0.6566666666666666,"{'NONE','WELCOME'}"
Category 7,2025-10-29,Merchant 18,34.454,1.724,-36.774,{'WELCOME'}
Category 7,2025-10-29,Merchant 19,37.038333333333334,2.0283333333333333,-32.29666666666667,"{'NONE','SAVE10','WELCOME'}"
Category 7,2025-10-29,Merchant 2,47.32,2.545,29.325,"{'SAVE10','WELCOME'}"
Category 7,2025-10-29,Merchant 20,50.166666666666664,3.07,-3.856666666666667,"{'SAVE10','WELCOME'}"
Category 7,2025-10-29,Merchant 3,66.852,3.72,0.74,"{'SAVE10','WELCOME'}"
Category 7,2025-10-29,Merchant 4,37.84,2.55,-64.62,"{'SAVE10','WELCOME'}"
Category 7,2025-10-29,Merchant 6,59.6225,4.775,-34.6775,"{'SAVE10','WELCOME'}"
Category 7,2025-10-29,Merchant 8,56.96,2.85,-6.29,{'WELCOME'}
Category 7,2025-10-29,Merchant 9,90.615,1.965,42.78,"{'NONE','WELCOME'}"
Category 7,2025-10-30,Merchant 10,53.832857142857144,2.8642857142857143,12.200714285714286,"{'NONE','SAVE10','WELCOME'}"
Category 7,2025-10-30,Merchant 11,46.945,1.4075,-32.31,"{'NONE','SAVE10'}"
Category 7,2025-10-30,Merchant 12,57.47,2.834,-5.898,"{'NONE','SAVE10','WELCOME'}"
Category 7,2025-10-30,Merchant 14,52.425,1.725,-18.03,"{'NONE','WELCOME'}"
Category 7,2025-10-30,Merchant 15,48.916,2.612,-51.428,"{'NONE','SAVE10','WELCOME'}"
Category 7,2025-10-30,Merchant 16,28.276666666666667,1.4133333333333333,-44.18666666666667,{'WELCOME'}
Category 7,2025-10-30,Merchant 17,74.375,6.14,7.415,"{'SAVE10','WELCOME'}"
Category 7,2025-10-30,Merchant 18,66.78666666666666,4.138333333333334,22.3,"{'NONE','SAVE10','WELCOME'}"
Category 7,2025-10-30,Merchant 19,52.906666666666666,1.1333333333333333,-23.063333333333333,"{'NONE','WELCOME'}"
Category 7,2025-10-30,Merchant 2,45.28,2.263333333333333,-1.9466666666666668,{'WELCOME'}
Category 7,2025-10-30,Merchant 20,64.80666666666667,3.2916666666666665,-15.311666666666667,"{'NONE','SAVE10','WELCOME'}"
Category 7,2025-10-30,Merchant 3,53.34,2.0933333333333333,12.594444444444445,"{'NONE','SAVE10','WELCOME'}"
Category 7,2025-10-30,Merchant 4,45.08,2.256666666666667,-9.476666666666667,{'WELCOME'}
Category 7,2025-10-30,Merchant 6,45.34,4.265,-51.815,"{'NONE','SAVE10'}"
Category 7,2025-10-30,Merchant 8,78.06,5.3,-2.25,"{'SAVE10','WELCOME'}"
Category 7,2025-10-30,Merchant 9,60.09142857142857,2.3642857142857143,20.54,"{'NONE','WELCOME'}"
Category 7,2025-10-31,Merchant 10,31.698,1.501,-40.923,"{'NONE','SAVE10','WELCOME'}"
Category 7,2025-10-31,Merchant 11,57.005,1.68,-1.08,"{'NONE','WELCOME'}"
Category 7,2025-10-31,Merchant 12,54.80909090909091,2.620909090909091,-13.033636363636363,"{'NONE','SAVE10','WELCOME'}"
Category 7,2025-10-31,Merchant 13,50.63,5.06,9.35,{'SAVE10'}
Category 7,2025-10-31,Merchant 14,56.508,2.962,8.332,"{'NONE','SAVE10','WELCOME'}"
Category 7,2025-10-31,Merchant 15,83.53333333333333,4.176666666666667,-19.55666666666667,{'WELCOME'}
Category 7,2025-10-31,Merchant 16,23.22,1.16,9.55,{'WELCOME'}
Category 7,2025-10-31,Merchant 17,87.51,6.305,49.545,"{'SAVE10','WELCOME'}"
Category 7,2025-10-31,Merchant 18,69.00333333333333,5.22,6.416666666666667,"{'SAVE10','WELCOME'}"
Category 7,2025-10-31,Merchant 19,55.848571428571425,2.8257142857142856,-17.10142857142857,"{'NONE','SAVE10','WELCOME'}"
Category 7,2025-10-31,Merchant 2,47.7825,3.1875,-4.0575,"{'SAVE10','WELCOME'}"
Category 7,2025-10-31,Merchant 20,49.934,3.788,-25.504,"{'NONE','SAVE10','WELCOME'}"
Category 7,2025-10-31,Merchant 3,67.44777777777777,2.968888888888889,-11.47888888888889,"{'NONE','SAVE10','WELCOME'}"
Category 7,2025-10-31,Merchant 4,39.44,1.97,24.65,{'WELCOME'}
Category 7,2025-10-31,Merchant 6,83.87333333333333,5.543333333333333,-5.586666666666667,"{'SAVE10','WELCOME'}"
Category 7,2025-10-31,Merchant 8,72.005,1.15,10.198333333333334,"{'NONE','SAVE10','WELCOME'}"
Category 7,2025-10-31,Merchant 9,47.21,0.43,16.3,"{'NONE','WELCOME'}"
Category 7,2025-11-01,Merchant 1,34.22,3.42,-0.68,{'SAVE10'}
Category 7,2025-11-01,Merchant 10,67.31,2.89875,28.905,"{'NONE','SAVE10','WELCOME'}"
Category 7,2025-11-01,Merchant 11,95.47666666666667,8,45.36666666666667,"{'SAVE10','WELCOME'}"
Category 7,2025-11-01,Merchant 12,69.79333333333334,1.715,-7.801666666666667,"{'NONE','WELCOME'}"
Category 7,2025-11-01,Merchant 13,38.17,3.82,-1.87,{'SAVE10'}
Category 7,2025-11-01,Merchant 14,68.04833333333333,2.3133333333333335,3.5033333333333334,"{'NONE','SAVE10','WELCOME'}"
Category 7,2025-11-01,Merchant 15,66.64,3.4366666666666665,-0.08166666666666667,"{'NONE','SAVE10','WELCOME'}"
Category 7,2025-11-01,Merchant 17,61.5475,2.4225,12.885,"{'NONE','SAVE10','WELCOME'}"
Category 7,2025-11-01,Merchant 18,46.528,2.974,-12.174,"{'SAVE10','WELCOME'}"
Category 7,2025-11-01,Merchant 19,42.7,1.072,-19.27,"{'NONE','SAVE10','WELCOME'}"
Category 7,2025-11-01,Merchant 2,56.61333333333334,3.0733333333333333,8.576666666666666,"{'NONE','SAVE10'}"
Category 7,2025-11-01,Merchant 20,85.38,5.833333333333333,2.72,"{'SAVE10','WELCOME'}"
Category 7,2025-11-01,Merchant 3,48.20666666666666,2.601111111111111,-13.18,"{'NONE','SAVE10','WELCOME'}"
Category 7,2025-11-01,Merchant 4,62.7375,1.8,10.67,"{'NONE','WELCOME'}"
Category 7,2025-11-01,Merchant 6,44.05,2.845,-16.415,"{'NONE','SAVE10','WELCOME'}"
Category 7,2025-11-01,Merchant 8,42.57833333333333,3.2516666666666665,-28.378333333333334,"{'SAVE10','WELCOME'}"
Category 7,2025-11-01,Merchant 9,39.36571428571428,0.8085714285714286,13.021428571428572,"{'NONE','WELCOME'}"
Category 7,2025-11-02,Merchant 10,44.41285714285714,2.24,9.964285714285714,"{'NONE','SAVE10','WELCOME'}"
Category 7,2025-11-02,Merchant 11,23.48,1.17,-76.98,{'WELCOME'}
Category 7,2025-11-02,Merchant 12,58.158,1.742,-16.17,"{'NONE','SAVE10','WELCOME'}"
Category 7,2025-11-02,Merchant 13,52.29,2.61,13.46,{'WELCOME'}
Category 7,2025-11-02,Merchant 14,71.8,3.59,-8.44,{'WELCOME'}
Category 7,2025-11-02,Merchant 15,66.54285714285714,2.45,-14.461428571428572,"{'NONE','SAVE10','WELCOME'}"
Category 7,2025-11-02,Merchant 16,9.19,0.46,-3.78,{'WELCOME'}
Category 7,2025-11-02,Merchant 17,44.473333333333336,2.716666666666667,-19.358333333333334,"{'NONE','SAVE10','WELCOME'}"
Category 7,2025-11-02,Merchant 18,80.85,5.696666666666666,25.44333333333333,"{'SAVE10','WELCOME'}"
Category 7,2025-11-02,Merchant 19,58.84,1.8816666666666666,-29.101666666666667,"{'NONE','SAVE10','WELCOME'}"
Category 7,2025-11-02,Merchant 20,14.12,0,-10.96,{'NONE'}
Category 7,2025-11-02,Merchant 3,17.855,1.15,-69.255,"{'NONE','SAVE10'}"
Category 7,2025-11-02,Merchant 4,46.478,3.444,0.256,"{'NONE','SAVE10','WELCOME'}"
Category 7,2025-11-02,Merchant 6,26.82,2.68,-4.94,{'SAVE10'}
Category 7,2025-11-02,Merchant 8,52.315,2.615,-21.85,{'WELCOME'}
Category 7,2025-11-02,Merchant 9,45.004,2.87,12.422,"{'NONE','SAVE10','WELCOME'}"
Category 7,2025-11-03,Merchant 1,62.845,2.425,28.94,"{'NONE','WELCOME'}"
Category 7,2025-11-03,Merchant 10,47.20375,2.1825,4.38,"{'NONE','SAVE10','WELCOME'}"
Category 7,2025-11-03,Merchant 11,9.94,0.5,-89.85,{'WELCOME'}
Category 7,2025-11-03,Merchant 12,52.65555555555556,2.0211111111111113,-25.202222222222222,"{'NONE','SAVE10','WELCOME'}"
Category 7,2025-11-03,Merchant 13,69.69,1.155,32.32,"{'NONE','WELCOME'}"
Category 7,2025-11-03,Merchant 14,41.252,1.634,5.372,"{'NONE','WELCOME'}"
Category 7,2025-11-03,Merchant 15,6.99,0,-93.4,{'NONE'}
Category 7,2025-11-03,Merchant 16,48.083333333333336,1.51,34.06333333333333,"{'NONE','WELCOME'}"
Category 7,2025-11-03,Merchant 17,56.885714285714286,2.872142857142857,9.394285714285715,"{'NONE','SAVE10','WELCOME'}"
Category 7,2025-11-03,Merchant 18,48.64333333333333,3.7666666666666666,2.546666666666667,"{'NONE','SAVE10'}"
Category 7,2025-11-03,Merchant 19,55.96857142857143,3.087142857142857,-10.257142857142856,"{'SAVE10','WELCOME'}"
Category 7,2025-11-03,Merchant 2,41.9125,2.73,-9.47,"{'SAVE10','WELCOME'}"
Category 7,2025-11-03,Merchant 20,58.4725,1.59,12.3975,"{'NONE','WELCOME'}"
Category 7,2025-11-03,Merchant 3,51.255714285714284,2.3728571428571428,-2.262857142857143,"{'NONE','SAVE10','WELCOME'}"
Category 7,2025-11-03,Merchant 4,35.808571428571426,2.315714285714286,-13.167142857142856,"{'NONE','SAVE10','WELCOME'}"
Category 7,2025-11-03,Merchant 6,75.68,3.005,-13.485,"{'NONE','SAVE10'}"
Category 7,2025-11-03,Merchant 8,56.594,1.756,-14.482,"{'NONE','WELCOME'}"
Category 7,2025-11-03,Merchant 9,54.795,0.78,8.145,"{'NONE','SAVE10'}"
Category 7,2025-11-04,Merchant 1,25.83,0,-5.65,{'NONE'}
Category 7,2025-11-04,Merchant 10,65.69,3.54,13.588333333333333,"{'NONE','SAVE10','WELCOME'}"
Category 7,2025-11-04,Merchant 11,22.373333333333335,1.6833333333333333,-50.01,"{'SAVE10','WELCOME'}"
Category 7,2025-11-04,Merchant 12,76.31666666666666,3.3733333333333335,-9.65,"{'NONE','SAVE10'}"
Category 7,2025-11-04,Merchant 13,98.985,4.95,57.815,{'WELCOME'}
Category 7,2025-11-04,Merchant 14,52.42,2.9066666666666667,-10.484444444444444,"{'SAVE10','WELCOME'}"
Category 7,2025-11-04,Merchant 15,67.85,2.372,-5.228,"{'NONE','WELCOME'}"
Category 7,2025-11-04,Merchant 16,67.355,3.1725,22.4025,"{'NONE','SAVE10','WELCOME'}"
Category 7,2025-11-04,Merchant 17,38.18333333333333,2.45,-49.43666666666667,"{'SAVE10','WELCOME'}"
Category 7,2025-11-04,Merchant 18,66.17666666666666,1.5166666666666666,7.293333333333333,"{'NONE','WELCOME'}"
Category 7,2025-11-04,Merchant 19,60.35,3.98,-8.835,"{'NONE','SAVE10','WELCOME'}"
Category 7,2025-11-04,Merchant 2,72.46,4.475,37.781666666666666,"{'SAVE10','WELCOME'}"
Category 7,2025-11-04,Merchant 20,50.03333333333333,2.11,22.843333333333334,"{'NONE','WELCOME'}"
Category 7,2025-11-04,Merchant 3,62.3525,3.3325,4.745,"{'NONE','SAVE10','WELCOME'}"
Category 7,2025-11-04,Merchant 4,27.92,2.0042857142857144,-28.707142857142856,"{'NONE','SAVE10','WELCOME'}"
Category 7,2025-11-04,Merchant 6,79.9425,3.4525,-9.67,"{'NONE','SAVE10','WELCOME'}"
Category 7,2025-11-04,Merchant 8,50.42,2.5233333333333334,-27.113333333333333,{'WELCOME'}
Category 7,2025-11-04,Merchant 9,47.305,3.805,7.63,"{'SAVE10','WELCOME'}"
Category 7,2025-11-05,Merchant 1,13.81,1.38,-19.05,{'SAVE10'}
Category 7,2025-11-05,Merchant 10,67.4,2.748,30.05,"{'NONE','WELCOME'}"
Category 7,2025-11-05,Merchant 11,78.86333333333333,3.9433333333333334,4.22,{'WELCOME'}
Category 7,2025-11-05,Merchant 12,35.46,2.185,-42.2425,"{'SAVE10','WELCOME'}"
Category 7,2025-11-05,Merchant 14,10.81,0.79,-66.63,"{'SAVE10','WELCOME'}"
Category 7,2025-11-05,Merchant 15,56.004,2.684,-4.316,"{'NONE','SAVE10','WELCOME'}"
Category 7,2025-11-05,Merchant 16,58.69,3.276666666666667,23.39,"{'SAVE10','WELCOME'}"
Category 7,2025-11-05,Merchant 17,47.73,3.53,-29.413333333333334,"{'SAVE10','WELCOME'}"
Category 7,2025-11-05,Merchant 18,85.91,3.9525,31.255,"{'NONE','SAVE10'}"
Category 7,2025-11-05,Merchant 19,53.647777777777776,1.7733333333333332,-9.504444444444445,"{'NONE','SAVE10','WELCOME'}"
Category 7,2025-11-05,Merchant 2,42.905,0,-16.815,{'NONE'}
Category 7,2025-11-05,Merchant 3,30.96142857142857,0.9742857142857143,-21.158571428571427,"{'NONE','SAVE10','WELCOME'}"
Category 7,2025-11-05,Merchant 4,53.036,1.47,-8.63,"{'NONE','SAVE10','WELCOME'}"
Category 7,2025-11-05,Merchant 6,80.535,3.935,-9.56,"{'NONE','SAVE10'}"
Category 7,2025-11-05,Merchant 8,43.61375,2.21375,-30.15,"{'NONE','SAVE10','WELCOME'}"
Category 7,2025-11-05,Merchant 9,46.4625,0.55,12.7375,"{'NONE','WELCOME'}"
Category 7,2025-11-06,Merchant 10,54.42181818181818,3.331818181818182,2.1236363636363635,"{'SAVE10','WELCOME'}"
Category 7,2025-11-06,Merchant 11,57.8625,3.52,19.38,"{'SAVE10','WELCOME'}"
Category 7,2025-11-06,Merchant 12,52.82888888888889,1.531111111111111,-22.504444444444445,"{'NONE','SAVE10','WELCOME'}"
Category 7,2025-11-06,Merchant 14,82.08333333333333,2.716666666666667,31.553333333333335,"{'NONE','SAVE10'}"
Category 7,2025-11-06,Merchant 15,66.69,0,-33.7,{'NONE'}
Category 7,2025-11-06,Merchant 16,57.3525,1.27,14.3025,"{'NONE','WELCOME'}"
Category 7,2025-11-06,Merchant 17,53.06,2.0225,0.5275,"{'NONE','SAVE10','WELCOME'}"
Category 7,2025-11-06,Merchant 18,59.995,3.6966666666666668,6.586666666666667,"{'NONE','SAVE10','WELCOME'}"
Category 7,2025-11-06,Merchant 19,33.05,2.2866666666666666,-63.24,"{'SAVE10','WELCOME'}"
Category 7,2025-11-06,Merchant 2,79.16,3.96,59.75,{'WELCOME'}
Category 7,2025-11-06,Merchant 20,40.35,4.035,-27.575,{'SAVE10'}
Category 7,2025-11-06,Merchant 3,39.388333333333335,1.9516666666666667,-43.93666666666667,"{'NONE','SAVE10','WELCOME'}"
Category 7,2025-11-06,Merchant 4,71.17333333333333,0.66,18.213333333333335,"{'NONE','WELCOME'}"
Category 7,2025-11-06,Merchant 6,29.345,2.935,-34.575,{'SAVE10'}
Category 7,2025-11-06,Merchant 8,62.24,1.54,-14.31,"{'NONE','WELCOME'}"
Category 7,2025-11-06,Merchant 9,55.69,2.6466666666666665,17.435,"{'NONE','SAVE10','WELCOME'}"
Category 7,2025-11-07,Merchant 1,55.22,4.71,19.03,"{'SAVE10','WELCOME'}"
Category 7,2025-11-07,Merchant 10,44.74166666666667,1.8533333333333333,0.4166666666666667,"{'NONE','SAVE10','WELCOME'}"
Category 7,2025-11-07,Merchant 11,76.656,3.588,25.242,"{'NONE','SAVE10','WELCOME'}"
Category 7,2025-11-07,Merchant 12,60.595,3.921666666666667,-17.06833333333333,"{'NONE','SAVE10','WELCOME'}"
Category 7,2025-11-07,Merchant 13,18.3,0.92,-18.84,{'WELCOME'}
Category 7,2025-11-07,Merchant 14,43.72833333333333,3.151666666666667,-28.153333333333332,"{'SAVE10','WELCOME'}"
Category 7,2025-11-07,Merchant 15,57.57333333333333,3.493333333333333,1.6866666666666668,"{'SAVE10','WELCOME'}"
Category 7,2025-11-07,Merchant 16,52.065,1.5625,1.405,"{'NONE','SAVE10','WELCOME'}"
Category 7,2025-11-07,Merchant 17,70.13428571428571,2.282857142857143,15.895714285714286,"{'NONE','WELCOME'}"
Category 7,2025-11-07,Merchant 18,54.841,3.111,5.025,"{'NONE','SAVE10','WELCOME'}"
Category 7,2025-11-07,Merchant 19,56.115,3.5025,-25.8925,"{'SAVE10','WELCOME'}"
Category 7,2025-11-07,Merchant 2,25.01,2.115,-14.69,"{'SAVE10','WELCOME'}"
Category 7,2025-11-07,Merchant 20,63.8075,2.675,16.6475,"{'NONE','SAVE10','WELCOME'}"
Category 7,2025-11-07,Merchant 3,26.115,2.285,-26.86,"{'SAVE10','WELCOME'}"
Category 7,2025-11-07,Merchant 4,19.695,1.705,5.17,"{'NONE','SAVE10'}"
Category 7,2025-11-07,Merchant 6,35.364285714285714,2.2742857142857145,-59.8,"{'NONE','SAVE10','WELCOME'}"
Category 7,2025-11-07,Merchant 8,25.29,0,-78.94,{'NONE'}
Category 7,2025-11-07,Merchant 9,59.93,1.9466666666666668,29.04,"{'NONE','SAVE10','WELCOME'}"
Category 7,2025-11-08,Merchant 10,66.835,3.861666666666667,27.415,"{'NONE','SAVE10','WELCOME'}"
Category 7,2025-11-08,Merchant 11,92.13,7.095,71.515,"{'SAVE10','WELCOME'}"
Category 7,2025-11-08,Merchant 12,55.225,4.515,-25.03,"{'SAVE10','WELCOME'}"
Category 7,2025-11-08,Merchant 13,56.51,3.26,17.03,"{'NONE','SAVE10'}"
Category 7,2025-11-08,Merchant 14,28.14666666666667,0.86,21.30666666666667,"{'NONE','WELCOME'}"
Category 7,2025-11-08,Merchant 15,50.352,1.014,5.658,"{'NONE','WELCOME'}"
Category 7,2025-11-08,Merchant 16,40.56666666666667,2.1866666666666665,25.87,"{'SAVE10','WELCOME'}"
Category 7,2025-11-08,Merchant 17,29.312,2.874,-42.414,"{'SAVE10','WELCOME'}"
Category 7,2025-11-08,Merchant 18,19.71,0.99,-0.92,{'WELCOME'}
Category 7,2025-11-08,Merchant 19,40.4475,0.93,-53.0525,"{'NONE','WELCOME'}"
Category 7,2025-11-08,Merchant 2,94.12,4.71,73.96,{'WELCOME'}
Category 7,2025-11-08,Merchant 20,35.26,3.53,6.65,{'SAVE10'}
Category 7,2025-11-08,Merchant 3,59.73833333333334,3.256666666666667,-1.5233333333333332,"{'NONE','SAVE10','WELCOME'}"
Category 7,2025-11-08,Merchant 4,71.35,2.8575,33.9,"{'NONE','SAVE10','WELCOME'}"
Category 7,2025-11-08,Merchant 6,83.395,3.255,25.885,"{'NONE','SAVE10'}"
Category 7,2025-11-08,Merchant 8,65.55428571428571,5.877142857142857,-13.354285714285714,"{'SAVE10','WELCOME'}"
Category 7,2025-11-08,Merchant 9,36.455,1.82,-1.235,{'WELCOME'}
Category 8,2025-09-09,Merchant 12,93.09,4.65,53.95,{'WELCOME'}
Category 8,2025-09-09,Merchant 13,53.14,2.66,-31.73,{'WELCOME'}
Category 8,2025-09-09,Merchant 16,32.97,1.65,-52.93,{'WELCOME'}
Category 8,2025-09-09,Merchant 18,103.36,10.34,1.23,{'SAVE10'}
Category 8,2025-09-09,Merchant 5,20.89,0,-79.8,{'NONE'}
Category 8,2025-09-09,Merchant 6,47.33,0,32.51,{'NONE'}
Category 8,2025-09-10,Merchant 1,69.95,3.5,34.56,{'WELCOME'}
Category 8,2025-09-10,Merchant 10,65.925,4.02625,10.9025,"{'NONE','SAVE10','WELCOME'}"
Category 8,2025-09-10,Merchant 11,36.955,1.425,-61.16,"{'NONE','SAVE10','WELCOME'}"
Category 8,2025-09-10,Merchant 12,55.81666666666667,2.2466666666666666,8.643333333333333,"{'NONE','SAVE10','WELCOME'}"
Category 8,2025-09-10,Merchant 13,47.46,3.1783333333333332,-36.098333333333336,"{'NONE','SAVE10'}"
Category 8,2025-09-10,Merchant 16,50.82666666666667,2.5966666666666667,-3.506666666666667,"{'NONE','SAVE10','WELCOME'}"
Category 8,2025-09-10,Merchant 17,54.9125,3.0125,-12.81125,"{'NONE','SAVE10','WELCOME'}"
Category 8,2025-09-10,Merchant 19,56.195,2.81,-18.1,{'WELCOME'}
Category 8,2025-09-10,Merchant 2,84.67,5.6775,37.8025,"{'NONE','SAVE10','WELCOME'}"
Category 8,2025-09-10,Merchant 3,77.988,3.102,18.336,"{'NONE','SAVE10','WELCOME'}"
Category 8,2025-09-10,Merchant 4,63.495714285714286,3.22,-8.728571428571428,"{'NONE','SAVE10','WELCOME'}"
Category 8,2025-09-10,Merchant 5,86.854,4.902,14.752,"{'NONE','SAVE10','WELCOME'}"
Category 8,2025-09-10,Merchant 6,79.46333333333334,5.43,2.8066666666666666,"{'SAVE10','WELCOME'}"
Category 8,2025-09-10,Merchant 7,63.052,2.806,36.692,"{'NONE','SAVE10','WELCOME'}"
Category 8,2025-09-10,Merchant 8,32.412,2.058,-5.318,"{'SAVE10','WELCOME'}"
Category 8,2025-09-10,Merchant 9,50.4225,1.9325,-17.07,"{'NONE','WELCOME'}"
Category 8,2025-09-11,Merchant 10,26.19,0.9675,-16.5925,"{'NONE','SAVE10','WELCOME'}"
Category 8,2025-09-11,Merchant 11,70.975,4.63,-0.93,"{'SAVE10','WELCOME'}"
Category 8,2025-09-11,Merchant 12,54.985,4.83,0.01,"{'SAVE10','WELCOME'}"
Category 8,2025-09-11,Merchant 13,68.005,3.4,-22.335,{'WELCOME'}
Category 8,2025-09-11,Merchant 15,62.68666666666667,4.753333333333333,-29.106666666666666,"{'SAVE10','WELCOME'}"
Category 8,2025-09-11,Merchant 16,51.97125,2.895,-3.745,"{'SAVE10','WELCOME'}"
Category 8,2025-09-11,Merchant 17,54.96125,1.9675,-2.57,"{'NONE','SAVE10','WELCOME'}"
Category 8,2025-09-11,Merchant 18,67.2,3.36,-27.95,{'WELCOME'}
Category 8,2025-09-11,Merchant 19,53.9225,2.215,-29.565,"{'NONE','WELCOME'}"
Category 8,2025-09-11,Merchant 2,66.432,2.649,17.574,"{'NONE','SAVE10','WELCOME'}"
Category 8,2025-09-11,Merchant 3,49.655,4.965,-7.605,{'SAVE10'}
Category 8,2025-09-11,Merchant 4,62.15,3.11,27.96,{'WELCOME'}
Category 8,2025-09-11,Merchant 5,45.64666666666667,3.6766666666666667,-27.733333333333334,"{'SAVE10','WELCOME'}"
Category 8,2025-09-11,Merchant 6,91.6,4.58,-12.41,{'WELCOME'}
Category 8,2025-09-11,Merchant 7,90.59,1.6633333333333333,46.906666666666666,"{'NONE','WELCOME'}"
Category 8,2025-09-11,Merchant 8,69.885,2.5425,24.9475,"{'NONE','WELCOME'}"
Category 8,2025-09-11,Merchant 9,62.97571428571428,4.5528571428571425,-19.21857142857143,"{'SAVE10','WELCOME'}"
Category 8,2025-09-12,Merchant 10,65.29666666666667,4.483333333333333,8.371666666666666,"{'SAVE10','WELCOME'}"
Category 8,2025-09-12,Merchant 11,57.8825,2.82,-28.105,"{'NONE','SAVE10','WELCOME'}"
Category 8,2025-09-12,Merchant 12,42.555,2.405,-15.213333333333333,"{'SAVE10','WELCOME'}"
Category 8,2025-09-12,Merchant 13,30.043333333333333,2.763333333333333,-49.026666666666664,"{'NONE','SAVE10'}"
Category 8,2025-09-12,Merchant 15,59.918,3,-30.122,"{'NONE','SAVE10','WELCOME'}"
Category 8,2025-09-12,Merchant 16,36.46,1.7966666666666666,-16.045,"{'NONE','SAVE10','WELCOME'}"
Category 8,2025-09-12,Merchant 17,74.89571428571429,1.9385714285714286,22.934285714285714,"{'NONE','WELCOME'}"
Category 8,2025-09-12,Merchant 18,5.27,0,-86.52,{'NONE'}
Category 8,2025-09-12,Merchant 19,65.45,4.61625,-29.41625,"{'NONE','SAVE10','WELCOME'}"
Category 8,2025-09-12,Merchant 2,44.595,2.44,-19.0575,"{'SAVE10','WELCOME'}"
Category 8,2025-09-12,Merchant 3,65.8675,0.92,-0.7825,"{'NONE','WELCOME'}"
Category 8,2025-09-12,Merchant 4,51.1625,3.6225,-27.4325,"{'NONE','SAVE10','WELCOME'}"
Category 8,2025-09-12,Merchant 5,51.06666666666667,2.14,-14.523333333333333,"{'NONE','WELCOME'}"
Category 8,2025-09-12,Merchant 6,59.5,2.77,-0.395,"{'NONE','SAVE10'}"
Category 8,2025-09-12,Merchant 7,102.53,5.13,42.19,{'WELCOME'}
Category 8,2025-09-12,Merchant 8,42.88166666666667,2.595,14.73,"{'NONE','SAVE10','WELCOME'}"
Category 8,2025-09-12,Merchant 9,7.04,0,-58.23,{'NONE'}
Category 8,2025-09-13,Merchant 1,30.035,0.77,-2.625,"{'NONE','WELCOME'}"
Category 8,2025-09-13,Merchant 10,55.685,2.785,-8.67,{'WELCOME'}
Category 8,2025-09-13,Merchant 11,61.445,3.39,-11.59,"{'NONE','SAVE10','WELCOME'}"
Category 8,2025-09-13,Merchant 12,62.56333333333333,4.833333333333333,2.3666666666666667,"{'SAVE10','WELCOME'}"
Category 8,2025-09-13,Merchant 13,53.18555555555555,3.46,-33.06333333333333,"{'NONE','SAVE10','WELCOME'}"
Category 8,2025-09-13,Merchant 15,17.85,0.89,-70.08,{'WELCOME'}
Category 8,2025-09-13,Merchant 16,63.825,1.69,-6.88,"{'NONE','WELCOME'}"
Category 8,2025-09-13,Merchant 17,69.706,2.554,-0.736,"{'NONE','SAVE10','WELCOME'}"
Category 8,2025-09-13,Merchant 19,78.375,7.835,-20.52,{'SAVE10'}
Category 8,2025-09-13,Merchant 2,70.02666666666667,4.863333333333333,3.4466666666666668,"{'SAVE10','WELCOME'}"
Category 8,2025-09-13,Merchant 3,71.7525,3.5875,9.1525,{'WELCOME'}
Category 8,2025-09-13,Merchant 4,53.89666666666667,2.6933333333333334,-16.63,{'WELCOME'}
Category 8,2025-09-13,Merchant 5,32.61,0.79,-27.01,"{'NONE','WELCOME'}"
Category 8,2025-09-13,Merchant 6,33.662,1.684,-16.686,{'WELCOME'}
Category 8,2025-09-13,Merchant 7,58.53333333333333,2.4566666666666666,14.056666666666667,"{'NONE','WELCOME'}"
Category 8,2025-09-13,Merchant 8,47.17,4.72,33.66,{'SAVE10'}
Category 8,2025-09-13,Merchant 9,82,4.1,-9.02,{'WELCOME'}
Category 8,2025-09-14,Merchant 10,51.93875,3.17125,-1.89,"{'NONE','SAVE10','WELCOME'}"
Category 8,2025-09-14,Merchant 11,80.97,2.06,10.845,"{'NONE','WELCOME'}"
Category 8,2025-09-14,Merchant 12,67.855,5.19,12.52,"{'SAVE10','WELCOME'}"
Category 8,2025-09-14,Merchant 13,39.16142857142857,3.162857142857143,-42.11142857142857,"{'SAVE10','WELCOME'}"
Category 8,2025-09-14,Merchant 16,31.49,1.262,-26.52,"{'NONE','SAVE10','WELCOME'}"
Category 8,2025-09-14,Merchant 17,62.955,4.89,0.785,"{'SAVE10','WELCOME'}"
Category 8,2025-09-14,Merchant 18,85.51,8.55,-14.83,{'SAVE10'}
Category 8,2025-09-14,Merchant 19,48.735,2.085,-42.25,"{'NONE','SAVE10'}"
Category 8,2025-09-14,Merchant 2,53.18833333333333,2.9366666666666665,-4.286666666666667,"{'NONE','SAVE10','WELCOME'}"
Category 8,2025-09-14,Merchant 3,49.294,3.326,-14.026,"{'NONE','SAVE10','WELCOME'}"
Category 8,2025-09-14,Merchant 4,55.5075,2.13,-11.415,"{'NONE','SAVE10','WELCOME'}"
Category 8,2025-09-14,Merchant 5,75.072,4.482,-2.212,"{'NONE','SAVE10','WELCOME'}"
Category 8,2025-09-14,Merchant 8,68.7025,4.0325,50.32,"{'SAVE10','WELCOME'}"
Category 8,2025-09-14,Merchant 9,51.83166666666666,4.108333333333333,-31.98,"{'SAVE10','WELCOME'}"
Category 8,2025-09-15,Merchant 1,43.76,2.19,9.68,{'WELCOME'}
Category 8,2025-09-15,Merchant 10,57.91875,3.025,23.2975,"{'NONE','SAVE10','WELCOME'}"
Category 8,2025-09-15,Merchant 11,73.9425,3.8275,-11.8675,"{'NONE','SAVE10','WELCOME'}"
Category 8,2025-09-15,Merchant 12,50.33571428571429,4.122857142857143,-6.168571428571429,"{'SAVE10','WELCOME'}"
Category 8,2025-09-15,Merchant 13,69.2088888888889,3.0455555555555556,-19.2,"{'NONE','SAVE10','WELCOME'}"
Category 8,2025-09-15,Merchant 15,73.83,3.69,-16.9,{'WELCOME'}
Category 8,2025-09-15,Merchant 16,56.084,2.006,-13.2,"{'NONE','WELCOME'}"
Category 8,2025-09-15,Merchant 17,69.77571428571429,3.0514285714285716,9.644285714285715,"{'NONE','SAVE10','WELCOME'}"
Category 8,2025-09-15,Merchant 18,50.91,2.55,-43.43,{'WELCOME'}
Category 8,2025-09-15,Merchant 19,84.38,4.345,-11.025,"{'NONE','SAVE10'}"
Category 8,2025-09-15,Merchant 2,69.75,3.0375,13.865,"{'NONE','SAVE10','WELCOME'}"
Category 8,2025-09-15,Merchant 3,50.51571428571429,3.9914285714285715,-6.5685714285714285,"{'NONE','SAVE10','WELCOME'}"
Category 8,2025-09-15,Merchant 4,57.08,3.66,-8.702,"{'SAVE10','WELCOME'}"
Category 8,2025-09-15,Merchant 5,43.61,2.18,-17.4,{'WELCOME'}
Category 8,2025-09-15,Merchant 6,42.165,2.1075,4.085,{'WELCOME'}
Category 8,2025-09-15,Merchant 8,67.57166666666667,1.88,45.08166666666666,"{'NONE','WELCOME'}"
Category 8,2025-09-15,Merchant 9,79.15666666666667,2.5033333333333334,11.383333333333333,"{'NONE','SAVE10'}"
Category 8,2025-09-16,Merchant 10,52.373333333333335,2.745,-10.56,"{'NONE','SAVE10','WELCOME'}"
Category 8,2025-09-16,Merchant 11,61.2675,4.26,-24.975,"{'NONE','SAVE10','WELCOME'}"
Category 8,2025-09-16,Merchant 12,48.6825,1.585,4.78,"{'NONE','WELCOME'}"
Category 8,2025-09-16,Merchant 13,46.54454545454546,2.100909090909091,-34.16,"{'NONE','SAVE10','WELCOME'}"
Category 8,2025-09-16,Merchant 15,66.26,3.31,-24.09,{'WELCOME'}
Category 8,2025-09-16,Merchant 16,68.598,3.744,13.882,"{'NONE','SAVE10','WELCOME'}"
Category 8,2025-09-16,Merchant 17,97.72,4.89,41.96,{'WELCOME'}
Category 8,2025-09-16,Merchant 18,96.58,0,4.79,{'NONE'}
Category 8,2025-09-16,Merchant 19,68.7175,3.715,-24.70625,"{'NONE','SAVE10','WELCOME'}"
Category 8,2025-09-16,Merchant 2,38.66142857142857,1.5071428571428571,-15.222857142857142,"{'NONE','SAVE10','WELCOME'}"
Category 8,2025-09-16,Merchant 3,61.95666666666666,4.403333333333333,26.543333333333333,"{'NONE','SAVE10'}"
Category 8,2025-09-16,Merchant 4,50.9925,1.3525,-27.8775,"{'NONE','WELCOME'}"
Category 8,2025-09-16,Merchant 5,84.14,3.54,0.84,"{'NONE','SAVE10','WELCOME'}"
Category 8,2025-09-16,Merchant 6,51.48714285714286,1.6042857142857143,-1.1985714285714286,"{'NONE','SAVE10','WELCOME'}"
Category 8,2025-09-16,Merchant 7,61.11,2.145,43.325,"{'NONE','WELCOME'}"
Category 8,2025-09-16,Merchant 8,13.285,0.52,0.265,"{'NONE','WELCOME'}"
Category 8,2025-09-16,Merchant 9,71.9175,3.4425,3.06,"{'NONE','WELCOME'}"
Category 8,2025-09-17,Merchant 10,54.53,4.151666666666666,-9.811666666666667,"{'SAVE10','WELCOME'}"
Category 8,2025-09-17,Merchant 11,60.365,4.3275,-28.315,"{'SAVE10','WELCOME'}"
Category 8,2025-09-17,Merchant 12,35.54,1.775,-16.38,{'WELCOME'}
Category 8,2025-09-17,Merchant 13,69.115,4.28,-13.84,"{'NONE','SAVE10','WELCOME'}"
Category 8,2025-09-17,Merchant 15,8.37,0,-78.67,{'NONE'}
Category 8,2025-09-17,Merchant 16,23.183333333333334,0.87,-28.863333333333333,"{'NONE','WELCOME'}"
Category 8,2025-09-17,Merchant 17,57.908,2.962,-15.196,"{'SAVE10','WELCOME'}"
Category 8,2025-09-17,Merchant 18,68.085,6.805,-30.51,{'SAVE10'}
Category 8,2025-09-17,Merchant 19,54.065,2.11,-38.025,"{'NONE','SAVE10','WELCOME'}"
Category 8,2025-09-17,Merchant 2,43.18,4.32,-17.28,{'SAVE10'}
Category 8,2025-09-17,Merchant 3,65.1,3.23,-9.294,"{'NONE','SAVE10','WELCOME'}"
Category 8,2025-09-17,Merchant 4,58.236666666666665,2.913333333333333,-27.493333333333332,{'WELCOME'}
Category 8,2025-09-17,Merchant 5,46.68666666666667,3.3866666666666667,-32.56333333333333,"{'NONE','SAVE10'}"
Category 8,2025-09-17,Merchant 6,24.345,1.035,-33.815,"{'NONE','WELCOME'}"
Category 8,2025-09-17,Merchant 7,40.66,3.8666666666666667,7.963333333333333,"{'SAVE10','WELCOME'}"
Category 8,2025-09-17,Merchant 8,58.40571428571429,3.1214285714285714,42.254285714285714,"{'NONE','SAVE10','WELCOME'}"
Category 8,2025-09-17,Merchant 9,89.63,0,2.71,{'NONE'}
Category 8,2025-09-18,Merchant 1,41,1.095,8.015,"{'NONE','WELCOME'}"
Category 8,2025-09-18,Merchant 10,59.87,1.8075,8.115,"{'NONE','SAVE10','WELCOME'}"
Category 8,2025-09-18,Merchant 11,62.04,3.105,18.71,{'WELCOME'}
Category 8,2025-09-18,Merchant 12,40.955,2.22,-11.41,"{'SAVE10','WELCOME'}"
Category 8,2025-09-18,Merchant 13,51.992,2.94,-33.006,"{'NONE','SAVE10','WELCOME'}"
Category 8,2025-09-18,Merchant 16,60.62615384615385,2.6953846153846155,14.364615384615385,"{'NONE','SAVE10','WELCOME'}"
Category 8,2025-09-18,Merchant 17,41.63,3.3675,-14.25,"{'SAVE10','WELCOME'}"
Category 8,2025-09-18,Merchant 19,67.694,1.93,-2.67,"{'NONE','WELCOME'}"
Category 8,2025-09-18,Merchant 2,44.86,1.644,-16.982,"{'NONE','SAVE10','WELCOME'}"
Category 8,2025-09-18,Merchant 3,70.42666666666666,3.533333333333333,-1.4533333333333334,"{'NONE','SAVE10','WELCOME'}"
Category 8,2025-09-18,Merchant 4,65.6175,3.2825,-23.875,{'WELCOME'}
Category 8,2025-09-18,Merchant 5,55.28,0,-45.41,{'NONE'}
Category 8,2025-09-18,Merchant 6,70.218,5.08,-17.37,"{'SAVE10','WELCOME'}"
Category 8,2025-09-18,Merchant 7,37.5975,1.455,-9.175,"{'NONE','WELCOME'}"
Category 8,2025-09-18,Merchant 8,11.125,0.89,-2.265,"{'SAVE10','WELCOME'}"
Category 8,2025-09-18,Merchant 9,68.77,2.48,0.73,"{'NONE','WELCOME'}"
Category 8,2025-09-19,Merchant 10,72.024,2.462,25.192,"{'NONE','SAVE10','WELCOME'}"
Category 8,2025-09-19,Merchant 11,46.96666666666667,1.2933333333333332,-51.806666666666665,"{'NONE','WELCOME'}"
Category 8,2025-09-19,Merchant 12,59.81,4.96,-10.95,"{'SAVE10','WELCOME'}"
Category 8,2025-09-19,Merchant 13,56.776666666666664,3.203333333333333,-37.44,"{'NONE','SAVE10','WELCOME'}"
Category 8,2025-09-19,Merchant 15,24.75,0,-62.29,{'NONE'}
Category 8,2025-09-19,Merchant 16,36.03375,1.96,-26.91375,"{'NONE','SAVE10','WELCOME'}"
Category 8,2025-09-19,Merchant 17,64.02666666666667,1.7366666666666668,6.31,"{'NONE','WELCOME'}"
Category 8,2025-09-19,Merchant 19,24.72,0,-65.26,{'NONE'}
Category 8,2025-09-19,Merchant 2,79.535,6.24,32.105,"{'SAVE10','WELCOME'}"
Category 8,2025-09-19,Merchant 3,47.065,1.15,-22.835,"{'NONE','WELCOME'}"
Category 8,2025-09-19,Merchant 4,39.992,0.93,-32.05,"{'NONE','SAVE10','WELCOME'}"
Category 8,2025-09-19,Merchant 5,43.83166666666666,2.191666666666667,-17.19,{'WELCOME'}
Category 8,2025-09-19,Merchant 6,59.248333333333335,2.4433333333333334,13.781666666666666,"{'NONE','WELCOME'}"
Category 8,2025-09-19,Merchant 7,45.87444444444444,3.131111111111111,9.516666666666667,"{'NONE','SAVE10','WELCOME'}"
Category 8,2025-09-19,Merchant 8,55.39,4.296666666666667,-0.03,"{'SAVE10','WELCOME'}"
Category 8,2025-09-19,Merchant 9,55.146,2.902,-17.704,"{'NONE','SAVE10','WELCOME'}"
Category 8,2025-09-20,Merchant 10,39.74,1.985,15.695,{'WELCOME'}
Category 8,2025-09-20,Merchant 11,42.376666666666665,0.9566666666666667,-57.64,"{'NONE','WELCOME'}"
Category 8,2025-09-20,Merchant 12,46.78,3.3533333333333335,-1.5,"{'SAVE10','WELCOME'}"
Category 8,2025-09-20,Merchant 13,65.38555555555556,2.7866666666666666,-20.57777777777778,"{'NONE','SAVE10','WELCOME'}"
Category 8,2025-09-20,Merchant 15,49.42,2.453333333333333,-40.07333333333333,"{'NONE','SAVE10','WELCOME'}"
Category 8,2025-09-20,Merchant 16,54.7875,1.92375,8.69125,"{'NONE','SAVE10','WELCOME'}"
Category 8,2025-09-20,Merchant 17,64.7,6.47,-16.73,{'SAVE10'}
Category 8,2025-09-20,Merchant 18,29.293333333333333,0.5566666666666666,-63.053333333333335,"{'NONE','SAVE10','WELCOME'}"
Category 8,2025-09-20,Merchant 19,64.745,3.2375,-27.9325,{'WELCOME'}
Category 8,2025-09-20,Merchant 2,58.862,3.21,11.472,"{'NONE','SAVE10','WELCOME'}"
Category 8,2025-09-20,Merchant 3,15.725,0.17,-55.005,"{'NONE','WELCOME'}"
Category 8,2025-09-20,Merchant 4,64.2025,3.21,-2.7425,{'WELCOME'}
Category 8,2025-09-20,Merchant 5,77.06666666666666,4.12,-1.3766666666666667,"{'NONE','SAVE10','WELCOME'}"
Category 8,2025-09-20,Merchant 7,26.504,0.782,-13.66,"{'NONE','SAVE10','WELCOME'}"
Category 8,2025-09-20,Merchant 8,49.77,3.203333333333333,37.776666666666664,"{'NONE','SAVE10','WELCOME'}"
Category 8,2025-09-20,Merchant 9,34.63,2.0933333333333333,-40.14333333333333,"{'NONE','SAVE10','WELCOME'}"
Category 8,2025-09-21,Merchant 1,72.61,7.26,33.46,{'SAVE10'}
Category 8,2025-09-21,Merchant 10,67.719,1.389,14.602,"{'NONE','WELCOME'}"
Category 8,2025-09-21,Merchant 11,20.2,1.01,-75.13,{'WELCOME'}
Category 8,2025-09-21,Merchant 12,56.495,3.02,11.1575,"{'NONE','SAVE10','WELCOME'}"
Category 8,2025-09-21,Merchant 13,73.56833333333333,1.8366666666666667,-9.77,"{'NONE','WELCOME'}"
Category 8,2025-09-21,Merchant 15,84.79,4.24,-6.49,{'WELCOME'}
Category 8,2025-09-21,Merchant 16,42.065,3.8025,-8.92,"{'SAVE10','WELCOME'}"
Category 8,2025-09-21,Merchant 17,55.4475,1.1475,4.9125,"{'NONE','WELCOME'}"
Category 8,2025-09-21,Merchant 18,36.42,3.21,-58.58,"{'SAVE10','WELCOME'}"
Category 8,2025-09-21,Merchant 19,56.72666666666667,2.705,-17.823333333333334,"{'NONE','WELCOME'}"
Category 8,2025-09-21,Merchant 2,45.695,1.0266666666666666,-17.641666666666666,"{'NONE','SAVE10','WELCOME'}"
Category 8,2025-09-21,Merchant 3,42.05,0,-25.49,{'NONE'}
Category 8,2025-09-21,Merchant 4,70.87,2.57,14.745,"{'NONE','WELCOME'}"
Category 8,2025-09-21,Merchant 5,61.2125,2.4,-11.6375,"{'NONE','SAVE10','WELCOME'}"
Category 8,2025-09-21,Merchant 6,66.51,5.58,-10.296666666666667,"{'SAVE10','WELCOME'}"
Category 8,2025-09-21,Merchant 7,58.355,2.9175,20.0125,{'WELCOME'}
Category 8,2025-09-21,Merchant 8,58.2,0,-14.09,{'NONE'}
Category 8,2025-09-21,Merchant 9,54.632,3.984,-27.612,"{'SAVE10','WELCOME'}"
Category 8,2025-09-22,Merchant 1,45.995,2.715,11.39,"{'SAVE10','WELCOME'}"
Category 8,2025-09-22,Merchant 10,50.235,3.8966666666666665,-12.925,"{'SAVE10','WELCOME'}"
Category 8,2025-09-22,Merchant 11,51.324,2.568,-25.824,{'WELCOME'}
Category 8,2025-09-22,Merchant 12,62.265,1.465,10.655,"{'NONE','WELCOME'}"
Category 8,2025-09-22,Merchant 13,62.154,4.552,-22.41,"{'SAVE10','WELCOME'}"
Category 8,2025-09-22,Merchant 15,62.18,3.11,-27.97,{'WELCOME'}
Category 8,2025-09-22,Merchant 16,51.383,2.132,2.327,"{'NONE','SAVE10','WELCOME'}"
Category 8,2025-09-22,Merchant 17,59,1.57,0.15,"{'NONE','WELCOME'}"
Category 8,2025-09-22,Merchant 18,33.57,1.68,-59.9,{'WELCOME'}
Category 8,2025-09-22,Merchant 19,21.33,1.71,-34.45,"{'SAVE10','WELCOME'}"
Category 8,2025-09-22,Merchant 2,59.287142857142854,3.5585714285714287,-0.92,"{'SAVE10','WELCOME'}"
Category 8,2025-09-22,Merchant 3,51.13,1.6657142857142857,-9.708571428571428,"{'NONE','WELCOME'}"
Category 8,2025-09-22,Merchant 4,82.31,5.2275,2.1125,"{'SAVE10','WELCOME'}"
Category 8,2025-09-22,Merchant 5,52.416,2.238,-17.024,"{'NONE','WELCOME'}"
Category 8,2025-09-22,Merchant 6,64.98333333333333,3.47,18.493333333333332,"{'NONE','SAVE10','WELCOME'}"
Category 8,2025-09-22,Merchant 7,25.98,1.3,-30.53,{'WELCOME'}
Category 8,2025-09-22,Merchant 8,66.705,3.335,22.83,{'WELCOME'}
Category 8,2025-09-22,Merchant 9,33.385,1.5166666666666666,-37.3,"{'NONE','SAVE10','WELCOME'}"
Category 8,2025-09-23,Merchant 1,41.91,2.1,7.92,{'WELCOME'}
Category 8,2025-09-23,Merchant 10,62.31333333333333,3.1166666666666667,1.7666666666666666,{'WELCOME'}
Category 8,2025-09-23,Merchant 11,56.18,2.69,-13.785,"{'NONE','SAVE10','WELCOME'}"
Category 8,2025-09-23,Merchant 12,73.49,3.67,35.33,{'WELCOME'}
Category 8,2025-09-23,Merchant 13,25.756,0.384,-59.124,"{'NONE','WELCOME'}"
Category 8,2025-09-23,Merchant 16,52.2125,3.0875,1.5408333333333333,"{'NONE','SAVE10','WELCOME'}"
Category 8,2025-09-23,Merchant 17,78.19125,3.2725,19.395,"{'NONE','SAVE10','WELCOME'}"
Category 8,2025-09-23,Merchant 18,98.6,4.93,1.88,{'WELCOME'}
Category 8,2025-09-23,Merchant 19,36.973333333333336,3,-32.42666666666667,"{'SAVE10','WELCOME'}"
Category 8,2025-09-23,Merchant 2,74.37,5.16,-3.66,"{'SAVE10','WELCOME'}"
Category 8,2025-09-23,Merchant 3,68.96,3.84,6.738333333333333,"{'NONE','SAVE10','WELCOME'}"
Category 8,2025-09-23,Merchant 4,53.794,2.174,-10.502,"{'NONE','SAVE10','WELCOME'}"
Category 8,2025-09-23,Merchant 5,65.886,5.382,-14.146,"{'SAVE10','WELCOME'}"
Category 8,2025-09-23,Merchant 6,48.99666666666667,0.945,19.13,"{'NONE','WELCOME'}"
Category 8,2025-09-23,Merchant 7,72.98333333333333,5.273333333333333,25.69,"{'NONE','SAVE10'}"
Category 8,2025-09-23,Merchant 8,76.53,3.83,63.91,{'WELCOME'}
Category 8,2025-09-23,Merchant 9,67.3925,4.0975,-12.945,"{'NONE','SAVE10','WELCOME'}"
Category 8,2025-09-24,Merchant 1,35.2,1.33,1.98,"{'NONE','WELCOME'}"
Category 8,2025-09-24,Merchant 10,45.873333333333335,2.618333333333333,-16.481666666666666,"{'NONE','SAVE10','WELCOME'}"
Category 8,2025-09-24,Merchant 11,34.962857142857146,1.1885714285714286,-48.47714285714286,"{'NONE','SAVE10','WELCOME'}"
Category 8,2025-09-24,Merchant 12,59.29666666666667,3.723333333333333,0.21,"{'SAVE10','WELCOME'}"
Category 8,2025-09-24,Merchant 13,70.21285714285715,3.1871428571428573,-18.56714285714286,"{'NONE','SAVE10','WELCOME'}"
Category 8,2025-09-24,Merchant 16,67.025,2.538,11.066,"{'NONE','SAVE10','WELCOME'}"
Category 8,2025-09-24,Merchant 17,51.215,1.375,-8.695,"{'NONE','WELCOME'}"
Category 8,2025-09-24,Merchant 18,40.49,2.02,-53.32,{'WELCOME'}
Category 8,2025-09-24,Merchant 19,58.49923076923077,2.003076923076923,-25.529230769230768,"{'NONE','SAVE10','WELCOME'}"
Category 8,2025-09-24,Merchant 2,52.285,3.215,22.835,"{'NONE','SAVE10'}"
Category 8,2025-09-24,Merchant 3,64.09333333333333,4.54,-6.78,"{'SAVE10','WELCOME'}"
Category 8,2025-09-24,Merchant 4,63.466,2.978,-5.706,"{'NONE','SAVE10','WELCOME'}"
Category 8,2025-09-24,Merchant 5,68.2,4.438,0.256,"{'NONE','SAVE10','WELCOME'}"
Category 8,2025-09-24,Merchant 7,47.61,1.3166666666666667,30.653333333333332,"{'NONE','WELCOME'}"
Category 8,2025-09-24,Merchant 8,53.9,2.48,26.964,"{'NONE','SAVE10','WELCOME'}"
Category 8,2025-09-24,Merchant 9,62.252857142857145,2.1757142857142857,-5.524285714285714,"{'NONE','SAVE10','WELCOME'}"
Category 8,2025-09-25,Merchant 1,23.43,0,-8.46,{'NONE'}
Category 8,2025-09-25,Merchant 10,67.165,4.165,12.3425,"{'SAVE10','WELCOME'}"
Category 8,2025-09-25,Merchant 11,38.777142857142856,1.7,-50.87,"{'NONE','SAVE10','WELCOME'}"
Category 8,2025-09-25,Merchant 12,49.015,2.105,12.42,"{'NONE','SAVE10','WELCOME'}"
Category 8,2025-09-25,Merchant 13,57.53454545454545,3.58,-33.49,"{'NONE','SAVE10','WELCOME'}"
Category 8,2025-09-25,Merchant 15,55.235,5.525,-37.33,{'SAVE10'}
Category 8,2025-09-25,Merchant 16,96.56,4.83,47.63,{'WELCOME'}
Category 8,2025-09-25,Merchant 17,71.805,3.65,12.825,"{'NONE','SAVE10','WELCOME'}"
Category 8,2025-09-25,Merchant 18,90.49,4.525,-5.825,{'WELCOME'}
Category 8,2025-09-25,Merchant 19,44.8075,2.195,-29.4125,"{'NONE','SAVE10','WELCOME'}"
Category 8,2025-09-25,Merchant 2,53.84166666666667,2.393333333333333,-5.285,"{'NONE','SAVE10','WELCOME'}"
Category 8,2025-09-25,Merchant 3,52.934,4.554,-3.824,"{'NONE','SAVE10','WELCOME'}"
Category 8,2025-09-25,Merchant 4,53.6625,4.15,-36.6975,"{'SAVE10','WELCOME'}"
Category 8,2025-09-25,Merchant 5,46.12,2.31,-10.4,{'WELCOME'}
Category 8,2025-09-25,Merchant 6,78.035,6.475,56.74,"{'SAVE10','WELCOME'}"
Category 8,2025-09-25,Merchant 7,60.99666666666667,5.723333333333334,26.44333333333333,"{'SAVE10','WELCOME'}"
Category 8,2025-09-25,Merchant 8,33.376666666666665,1.5666666666666667,-3.0933333333333333,"{'NONE','SAVE10','WELCOME'}"
Category 8,2025-09-25,Merchant 9,39.8,0,-47.12,{'NONE'}
Category 8,2025-09-26,Merchant 1,10.26,0.51,-22.14,{'WELCOME'}
Category 8,2025-09-26,Merchant 10,58.4475,3.575,4.925,"{'NONE','SAVE10','WELCOME'}"
Category 8,2025-09-26,Merchant 11,55.475,5.55,-19.72,{'SAVE10'}
Category 8,2025-09-26,Merchant 12,51.83,3.34,-4.786,"{'SAVE10','WELCOME'}"
Category 8,2025-09-26,Merchant 13,43.225,2.619,-48.232,"{'NONE','SAVE10','WELCOME'}"
Category 8,2025-09-26,Merchant 15,40.583333333333336,3.466666666666667,-49.92333333333333,"{'NONE','SAVE10','WELCOME'}"
Category 8,2025-09-26,Merchant 16,57.55461538461538,3.473076923076923,-6.923076923076923,"{'NONE','SAVE10','WELCOME'}"
Category 8,2025-09-26,Merchant 17,38.62,2.666,-19.798,"{'NONE','SAVE10','WELCOME'}"
Category 8,2025-09-26,Merchant 18,72.4,0,-19.39,{'NONE'}
Category 8,2025-09-26,Merchant 2,53.35888888888889,2.0411111111111113,-0.43222222222222223,"{'NONE','SAVE10','WELCOME'}"
Category 8,2025-09-26,Merchant 3,73.58875,3.95,20.06125,"{'NONE','SAVE10','WELCOME'}"
Category 8,2025-09-26,Merchant 4,47.394,2.718,-13.372,"{'NONE','SAVE10','WELCOME'}"
Category 8,2025-09-26,Merchant 5,59.455,2.986666666666667,-14.773333333333333,"{'NONE','SAVE10','WELCOME'}"
Category 8,2025-09-26,Merchant 6,23.26,2.33,-78.5,{'SAVE10'}
Category 8,2025-09-26,Merchant 7,49.0475,3.4725,10.15,"{'SAVE10','WELCOME'}"
Category 8,2025-09-26,Merchant 8,44.42,2.46,28.223333333333333,"{'NONE','SAVE10','WELCOME'}"
Category 8,2025-09-26,Merchant 9,42.766666666666666,2.83,-32.55,"{'SAVE10','WELCOME'}"
Category 8,2025-09-27,Merchant 10,66.96333333333334,3.236666666666667,9.431666666666667,"{'NONE','SAVE10','WELCOME'}"
Category 8,2025-09-27,Merchant 11,29.17,1.9766666666666668,-32.64666666666667,"{'NONE','SAVE10','WELCOME'}"
Category 8,2025-09-27,Merchant 12,36.39,1.9866666666666668,-31.39666666666667,"{'SAVE10','WELCOME'}"
Category 8,2025-09-27,Merchant 13,55.971666666666664,2.9116666666666666,-30.6,"{'SAVE10','WELCOME'}"
Category 8,2025-09-27,Merchant 16,51.402857142857144,1.9042857142857144,-11.157142857142857,"{'NONE','WELCOME'}"
Category 8,2025-09-27,Merchant 17,51.136,2.524,-11.958,"{'NONE','SAVE10','WELCOME'}"
Category 8,2025-09-27,Merchant 18,40.693333333333335,3.39,-54.486666666666665,"{'NONE','SAVE10','WELCOME'}"
Category 8,2025-09-27,Merchant 19,44.568333333333335,3.316666666666667,-37.11833333333333,"{'SAVE10','WELCOME'}"
Category 8,2025-09-27,Merchant 2,64.22,2.16,15.886666666666667,"{'NONE','WELCOME'}"
Category 8,2025-09-27,Merchant 3,46.485,2.4633333333333334,-5.656666666666666,"{'NONE','SAVE10','WELCOME'}"
Category 8,2025-09-27,Merchant 4,72.83333333333333,3.643333333333333,1.3566666666666667,{'WELCOME'}
Category 8,2025-09-27,Merchant 5,89.61,0,35.4,{'NONE'}
Category 8,2025-09-27,Merchant 6,61.5475,3.0775,1.345,{'WELCOME'}
Category 8,2025-09-27,Merchant 7,75.32333333333334,4.67,28.633333333333333,"{'NONE','SAVE10'}"
Category 8,2025-09-27,Merchant 8,38.28,3.64,22.14,"{'SAVE10','WELCOME'}"
Category 8,2025-09-27,Merchant 9,50.9,1.3433333333333333,-30.34,"{'NONE','WELCOME'}"
Category 8,2025-09-28,Merchant 1,13.21,0.66,-19.34,{'WELCOME'}
Category 8,2025-09-28,Merchant 10,66.485,4.943333333333333,0.4066666666666667,"{'SAVE10','WELCOME'}"
Category 8,2025-09-28,Merchant 11,41.148,1.756,-56.824,"{'NONE','SAVE10','WELCOME'}"
Category 8,2025-09-28,Merchant 12,36.63,1.24,-19.973333333333333,"{'NONE','SAVE10','WELCOME'}"
Category 8,2025-09-28,Merchant 13,48.086666666666666,1.5533333333333332,-25.456666666666667,"{'NONE','WELCOME'}"
Category 8,2025-09-28,Merchant 16,58.152,2.428,-11.308,"{'NONE','SAVE10','WELCOME'}"
Category 8,2025-09-28,Merchant 17,84.1,5.5175,30.8375,"{'NONE','SAVE10','WELCOME'}"
Category 8,2025-09-28,Merchant 19,56.864285714285714,4.458571428571428,-22.184285714285714,"{'NONE','SAVE10','WELCOME'}"
Category 8,2025-09-28,Merchant 2,71,2.7325,3.7625,"{'NONE','SAVE10','WELCOME'}"
Category 8,2025-09-28,Merchant 3,63.32,2.2157142857142857,4.69,"{'NONE','SAVE10','WELCOME'}"
Category 8,2025-09-28,Merchant 4,47.553333333333335,1.6066666666666667,-11.001666666666667,"{'NONE','SAVE10','WELCOME'}"
Category 8,2025-09-28,Merchant 5,40.745,1.7983333333333333,-32.29666666666667,"{'NONE','SAVE10','WELCOME'}"
Category 8,2025-09-28,Merchant 6,61,4.06,-0.185,"{'SAVE10','WELCOME'}"
Category 8,2025-09-28,Merchant 7,18.11,1.81,0.66,{'SAVE10'}
Category 8,2025-09-28,Merchant 8,51.07,2.55,39.73,{'WELCOME'}
Category 8,2025-09-28,Merchant 9,72.58,7.26,-11.06,{'SAVE10'}
Category 8,2025-09-29,Merchant 1,27.77,1.465,-5.585,"{'NONE','SAVE10','WELCOME'}"
Category 8,2025-09-29,Merchant 10,52.685,1.0125,3.085,"{'NONE','WELCOME'}"
Category 8,2025-09-29,Merchant 11,67.125,2.7375,-4.0725,"{'NONE','WELCOME'}"
Category 8,2025-09-29,Merchant 12,87.56,4.38,48.69,{'WELCOME'}
Category 8,2025-09-29,Merchant 13,70.51333333333334,3.526666666666667,-6.823333333333333,{'WELCOME'}
Category 8,2025-09-29,Merchant 15,24.99,2.5,-64.55,{'SAVE10'}
Category 8,2025-09-29,Merchant 16,62.1475,5.39,15.2025,"{'NONE','SAVE10'}"
Category 8,2025-09-29,Merchant 17,31.153333333333332,1.88,-25.923333333333332,"{'SAVE10','WELCOME'}"
Category 8,2025-09-29,Merchant 19,48.14,3.61,-40.011428571428574,"{'NONE','SAVE10','WELCOME'}"
Category 8,2025-09-29,Merchant 2,46.96333333333333,2.8266666666666667,-10.401666666666667,"{'NONE','SAVE10','WELCOME'}"
Category 8,2025-09-29,Merchant 3,54.994,3.226,-9.674,"{'NONE','SAVE10','WELCOME'}"
Category 8,2025-09-29,Merchant 4,62.13333333333333,3.106666666666667,6.176666666666667,{'WELCOME'}
Category 8,2025-09-29,Merchant 5,45.80833333333333,1.6616666666666666,-31.716666666666665,"{'NONE','SAVE10','WELCOME'}"
Category 8,2025-09-29,Merchant 6,58.725,1.16,0.44,"{'NONE','WELCOME'}"
Category 8,2025-09-29,Merchant 7,22.61,0,6.97,{'NONE'}
Category 8,2025-09-29,Merchant 8,66.50333333333333,3.3233333333333333,12.056666666666667,{'WELCOME'}
Category 8,2025-09-29,Merchant 9,66.728,3.62,-6.84,"{'NONE','SAVE10','WELCOME'}"
Category 8,2025-09-30,Merchant 10,41.55,3.005,16.485,"{'SAVE10','WELCOME'}"
Category 8,2025-09-30,Merchant 11,47.486666666666665,2.3766666666666665,-34.34,{'WELCOME'}
Category 8,2025-09-30,Merchant 12,32.63333333333333,1.41,-13.703333333333333,"{'NONE','WELCOME'}"
Category 8,2025-09-30,Merchant 13,29,1.45,-49.666666666666664,{'WELCOME'}
Category 8,2025-09-30,Merchant 15,25.03,1.25,-63.26,{'WELCOME'}
Category 8,2025-09-30,Merchant 16,66.72333333333333,3.1283333333333334,11.361666666666666,"{'NONE','SAVE10','WELCOME'}"
Category 8,2025-09-30,Merchant 17,59.068888888888885,3.272222222222222,-5.602222222222222,"{'SAVE10','WELCOME'}"
Category 8,2025-09-30,Merchant 18,51.05,5.11,-45.85,{'SAVE10'}
Category 8,2025-09-30,Merchant 19,39.75833333333333,1.66,-34.10666666666667,"{'NONE','WELCOME'}"
Category 8,2025-09-30,Merchant 2,60.412,1.836,11.05,"{'NONE','WELCOME'}"
Category 8,2025-09-30,Merchant 3,30.49,0.165,-17.14,"{'NONE','WELCOME'}"
Category 8,2025-09-30,Merchant 4,86.73,4.34,6.36,{'WELCOME'}
Category 8,2025-09-30,Merchant 5,93.12,4.66,25.01,{'WELCOME'}
Category 8,2025-09-30,Merchant 7,47.63,4.562,11.6,"{'SAVE10','WELCOME'}"
Category 8,2025-09-30,Merchant 8,69.955,4.485,38.9525,"{'SAVE10','WELCOME'}"
Category 8,2025-09-30,Merchant 9,67.72166666666666,4.44,-9.398333333333333,"{'NONE','SAVE10','WELCOME'}"
Category 8,2025-10-01,Merchant 10,59.17,1.3625,17.3825,"{'NONE','WELCOME'}"
Category 8,2025-10-01,Merchant 11,56.92,1.888,-19.548,"{'NONE','WELCOME'}"
Category 8,2025-10-01,Merchant 13,55.326,2.9,-29.632,"{'NONE','SAVE10','WELCOME'}"
Category 8,2025-10-01,Merchant 15,70.655,3.535,-19.92,{'WELCOME'}
Category 8,2025-10-01,Merchant 16,67.405,4.65,-3.365,"{'SAVE10','WELCOME'}"
Category 8,2025-10-01,Merchant 17,47.28142857142857,0.8157142857142857,-12.668571428571429,"{'NONE','SAVE10','WELCOME'}"
Category 8,2025-10-01,Merchant 18,17.74,0,-74.05,{'NONE'}
Category 8,2025-10-01,Merchant 19,60.4675,0.9,-20.625,"{'NONE','SAVE10','WELCOME'}"
Category 8,2025-10-01,Merchant 2,17.6,0,-55.27,{'NONE'}
Category 8,2025-10-01,Merchant 3,56.892857142857146,2.5485714285714285,-3.967142857142857,"{'NONE','SAVE10','WELCOME'}"
Category 8,2025-10-01,Merchant 4,54.288,3.01,7.136,"{'SAVE10','WELCOME'}"
Category 8,2025-10-01,Merchant 5,77.045,1.98,-2.385,"{'NONE','WELCOME'}"
Category 8,2025-10-01,Merchant 6,62.44,3.6233333333333335,-12.41,"{'NONE','SAVE10','WELCOME'}"
Category 8,2025-10-01,Merchant 7,47.403333333333336,0.47,4.913333333333333,"{'NONE','WELCOME'}"
Category 8,2025-10-01,Merchant 8,48.18857142857143,2.1471428571428572,-9.165714285714285,"{'NONE','SAVE10','WELCOME'}"
Category 8,2025-10-01,Merchant 9,58.63,2.625,-25.5025,"{'NONE','SAVE10','WELCOME'}"
Category 8,2025-10-02,Merchant 1,58.88,4.1175,22.8725,"{'SAVE10','WELCOME'}"
Category 8,2025-10-02,Merchant 10,49.85166666666667,1.9916666666666667,-5.961666666666667,"{'NONE','SAVE10','WELCOME'}"
Category 8,2025-10-02,Merchant 11,54.29875,3.22125,-30.905,"{'NONE','SAVE10','WELCOME'}"
Category 8,2025-10-02,Merchant 12,39.196666666666665,0.805,-11.753333333333334,"{'NONE','WELCOME'}"
Category 8,2025-10-02,Merchant 13,65.25333333333333,2.905,-18.031666666666666,"{'NONE','SAVE10','WELCOME'}"
Category 8,2025-10-02,Merchant 16,14.586666666666666,1.0633333333333332,-37.50666666666667,"{'SAVE10','WELCOME'}"
Category 8,2025-10-02,Merchant 17,16.796666666666667,1.68,-41.7,{'SAVE10'}
Category 8,2025-10-02,Merchant 18,72.65,3.63,-22.77,{'WELCOME'}
Category 8,2025-10-02,Merchant 19,47.32,3.0366666666666666,-44.61666666666667,"{'SAVE10','WELCOME'}"
Category 8,2025-10-02,Merchant 2,49.525,2.2925,-5.615,"{'NONE','SAVE10'}"
Category 8,2025-10-02,Merchant 3,49.82,1.755,-12.6075,"{'NONE','WELCOME'}"
Category 8,2025-10-02,Merchant 4,71.55,1.61,16.385,"{'NONE','WELCOME'}"
Category 8,2025-10-02,Merchant 5,42.78333333333333,1.2333333333333334,-31.233333333333334,"{'NONE','WELCOME'}"
Category 8,2025-10-02,Merchant 6,88.25,8.83,64.61,{'SAVE10'}
Category 8,2025-10-02,Merchant 7,60.865,3.08,32.2525,"{'NONE','SAVE10','WELCOME'}"
Category 8,2025-10-02,Merchant 8,104.18,5.21,26.68,{'WELCOME'}
Category 8,2025-10-02,Merchant 9,37.702,3.278,-31.078,"{'SAVE10','WELCOME'}"
Category 8,2025-10-03,Merchant 1,57.885,3.745,22.25,"{'SAVE10','WELCOME'}"
Category 8,2025-10-03,Merchant 10,45.70428571428572,1.25,-4.83,"{'NONE','SAVE10','WELCOME'}"
Category 8,2025-10-03,Merchant 11,52.23833333333334,2.745,-26.795,"{'NONE','SAVE10','WELCOME'}"
Category 8,2025-10-03,Merchant 12,55.11,2.7525,2.2125,{'WELCOME'}
Category 8,2025-10-03,Merchant 13,53.577777777777776,3.0933333333333333,-30.808888888888887,"{'SAVE10','WELCOME'}"
Category 8,2025-10-03,Merchant 15,78.62,3.93,-12.35,{'WELCOME'}
Category 8,2025-10-03,Merchant 16,58.19888888888889,1.7577777777777779,10.245555555555555,"{'NONE','SAVE10','WELCOME'}"
Category 8,2025-10-03,Merchant 17,47.11,2.9625,-14.3875,"{'SAVE10','WELCOME'}"
Category 8,2025-10-03,Merchant 18,50.9575,1.8275,-42.66,"{'NONE','WELCOME'}"
Category 8,2025-10-03,Merchant 19,38.864,2.478,-32.048,"{'NONE','SAVE10','WELCOME'}"
Category 8,2025-10-03,Merchant 2,61.55125,3.14625,10.94125,"{'NONE','SAVE10','WELCOME'}"
Category 8,2025-10-03,Merchant 3,57.44166666666667,3.361666666666667,-7.17,"{'NONE','SAVE10','WELCOME'}"
Category 8,2025-10-03,Merchant 4,48.32,2.135,-29.845,"{'NONE','WELCOME'}"
Category 8,2025-10-03,Merchant 5,32.335,0.19,-45.305,"{'NONE','WELCOME'}"
Category 8,2025-10-03,Merchant 6,63.143,2.447,12.032,"{'NONE','WELCOME'}"
Category 8,2025-10-03,Merchant 7,61.835,2.435,4.19,"{'NONE','WELCOME'}"
Category 8,2025-10-03,Merchant 8,42.96,1.5366666666666666,8.993333333333334,"{'NONE','SAVE10','WELCOME'}"
Category 8,2025-10-03,Merchant 9,23.73,1.2775,-53.6425,"{'SAVE10','WELCOME'}"
Category 8,2025-10-04,Merchant 10,56.298,3.142,8.242,"{'NONE','SAVE10'}"
Category 8,2025-10-04,Merchant 11,42.26,4.03,-58.46,"{'SAVE10','WELCOME'}"
Category 8,2025-10-04,Merchant 12,53.35,3.3533333333333335,-5.366666666666667,"{'SAVE10','WELCOME'}"
Category 8,2025-10-04,Merchant 13,68.9875,4.0575,-16.4075,"{'NONE','SAVE10','WELCOME'}"
Category 8,2025-10-04,Merchant 15,61.68,4.694,-30.054,"{'SAVE10','WELCOME'}"
Category 8,2025-10-04,Merchant 16,90.44666666666667,4.523333333333333,52.556666666666665,{'WELCOME'}
Category 8,2025-10-04,Merchant 17,37.978,1.996,-15.956,"{'NONE','SAVE10','WELCOME'}"
Category 8,2025-10-04,Merchant 18,33.66,0.9966666666666667,-59.126666666666665,"{'NONE','WELCOME'}"
Category 8,2025-10-04,Merchant 19,40.721666666666664,2.43,-38.998333333333335,"{'NONE','SAVE10','WELCOME'}"
Category 8,2025-10-04,Merchant 2,26.2225,1.33,-32.1375,"{'NONE','SAVE10','WELCOME'}"
Category 8,2025-10-04,Merchant 3,55.07,3.18,-19.073333333333334,"{'NONE','SAVE10','WELCOME'}"
Category 8,2025-10-04,Merchant 4,76.36,4.888571428571429,-0.44142857142857145,"{'NONE','SAVE10','WELCOME'}"
Category 8,2025-10-04,Merchant 5,70.175,0,-7.275,{'NONE'}
Category 8,2025-10-04,Merchant 6,58.706,0.966,25.998,"{'NONE','WELCOME'}"
Category 8,2025-10-04,Merchant 7,52.803333333333335,2.643333333333333,21.33,{'WELCOME'}
Category 8,2025-10-04,Merchant 8,36.04333333333334,2.8833333333333333,21.89666666666667,"{'SAVE10','WELCOME'}"
Category 8,2025-10-04,Merchant 9,25.3375,1.6625,-52.71,"{'NONE','SAVE10'}"
Category 8,2025-10-05,Merchant 1,103.13,7.695,63.545,"{'SAVE10','WELCOME'}"
Category 8,2025-10-05,Merchant 10,43.13454545454545,3.19,-10.602727272727273,"{'NONE','SAVE10','WELCOME'}"
Category 8,2025-10-05,Merchant 11,21.92,1.2966666666666666,-37.63666666666666,"{'NONE','SAVE10','WELCOME'}"
Category 8,2025-10-05,Merchant 12,61.5,0,-4.3,{'NONE'}
Category 8,2025-10-05,Merchant 13,44.01571428571429,1.48,-33.15428571428571,"{'NONE','SAVE10','WELCOME'}"
Category 8,2025-10-05,Merchant 15,76.7,4.6033333333333335,-14.943333333333333,"{'NONE','SAVE10','WELCOME'}"
Category 8,2025-10-05,Merchant 16,65.38818181818182,3.6936363636363634,19.687272727272727,"{'NONE','SAVE10','WELCOME'}"
Category 8,2025-10-05,Merchant 17,66.60666666666667,5.006666666666667,10.623333333333333,"{'SAVE10','WELCOME'}"
Category 8,2025-10-05,Merchant 18,104.37,10.44,2.14,{'SAVE10'}
Category 8,2025-10-05,Merchant 19,45.4275,2.0775,-29.215,"{'NONE','SAVE10','WELCOME'}"
Category 8,2025-10-05,Merchant 2,38.373333333333335,1.9166666666666667,-9.716666666666667,{'WELCOME'}
Category 8,2025-10-05,Merchant 3,49.58833333333333,2.4466666666666668,-3.5433333333333334,"{'NONE','SAVE10','WELCOME'}"
Category 8,2025-10-05,Merchant 4,40.1,3.72,-39.65,"{'SAVE10','WELCOME'}"
Category 8,2025-10-05,Merchant 5,69.26,4.7683333333333335,7.201666666666667,"{'SAVE10','WELCOME'}"
Category 8,2025-10-05,Merchant 6,62.62,3.1025,2.3925,"{'NONE','SAVE10','WELCOME'}"
Category 8,2025-10-05,Merchant 7,38.446666666666665,3.013333333333333,6.6033333333333335,"{'NONE','SAVE10'}"
Category 8,2025-10-05,Merchant 8,64.16166666666666,4.258333333333333,36.82,"{'NONE','SAVE10','WELCOME'}"
Category 8,2025-10-05,Merchant 9,65.676,1.886,-14.586,"{'NONE','WELCOME'}"
Category 8,2025-10-06,Merchant 10,48.48,2.0525,-13.04,"{'NONE','WELCOME'}"
Category 8,2025-10-06,Merchant 11,83.015,5.87,7.5,"{'SAVE10','WELCOME'}"
Category 8,2025-10-06,Merchant 13,50.45,2.5233333333333334,-28.38,{'WELCOME'}
Category 8,2025-10-06,Merchant 15,60.24,3.01,-29.81,{'WELCOME'}
Category 8,2025-10-06,Merchant 16,58.71375,1.615,4.08,"{'NONE','SAVE10','WELCOME'}"
Category 8,2025-10-06,Merchant 17,71.525,3.68,4.9325,"{'NONE','SAVE10','WELCOME'}"
Category 8,2025-10-06,Merchant 18,43.815,0.8525,-48.8275,"{'NONE','WELCOME'}"
Category 8,2025-10-06,Merchant 19,28.053333333333335,1.4033333333333333,-52.08,{'WELCOME'}
Category 8,2025-10-06,Merchant 2,13.24,0.66,-60.29,{'WELCOME'}
Category 8,2025-10-06,Merchant 3,68.5975,2.5675,9.4325,"{'NONE','SAVE10'}"
Category 8,2025-10-06,Merchant 4,58.4075,4.8075,-21.3725,"{'NONE','SAVE10','WELCOME'}"
Category 8,2025-10-06,Merchant 5,18.683333333333334,0.9333333333333333,-58.11333333333334,{'WELCOME'}
Category 8,2025-10-06,Merchant 6,47.81333333333333,2.163333333333333,-25.576666666666668,"{'NONE','WELCOME'}"
Category 8,2025-10-06,Merchant 7,46.098,2.772,3.944,"{'NONE','SAVE10','WELCOME'}"
Category 8,2025-10-06,Merchant 8,39.995,1.315,-5.57,"{'NONE','SAVE10','WELCOME'}"
Category 8,2025-10-06,Merchant 9,34.696666666666665,1.9666666666666668,-39.75666666666667,"{'NONE','SAVE10','WELCOME'}"
Category 8,2025-10-07,Merchant 10,62.303333333333335,3.9366666666666665,-1.8016666666666667,"{'NONE','SAVE10','WELCOME'}"
Category 8,2025-10-07,Merchant 11,38.74166666666667,1.935,-50.86833333333333,"{'NONE','SAVE10','WELCOME'}"
Category 8,2025-10-07,Merchant 12,95.855,2.54,58.825,"{'NONE','WELCOME'}"
Category 8,2025-10-07,Merchant 13,42.123333333333335,1.58,-51.718333333333334,"{'NONE','SAVE10','WELCOME'}"
Category 8,2025-10-07,Merchant 16,43.794,1.92,-8.22,"{'NONE','SAVE10','WELCOME'}"
Category 8,2025-10-07,Merchant 17,35.41,0.9333333333333333,-32.45333333333333,"{'NONE','WELCOME'}"
Category 8,2025-10-07,Merchant 18,77.83,1.73,-15.69,"{'NONE','WELCOME'}"
Category 8,2025-10-07,Merchant 19,59.388,2.968,-11.582,{'WELCOME'}
Category 8,2025-10-07,Merchant 2,62.04333333333334,3.1,-2.7733333333333334,{'WELCOME'}
Category 8,2025-10-07,Merchant 3,70.85666666666667,6.456666666666667,-2.74,"{'SAVE10','WELCOME'}"
Category 8,2025-10-07,Merchant 4,33.61333333333334,0.36,-41.36666666666667,"{'NONE','WELCOME'}"
Category 8,2025-10-07,Merchant 5,53.6475,1.4025,-29.825,"{'NONE','SAVE10'}"
Category 8,2025-10-07,Merchant 7,36.7425,2.095,-0.7775,"{'SAVE10','WELCOME'}"
Category 8,2025-10-07,Merchant 8,69.06666666666666,4.3,32.336666666666666,"{'SAVE10','WELCOME'}"
Category 8,2025-10-07,Merchant 9,63.06333333333333,1.8966666666666667,-11.513333333333334,"{'NONE','SAVE10','WELCOME'}"
Category 8,2025-10-08,Merchant 1,15.08,1.51,-18.32,{'SAVE10'}
Category 8,2025-10-08,Merchant 10,75.51666666666667,2.8066666666666666,11.613333333333333,"{'NONE','SAVE10'}"
Category 8,2025-10-08,Merchant 12,45.33,2.048,-3.732,"{'NONE','SAVE10','WELCOME'}"
Category 8,2025-10-08,Merchant 13,53.22,2.66,-21.43,{'WELCOME'}
Category 8,2025-10-08,Merchant 16,49.128,0.848,14.808,"{'NONE','SAVE10','WELCOME'}"
Category 8,2025-10-08,Merchant 17,52.822,2.197,-10.068,"{'NONE','SAVE10','WELCOME'}"
Category 8,2025-10-08,Merchant 19,93.175,4.66,15.95,{'WELCOME'}
Category 8,2025-10-08,Merchant 2,63.693333333333335,3.388333333333333,16.326666666666668,"{'NONE','SAVE10','WELCOME'}"
Category 8,2025-10-08,Merchant 3,55.0725,3.37,-16.4425,"{'NONE','SAVE10','WELCOME'}"
Category 8,2025-10-08,Merchant 4,46.624,3.562,-49.256,"{'SAVE10','WELCOME'}"
Category 8,2025-10-08,Merchant 5,47.745,3.37,-37.695,"{'NONE','SAVE10'}"
Category 8,2025-10-08,Merchant 6,34.974,2.862,-16.552,"{'NONE','SAVE10','WELCOME'}"
Category 8,2025-10-08,Merchant 7,43.596666666666664,2.85,-14.463333333333333,"{'NONE','SAVE10','WELCOME'}"
Category 8,2025-10-08,Merchant 8,37.535,1.875,23.16,{'WELCOME'}
Category 8,2025-10-08,Merchant 9,68.035,2.32,-10.38,"{'NONE','SAVE10'}"
Category 8,2025-10-09,Merchant 10,70.39,3.106666666666667,8,"{'NONE','SAVE10','WELCOME'}"
Category 8,2025-10-09,Merchant 11,48.354,2.31,-27.588,"{'NONE','WELCOME'}"
Category 8,2025-10-09,Merchant 12,80.71,0,14.91,{'NONE'}
Category 8,2025-10-09,Merchant 13,46.132,1.514,-39.332,"{'NONE','WELCOME'}"
Category 8,2025-10-09,Merchant 16,61.13125,1.41125,-8.22,"{'NONE','WELCOME'}"
Category 8,2025-10-09,Merchant 17,69.24,3.46,6.88,{'WELCOME'}
Category 8,2025-10-09,Merchant 18,59.04,3.663333333333333,-36.413333333333334,"{'NONE','SAVE10','WELCOME'}"
Category 8,2025-10-09,Merchant 19,73.2075,1.45,-18.7625,"{'NONE','WELCOME'}"
Category 8,2025-10-09,Merchant 2,35.2525,1.96,-4.605,"{'SAVE10','WELCOME'}"
Category 8,2025-10-09,Merchant 3,24.1,0.58,-33.85666666666667,"{'NONE','WELCOME'}"
Category 8,2025-10-09,Merchant 4,61.484,3.798,-17.498,"{'NONE','SAVE10','WELCOME'}"
Category 8,2025-10-09,Merchant 5,46.53,1.3833333333333333,-18.303333333333335,"{'NONE','SAVE10','WELCOME'}"
Category 8,2025-10-09,Merchant 6,64.43,6.44,43.17,{'SAVE10'}
Category 8,2025-10-09,Merchant 7,83.84666666666666,2.743333333333333,39.083333333333336,"{'NONE','WELCOME'}"
Category 8,2025-10-09,Merchant 9,62.268,3.672,-11.352,"{'NONE','SAVE10','WELCOME'}"
Category 8,2025-10-10,Merchant 1,33.02,2.63,-1.5,"{'SAVE10','WELCOME'}"
Category 8,2025-10-10,Merchant 10,33.735,0.88,-28.035,"{'NONE','SAVE10','WELCOME'}"
Category 8,2025-10-10,Merchant 11,38.97,1.9466666666666668,-22.816666666666666,{'WELCOME'}
Category 8,2025-10-10,Merchant 12,87.61,1.71,40.973333333333336,"{'NONE','WELCOME'}"
Category 8,2025-10-10,Merchant 13,56.47666666666667,1.8166666666666667,-27.55,"{'NONE','WELCOME'}"
Category 8,2025-10-10,Merchant 16,52.83428571428571,2.1514285714285712,-9.571428571428571,"{'NONE','SAVE10','WELCOME'}"
Category 8,2025-10-10,Merchant 17,45.19857142857143,2.375714285714286,-11.534285714285714,"{'NONE','SAVE10','WELCOME'}"
Category 8,2025-10-10,Merchant 18,30.25,1.515,-63.055,{'WELCOME'}
Category 8,2025-10-10,Merchant 19,68.15333333333334,3.0966666666666667,-12.953333333333333,"{'NONE','WELCOME'}"
Category 8,2025-10-10,Merchant 2,12.28,0.61,-44.47,{'WELCOME'}
Category 8,2025-10-10,Merchant 3,59.428,3.18,2.838,"{'NONE','SAVE10'}"
Category 8,2025-10-10,Merchant 4,52.38166666666667,2.4466666666666668,-14.503333333333334,"{'NONE','SAVE10','WELCOME'}"
Category 8,2025-10-10,Merchant 5,45.36,2.27,-20.36,{'WELCOME'}
Category 8,2025-10-10,Merchant 6,50.985,1.2775,13.735,"{'NONE','SAVE10','WELCOME'}"
Category 8,2025-10-10,Merchant 7,28.525,2.3975,-29.0825,"{'SAVE10','WELCOME'}"
Category 8,2025-10-10,Merchant 8,67.295,5.4675,17.5775,"{'SAVE10','WELCOME'}"
Category 8,2025-10-10,Merchant 9,62.9975,3.4275,-16.815,"{'NONE','SAVE10'}"
Category 8,2025-10-11,Merchant 10,43.626666666666665,1.1,-4.02,"{'NONE','WELCOME'}"
Category 8,2025-10-11,Merchant 11,41.97666666666667,3.155,-21.018333333333334,"{'SAVE10','WELCOME'}"
Category 8,2025-10-11,Merchant 12,84.85666666666667,4.3,35.63,"{'NONE','SAVE10','WELCOME'}"
Category 8,2025-10-11,Merchant 13,56.13111111111111,1.9066666666666667,-28.12,"{'NONE','SAVE10','WELCOME'}"
Category 8,2025-10-11,Merchant 15,61.086666666666666,5.613333333333333,-31.566666666666666,"{'SAVE10','WELCOME'}"
Category 8,2025-10-11,Merchant 16,76.40857142857143,2.5585714285714287,18.35,"{'NONE','WELCOME'}"
Category 8,2025-10-11,Merchant 17,61.373333333333335,2.6544444444444446,-0.3877777777777778,"{'NONE','WELCOME'}"
Category 8,2025-10-11,Merchant 18,73.66,0.5733333333333334,-18.703333333333333,"{'NONE','WELCOME'}"
Category 8,2025-10-11,Merchant 19,62.924,4.266,-17.606,"{'SAVE10','WELCOME'}"
Category 8,2025-10-11,Merchant 2,61.836666666666666,1.2566666666666666,8.83,"{'NONE','WELCOME'}"
Category 8,2025-10-11,Merchant 3,49.225,2.3175,-10.595,"{'NONE','WELCOME'}"
Category 8,2025-10-11,Merchant 4,44.3,4.43,-46.34,{'SAVE10'}
Category 8,2025-10-11,Merchant 5,51.6675,1.285,-15.4475,"{'NONE','SAVE10','WELCOME'}"
Category 8,2025-10-11,Merchant 6,71,4.332,34.926,"{'NONE','SAVE10','WELCOME'}"
Category 8,2025-10-11,Merchant 7,65.82,4.293333333333333,45.89,"{'SAVE10','WELCOME'}"
Category 8,2025-10-11,Merchant 8,65.12,4.417142857142857,23.638571428571428,"{'NONE','SAVE10','WELCOME'}"
Category 8,2025-10-11,Merchant 9,45.61,3.0516666666666667,-33.73,"{'NONE','SAVE10','WELCOME'}"
Category 8,2025-10-12,Merchant 10,54.29333333333334,1.6216666666666666,5.651666666666666,"{'NONE','WELCOME'}"
Category 8,2025-10-12,Merchant 11,58.955,3.018333333333333,-21.143333333333334,"{'NONE','SAVE10','WELCOME'}"
Category 8,2025-10-12,Merchant 12,63.654,5.224,-1.108,"{'NONE','SAVE10','WELCOME'}"
Category 8,2025-10-12,Merchant 13,53.15833333333333,1.895,-33.645,"{'NONE','WELCOME'}"
Category 8,2025-10-12,Merchant 15,54.575,1.985,-34.45,"{'NONE','WELCOME'}"
Category 8,2025-10-12,Merchant 16,52.06333333333333,1.6366666666666667,-16.19,"{'NONE','SAVE10','WELCOME'}"
Category 8,2025-10-12,Merchant 17,50.92444444444445,2.581111111111111,-9.34,"{'NONE','SAVE10','WELCOME'}"
Category 8,2025-10-12,Merchant 18,83.19,4.16,-12.76,{'WELCOME'}
Category 8,2025-10-12,Merchant 19,32.355,1.8916666666666666,-53.711666666666666,"{'SAVE10','WELCOME'}"
Category 8,2025-10-12,Merchant 2,78.8425,4.785,13.735,"{'SAVE10','WELCOME'}"
Category 8,2025-10-12,Merchant 3,47.55142857142857,1.752857142857143,-13.375714285714286,"{'NONE','SAVE10','WELCOME'}"
Category 8,2025-10-12,Merchant 4,23.6125,1.09,-41.2125,"{'NONE','SAVE10','WELCOME'}"
Category 8,2025-10-12,Merchant 5,81.33,6.17,-25.53,"{'SAVE10','WELCOME'}"
Category 8,2025-10-12,Merchant 6,93.53,4.68,74.03,{'WELCOME'}
Category 8,2025-10-12,Merchant 7,67.44833333333334,3.375,35.24333333333333,{'WELCOME'}
Category 8,2025-10-12,Merchant 8,28.805,1.445,-13.18,{'WELCOME'}
Category 8,2025-10-12,Merchant 9,69.2475,3.815,-5.395,"{'NONE','SAVE10','WELCOME'}"
Category 8,2025-10-13,Merchant 10,55.39666666666667,2.8316666666666666,-5.7716666666666665,"{'NONE','SAVE10','WELCOME'}"
Category 8,2025-10-13,Merchant 11,58.306,1.076,-4.636,"{'NONE','WELCOME'}"
Category 8,2025-10-13,Merchant 12,49.5375,3.63,-12.0625,"{'NONE','SAVE10','WELCOME'}"
Category 8,2025-10-13,Merchant 13,49.016,4.158,-35.702,"{'NONE','SAVE10'}"
Category 8,2025-10-13,Merchant 15,43.815,2.5625,-45.7875,"{'NONE','SAVE10'}"
Category 8,2025-10-13,Merchant 16,67.1825,1.9825,13.57,"{'NONE','WELCOME'}"
Category 8,2025-10-13,Merchant 17,52.623333333333335,1.945,-5.301666666666667,"{'NONE','SAVE10','WELCOME'}"
Category 8,2025-10-13,Merchant 18,28.36,1.415,-64.845,{'WELCOME'}
Category 8,2025-10-13,Merchant 19,72.40666666666667,4.02,-10.343333333333334,"{'NONE','SAVE10'}"
Category 8,2025-10-13,Merchant 2,52.086666666666666,1.7333333333333334,19.13,"{'NONE','WELCOME'}"
Category 8,2025-10-13,Merchant 3,60.765,2.711666666666667,-2.595,"{'NONE','SAVE10','WELCOME'}"
Category 8,2025-10-13,Merchant 4,39.105,0.64,-25.27,"{'NONE','SAVE10'}"
Category 8,2025-10-13,Merchant 5,58.805,2.953333333333333,-23.138333333333332,"{'NONE','SAVE10','WELCOME'}"
Category 8,2025-10-13,Merchant 6,71.79,3.59,53.38,{'WELCOME'}
Category 8,2025-10-13,Merchant 7,56.215,5.6225,34.9525,{'SAVE10'}
Category 8,2025-10-13,Merchant 8,45.43,0.22,-27.08,"{'NONE','WELCOME'}"
Category 8,2025-10-13,Merchant 9,46.5225,2.9725,-27.4225,"{'SAVE10','WELCOME'}"
Category 8,2025-10-14,Merchant 1,69.09,1.6066666666666667,35.593333333333334,"{'NONE','WELCOME'}"
Category 8,2025-10-14,Merchant 10,53.95333333333333,2.0433333333333334,-7.373333333333333,"{'NONE','WELCOME'}"
Category 8,2025-10-14,Merchant 11,46.35,3.208,-43.204,"{'SAVE10','WELCOME'}"
Category 8,2025-10-14,Merchant 12,49.07,2.45,12.13,{'WELCOME'}
Category 8,2025-10-14,Merchant 13,60.596666666666664,3.6,-24.96,"{'SAVE10','WELCOME'}"
Category 8,2025-10-14,Merchant 16,64.12,2.4433333333333334,8.911666666666667,"{'NONE','SAVE10','WELCOME'}"
Category 8,2025-10-14,Merchant 17,38.276666666666664,2.3066666666666666,-20.846666666666668,"{'NONE','SAVE10'}"
Category 8,2025-10-14,Merchant 18,6.77,0.34,-85.36,{'WELCOME'}
Category 8,2025-10-14,Merchant 19,57.903333333333336,2.408333333333333,-16.348333333333333,"{'NONE','SAVE10','WELCOME'}"
Category 8,2025-10-14,Merchant 2,50.95,1.1533333333333333,23.55666666666667,"{'NONE','WELCOME'}"
Category 8,2025-10-14,Merchant 3,42.263333333333335,2.7383333333333333,-8.543333333333333,"{'NONE','SAVE10','WELCOME'}"
Category 8,2025-10-14,Merchant 4,31.5125,2.635,-35.915,"{'SAVE10','WELCOME'}"
Category 8,2025-10-14,Merchant 5,84.262,5.33,21.026,"{'NONE','SAVE10','WELCOME'}"
Category 8,2025-10-14,Merchant 6,60.28,3.013333333333333,14.243333333333334,{'WELCOME'}
Category 8,2025-10-14,Merchant 7,93.445,7.255,50.765,"{'SAVE10','WELCOME'}"
Category 8,2025-10-14,Merchant 8,38.08,3.81,25.48,{'SAVE10'}
Category 8,2025-10-15,Merchant 1,6.94,0.69,-25.64,{'SAVE10'}
Category 8,2025-10-15,Merchant 10,52.91833333333334,4.013333333333334,0.9583333333333334,"{'NONE','SAVE10','WELCOME'}"
Category 8,2025-10-15,Merchant 11,73.704,4.544,-28.004,"{'NONE','SAVE10','WELCOME'}"
Category 8,2025-10-15,Merchant 12,38.553333333333335,1.7333333333333334,-8.106666666666667,"{'NONE','WELCOME'}"
Category 8,2025-10-15,Merchant 13,69.18,5.892857142857143,-23.65714285714286,"{'SAVE10','WELCOME'}"
Category 8,2025-10-15,Merchant 15,47.12,2.36,-42.28,{'WELCOME'}
Category 8,2025-10-15,Merchant 16,52.764,3.98,4.786,"{'NONE','SAVE10','WELCOME'}"
Category 8,2025-10-15,Merchant 17,72.246,3.254,7.172,"{'NONE','SAVE10','WELCOME'}"
Category 8,2025-10-15,Merchant 18,32.66,1.065,-60.195,"{'NONE','WELCOME'}"
Category 8,2025-10-15,Merchant 19,52.465,3.308333333333333,-28.493333333333332,"{'SAVE10','WELCOME'}"
Category 8,2025-10-15,Merchant 2,62.425,0,6.285,{'NONE'}
Category 8,2025-10-15,Merchant 3,61.67375,3.57375,1.5025,"{'NONE','SAVE10','WELCOME'}"
Category 8,2025-10-15,Merchant 4,63.98,2.86,-14.91,"{'NONE','SAVE10','WELCOME'}"
Category 8,2025-10-15,Merchant 5,71.0675,3.3225,-12.015,"{'NONE','SAVE10','WELCOME'}"
Category 8,2025-10-15,Merchant 6,69.215,5.32,6.77,"{'SAVE10','WELCOME'}"
Category 8,2025-10-15,Merchant 7,48.41,2.42,30.35,{'WELCOME'}
Category 8,2025-10-15,Merchant 8,63.08,3.755,50.535,"{'SAVE10','WELCOME'}"
Category 8,2025-10-15,Merchant 9,30.2875,2.0675,-42.7525,"{'SAVE10','WELCOME'}"
Category 8,2025-10-16,Merchant 1,55.21,2.76,20.56,{'WELCOME'}
Category 8,2025-10-16,Merchant 10,57.506,3.735,-0.181,"{'NONE','SAVE10','WELCOME'}"
Category 8,2025-10-16,Merchant 11,75.01,3.905,1.46,"{'NONE','SAVE10'}"
Category 8,2025-10-16,Merchant 13,45.653,1.977,-40.077,"{'NONE','SAVE10','WELCOME'}"
Category 8,2025-10-16,Merchant 15,31.876666666666665,1.37,-56.53333333333333,"{'NONE','WELCOME'}"
Category 8,2025-10-16,Merchant 16,49.78375,1.76125,-0.31,"{'NONE','SAVE10','WELCOME'}"
Category 8,2025-10-16,Merchant 17,47.236,1.946,-25.162,"{'NONE','SAVE10','WELCOME'}"
Category 8,2025-10-16,Merchant 18,31.79,1.59,-61.59,{'WELCOME'}
Category 8,2025-10-16,Merchant 19,45.57,4.56,-13.06,{'SAVE10'}
Category 8,2025-10-16,Merchant 2,61.833333333333336,3.09,1.4166666666666667,{'WELCOME'}
Category 8,2025-10-16,Merchant 3,64.32625,2.74375,1.36375,"{'NONE','SAVE10','WELCOME'}"
Category 8,2025-10-16,Merchant 4,42.99285714285714,2.8314285714285714,-38.777142857142856,"{'NONE','SAVE10','WELCOME'}"
Category 8,2025-10-16,Merchant 5,42.343333333333334,1.9766666666666668,-32.416666666666664,"{'NONE','WELCOME'}"
Category 8,2025-10-16,Merchant 6,27.366666666666667,0,-15.656666666666666,{'NONE'}
Category 8,2025-10-16,Merchant 7,68.58,2.4066666666666667,37.343333333333334,"{'NONE','WELCOME'}"
Category 8,2025-10-16,Merchant 8,48.27,2.855,32.915,"{'SAVE10','WELCOME'}"
Category 8,2025-10-16,Merchant 9,71.88166666666666,1.775,-6.181666666666667,"{'NONE','WELCOME'}"
Category 8,2025-10-17,Merchant 1,46.165,4.15,10.125,"{'SAVE10','WELCOME'}"
Category 8,2025-10-17,Merchant 10,62.39,4.4783333333333335,10.438333333333333,"{'NONE','SAVE10','WELCOME'}"
Category 8,2025-10-17,Merchant 11,18.265,1.41,-79.835,"{'SAVE10','WELCOME'}"
Category 8,2025-10-17,Merchant 12,32.71,1.64,-3.42,{'WELCOME'}
Category 8,2025-10-17,Merchant 13,44.85333333333333,2.24,-40.25333333333333,{'WELCOME'}
Category 8,2025-10-17,Merchant 16,42.34,2.38,-19.33125,"{'NONE','SAVE10','WELCOME'}"
Category 8,2025-10-17,Merchant 17,44.466,3.346,-15.882,"{'NONE','SAVE10','WELCOME'}"
Category 8,2025-10-17,Merchant 18,66.34,0,-25.45,{'NONE'}
Category 8,2025-10-17,Merchant 19,104.6,0,15.7,{'NONE'}
Category 8,2025-10-17,Merchant 2,45.61,1.875,-12.405,"{'NONE','WELCOME'}"
Category 8,2025-10-17,Merchant 3,70.21666666666667,3.8066666666666666,23.223333333333333,"{'SAVE10','WELCOME'}"
Category 8,2025-10-17,Merchant 4,21.7,1.085,-32.94,{'WELCOME'}
Category 8,2025-10-17,Merchant 5,57.92285714285714,3.392857142857143,-10.28,"{'NONE','SAVE10','WELCOME'}"
Category 8,2025-10-17,Merchant 6,23.39,1.17,-77.21,{'WELCOME'}
Category 8,2025-10-17,Merchant 7,25.335,1.27,-11.36,{'WELCOME'}
Category 8,2025-10-17,Merchant 8,46.7,1.725,0.725,"{'NONE','WELCOME'}"
Category 8,2025-10-18,Merchant 1,53.18,3.32,17.97,"{'SAVE10','WELCOME'}"
Category 8,2025-10-18,Merchant 10,64.6,2.3183333333333334,21.156666666666666,"{'NONE','WELCOME'}"
Category 8,2025-10-18,Merchant 11,49.48142857142857,1.707142857142857,-24.71857142857143,"{'NONE','SAVE10','WELCOME'}"
Category 8,2025-10-18,Merchant 12,69,4.85,-1.6466666666666667,"{'SAVE10','WELCOME'}"
Category 8,2025-10-18,Merchant 13,45.45,1.19,-39.6325,"{'NONE','WELCOME'}"
Category 8,2025-10-18,Merchant 16,43.815,3.945,-3.44,"{'SAVE10','WELCOME'}"
Category 8,2025-10-18,Merchant 17,66.1175,3.3775,1,"{'NONE','SAVE10','WELCOME'}"
Category 8,2025-10-18,Merchant 18,20.35,0.185,-71.625,"{'NONE','WELCOME'}"
Category 8,2025-10-18,Merchant 19,52.855,0.98,-19.61,"{'NONE','WELCOME'}"
Category 8,2025-10-18,Merchant 2,59.74,1.6633333333333333,6.326666666666667,"{'NONE','WELCOME'}"
Category 8,2025-10-18,Merchant 3,74.54666666666667,3.893333333333333,-0.9133333333333333,"{'NONE','SAVE10','WELCOME'}"
Category 8,2025-10-18,Merchant 4,67.84,4.836666666666667,-4.83,"{'SAVE10','WELCOME'}"
Category 8,2025-10-18,Merchant 5,45.211666666666666,2.7816666666666667,-28.813333333333333,"{'NONE','SAVE10','WELCOME'}"
Category 8,2025-10-18,Merchant 6,29.3,1.47,13.02,{'WELCOME'}
Category 8,2025-10-18,Merchant 7,49.626,3.44,14.718,"{'NONE','SAVE10','WELCOME'}"
Category 8,2025-10-18,Merchant 8,16.28,1.63,-1.56,{'SAVE10'}
Category 8,2025-10-18,Merchant 9,73.85,2.59,-5.125,"{'NONE','SAVE10'}"
Category 8,2025-10-19,Merchant 1,55.885,2.795,21.2,{'WELCOME'}
Category 8,2025-10-19,Merchant 10,61.975,4.19,8.5175,"{'SAVE10','WELCOME'}"
Category 8,2025-10-19,Merchant 11,51.978,2.16,-35.58,"{'NONE','SAVE10','WELCOME'}"
Category 8,2025-10-19,Merchant 12,89.55333333333333,2.816666666666667,31.373333333333335,"{'NONE','WELCOME'}"
Category 8,2025-10-19,Merchant 13,58.54333333333334,1.5933333333333333,-25.006666666666668,"{'NONE','WELCOME'}"
Category 8,2025-10-19,Merchant 15,23.87,2.39,-65.56,{'SAVE10'}
Category 8,2025-10-19,Merchant 16,43.99,3.296666666666667,-22.278333333333332,"{'SAVE10','WELCOME'}"
Category 8,2025-10-19,Merchant 17,47.832857142857144,2.4785714285714286,-9.048571428571428,"{'NONE','SAVE10','WELCOME'}"
Category 8,2025-10-19,Merchant 18,47.915,3.905,-47.78,"{'NONE','SAVE10'}"
Category 8,2025-10-19,Merchant 19,21.73,1.7533333333333334,-69.64333333333333,"{'SAVE10','WELCOME'}"
Category 8,2025-10-19,Merchant 2,50.368,2.164,6.658,"{'NONE','SAVE10','WELCOME'}"
Category 8,2025-10-19,Merchant 3,52.84,3.9,-11.105,"{'NONE','SAVE10','WELCOME'}"
Category 8,2025-10-19,Merchant 4,63.8,4.59,-20.046,"{'SAVE10','WELCOME'}"
Category 8,2025-10-19,Merchant 5,45.372,1.736,-32.862,"{'NONE','SAVE10','WELCOME'}"
Category 8,2025-10-19,Merchant 6,87.92,4.4,-15.91,{'WELCOME'}
Category 8,2025-10-19,Merchant 7,63.2,3.16,4.83,{'WELCOME'}
Category 8,2025-10-19,Merchant 8,68.4225,2.09,25.7925,"{'NONE','SAVE10'}"
Category 8,2025-10-19,Merchant 9,46.47,4.645,-34.27,{'SAVE10'}
Category 8,2025-10-20,Merchant 1,41.69,2.62,7.18,"{'SAVE10','WELCOME'}"
Category 8,2025-10-20,Merchant 10,53.836,3.536,4.794,"{'NONE','SAVE10','WELCOME'}"
Category 8,2025-10-20,Merchant 11,26.84,0.87,-70.72,"{'NONE','WELCOME'}"
Category 8,2025-10-20,Merchant 12,81.29333333333334,5.58,20.35333333333333,"{'SAVE10','WELCOME'}"
Category 8,2025-10-20,Merchant 13,60.72,2.47,-15.56,"{'NONE','SAVE10','WELCOME'}"
Category 8,2025-10-20,Merchant 16,46.102222222222224,1.6111111111111112,-17.573333333333334,"{'NONE','SAVE10','WELCOME'}"
Category 8,2025-10-20,Merchant 17,52.705714285714286,2.06,-9.877142857142857,"{'NONE','WELCOME'}"
Category 8,2025-10-20,Merchant 19,36.39333333333333,1.0733333333333333,-55.74,"{'NONE','WELCOME'}"
Category 8,2025-10-20,Merchant 2,52.872,2.78,-6.76,"{'NONE','SAVE10','WELCOME'}"
Category 8,2025-10-20,Merchant 3,63.0675,1.4975,4.07,"{'NONE','WELCOME'}"
Category 8,2025-10-20,Merchant 4,50.723333333333336,2.4,-22.903333333333332,"{'NONE','SAVE10','WELCOME'}"
Category 8,2025-10-20,Merchant 5,36.74,0.5433333333333333,-24.173333333333332,"{'NONE','WELCOME'}"
Category 8,2025-10-20,Merchant 6,92.39,4.62,-11.66,{'WELCOME'}
Category 8,2025-10-20,Merchant 7,53.96,4.63,13.905,"{'SAVE10','WELCOME'}"
Category 8,2025-10-20,Merchant 8,61.18666666666667,3.0533333333333332,46.87,"{'NONE','SAVE10','WELCOME'}"
Category 8,2025-10-20,Merchant 9,69.6275,1.435,-2.635,"{'NONE','WELCOME'}"
Category 8,2025-10-21,Merchant 1,80.2,4.01,44.3,{'WELCOME'}
Category 8,2025-10-21,Merchant 10,58.1325,5.23,3.635,"{'SAVE10','WELCOME'}"
Category 8,2025-10-21,Merchant 11,65.26666666666667,2.11,3.316666666666667,"{'NONE','SAVE10'}"
Category 8,2025-10-21,Merchant 12,49.52,3.1025,4.1,"{'NONE','SAVE10','WELCOME'}"
Category 8,2025-10-21,Merchant 13,63.498333333333335,1.68,-16.065,"{'NONE','SAVE10','WELCOME'}"
Category 8,2025-10-21,Merchant 15,88.305,0,1.265,{'NONE'}
Category 8,2025-10-21,Merchant 16,40.306,3.612,-23.68,"{'SAVE10','WELCOME'}"
Category 8,2025-10-21,Merchant 17,70.5225,5.37,9.435,"{'SAVE10','WELCOME'}"
Category 8,2025-10-21,Merchant 18,86.88333333333334,5.6866666666666665,-10.593333333333334,"{'SAVE10','WELCOME'}"
Category 8,2025-10-21,Merchant 19,22.995,1.915,-69.98,"{'SAVE10','WELCOME'}"
Category 8,2025-10-21,Merchant 2,62.4075,3.6675,13.3675,"{'NONE','SAVE10','WELCOME'}"
Category 8,2025-10-21,Merchant 3,45.8425,2.9,-24.2975,"{'NONE','SAVE10','WELCOME'}"
Category 8,2025-10-21,Merchant 4,97.62,9.76,5.043333333333333,{'SAVE10'}
Category 8,2025-10-21,Merchant 5,62.738,1.74,-13.652,"{'NONE','SAVE10','WELCOME'}"
Category 8,2025-10-21,Merchant 6,87.945,4.4,-15.885,{'WELCOME'}
Category 8,2025-10-21,Merchant 7,49.75,2.49,-7.95,{'WELCOME'}
Category 8,2025-10-21,Merchant 8,45.546,1.674,8.198,"{'NONE','WELCOME'}"
Category 8,2025-10-21,Merchant 9,57.82333333333333,2.9466666666666668,-17.606666666666666,"{'NONE','SAVE10','WELCOME'}"
Category 8,2025-10-22,Merchant 1,62.31,6.23,24.19,{'SAVE10'}
Category 8,2025-10-22,Merchant 10,55.22666666666667,3.0083333333333333,-2.55,"{'NONE','SAVE10','WELCOME'}"
Category 8,2025-10-22,Merchant 11,57.5975,2.77,-13.6325,"{'NONE','SAVE10','WELCOME'}"
Category 8,2025-10-22,Merchant 12,41.195,1.515,-26.12,"{'NONE','WELCOME'}"
Category 8,2025-10-22,Merchant 13,49.94857142857143,1.8014285714285714,-28.322857142857142,"{'NONE','SAVE10','WELCOME'}"
Category 8,2025-10-22,Merchant 15,38.79,0.33,-48.58,"{'NONE','SAVE10'}"
Category 8,2025-10-22,Merchant 16,45.957142857142856,3.0642857142857145,-14.37,"{'SAVE10','WELCOME'}"
Category 8,2025-10-22,Merchant 17,40.2525,1.3925,-24.4425,"{'NONE','SAVE10','WELCOME'}"
Category 8,2025-10-22,Merchant 19,23.075,2.305,-33.3,{'SAVE10'}
Category 8,2025-10-22,Merchant 2,56.942,1.356,14.04,"{'NONE','WELCOME'}"
Category 8,2025-10-22,Merchant 3,60.26,1.0766666666666667,-7.956666666666667,"{'NONE','WELCOME'}"
Category 8,2025-10-22,Merchant 4,59.655,2.0725,-12.3,"{'NONE','SAVE10','WELCOME'}"
Category 8,2025-10-22,Merchant 5,99.735,4.99,12.675,{'WELCOME'}
Category 8,2025-10-22,Merchant 6,65.11666666666666,4.296666666666667,3.695,"{'NONE','SAVE10','WELCOME'}"
Category 8,2025-10-22,Merchant 7,74.31,5.025,43.7525,"{'SAVE10','WELCOME'}"
Category 8,2025-10-22,Merchant 8,56.81,3.055,41.255,"{'NONE','SAVE10'}"
Category 8,2025-10-22,Merchant 9,34.604,1.82,-41.262,"{'NONE','SAVE10','WELCOME'}"
Category 8,2025-10-23,Merchant 10,48.386,2.398,-14.73,"{'NONE','SAVE10','WELCOME'}"
Category 8,2025-10-23,Merchant 11,47.225,2.3625,-37.12,{'WELCOME'}
Category 8,2025-10-23,Merchant 12,67.61666666666666,0.8133333333333334,1.0033333333333334,"{'NONE','WELCOME'}"
Category 8,2025-10-23,Merchant 13,79.818,2.954,-7.632,"{'NONE','WELCOME'}"
Category 8,2025-10-23,Merchant 15,72.825,4.8675,-19.0825,"{'NONE','SAVE10','WELCOME'}"
Category 8,2025-10-23,Merchant 16,52.951,2.026,-10.013,"{'NONE','SAVE10','WELCOME'}"
Category 8,2025-10-23,Merchant 17,31.15,1.7066666666666668,-21.533333333333335,"{'SAVE10','WELCOME'}"
Category 8,2025-10-23,Merchant 18,58.92333333333333,3.3533333333333335,-36.22,"{'SAVE10','WELCOME'}"
Category 8,2025-10-23,Merchant 19,68.77571428571429,3.5,-9.622857142857143,"{'NONE','SAVE10','WELCOME'}"
Category 8,2025-10-23,Merchant 2,47.13,2.36,-19.735,{'WELCOME'}
Category 8,2025-10-23,Merchant 4,34.83166666666666,1.86,-27.37,"{'NONE','SAVE10','WELCOME'}"
Category 8,2025-10-23,Merchant 5,37.0225,1.7825,-65.45,"{'NONE','SAVE10','WELCOME'}"
Category 8,2025-10-23,Merchant 6,61.266666666666666,2.893333333333333,-12.853333333333333,"{'NONE','WELCOME'}"
Category 8,2025-10-23,Merchant 7,50.24333333333333,2.6933333333333334,18.72,"{'NONE','SAVE10','WELCOME'}"
Category 8,2025-10-23,Merchant 8,41.105,0.6225,-1.9125,"{'NONE','WELCOME'}"
Category 8,2025-10-23,Merchant 9,78.83,3.9433333333333334,2.2066666666666666,{'WELCOME'}
Category 8,2025-10-24,Merchant 10,38.7625,0.8175,-22.945,"{'NONE','SAVE10','WELCOME'}"
Category 8,2025-10-24,Merchant 11,50.98,2.546666666666667,-29.436666666666667,{'WELCOME'}
Category 8,2025-10-24,Merchant 12,34.53,0.49,-0.45,"{'NONE','WELCOME'}"
Category 8,2025-10-24,Merchant 13,66.80666666666667,2.09,-9.093333333333334,"{'NONE','WELCOME'}"
Category 8,2025-10-24,Merchant 16,66.728,6.298,14.71,"{'SAVE10','WELCOME'}"
Category 8,2025-10-24,Merchant 17,62.326,4.101,-0.058,"{'NONE','SAVE10','WELCOME'}"
Category 8,2025-10-24,Merchant 19,70.475,5.0475,-15.305,"{'SAVE10','WELCOME'}"
Category 8,2025-10-24,Merchant 2,71.32,1.7825,-3.3325,"{'NONE','WELCOME'}"
Category 8,2025-10-24,Merchant 3,45.635,2.4525,-14.32,"{'NONE','SAVE10','WELCOME'}"
Category 8,2025-10-24,Merchant 4,40.94,1.685,-14.3,"{'NONE','WELCOME'}"
Category 8,2025-10-24,Merchant 5,49.05714285714286,3.85,-23.602857142857143,"{'NONE','SAVE10','WELCOME'}"
Category 8,2025-10-24,Merchant 6,73.13666666666667,2.51,27.60333333333333,"{'NONE','WELCOME'}"
Category 8,2025-10-24,Merchant 7,102.27,5.11,41.95,{'WELCOME'}
Category 8,2025-10-24,Merchant 8,56.245,1.78,10.215,"{'NONE','WELCOME'}"
Category 8,2025-10-24,Merchant 9,59.473333333333336,2.8066666666666666,-12.501666666666667,"{'NONE','SAVE10','WELCOME'}"
Category 8,2025-10-25,Merchant 1,58.6,2.93,23.78,{'WELCOME'}
Category 8,2025-10-25,Merchant 10,62.848,2.712,23.384,"{'NONE','SAVE10','WELCOME'}"
Category 8,2025-10-25,Merchant 11,65.46,3.275,-36.875,{'WELCOME'}
Category 8,2025-10-25,Merchant 12,21.36,1.07,-45.51,{'WELCOME'}
Category 8,2025-10-25,Merchant 13,61,4.14,-42.3,"{'SAVE10','WELCOME'}"
Category 8,2025-10-25,Merchant 15,33.11,0,-53.93,{'NONE'}
Category 8,2025-10-25,Merchant 16,57.06470588235294,2.868235294117647,6.259411764705883,"{'NONE','SAVE10','WELCOME'}"
Category 8,2025-10-25,Merchant 17,61.358,2.45,-4.16,"{'NONE','SAVE10','WELCOME'}"
Category 8,2025-10-25,Merchant 18,53.365,2.665,-41.09,{'WELCOME'}
Category 8,2025-10-25,Merchant 19,71.86,1.5466666666666666,-7.696666666666666,"{'NONE','SAVE10'}"
Category 8,2025-10-25,Merchant 2,49.315,2.465,1.4775,{'WELCOME'}
Category 8,2025-10-25,Merchant 3,34.9725,1.32,-20.49125,"{'NONE','SAVE10','WELCOME'}"
Category 8,2025-10-25,Merchant 4,57.05166666666667,2.8866666666666667,4.708333333333333,"{'NONE','SAVE10','WELCOME'}"
Category 8,2025-10-25,Merchant 5,38.681666666666665,2.026666666666667,-31.461666666666666,"{'SAVE10','WELCOME'}"
Category 8,2025-10-25,Merchant 6,71.02666666666667,2.8666666666666667,25.136666666666667,"{'NONE','WELCOME'}"
Category 8,2025-10-25,Merchant 7,71.06666666666666,2.33,39.906666666666666,"{'NONE','SAVE10'}"
Category 8,2025-10-25,Merchant 8,48.95285714285714,2.855714285714286,22.937142857142856,"{'NONE','SAVE10','WELCOME'}"
Category 8,2025-10-25,Merchant 9,64.455,2.518333333333333,-10.743333333333334,"{'NONE','WELCOME'}"
Category 8,2025-10-26,Merchant 10,31.123333333333335,1.72,-18.996666666666666,"{'SAVE10','WELCOME'}"
Category 8,2025-10-26,Merchant 11,56.445,2.375,-13.205,"{'NONE','SAVE10'}"
Category 8,2025-10-26,Merchant 12,22.505,1.655,-44.95,"{'SAVE10','WELCOME'}"
Category 8,2025-10-26,Merchant 13,58.92666666666667,5.401666666666666,-28.10333333333333,"{'SAVE10','WELCOME'}"
Category 8,2025-10-26,Merchant 15,81.37,1.1466666666666667,-6.816666666666666,"{'NONE','WELCOME'}"
Category 8,2025-10-26,Merchant 16,73.8425,4.4325,18.0875,"{'NONE','SAVE10','WELCOME'}"
Category 8,2025-10-26,Merchant 17,34.5075,1.5125,-19.21,"{'NONE','WELCOME'}"
Category 8,2025-10-26,Merchant 18,25.805,1.29,-67.275,{'WELCOME'}
Category 8,2025-10-26,Merchant 19,77.51,6.07,-17.46,"{'SAVE10','WELCOME'}"
Category 8,2025-10-26,Merchant 2,45.43,4.54,-31.98,{'SAVE10'}
Category 8,2025-10-26,Merchant 3,70.49833333333333,4.52,-2.9716666666666667,"{'NONE','SAVE10','WELCOME'}"
Category 8,2025-10-26,Merchant 4,34.81666666666667,3.1166666666666667,-51.11666666666667,"{'SAVE10','WELCOME'}"
Category 8,2025-10-26,Merchant 5,83.695,2.52,-19.515,"{'NONE','WELCOME'}"
Category 8,2025-10-26,Merchant 6,7.34,0.73,-8.21,{'SAVE10'}
Category 8,2025-10-26,Merchant 7,43.79,2.19,-13.61,{'WELCOME'}
Category 8,2025-10-26,Merchant 8,58.182,2.72,32.488,"{'NONE','SAVE10','WELCOME'}"
Category 8,2025-10-26,Merchant 9,66.474,3.99,-2.786,"{'SAVE10','WELCOME'}"
Category 8,2025-10-27,Merchant 1,13.35,0,-18.54,{'NONE'}
Category 8,2025-10-27,Merchant 10,64.61666666666666,2.24,40.31666666666667,"{'NONE','SAVE10'}"
Category 8,2025-10-27,Merchant 11,44.9775,0.8675,-45.22625,"{'NONE','WELCOME'}"
Category 8,2025-10-27,Merchant 12,11.245,0.56,-39.46,{'WELCOME'}
Category 8,2025-10-27,Merchant 13,78.40833333333333,2.4633333333333334,-4.89,"{'NONE','SAVE10','WELCOME'}"
Category 8,2025-10-27,Merchant 16,54.644,1.948,-12.114,"{'NONE','SAVE10','WELCOME'}"
Category 8,2025-10-27,Merchant 17,50.284,3.608,-4.258,"{'SAVE10','WELCOME'}"
Category 8,2025-10-27,Merchant 18,54.76,2.74,-39.77,{'WELCOME'}
Category 8,2025-10-27,Merchant 19,33.403333333333336,2.4233333333333333,-46.31,"{'SAVE10','WELCOME'}"
Category 8,2025-10-27,Merchant 2,25.273333333333333,0.6,-17.11,"{'NONE','WELCOME'}"
Category 8,2025-10-27,Merchant 3,59.918,4.504,2.002,"{'SAVE10','WELCOME'}"
Category 8,2025-10-27,Merchant 4,49.696,2.55,-28.038,"{'SAVE10','WELCOME'}"
Category 8,2025-10-27,Merchant 5,48.2875,2.08,-35.8625,"{'NONE','SAVE10','WELCOME'}"
Category 8,2025-10-27,Merchant 6,43.89,2.19,-57.73,{'WELCOME'}
Category 8,2025-10-27,Merchant 7,71.76,3.586666666666667,26.153333333333332,{'WELCOME'}
Category 8,2025-10-27,Merchant 8,70.66,3.53,-5.16,{'WELCOME'}
Category 8,2025-10-27,Merchant 9,48.221666666666664,1.335,-29.498333333333335,"{'NONE','SAVE10','WELCOME'}"
Category 8,2025-10-28,Merchant 1,98.67,4.93,61.85,{'WELCOME'}
Category 8,2025-10-28,Merchant 10,47.99777777777778,2.097777777777778,-9.425555555555556,"{'NONE','SAVE10','WELCOME'}"
Category 8,2025-10-28,Merchant 11,46.57666666666667,1.9933333333333334,-31.706666666666667,"{'NONE','WELCOME'}"
Category 8,2025-10-28,Merchant 12,52.255,2.445,-0.335,"{'NONE','WELCOME'}"
Category 8,2025-10-28,Merchant 13,46.596,1.426,-45.166,"{'NONE','SAVE10','WELCOME'}"
Category 8,2025-10-28,Merchant 15,59.25,2.96,-30.75,{'WELCOME'}
Category 8,2025-10-28,Merchant 16,72.075,7.205,21.56,{'SAVE10'}
Category 8,2025-10-28,Merchant 17,51.35,2.356666666666667,-22.21,"{'NONE','WELCOME'}"
Category 8,2025-10-28,Merchant 18,66.14333333333333,1.84,-27.486666666666668,"{'NONE','WELCOME'}"
Category 8,2025-10-28,Merchant 19,66.16333333333333,2.54,-13.666666666666666,"{'NONE','WELCOME'}"
Category 8,2025-10-28,Merchant 2,63.88857142857143,0.7114285714285714,17.46142857142857,"{'NONE','WELCOME'}"
Category 8,2025-10-28,Merchant 3,61.3525,2.34,9.1325,"{'NONE','WELCOME'}"
Category 8,2025-10-28,Merchant 4,86.4,6.135,16.53,"{'SAVE10','WELCOME'}"
Category 8,2025-10-28,Merchant 5,22.96,2.3,-61.41,{'SAVE10'}
Category 8,2025-10-28,Merchant 6,63.84,3.03,3.685,"{'NONE','SAVE10','WELCOME'}"
Category 8,2025-10-28,Merchant 8,46.158,0.85,-15.766,"{'NONE','WELCOME'}"
Category 8,2025-10-28,Merchant 9,32.45,0.805,-33.915,"{'NONE','WELCOME'}"
Category 8,2025-10-29,Merchant 10,58.225,0.845,17.635,"{'NONE','WELCOME'}"
Category 8,2025-10-29,Merchant 11,61.57666666666667,1.9266666666666667,-18.22,"{'NONE','SAVE10','WELCOME'}"
Category 8,2025-10-29,Merchant 12,36.46,0,-29.34,{'NONE'}
Category 8,2025-10-29,Merchant 13,76.12333333333333,3.3716666666666666,-4.803333333333334,"{'NONE','SAVE10','WELCOME'}"
Category 8,2025-10-29,Merchant 16,58.18,2.9336363636363636,0.5263636363636364,"{'NONE','SAVE10','WELCOME'}"
Category 8,2025-10-29,Merchant 17,43.303333333333335,1.7177777777777778,-19.33222222222222,"{'NONE','SAVE10','WELCOME'}"
Category 8,2025-10-29,Merchant 19,73.35333333333334,2.69,-7.346666666666667,"{'NONE','SAVE10'}"
Category 8,2025-10-29,Merchant 2,42.412,2.486,4.36,"{'NONE','SAVE10','WELCOME'}"
Category 8,2025-10-29,Merchant 3,62.724,0.726,2.004,"{'NONE','WELCOME'}"
Category 8,2025-10-29,Merchant 4,35.31666666666667,3.0566666666666666,-50.556666666666665,"{'SAVE10','WELCOME'}"
Category 8,2025-10-29,Merchant 5,56.242,2.416,-5.928,"{'NONE','SAVE10','WELCOME'}"
Category 8,2025-10-29,Merchant 6,56.9025,3.6475,17.2875,"{'SAVE10','WELCOME'}"
Category 8,2025-10-29,Merchant 7,87.76,8.78,23.77,{'SAVE10'}
Category 8,2025-10-29,Merchant 8,93.62,0,84.83,{'NONE'}
Category 8,2025-10-29,Merchant 9,41.545,0.745,-25.05,"{'NONE','WELCOME'}"
Category 8,2025-10-30,Merchant 1,17.51,0.88,-15.26,{'WELCOME'}
Category 8,2025-10-30,Merchant 10,53.428333333333335,2.125,-7.506666666666667,"{'NONE','SAVE10','WELCOME'}"
Category 8,2025-10-30,Merchant 11,47.0675,3.05,-24.4425,"{'SAVE10','WELCOME'}"
Category 8,2025-10-30,Merchant 12,28.97,2.235,-39.065,"{'SAVE10','WELCOME'}"
Category 8,2025-10-30,Merchant 13,86.44333333333333,8.646666666666667,-12.306666666666667,{'SAVE10'}
Category 8,2025-10-30,Merchant 15,79.27,7.926666666666667,-15.696666666666667,{'SAVE10'}
Category 8,2025-10-30,Merchant 16,49.64125,3.0775,-9.9125,"{'NONE','SAVE10','WELCOME'}"
Category 8,2025-10-30,Merchant 17,88.23,1.2233333333333334,33.946666666666665,"{'NONE','WELCOME'}"
Category 8,2025-10-30,Merchant 18,46.68,1.365,-46.475,"{'NONE','SAVE10'}"
Category 8,2025-10-30,Merchant 19,59.52,0.715,-13.76,"{'NONE','WELCOME'}"
Category 8,2025-10-30,Merchant 2,57.43666666666667,4.156666666666666,1.53,"{'SAVE10','WELCOME'}"
Category 8,2025-10-30,Merchant 3,48.44777777777778,1.978888888888889,-16.878888888888888,"{'NONE','SAVE10','WELCOME'}"
Category 8,2025-10-30,Merchant 4,59.424285714285716,2.692857142857143,-18.694285714285716,"{'NONE','SAVE10','WELCOME'}"
Category 8,2025-10-30,Merchant 5,51.63666666666666,3.32,-21.386666666666667,"{'SAVE10','WELCOME'}"
Category 8,2025-10-30,Merchant 6,78.25,2.28,18.845,"{'NONE','WELCOME'}"
Category 8,2025-10-30,Merchant 7,48.035,2.4,-9.575,{'WELCOME'}
Category 8,2025-10-30,Merchant 8,36.218,1.08,9.196,"{'NONE','WELCOME'}"
Category 8,2025-10-30,Merchant 9,84.16,5.06,13.446666666666667,"{'NONE','SAVE10'}"
Category 8,2025-10-31,Merchant 1,81.57,0,49.68,{'NONE'}
Category 8,2025-10-31,Merchant 10,57.614285714285714,4.192857142857143,-0.9142857142857143,"{'SAVE10','WELCOME'}"
Category 8,2025-10-31,Merchant 11,72.41833333333334,5.493333333333333,-20.75,"{'SAVE10','WELCOME'}"
Category 8,2025-10-31,Merchant 12,40.42,0.975,-26.355,"{'NONE','WELCOME'}"
Category 8,2025-10-31,Merchant 13,52.99285714285714,4.437142857142857,-28.095714285714287,"{'SAVE10','WELCOME'}"
Category 8,2025-10-31,Merchant 16,32.92,2.2133333333333334,-32.06,"{'NONE','SAVE10','WELCOME'}"
Category 8,2025-10-31,Merchant 17,70.2325,2.435,6.0575,"{'NONE','WELCOME'}"
Category 8,2025-10-31,Merchant 18,33.365,0.235,-58.66,"{'NONE','WELCOME'}"
Category 8,2025-10-31,Merchant 19,24.43,0.97,-55.27,"{'NONE','WELCOME'}"
Category 8,2025-10-31,Merchant 2,43.284,1.626,-15.194,"{'NONE','SAVE10','WELCOME'}"
Category 8,2025-10-31,Merchant 3,47.95,1.144,-22.91,"{'NONE','WELCOME'}"
Category 8,2025-10-31,Merchant 4,69.75,1.7,14.495,"{'NONE','WELCOME'}"
Category 8,2025-10-31,Merchant 5,43.9225,2.565,-39.5575,"{'NONE','SAVE10','WELCOME'}"
Category 8,2025-10-31,Merchant 6,49.965,2.045,-51.51,"{'NONE','WELCOME'}"
Category 8,2025-10-31,Merchant 7,73.245,5.37,32.45,"{'SAVE10','WELCOME'}"
Category 8,2025-10-31,Merchant 8,64.834,3.78,39.564,"{'NONE','SAVE10','WELCOME'}"
Category 8,2025-10-31,Merchant 9,81.15333333333334,4.1866666666666665,-2.8333333333333335,"{'NONE','SAVE10','WELCOME'}"
Category 8,2025-11-01,Merchant 1,40.74,2.0525,6.7975,"{'NONE','SAVE10','WELCOME'}"
Category 8,2025-11-01,Merchant 10,41.26,1.997142857142857,-3.3971428571428572,"{'NONE','SAVE10','WELCOME'}"
Category 8,2025-11-01,Merchant 11,56.555,3.5375,-14.2575,"{'SAVE10','WELCOME'}"
Category 8,2025-11-01,Merchant 12,13.07,0,-52.73,{'NONE'}
Category 8,2025-11-01,Merchant 13,55.364,2.408,-33.038,"{'NONE','SAVE10','WELCOME'}"
Category 8,2025-11-01,Merchant 16,50.964285714285715,2.222857142857143,-1.177142857142857,"{'NONE','SAVE10','WELCOME'}"
Category 8,2025-11-01,Merchant 17,58.375,5.84,-1.62,{'SAVE10'}
Category 8,2025-11-01,Merchant 18,51.82666666666667,1.2866666666666666,-41.25,"{'NONE','WELCOME'}"
Category 8,2025-11-01,Merchant 19,59.49857142857143,3.0614285714285714,-23.437142857142856,"{'NONE','SAVE10','WELCOME'}"
Category 8,2025-11-01,Merchant 2,34.233333333333334,1.1033333333333333,-13.043333333333333,"{'NONE','SAVE10','WELCOME'}"
Category 8,2025-11-01,Merchant 3,65.83333333333333,4.793333333333333,3.6666666666666665,"{'SAVE10','WELCOME'}"
Category 8,2025-11-01,Merchant 4,35.3425,2.32,-36.86,"{'NONE','SAVE10','WELCOME'}"
Category 8,2025-11-01,Merchant 5,62.15428571428571,3.762857142857143,-25.018571428571427,"{'NONE','SAVE10','WELCOME'}"
Category 8,2025-11-01,Merchant 6,34.83,1.42,18.59,"{'NONE','SAVE10'}"
Category 8,2025-11-01,Merchant 7,49.0425,3.305,0.42,"{'NONE','SAVE10','WELCOME'}"
Category 8,2025-11-01,Merchant 8,42.00333333333333,2.38,7.193333333333333,"{'NONE','SAVE10','WELCOME'}"
Category 8,2025-11-01,Merchant 9,48.66,2.435,-19.335,{'WELCOME'}
Category 8,2025-11-02,Merchant 1,75.405,5.35,38.165,"{'SAVE10','WELCOME'}"
Category 8,2025-11-02,Merchant 10,59.44428571428571,3.9185714285714286,11.682857142857143,"{'NONE','SAVE10','WELCOME'}"
Category 8,2025-11-02,Merchant 11,38.416666666666664,1.65,-59.13333333333333,"{'NONE','SAVE10'}"
Category 8,2025-11-02,Merchant 12,44.553333333333335,3.9033333333333333,-25.15,"{'SAVE10','WELCOME'}"
Category 8,2025-11-02,Merchant 13,36.69833333333333,2.0016666666666665,-46.805,"{'NONE','SAVE10','WELCOME'}"
Category 8,2025-11-02,Merchant 15,69.29,3.46,-21.21,{'WELCOME'}
Category 8,2025-11-02,Merchant 16,59.864,3.304,-4.22,"{'NONE','SAVE10','WELCOME'}"
Category 8,2025-11-02,Merchant 17,70.34857142857143,4.524285714285714,7.804285714285714,"{'SAVE10','WELCOME'}"
Category 8,2025-11-02,Merchant 19,50.54,1.8066666666666666,-23.111666666666668,"{'NONE','SAVE10','WELCOME'}"
Category 8,2025-11-02,Merchant 2,16.5,0,-39.64,{'NONE'}
Category 8,2025-11-02,Merchant 3,50.59285714285714,1.6285714285714286,-0.8514285714285714,"{'NONE','SAVE10','WELCOME'}"
Category 8,2025-11-02,Merchant 4,73.756,3.222,-4.65,"{'NONE','SAVE10','WELCOME'}"
Category 8,2025-11-02,Merchant 5,45.61,0,-13.22,{'NONE'}
Category 8,2025-11-02,Merchant 6,91.025,4.925,-13.33,"{'NONE','SAVE10'}"
Category 8,2025-11-02,Merchant 7,63.03666666666667,1.8166666666666667,19.2,"{'NONE','WELCOME'}"
Category 8,2025-11-02,Merchant 8,52.536,1.77,26.308,"{'NONE','SAVE10','WELCOME'}"
Category 8,2025-11-02,Merchant 9,46.78,4.465,-33.78,"{'SAVE10','WELCOME'}"
Category 8,2025-11-03,Merchant 10,60.26,2.606,4.53,"{'NONE','WELCOME'}"
Category 8,2025-11-03,Merchant 11,77.83333333333333,1.5733333333333333,-1.61,"{'NONE','SAVE10'}"
Category 8,2025-11-03,Merchant 12,29.843333333333334,0.8866666666666667,-15.97,"{'NONE','SAVE10','WELCOME'}"
Category 8,2025-11-03,Merchant 13,42.115,2.105,-37.09,{'WELCOME'}
Category 8,2025-11-03,Merchant 15,57.23,2.86,-32.67,{'WELCOME'}
Category 8,2025-11-03,Merchant 16,58.912,2.392,-6.809,"{'NONE','SAVE10','WELCOME'}"
Category 8,2025-11-03,Merchant 17,42.975,0.37833333333333335,-14.478333333333333,"{'NONE','WELCOME'}"
Category 8,2025-11-03,Merchant 18,67.11,3.36,-28.04,{'WELCOME'}
Category 8,2025-11-03,Merchant 19,59.52,4.635,-16.6,"{'SAVE10','WELCOME'}"
Category 8,2025-11-03,Merchant 2,70.77142857142857,3.295714285714286,4.1657142857142855,"{'NONE','SAVE10','WELCOME'}"
Category 8,2025-11-03,Merchant 3,47.51,2.43875,-13.94125,"{'NONE','SAVE10','WELCOME'}"
Category 8,2025-11-03,Merchant 4,68.3625,4.22,-5.74,"{'NONE','SAVE10','WELCOME'}"
Category 8,2025-11-03,Merchant 5,62.3675,4.6625,-22.055,"{'SAVE10','WELCOME'}"
Category 8,2025-11-03,Merchant 6,79.152,4.524,42.886,"{'NONE','SAVE10','WELCOME'}"
Category 8,2025-11-03,Merchant 7,24.64,1.6266666666666667,-19.006666666666668,"{'NONE','SAVE10'}"
Category 8,2025-11-03,Merchant 8,63.718333333333334,2.51,28.778333333333332,"{'NONE','SAVE10','WELCOME'}"
Category 8,2025-11-03,Merchant 9,32.78,3.28,-46.885,{'SAVE10'}
Category 8,2025-11-04,Merchant 1,80.205,4.805,43.51,"{'NONE','SAVE10'}"
Category 8,2025-11-04,Merchant 10,51.435,3.0775,-3.01,"{'SAVE10','WELCOME'}"
Category 8,2025-11-04,Merchant 11,75.43857142857142,2.1271428571428572,-14.635714285714286,"{'NONE','WELCOME'}"
Category 8,2025-11-04,Merchant 12,65.10666666666667,4.636666666666667,25.98,"{'SAVE10','WELCOME'}"
Category 8,2025-11-04,Merchant 13,49.3725,1.4825,-34.13,"{'NONE','WELCOME'}"
Category 8,2025-11-04,Merchant 15,53.64,0.57,-33.97,"{'NONE','WELCOME'}"
Category 8,2025-11-04,Merchant 16,63.4875,2.15625,-3.15,"{'NONE','WELCOME'}"
Category 8,2025-11-04,Merchant 17,27.12,1.7,-22.325,"{'SAVE10','WELCOME'}"
Category 8,2025-11-04,Merchant 18,83.74666666666667,6.713333333333333,-14.756666666666666,"{'SAVE10','WELCOME'}"
Category 8,2025-11-04,Merchant 19,39.74,1.99,-53.31,{'WELCOME'}
Category 8,2025-11-04,Merchant 2,63.1675,2.9525,7.3675,"{'NONE','SAVE10','WELCOME'}"
Category 8,2025-11-04,Merchant 3,56.654,2.026,-3.434,"{'NONE','SAVE10','WELCOME'}"
Category 8,2025-11-04,Merchant 4,69.9475,1.5575,4.655,"{'NONE','WELCOME'}"
Category 8,2025-11-04,Merchant 5,53.336666666666666,3.163333333333333,-10.196666666666667,"{'NONE','SAVE10','WELCOME'}"
Category 8,2025-11-04,Merchant 6,61.265,3.85,-42.015,"{'SAVE10','WELCOME'}"
Category 8,2025-11-04,Merchant 7,68.21,3.41,35.97,{'WELCOME'}
Category 8,2025-11-04,Merchant 8,56.26,2.278,29.526,"{'NONE','WELCOME'}"
Category 8,2025-11-04,Merchant 9,88.21,4.583333333333333,18.166666666666668,"{'NONE','SAVE10','WELCOME'}"
Category 8,2025-11-05,Merchant 10,43.25,3.1814285714285715,-8.81,"{'NONE','SAVE10','WELCOME'}"
Category 8,2025-11-05,Merchant 12,69.20666666666666,5.05,-1.6433333333333333,"{'SAVE10','WELCOME'}"
Category 8,2025-11-05,Merchant 13,67.5225,1.3275,-20.2525,"{'NONE','SAVE10','WELCOME'}"
Category 8,2025-11-05,Merchant 15,34.38,0,-52.66,{'NONE'}
Category 8,2025-11-05,Merchant 16,31.035,2.92,-21.365,"{'SAVE10','WELCOME'}"
Category 8,2025-11-05,Merchant 17,46.7075,1.475,-2.5125,"{'NONE','SAVE10','WELCOME'}"
Category 8,2025-11-05,Merchant 18,31.01,0,-60.78,{'NONE'}
Category 8,2025-11-05,Merchant 19,87.98,4.4,-5.32,{'WELCOME'}
Category 8,2025-11-05,Merchant 2,49.50090909090909,2.2927272727272725,-1.4236363636363636,"{'NONE','SAVE10','WELCOME'}"
Category 8,2025-11-05,Merchant 3,45.761428571428574,1.9242857142857144,-13.957142857142857,"{'NONE','SAVE10','WELCOME'}"
Category 8,2025-11-05,Merchant 4,62.22,2.74,-1.5666666666666667,"{'NONE','SAVE10','WELCOME'}"
Category 8,2025-11-05,Merchant 5,60.28,0,6.07,{'NONE'}
Category 8,2025-11-05,Merchant 6,56.08,0,-43.35,{'NONE'}
Category 8,2025-11-05,Merchant 7,55.065,4.655,-4.8,"{'SAVE10','WELCOME'}"
Category 8,2025-11-05,Merchant 8,67.504,3.506,29.81,"{'NONE','SAVE10','WELCOME'}"
Category 8,2025-11-05,Merchant 9,61.078,3.052,-16.02,{'WELCOME'}
Category 8,2025-11-06,Merchant 1,17.18,0.86,-15.57,{'WELCOME'}
Category 8,2025-11-06,Merchant 10,74.16333333333333,3.973333333333333,8.146666666666667,"{'NONE','SAVE10','WELCOME'}"
Category 8,2025-11-06,Merchant 11,39.0175,2.52,-59.0075,"{'SAVE10','WELCOME'}"
Category 8,2025-11-06,Merchant 13,61.15714285714286,3.01,-19.964285714285715,"{'NONE','SAVE10','WELCOME'}"
Category 8,2025-11-06,Merchant 15,91.83,0,4.79,{'NONE'}
Category 8,2025-11-06,Merchant 16,73.32142857142857,2.43,15.992857142857144,"{'NONE','WELCOME'}"
Category 8,2025-11-06,Merchant 17,72.63142857142857,3.8485714285714288,13.487142857142857,"{'NONE','SAVE10','WELCOME'}"
Category 8,2025-11-06,Merchant 18,23.15,2.32,-70.96,{'SAVE10'}
Category 8,2025-11-06,Merchant 19,31.685,1.585,-59.88,{'WELCOME'}
Category 8,2025-11-06,Merchant 2,50.07,2.5,1.3966666666666667,{'WELCOME'}
Category 8,2025-11-06,Merchant 3,43.145,0.795,-31.23,"{'NONE','SAVE10'}"
Category 8,2025-11-06,Merchant 4,57.9875,5.05,-38.3625,"{'SAVE10','WELCOME'}"
Category 8,2025-11-06,Merchant 5,57.22636363636364,1.8818181818181818,-10.676363636363636,"{'NONE','SAVE10','WELCOME'}"
Category 8,2025-11-06,Merchant 6,63.356,3.22,-5.45,"{'NONE','SAVE10','WELCOME'}"
Category 8,2025-11-06,Merchant 7,69.612,2.694,27.536,"{'NONE','SAVE10','WELCOME'}"
Category 8,2025-11-06,Merchant 8,68.87666666666667,1.41,13.87,"{'NONE','SAVE10'}"
Category 8,2025-11-06,Merchant 9,44.318333333333335,1.755,-26.605,"{'NONE','WELCOME'}"
Category 8,2025-11-07,Merchant 10,46.19,2.1533333333333333,-7.9911111111111115,"{'NONE','SAVE10','WELCOME'}"
Category 8,2025-11-07,Merchant 11,58.495,2.74,-4.085,"{'NONE','SAVE10','WELCOME'}"
Category 8,2025-11-07,Merchant 12,66.775,3.34,-2.365,{'WELCOME'}
Category 8,2025-11-07,Merchant 13,54.5,1.0633333333333332,-30.223333333333333,"{'NONE','SAVE10','WELCOME'}"
Category 8,2025-11-07,Merchant 15,48.36,0,-38.68,{'NONE'}
Category 8,2025-11-07,Merchant 16,46.01,3.02,-16.10375,"{'SAVE10','WELCOME'}"
Category 8,2025-11-07,Merchant 17,42.95666666666666,3.3966666666666665,-17.256666666666668,"{'SAVE10','WELCOME'}"
Category 8,2025-11-07,Merchant 18,75.05,3.75,-20.49,{'WELCOME'}
Category 8,2025-11-07,Merchant 19,64.13166666666666,4.89,-12.963333333333333,"{'NONE','SAVE10','WELCOME'}"
Category 8,2025-11-07,Merchant 2,33.80166666666667,1.4266666666666667,-27.14666666666667,"{'NONE','SAVE10','WELCOME'}"
Category 8,2025-11-07,Merchant 3,65.6475,4.065,8.79625,"{'NONE','SAVE10','WELCOME'}"
Category 8,2025-11-07,Merchant 4,39.23166666666667,0.645,-29.246666666666666,"{'NONE','WELCOME'}"
Category 8,2025-11-07,Merchant 5,87.128,3.846,10.482,"{'NONE','WELCOME'}"
Category 8,2025-11-07,Merchant 6,56.62,4.363333333333333,-47.17333333333333,"{'NONE','SAVE10'}"
Category 8,2025-11-07,Merchant 7,42.32,3.7,13.0875,"{'SAVE10','WELCOME'}"
Category 8,2025-11-07,Merchant 8,67.022,3.35,53.398,{'WELCOME'}
Category 8,2025-11-07,Merchant 9,66.93333333333334,5.156666666666666,-10.903333333333332,"{'NONE','SAVE10'}"
Category 8,2025-11-08,Merchant 1,40.47,2.02,6.56,{'WELCOME'}
Category 8,2025-11-08,Merchant 10,59.05125,3.265,4.78875,"{'NONE','SAVE10','WELCOME'}"
Category 8,2025-11-08,Merchant 11,71.28,4.233333333333333,-30.433333333333334,"{'NONE','SAVE10','WELCOME'}"
Category 8,2025-11-08,Merchant 12,31.88,1.595,-19.86,{'WELCOME'}
Category 8,2025-11-08,Merchant 15,20,2,-69.04,{'SAVE10'}
Category 8,2025-11-08,Merchant 16,49.308181818181815,2.4527272727272726,-2.3563636363636364,"{'NONE','SAVE10','WELCOME'}"
Category 8,2025-11-08,Merchant 17,63.8875,2.82,2.535,"{'NONE','SAVE10','WELCOME'}"
Category 8,2025-11-08,Merchant 19,40.59,3.17,-52.56,"{'SAVE10','WELCOME'}"
Category 8,2025-11-08,Merchant 2,72.284,1.19,26.202,"{'NONE','WELCOME'}"
Category 8,2025-11-08,Merchant 3,62.791666666666664,1.9566666666666668,1.1933333333333334,"{'NONE','SAVE10','WELCOME'}"
Category 8,2025-11-08,Merchant 4,68.25666666666666,3.5233333333333334,-9.886666666666667,"{'NONE','SAVE10'}"
Category 8,2025-11-08,Merchant 5,60.8975,3.48,-22.3425,"{'SAVE10','WELCOME'}"
Category 8,2025-11-08,Merchant 6,58.97,5.67,10.276666666666667,"{'SAVE10','WELCOME'}"
Category 8,2025-11-08,Merchant 7,53.756,2.548,11.826,"{'NONE','SAVE10','WELCOME'}"
Category 8,2025-11-08,Merchant 8,55.96666666666667,3.2733333333333334,20.263333333333332,"{'SAVE10','WELCOME'}"
Category 8,2025-11-08,Merchant 9,82.475,5.92,11.285,"{'SAVE10','WELCOME'}"
Category 9,2025-09-09,Merchant 11,46.06,1.3633333333333333,-17.623333333333335,"{'NONE','SAVE10'}"
Category 9,2025-09-09,Merchant 12,44.605,2.0175,-3.2025,"{'NONE','WELCOME'}"
Category 9,2025-09-09,Merchant 13,39.15,2.18,-26.35,"{'SAVE10','WELCOME'}"
Category 9,2025-09-09,Merchant 16,51.26,2.56,-11.14,{'WELCOME'}
Category 9,2025-09-09,Merchant 18,43.57,0.94,-61.41,"{'NONE','WELCOME'}"
Category 9,2025-09-09,Merchant 3,67.38,3.37,39.33,{'WELCOME'}
Category 9,2025-09-09,Merchant 6,45.615,0,2.185,{'NONE'}
Category 9,2025-09-09,Merchant 7,15.845,0.945,-40.91,"{'SAVE10','WELCOME'}"
Category 9,2025-09-10,Merchant 1,56.48,1.9233333333333333,-1.52,"{'NONE','SAVE10'}"
Category 9,2025-09-10,Merchant 10,75.66,4,-14.44,"{'NONE','SAVE10'}"
Category 9,2025-09-10,Merchant 11,55.644,4.35,-15.758,"{'SAVE10','WELCOME'}"
Category 9,2025-09-10,Merchant 12,50.86333333333334,2.85,-8.63,"{'NONE','SAVE10','WELCOME'}"
Category 9,2025-09-10,Merchant 13,66.63,5.053333333333334,11.053333333333333,"{'SAVE10','WELCOME'}"
Category 9,2025-09-10,Merchant 14,82.98,4.15,24.23,{'WELCOME'}
Category 9,2025-09-10,Merchant 15,33.925,1.915,-36.37,"{'SAVE10','WELCOME'}"
Category 9,2025-09-10,Merchant 16,67.8725,3.5525,-7.58,"{'NONE','SAVE10','WELCOME'}"
Category 9,2025-09-10,Merchant 17,45.8575,4.445,-22.3575,"{'SAVE10','WELCOME'}"
Category 9,2025-09-10,Merchant 18,54.83857142857143,3.5785714285714287,-15.027142857142858,"{'NONE','SAVE10','WELCOME'}"
Category 9,2025-09-10,Merchant 2,57.236666666666665,1.9366666666666668,-11.11,"{'NONE','WELCOME'}"
Category 9,2025-09-10,Merchant 20,67.7075,3.4475,-13.02,"{'NONE','SAVE10','WELCOME'}"
Category 9,2025-09-10,Merchant 3,47.205555555555556,1.0977777777777777,2.4477777777777776,"{'NONE','SAVE10','WELCOME'}"
Category 9,2025-09-10,Merchant 4,82.06,6.565,46.46,"{'SAVE10','WELCOME'}"
Category 9,2025-09-10,Merchant 5,61.21,0.854,-5.684,"{'NONE','WELCOME'}"
Category 9,2025-09-10,Merchant 6,57.09,3.4375,-8.39625,"{'NONE','SAVE10','WELCOME'}"
Category 9,2025-09-10,Merchant 7,71.92333333333333,3.9,17.493333333333332,"{'NONE','SAVE10','WELCOME'}"
Category 9,2025-09-10,Merchant 8,28.78,1.44,-39.5,{'WELCOME'}
Category 9,2025-09-10,Merchant 9,86.32,8.63,40.78,{'SAVE10'}
Category 9,2025-09-11,Merchant 1,67.0175,2.135,-19.1025,"{'NONE','WELCOME'}"
Category 9,2025-09-11,Merchant 10,70.88,3.54,-18.76,{'WELCOME'}
Category 9,2025-09-11,Merchant 11,36.08,2.345,-32.2125,"{'SAVE10','WELCOME'}"
Category 9,2025-09-11,Merchant 12,62.892857142857146,4.075714285714286,-2.2585714285714285,"{'NONE','SAVE10','WELCOME'}"
Category 9,2025-09-11,Merchant 13,55.42,5.345,-40.095,"{'SAVE10','WELCOME'}"
Category 9,2025-09-11,Merchant 14,93.95,2.54,36.81,"{'NONE','WELCOME'}"
Category 9,2025-09-11,Merchant 15,29.683333333333334,1.4833333333333334,-52.75,"{'NONE','SAVE10','WELCOME'}"
Category 9,2025-09-11,Merchant 16,62.83,2.25,-11.32,"{'NONE','WELCOME'}"
Category 9,2025-09-11,Merchant 17,55.33,2.2914285714285714,-7.814285714285714,"{'NONE','SAVE10','WELCOME'}"
Category 9,2025-09-11,Merchant 18,30.223333333333333,2.8733333333333335,-61.586666666666666,"{'SAVE10','WELCOME'}"
Category 9,2025-09-11,Merchant 19,68.62,4.04,21.296666666666667,"{'NONE','SAVE10','WELCOME'}"
Category 9,2025-09-11,Merchant 2,67.5075,1.4725,25.09,"{'NONE','SAVE10','WELCOME'}"
Category 9,2025-09-11,Merchant 20,18.29,0,-58.99,{'NONE'}
Category 9,2025-09-11,Merchant 3,49.634,3.86,-15.764,"{'SAVE10','WELCOME'}"
Category 9,2025-09-11,Merchant 4,49.9225,1.77,4.21,"{'NONE','SAVE10','WELCOME'}"
Category 9,2025-09-11,Merchant 5,64.382,3.376,1.574,"{'NONE','SAVE10','WELCOME'}"
Category 9,2025-09-11,Merchant 6,53.94,2.6966666666666668,27.596666666666668,{'WELCOME'}
Category 9,2025-09-11,Merchant 7,71.51333333333334,3.035,9.683333333333334,"{'NONE','SAVE10','WELCOME'}"
Category 9,2025-09-11,Merchant 9,53.74666666666667,4.323333333333333,14.578333333333333,"{'SAVE10','WELCOME'}"
Category 9,2025-09-12,Merchant 1,31.935,1.455,-0.57,"{'NONE','WELCOME'}"
Category 9,2025-09-12,Merchant 10,47.82,0.43666666666666665,-38.71666666666667,"{'NONE','WELCOME'}"
Category 9,2025-09-12,Merchant 11,15.89,1.59,-57.18,{'SAVE10'}
Category 9,2025-09-12,Merchant 12,79.65777777777778,3.368888888888889,7.25,"{'NONE','SAVE10','WELCOME'}"
Category 9,2025-09-12,Merchant 13,54.862,4.26,-15.782,"{'SAVE10','WELCOME'}"
Category 9,2025-09-12,Merchant 14,11.66,0.58,-43.52,{'WELCOME'}
Category 9,2025-09-12,Merchant 15,42.015,1.73,-28.095,"{'NONE','WELCOME'}"
Category 9,2025-09-12,Merchant 16,101.12,0,17.16,{'NONE'}
Category 9,2025-09-12,Merchant 17,57.765,3.0933333333333333,-20.776666666666667,"{'NONE','SAVE10','WELCOME'}"
Category 9,2025-09-12,Merchant 18,49.915,2.465,-12.961666666666666,"{'NONE','SAVE10','WELCOME'}"
Category 9,2025-09-12,Merchant 19,66.66,4.636666666666667,18.74,"{'SAVE10','WELCOME'}"
Category 9,2025-09-12,Merchant 2,64.32285714285715,3.9242857142857144,1.6185714285714285,"{'NONE','SAVE10','WELCOME'}"
Category 9,2025-09-12,Merchant 20,41.17,0,-36.11,{'NONE'}
Category 9,2025-09-12,Merchant 3,75.418,5.534,20.022,"{'SAVE10','WELCOME'}"
Category 9,2025-09-12,Merchant 4,38.1425,1.6725,-7.4725,"{'NONE','SAVE10','WELCOME'}"
Category 9,2025-09-12,Merchant 5,55.865,3.77875,-4.59625,"{'NONE','SAVE10','WELCOME'}"
Category 9,2025-09-12,Merchant 6,52.9075,3.6575,12.0975,"{'NONE','SAVE10','WELCOME'}"
Category 9,2025-09-12,Merchant 7,63.95428571428572,4.77,-1.7457142857142858,"{'SAVE10','WELCOME'}"
Category 9,2025-09-12,Merchant 8,43.545,3.08,-26.375,"{'SAVE10','WELCOME'}"
Category 9,2025-09-12,Merchant 9,88.75,8.88,47.1,{'SAVE10'}
Category 9,2025-09-13,Merchant 1,27.08,1.35,-18.82,{'WELCOME'}
Category 9,2025-09-13,Merchant 10,65.04,3.25,-24.31,{'WELCOME'}
Category 9,2025-09-13,Merchant 11,55.941428571428574,2.95,-18.054285714285715,"{'NONE','SAVE10','WELCOME'}"
Category 9,2025-09-13,Merchant 12,72.32111111111111,3.2066666666666666,17.33888888888889,"{'NONE','SAVE10','WELCOME'}"
Category 9,2025-09-13,Merchant 13,67.26333333333334,3.4283333333333332,21.001666666666665,"{'NONE','SAVE10','WELCOME'}"
Category 9,2025-09-13,Merchant 15,35.74333333333333,1.7866666666666666,-30.233333333333334,{'WELCOME'}
Category 9,2025-09-13,Merchant 16,55.70666666666666,2.7866666666666666,-6.92,{'WELCOME'}
Category 9,2025-09-13,Merchant 17,40.887142857142855,1.9128571428571428,-8.265714285714285,"{'NONE','SAVE10','WELCOME'}"
Category 9,2025-09-13,Merchant 18,53.23875,2.6325,-26.10375,"{'NONE','SAVE10','WELCOME'}"
Category 9,2025-09-13,Merchant 19,56.5225,2.225,18.3525,"{'NONE','WELCOME'}"
Category 9,2025-09-13,Merchant 2,62.32333333333333,3.83,-3.356666666666667,"{'SAVE10','WELCOME'}"
Category 9,2025-09-13,Merchant 20,40.41,2.025,-38.895,{'WELCOME'}
Category 9,2025-09-13,Merchant 3,50.3375,1.81,13.29,"{'NONE','WELCOME'}"
Category 9,2025-09-13,Merchant 4,56.325,1.01,11.3725,"{'NONE','WELCOME'}"
Category 9,2025-09-13,Merchant 5,50.85625,1.8075,-9.35875,"{'NONE','SAVE10','WELCOME'}"
Category 9,2025-09-13,Merchant 6,72.627,2.621,18.53,"{'NONE','SAVE10','WELCOME'}"
Category 9,2025-09-13,Merchant 7,53.97,2.7,6.02,{'WELCOME'}
Category 9,2025-09-13,Merchant 9,52.658,2.732,17.146,"{'NONE','SAVE10','WELCOME'}"
Category 9,2025-09-14,Merchant 1,51.425714285714285,1.9742857142857142,-12.49,"{'NONE','SAVE10','WELCOME'}"
Category 9,2025-09-14,Merchant 10,38.85,3.89,-51.14,{'SAVE10'}
Category 9,2025-09-14,Merchant 11,50.10166666666667,0.84,-17.131666666666668,"{'NONE','WELCOME'}"
Category 9,2025-09-14,Merchant 12,46.755,1.8616666666666668,-21.135,"{'NONE','SAVE10','WELCOME'}"
Category 9,2025-09-14,Merchant 13,76.38111111111111,4.523333333333333,21.336666666666666,"{'NONE','SAVE10','WELCOME'}"
Category 9,2025-09-14,Merchant 15,32.57,3.26,-26.5,{'SAVE10'}
Category 9,2025-09-14,Merchant 16,67.525,1.865,-6.24,"{'NONE','WELCOME'}"
Category 9,2025-09-14,Merchant 17,57.4925,3.4,1.54,"{'NONE','SAVE10','WELCOME'}"
Category 9,2025-09-14,Merchant 18,69.812,6.052,-15.584,"{'SAVE10','WELCOME'}"
Category 9,2025-09-14,Merchant 19,59.54,4.2,-17.296666666666667,"{'SAVE10','WELCOME'}"
Category 9,2025-09-14,Merchant 2,73.30666666666667,4.636666666666667,9.296666666666667,"{'NONE','SAVE10','WELCOME'}"
Category 9,2025-09-14,Merchant 20,44.87,2.245,-34.655,{'WELCOME'}
Category 9,2025-09-14,Merchant 3,50.92,1.21,-12.215,"{'NONE','WELCOME'}"
Category 9,2025-09-14,Merchant 4,50.57,2.788,10.796,"{'NONE','SAVE10','WELCOME'}"
Category 9,2025-09-14,Merchant 5,49.12888888888889,2.3044444444444445,-8.36,"{'NONE','SAVE10','WELCOME'}"
Category 9,2025-09-14,Merchant 6,56.787142857142854,1.55,16.86,"{'NONE','WELCOME'}"
Category 9,2025-09-14,Merchant 7,47.255714285714284,1.8714285714285714,-8.46,"{'NONE','WELCOME'}"
Category 9,2025-09-14,Merchant 9,51.428,4.218,12.778,"{'SAVE10','WELCOME'}"
Category 9,2025-09-15,Merchant 1,30.51,2.4983333333333335,-22.301666666666666,"{'SAVE10','WELCOME'}"
Category 9,2025-09-15,Merchant 10,83.55,8.36,-10.91,{'SAVE10'}
Category 9,2025-09-15,Merchant 11,103.59,10.36,16.4,{'SAVE10'}
Category 9,2025-09-15,Merchant 12,53.23714285714286,3.104285714285714,-14.694285714285714,"{'NONE','SAVE10','WELCOME'}"
Category 9,2025-09-15,Merchant 13,88.985,4.45,5.9,{'WELCOME'}
Category 9,2025-09-15,Merchant 14,43.075,3.965,-15.49,"{'SAVE10','WELCOME'}"
Category 9,2025-09-15,Merchant 15,70.67333333333333,1.5966666666666667,4.886666666666667,"{'NONE','SAVE10'}"
Category 9,2025-09-15,Merchant 16,33.35333333333333,1.4733333333333334,-27.96,"{'NONE','WELCOME'}"
Category 9,2025-09-15,Merchant 17,94.62,0,40.68,{'NONE'}
Category 9,2025-09-15,Merchant 18,53.058,2.846,-11.096,"{'NONE','SAVE10','WELCOME'}"
Category 9,2025-09-15,Merchant 19,58.25,1.65,13.316666666666666,"{'NONE','WELCOME'}"
Category 9,2025-09-15,Merchant 2,51.684444444444445,3.582222222222222,-12.097777777777777,"{'NONE','SAVE10','WELCOME'}"
Category 9,2025-09-15,Merchant 3,54.446666666666665,2.723333333333333,7.59,{'WELCOME'}
Category 9,2025-09-15,Merchant 5,53.9225,1.84375,-12.6125,"{'NONE','SAVE10','WELCOME'}"
Category 9,2025-09-15,Merchant 6,56.126666666666665,0.6533333333333333,-11.736666666666666,"{'NONE','WELCOME'}"
Category 9,2025-09-15,Merchant 7,50.75,3.572,-2.296,"{'SAVE10','WELCOME'}"
Category 9,2025-09-15,Merchant 9,39.54,3.955,0.74,{'SAVE10'}
Category 9,2025-09-16,Merchant 1,70.45,3.52,-30.2,{'WELCOME'}
Category 9,2025-09-16,Merchant 10,74.75,7.48,-18.83,{'SAVE10'}
Category 9,2025-09-16,Merchant 11,82.36,6.96,3.3425,"{'SAVE10','WELCOME'}"
Category 9,2025-09-16,Merchant 12,40.565,2.3041666666666667,-28.39666666666667,"{'NONE','SAVE10','WELCOME'}"
Category 9,2025-09-16,Merchant 13,47.86,4.79,-20.25,{'SAVE10'}
Category 9,2025-09-16,Merchant 15,77.98,2.055,-5.025,"{'NONE','WELCOME'}"
Category 9,2025-09-16,Merchant 16,33.85,1.3766666666666667,-43.446666666666665,"{'NONE','WELCOME'}"
Category 9,2025-09-16,Merchant 17,41.388,3.976,-17.888,"{'SAVE10','WELCOME'}"
Category 9,2025-09-16,Merchant 18,80.0825,5.655,-10.77,"{'NONE','SAVE10','WELCOME'}"
Category 9,2025-09-16,Merchant 19,87.94,8.79,65.22,{'SAVE10'}
Category 9,2025-09-16,Merchant 2,40.905,2.1375,-10.8725,"{'SAVE10','WELCOME'}"
Category 9,2025-09-16,Merchant 3,32.72,1.64,6.4,{'WELCOME'}
Category 9,2025-09-16,Merchant 4,33.38,1.34,-6.935,"{'NONE','WELCOME'}"
Category 9,2025-09-16,Merchant 5,32.63285714285714,1.782857142857143,-17.245714285714286,"{'NONE','SAVE10','WELCOME'}"
Category 9,2025-09-16,Merchant 6,47.395714285714284,2.96,8.82857142857143,"{'SAVE10','WELCOME'}"
Category 9,2025-09-16,Merchant 7,71.905,1.055,15.84,"{'NONE','WELCOME'}"
Category 9,2025-09-16,Merchant 8,79.05,0,12.21,{'NONE'}
Category 9,2025-09-16,Merchant 9,70.1275,5.7725,27.445,"{'SAVE10','WELCOME'}"
Category 9,2025-09-17,Merchant 1,19.09,0.95,-8.41,{'WELCOME'}
Category 9,2025-09-17,Merchant 11,32.22,3.22,-42.48,{'SAVE10'}
Category 9,2025-09-17,Merchant 12,54.72,2.639090909090909,-1.2818181818181817,"{'NONE','SAVE10','WELCOME'}"
Category 9,2025-09-17,Merchant 13,82.17,4.11,53.13,{'WELCOME'}
Category 9,2025-09-17,Merchant 14,47.995,2.76,-9.365,"{'NONE','SAVE10','WELCOME'}"
Category 9,2025-09-17,Merchant 16,15.43,0.77,-69.3,{'WELCOME'}
Category 9,2025-09-17,Merchant 17,47.13666666666666,3.08,-39.795,"{'SAVE10','WELCOME'}"
Category 9,2025-09-17,Merchant 18,71.68,2.997142857142857,-6.194285714285714,"{'NONE','SAVE10','WELCOME'}"
Category 9,2025-09-17,Merchant 19,81.46666666666667,2.393333333333333,6.4366666666666665,"{'NONE','WELCOME'}"
Category 9,2025-09-17,Merchant 2,15.18,0.76,-37.08,{'WELCOME'}
Category 9,2025-09-17,Merchant 20,104.65,5.23,22.14,{'WELCOME'}
Category 9,2025-09-17,Merchant 3,49.99333333333333,1.765,-11.453333333333333,"{'NONE','WELCOME'}"
Category 9,2025-09-17,Merchant 4,40.66,4.07,7.55,{'SAVE10'}
Category 9,2025-09-17,Merchant 5,59.943333333333335,3.15,-24.301666666666666,"{'SAVE10','WELCOME'}"
Category 9,2025-09-17,Merchant 6,66.885,4.831666666666667,7.826666666666667,"{'SAVE10','WELCOME'}"
Category 9,2025-09-17,Merchant 7,37.904,1.21,-16.684,"{'NONE','SAVE10','WELCOME'}"
Category 9,2025-09-17,Merchant 9,61.25,3.06,23.345,{'WELCOME'}
Category 9,2025-09-18,Merchant 1,80.374,6.158,22.75,"{'NONE','SAVE10','WELCOME'}"
Category 9,2025-09-18,Merchant 10,41.74,4.17,-48.53,{'SAVE10'}
Category 9,2025-09-18,Merchant 11,32.916,2.082,-29.652,"{'NONE','SAVE10','WELCOME'}"
Category 9,2025-09-18,Merchant 12,36.315555555555555,1.32,-28.93777777777778,"{'NONE','SAVE10','WELCOME'}"
Category 9,2025-09-18,Merchant 13,52.00666666666667,0.3233333333333333,-16.743333333333332,"{'NONE','WELCOME'}"
Category 9,2025-09-18,Merchant 15,47.97,2.4,-10.24,{'WELCOME'}
Category 9,2025-09-18,Merchant 16,90.23,7.5,22.89,"{'SAVE10','WELCOME'}"
Category 9,2025-09-18,Merchant 17,60.151,2.811,8.418,"{'NONE','SAVE10','WELCOME'}"
Category 9,2025-09-18,Merchant 18,80.84333333333333,3.3733333333333335,-13.126666666666667,"{'NONE','WELCOME'}"
Category 9,2025-09-18,Merchant 2,47.27142857142857,2.9485714285714284,-10.55,"{'SAVE10','WELCOME'}"
Category 9,2025-09-18,Merchant 20,64.75,2.125,-14.655,"{'NONE','WELCOME'}"
Category 9,2025-09-18,Merchant 3,15.69,0.78,-9.77,{'WELCOME'}
Category 9,2025-09-18,Merchant 4,86.6,0,37.69,{'NONE'}
Category 9,2025-09-18,Merchant 5,44.832,2.03,-41.166,"{'NONE','SAVE10','WELCOME'}"
Category 9,2025-09-18,Merchant 6,43.86142857142857,2.1,1.51,"{'NONE','SAVE10','WELCOME'}"
Category 9,2025-09-18,Merchant 7,79.67,2.8525,24.0475,"{'NONE','WELCOME'}"
Category 9,2025-09-18,Merchant 8,83.59,2.73,14.02,"{'NONE','WELCOME'}"
Category 9,2025-09-18,Merchant 9,25.17,1.1766666666666667,-10.163333333333334,"{'NONE','SAVE10','WELCOME'}"
Category 9,2025-09-19,Merchant 1,56.2,1.88,10.125,"{'NONE','SAVE10','WELCOME'}"
Category 9,2025-09-19,Merchant 10,30.94,1.55,-56.71,{'WELCOME'}
Category 9,2025-09-19,Merchant 11,58.108,3.312,-9.51,"{'SAVE10','WELCOME'}"
Category 9,2025-09-19,Merchant 12,52.777,3.048,-50.233,"{'NONE','SAVE10','WELCOME'}"
Category 9,2025-09-19,Merchant 13,61.685,4.4,-0.2675,"{'SAVE10','WELCOME'}"
Category 9,2025-09-19,Merchant 14,19.41,0.97,-36.16,{'WELCOME'}
Category 9,2025-09-19,Merchant 15,54.65,2.975,-29.275,"{'SAVE10','WELCOME'}"
Category 9,2025-09-19,Merchant 16,44.295,2.215,-41.88,{'WELCOME'}
Category 9,2025-09-19,Merchant 17,44.31909090909091,1.9345454545454546,-27.687272727272727,"{'NONE','SAVE10','WELCOME'}"
Category 9,2025-09-19,Merchant 18,65.3075,2.805,-3.1525,"{'NONE','SAVE10'}"
Category 9,2025-09-19,Merchant 19,91.21,7.135,26.115,"{'SAVE10','WELCOME'}"
Category 9,2025-09-19,Merchant 2,42.303333333333335,1.0966666666666667,-7.8133333333333335,"{'NONE','SAVE10'}"
Category 9,2025-09-19,Merchant 20,66.18666666666667,5.85,-16.94,"{'SAVE10','WELCOME'}"
Category 9,2025-09-19,Merchant 3,41.05571428571429,1.9785714285714286,-35.51714285714286,"{'NONE','SAVE10','WELCOME'}"
Category 9,2025-09-19,Merchant 4,56.403333333333336,2.8233333333333333,17.92,{'WELCOME'}
Category 9,2025-09-19,Merchant 5,38.761428571428574,2.43,-23.65,"{'NONE','SAVE10','WELCOME'}"
Category 9,2025-09-19,Merchant 6,6.78,0.34,-55.54,{'WELCOME'}
Category 9,2025-09-19,Merchant 7,51.1025,4.7825,-8.69,"{'SAVE10','WELCOME'}"
Category 9,2025-09-19,Merchant 8,55.85,3.493333333333333,-14.483333333333333,"{'NONE','SAVE10'}"
Category 9,2025-09-19,Merchant 9,8.755,0.675,-26.765,"{'SAVE10','WELCOME'}"
Category 9,2025-09-20,Merchant 1,102.18,10.22,65.41,{'SAVE10'}
Category 9,2025-09-20,Merchant 11,73.71,4.516666666666667,2.2933333333333334,"{'NONE','SAVE10'}"
Category 9,2025-09-20,Merchant 12,48.06666666666667,3.5566666666666666,-12.711666666666666,"{'SAVE10','WELCOME'}"
Category 9,2025-09-20,Merchant 13,16.915,1.055,-9.07,"{'NONE','SAVE10'}"
Category 9,2025-09-20,Merchant 14,79.84,6.21,19.035,"{'SAVE10','WELCOME'}"
Category 9,2025-09-20,Merchant 15,49.6,2.165,-8.375,"{'NONE','WELCOME'}"
Category 9,2025-09-20,Merchant 16,65.08,3.255,-10.075,{'WELCOME'}
Category 9,2025-09-20,Merchant 18,45.06666666666667,2.2066666666666666,-30.58,"{'NONE','SAVE10','WELCOME'}"
Category 9,2025-09-20,Merchant 19,78.15333333333334,3.91,30.96,{'WELCOME'}
Category 9,2025-09-20,Merchant 2,62.745,0,11.245,{'NONE'}
Category 9,2025-09-20,Merchant 3,62.826,4.708,1.724,"{'SAVE10','WELCOME'}"
Category 9,2025-09-20,Merchant 4,59.27,5.93,24.3,{'SAVE10'}
Category 9,2025-09-20,Merchant 5,59.696666666666665,4.5311111111111115,-5.826666666666667,"{'SAVE10','WELCOME'}"
Category 9,2025-09-20,Merchant 6,43.015,1.075,7.785,"{'NONE','SAVE10','WELCOME'}"
Category 9,2025-09-20,Merchant 8,71.4,2.55,2.01,"{'NONE','WELCOME'}"
Category 9,2025-09-20,Merchant 9,60.526,1.776,23.492,"{'NONE','SAVE10','WELCOME'}"
Category 9,2025-09-21,Merchant 1,39.94166666666667,2.663333333333333,-42.325,"{'NONE','SAVE10','WELCOME'}"
Category 9,2025-09-21,Merchant 10,16.04,0.8,-70.86,{'WELCOME'}
Category 9,2025-09-21,Merchant 11,48.88,2.56,-24.14666666666667,"{'NONE','SAVE10','WELCOME'}"
Category 9,2025-09-21,Merchant 12,54.524,3.232,14.572,"{'SAVE10','WELCOME'}"
Category 9,2025-09-21,Merchant 13,55.49,0,-23.15,{'NONE'}
Category 9,2025-09-21,Merchant 14,57.76,2.89,0.27,{'WELCOME'}
Category 9,2025-09-21,Merchant 15,63.748,3.486,-10.632,"{'NONE','SAVE10','WELCOME'}"
Category 9,2025-09-21,Merchant 16,74.06,4.9925,3.1975,"{'SAVE10','WELCOME'}"
Category 9,2025-09-21,Merchant 18,58.15,1.365,-3.211666666666667,"{'NONE','WELCOME'}"
Category 9,2025-09-21,Merchant 19,44.61,4.036666666666667,-2.71,"{'NONE','SAVE10'}"
Category 9,2025-09-21,Merchant 2,36.712,1.302,-8.39,"{'NONE','SAVE10','WELCOME'}"
Category 9,2025-09-21,Merchant 20,34.5,1.355,-44.135,"{'NONE','WELCOME'}"
Category 9,2025-09-21,Merchant 3,68.0975,4.75,7.185,"{'SAVE10','WELCOME'}"
Category 9,2025-09-21,Merchant 4,51.153333333333336,1.0633333333333332,14.426666666666666,"{'NONE','WELCOME'}"
Category 9,2025-09-21,Merchant 5,52.514,4.082,-31.268,"{'NONE','SAVE10','WELCOME'}"
Category 9,2025-09-21,Merchant 6,47.4075,1.7525,-3.77,"{'NONE','SAVE10'}"
Category 9,2025-09-21,Merchant 7,65.5175,4.65,10.3375,"{'SAVE10','WELCOME'}"
Category 9,2025-09-21,Merchant 8,85.585,2.5,16.245,"{'NONE','WELCOME'}"
Category 9,2025-09-21,Merchant 9,52.82666666666667,2.38,16.29,"{'NONE','SAVE10','WELCOME'}"
Category 9,2025-09-22,Merchant 1,33.36333333333334,0.94,-41.18,"{'NONE','SAVE10','WELCOME'}"
Category 9,2025-09-22,Merchant 11,33.6,1.71,-31.321666666666665,"{'NONE','SAVE10','WELCOME'}"
Category 9,2025-09-22,Merchant 12,66.249,4.05,2.895,"{'NONE','SAVE10','WELCOME'}"
Category 9,2025-09-22,Merchant 13,76.086,1.734,-7.388,"{'NONE','WELCOME'}"
Category 9,2025-09-22,Merchant 14,95.54,4.78,36.16,{'WELCOME'}
Category 9,2025-09-22,Merchant 15,54.901666666666664,4.6,-13.886666666666667,"{'SAVE10','WELCOME'}"
Category 9,2025-09-22,Merchant 17,38.86666666666667,1.5816666666666668,-39.845,"{'NONE','SAVE10','WELCOME'}"
Category 9,2025-09-22,Merchant 18,29.592,1.886,-59.704,"{'SAVE10','WELCOME'}"
Category 9,2025-09-22,Merchant 19,88.765,4.3875,4.4025,"{'NONE','SAVE10','WELCOME'}"
Category 9,2025-09-22,Merchant 2,33.185,1.655,-19.97,{'WELCOME'}
Category 9,2025-09-22,Merchant 20,34.805,1.74,-44.215,{'WELCOME'}
Category 9,2025-09-22,Merchant 3,44.45,0.9575,20.4475,"{'NONE','WELCOME'}"
Category 9,2025-09-22,Merchant 4,33.225,3.32,-9.07,{'SAVE10'}
Category 9,2025-09-22,Merchant 5,63.42,3.7577777777777777,-0.8588888888888889,"{'SAVE10','WELCOME'}"
Category 9,2025-09-22,Merchant 6,63.376666666666665,4.12,-13.183333333333334,"{'SAVE10','WELCOME'}"
Category 9,2025-09-22,Merchant 7,26.645,0.8025,-36.6875,"{'NONE','WELCOME'}"
Category 9,2025-09-22,Merchant 9,57,1.55,19.5725,"{'NONE','WELCOME'}"
Category 9,2025-09-23,Merchant 1,55.14833333333333,2.32,-23.775,"{'NONE','SAVE10','WELCOME'}"
Category 9,2025-09-23,Merchant 10,29.4725,2.1625,-58.79,"{'SAVE10','WELCOME'}"
Category 9,2025-09-23,Merchant 11,39.375,1.8975,-38.015,"{'NONE','SAVE10','WELCOME'}"
Category 9,2025-09-23,Merchant 12,58.335,3.316666666666667,0.875,"{'NONE','SAVE10','WELCOME'}"
Category 9,2025-09-23,Merchant 13,61.89833333333333,2.5233333333333334,-18.003333333333334,"{'NONE','WELCOME'}"
Category 9,2025-09-23,Merchant 15,84.8,8.48,-4.63,{'SAVE10'}
Category 9,2025-09-23,Merchant 16,37.11666666666667,3.236666666666667,-34,"{'NONE','SAVE10'}"
Category 9,2025-09-23,Merchant 17,57.843333333333334,2.243333333333333,-3.9683333333333333,"{'NONE','SAVE10','WELCOME'}"
Category 9,2025-09-23,Merchant 18,75.485,3.0175,-20.245,"{'NONE','SAVE10'}"
Category 9,2025-09-23,Merchant 19,67.65,1.535,8.155,"{'NONE','WELCOME'}"
Category 9,2025-09-23,Merchant 2,53.362,4.164,10.868,"{'NONE','SAVE10','WELCOME'}"
Category 9,2025-09-23,Merchant 20,65.54333333333334,4.19,-15.926666666666666,"{'SAVE10','WELCOME'}"
Category 9,2025-09-23,Merchant 4,85.66,8.57,28.18,{'SAVE10'}
Category 9,2025-09-23,Merchant 5,65.394,0.89,-9.232,"{'NONE','WELCOME'}"
Category 9,2025-09-23,Merchant 6,69.1475,3.695,32.2225,"{'SAVE10','WELCOME'}"
Category 9,2025-09-23,Merchant 7,37.42,2.365,-20.488333333333333,"{'NONE','SAVE10','WELCOME'}"
Category 9,2025-09-23,Merchant 9,51.45666666666666,2.9766666666666666,14.323333333333334,"{'SAVE10','WELCOME'}"
Category 9,2025-09-24,Merchant 1,55.61714285714286,0.8014285714285714,-7.1257142857142854,"{'NONE','WELCOME'}"
Category 9,2025-09-24,Merchant 11,45.78857142857143,3.6228571428571428,-22.99142857142857,"{'SAVE10','WELCOME'}"
Category 9,2025-09-24,Merchant 12,66.254,3.952,1.405,"{'NONE','SAVE10','WELCOME'}"
Category 9,2025-09-24,Merchant 13,28.76,1.092,-38.716,"{'NONE','WELCOME'}"
Category 9,2025-09-24,Merchant 15,73.74,3.46,-4.385,"{'NONE','SAVE10','WELCOME'}"
Category 9,2025-09-24,Merchant 16,73.815,5.35,-3.435,"{'SAVE10','WELCOME'}"
Category 9,2025-09-24,Merchant 17,75.75333333333333,4.48,29.266666666666666,"{'SAVE10','WELCOME'}"
Category 9,2025-09-24,Merchant 18,38.71857142857143,1.5242857142857142,-44.55571428571429,"{'NONE','SAVE10','WELCOME'}"
Category 9,2025-09-24,Merchant 19,20.663333333333334,0.43333333333333335,-23.053333333333335,"{'NONE','SAVE10','WELCOME'}"
Category 9,2025-09-24,Merchant 2,45.984,1.432,0.754,"{'NONE','SAVE10','WELCOME'}"
Category 9,2025-09-24,Merchant 20,54.3,4.23,-27.21,"{'SAVE10','WELCOME'}"
Category 9,2025-09-24,Merchant 3,64.244,5.758,-16.032,"{'SAVE10','WELCOME'}"
Category 9,2025-09-24,Merchant 4,63.83,6.38,8.54,{'SAVE10'}
Category 9,2025-09-24,Merchant 5,64.25533333333334,3.55,-11.104666666666667,"{'NONE','SAVE10','WELCOME'}"
Category 9,2025-09-24,Merchant 6,49.7725,2.815,10.84125,"{'NONE','SAVE10','WELCOME'}"
Category 9,2025-09-24,Merchant 7,48.66,3.203333333333333,-6.833333333333333,"{'SAVE10','WELCOME'}"
Category 9,2025-09-24,Merchant 8,74.94,0,8.1,{'NONE'}
Category 9,2025-09-24,Merchant 9,45.245,2.1675,9.265,"{'NONE','SAVE10','WELCOME'}"
Category 9,2025-09-25,Merchant 1,59.346,2.634,-12.186,"{'NONE','SAVE10','WELCOME'}"
Category 9,2025-09-25,Merchant 10,45.23,2.26,-43.13,{'WELCOME'}
Category 9,2025-09-25,Merchant 11,63.15,4.685,0.725,"{'SAVE10','WELCOME'}"
Category 9,2025-09-25,Merchant 12,54.32875,1.25875,-4.8225,"{'NONE','SAVE10','WELCOME'}"
Category 9,2025-09-25,Merchant 13,56.365,2.315,-22.6975,"{'NONE','SAVE10','WELCOME'}"
Category 9,2025-09-25,Merchant 14,97.61,0,43.01,{'NONE'}
Category 9,2025-09-25,Merchant 15,27.49,1.375,-42.265,{'WELCOME'}
Category 9,2025-09-25,Merchant 16,38.685,3.39,-42.635,"{'SAVE10','WELCOME'}"
Category 9,2025-09-25,Merchant 17,69.955,3.4125,9.515,"{'NONE','WELCOME'}"
Category 9,2025-09-25,Merchant 18,58.75,3.838,7.184,"{'NONE','SAVE10','WELCOME'}"
Category 9,2025-09-25,Merchant 19,54.195,5.42,-9.185,{'SAVE10'}
Category 9,2025-09-25,Merchant 2,62.7625,3.57,9.5525,"{'NONE','SAVE10','WELCOME'}"
Category 9,2025-09-25,Merchant 20,99.53,2.52,19.73,"{'NONE','WELCOME'}"
Category 9,2025-09-25,Merchant 3,48.252,3.31,6.672,"{'NONE','SAVE10','WELCOME'}"
Category 9,2025-09-25,Merchant 5,73.42625,3.6475,-1.45125,"{'NONE','SAVE10','WELCOME'}"
Category 9,2025-09-25,Merchant 6,52.23833333333334,2.0516666666666667,11.56,"{'NONE','SAVE10','WELCOME'}"
Category 9,2025-09-25,Merchant 7,54.27,3.5625,2.8225,"{'SAVE10','WELCOME'}"
Category 9,2025-09-25,Merchant 8,50.165,4.38,-21.055,"{'SAVE10','WELCOME'}"
Category 9,2025-09-25,Merchant 9,54.97,0.725,17.335,"{'NONE','WELCOME'}"
Category 9,2025-09-26,Merchant 1,86.91,6.825,18.245,"{'SAVE10','WELCOME'}"
Category 9,2025-09-26,Merchant 10,37.06,1.85,-50.89,{'WELCOME'}
Category 9,2025-09-26,Merchant 11,52.4,2.6266666666666665,-14.33,"{'NONE','SAVE10','WELCOME'}"
Category 9,2025-09-26,Merchant 12,63.74333333333333,2.3766666666666665,-20.28,"{'NONE','WELCOME'}"
Category 9,2025-09-26,Merchant 13,67.07,1.7366666666666668,14.81,"{'NONE','WELCOME'}"
Category 9,2025-09-26,Merchant 15,35.235,1.765,-47.48,{'WELCOME'}
Category 9,2025-09-26,Merchant 16,58.18,2.91,-28.69,{'WELCOME'}
Category 9,2025-09-26,Merchant 17,69.55,4.496666666666667,-12.076666666666666,"{'SAVE10','WELCOME'}"
Category 9,2025-09-26,Merchant 18,58.105,0.2375,-17.87,"{'NONE','WELCOME'}"
Category 9,2025-09-26,Merchant 19,77.995,3.9,-5.88,{'WELCOME'}
Category 9,2025-09-26,Merchant 2,52.86,3.3475,-12.24,"{'NONE','SAVE10','WELCOME'}"
Category 9,2025-09-26,Merchant 3,60.988571428571426,4.257142857142857,2.05,"{'SAVE10','WELCOME'}"
Category 9,2025-09-26,Merchant 4,45.6375,1.91,-0.215,"{'NONE','WELCOME'}"
Category 9,2025-09-26,Merchant 5,68.28,3.46,10.936666666666667,"{'NONE','SAVE10','WELCOME'}"
Category 9,2025-09-26,Merchant 6,59.13,5.34375,19.9825,"{'NONE','SAVE10','WELCOME'}"
Category 9,2025-09-26,Merchant 7,83.38666666666667,4.173333333333333,23.94,{'WELCOME'}
Category 9,2025-09-26,Merchant 9,52.303333333333335,2.6133333333333333,12.78,{'WELCOME'}
Category 9,2025-09-27,Merchant 1,33.435,1.675,-30.08,{'WELCOME'}
Category 9,2025-09-27,Merchant 10,7.61,0.38,-78.87,{'WELCOME'}
Category 9,2025-09-27,Merchant 11,36.272,1.546,-33.398,"{'NONE','SAVE10','WELCOME'}"
Category 9,2025-09-27,Merchant 12,48.2575,3.1533333333333333,-1.47,"{'SAVE10','WELCOME'}"
Category 9,2025-09-27,Merchant 13,69.91142857142857,3.587142857142857,-32.09,"{'NONE','SAVE10','WELCOME'}"
Category 9,2025-09-27,Merchant 15,47.7425,1.0975,-21.735,"{'NONE','SAVE10','WELCOME'}"
Category 9,2025-09-27,Merchant 17,44.15,3.17,-44.822,"{'SAVE10','WELCOME'}"
Category 9,2025-09-27,Merchant 18,59.81166666666667,2.595,-31.72,"{'NONE','WELCOME'}"
Category 9,2025-09-27,Merchant 19,44.525,2.225,28.37,{'WELCOME'}
Category 9,2025-09-27,Merchant 2,50.498,3.272,-21.422,"{'NONE','SAVE10','WELCOME'}"
Category 9,2025-09-27,Merchant 3,59.904,1.462,28.542,"{'NONE','SAVE10','WELCOME'}"
Category 9,2025-09-27,Merchant 4,52.78,2.245,1.625,"{'NONE','WELCOME'}"
Category 9,2025-09-27,Merchant 5,64.34,2.7185714285714284,-1.41,"{'NONE','SAVE10','WELCOME'}"
Category 9,2025-09-27,Merchant 6,37.8125,2.1925,-9.8825,"{'NONE','SAVE10'}"
Category 9,2025-09-27,Merchant 7,82.3125,6.6625,25.52,"{'SAVE10','WELCOME'}"
Category 9,2025-09-27,Merchant 9,50.085,2.505,12.735,{'WELCOME'}
Category 9,2025-09-28,Merchant 1,73.1575,2.0975,22.365,"{'NONE','WELCOME'}"
Category 9,2025-09-28,Merchant 10,14.84,0.74,-72,{'WELCOME'}
Category 9,2025-09-28,Merchant 11,74.5075,5.035,-1.2475,"{'NONE','SAVE10','WELCOME'}"
Category 9,2025-09-28,Merchant 12,61.79555555555556,2.468888888888889,-2.371111111111111,"{'NONE','SAVE10','WELCOME'}"
Category 9,2025-09-28,Merchant 13,33.474,1.58,-23.748,"{'NONE','SAVE10','WELCOME'}"
Category 9,2025-09-28,Merchant 15,66.96,5.365,-19.355,"{'SAVE10','WELCOME'}"
Category 9,2025-09-28,Merchant 16,74.03666666666666,2.9466666666666668,3.21,"{'NONE','SAVE10','WELCOME'}"
Category 9,2025-09-28,Merchant 17,31.87,1.59,-5.76,{'WELCOME'}
Category 9,2025-09-28,Merchant 18,53.38125,3.46875,-34,"{'NONE','SAVE10','WELCOME'}"
Category 9,2025-09-28,Merchant 19,46.05,3.296,-41.624,"{'NONE','SAVE10','WELCOME'}"
Category 9,2025-09-28,Merchant 2,66.446,3.706,6.518,"{'NONE','SAVE10','WELCOME'}"
Category 9,2025-09-28,Merchant 20,69.36,2.61,-10.53,"{'NONE','WELCOME'}"
Category 9,2025-09-28,Merchant 3,55.00666666666667,1.5666666666666667,8.861666666666666,"{'NONE','WELCOME'}"
Category 9,2025-09-28,Merchant 4,96.53,9.65,37.97,{'SAVE10'}
Category 9,2025-09-28,Merchant 5,60.39666666666667,2.1216666666666666,-10.185,"{'NONE','SAVE10','WELCOME'}"
Category 9,2025-09-28,Merchant 6,50.74625,3.15625,15.28625,"{'NONE','SAVE10','WELCOME'}"
Category 9,2025-09-28,Merchant 7,87.36333333333333,3.3533333333333335,28.733333333333334,"{'NONE','WELCOME'}"
Category 9,2025-09-28,Merchant 9,104.21,10.42,56.88,{'SAVE10'}
Category 9,2025-09-29,Merchant 1,63.004,2.418,-11.912,"{'NONE','SAVE10','WELCOME'}"
Category 9,2025-09-29,Merchant 10,16.45,0.82,-70.47,{'WELCOME'}
Category 9,2025-09-29,Merchant 11,25.44,2.545,-41.715,{'SAVE10'}
Category 9,2025-09-29,Merchant 12,66.086,6.056,6.746,"{'NONE','SAVE10'}"
Category 9,2025-09-29,Merchant 13,45.5175,3.2325,-28.695,"{'SAVE10','WELCOME'}"
Category 9,2025-09-29,Merchant 14,46.78,2.34,-10.16,{'WELCOME'}
Category 9,2025-09-29,Merchant 15,39.946666666666665,3.05,-27.293333333333333,"{'SAVE10','WELCOME'}"
Category 9,2025-09-29,Merchant 16,56.97,5.7,-8.57,{'SAVE10'}
Category 9,2025-09-29,Merchant 17,56.9,3.1825,-5.29375,"{'SAVE10','WELCOME'}"
Category 9,2025-09-29,Merchant 18,64.44,1.7266666666666668,-0.9966666666666667,"{'NONE','WELCOME'}"
Category 9,2025-09-29,Merchant 19,53.638,1.42,-14.546,"{'NONE','SAVE10','WELCOME'}"
Category 9,2025-09-29,Merchant 20,36.52,1.83,-42.59,{'WELCOME'}
Category 9,2025-09-29,Merchant 3,44.0975,2.91625,-21.0775,"{'NONE','SAVE10','WELCOME'}"
Category 9,2025-09-29,Merchant 4,55.798,1.636,21.148,"{'NONE','SAVE10','WELCOME'}"
Category 9,2025-09-29,Merchant 5,47.068,2.29,-20.84,"{'NONE','SAVE10','WELCOME'}"
Category 9,2025-09-29,Merchant 6,53.225,1.1925,-12.44,"{'NONE','SAVE10'}"
Category 9,2025-09-29,Merchant 7,48.36666666666667,2.671666666666667,-6.326666666666667,"{'SAVE10','WELCOME'}"
Category 9,2025-09-29,Merchant 8,20.04,0,-46.8,{'NONE'}
Category 9,2025-09-29,Merchant 9,32.595,0.73,-5.045,"{'NONE','SAVE10'}"
Category 9,2025-09-30,Merchant 1,29.642,2.018,-48.472,"{'NONE','SAVE10','WELCOME'}"
Category 9,2025-09-30,Merchant 10,19.63,0,-66.47,{'NONE'}
Category 9,2025-09-30,Merchant 11,42.735,2.1975,-28.845,"{'NONE','SAVE10','WELCOME'}"
Category 9,2025-09-30,Merchant 12,51.98125,2.965,-15.97,"{'NONE','SAVE10','WELCOME'}"
Category 9,2025-09-30,Merchant 13,27.266666666666666,2.3266666666666667,-69.08,"{'SAVE10','WELCOME'}"
Category 9,2025-09-30,Merchant 14,56.51,2.83,-0.92,{'WELCOME'}
Category 9,2025-09-30,Merchant 15,59.54,2.98,0.75,{'WELCOME'}
Category 9,2025-09-30,Merchant 16,38.4,1.278,-42.014,"{'NONE','SAVE10','WELCOME'}"
Category 9,2025-09-30,Merchant 17,79.56,5.38,28.05666666666667,"{'SAVE10','WELCOME'}"
Category 9,2025-09-30,Merchant 18,55.23375,3.42625,-1.60125,"{'NONE','SAVE10','WELCOME'}"
Category 9,2025-09-30,Merchant 19,34.025,1.505,-25.44,"{'NONE','SAVE10'}"
Category 9,2025-09-30,Merchant 2,66.01,2.074,14.668,"{'NONE','WELCOME'}"
Category 9,2025-09-30,Merchant 20,45.5,3.493333333333333,-35.27333333333333,"{'SAVE10','WELCOME'}"
Category 9,2025-09-30,Merchant 3,58.75857142857143,2.8114285714285714,20.19,"{'NONE','SAVE10','WELCOME'}"
Category 9,2025-09-30,Merchant 5,40.13111111111111,1.1788888888888889,-23.35,"{'NONE','SAVE10','WELCOME'}"
Category 9,2025-09-30,Merchant 6,67.198,2.498,23.322,"{'NONE','WELCOME'}"
Category 9,2025-09-30,Merchant 7,33.92857142857143,1.812857142857143,-24.745714285714286,"{'NONE','SAVE10','WELCOME'}"
Category 9,2025-09-30,Merchant 8,89.39,4.47,18.08,{'WELCOME'}
Category 9,2025-09-30,Merchant 9,20.816666666666666,1.4866666666666668,-16.203333333333333,"{'SAVE10','WELCOME'}"
Category 9,2025-10-01,Merchant 1,30.625,1.125,-32.34,"{'NONE','WELCOME'}"
Category 9,2025-10-01,Merchant 11,66.82666666666667,3.34,-5.196666666666666,{'WELCOME'}
Category 9,2025-10-01,Merchant 12,60.364,3.406,-0.272,"{'NONE','SAVE10','WELCOME'}"
Category 9,2025-10-01,Merchant 13,51.085,1.8825,10.845,"{'NONE','SAVE10','WELCOME'}"
Category 9,2025-10-01,Merchant 14,53.81,0,-0.79,{'NONE'}
Category 9,2025-10-01,Merchant 15,30.433333333333334,1.52,-52.03666666666667,{'WELCOME'}
Category 9,2025-10-01,Merchant 16,74.15333333333334,5.766666666666667,0.5066666666666667,"{'SAVE10','WELCOME'}"
Category 9,2025-10-01,Merchant 17,48.685,2.4675,-17.5525,"{'NONE','SAVE10','WELCOME'}"
Category 9,2025-10-01,Merchant 18,38.428,2.238,-21.506,"{'NONE','SAVE10','WELCOME'}"
Category 9,2025-10-01,Merchant 19,67.174,3.47,14.55,"{'NONE','SAVE10','WELCOME'}"
Category 9,2025-10-01,Merchant 2,74.635,4.895,49.3,"{'SAVE10','WELCOME'}"
Category 9,2025-10-01,Merchant 20,60.19,3.01,-20.1,{'WELCOME'}
Category 9,2025-10-01,Merchant 3,70.96,3.074,31,"{'NONE','SAVE10','WELCOME'}"
Category 9,2025-10-01,Merchant 4,45.86,3.19,-1.2725,"{'NONE','SAVE10','WELCOME'}"
Category 9,2025-10-01,Merchant 5,52.22833333333333,1.5333333333333332,-23.286666666666665,"{'NONE','WELCOME'}"
Category 9,2025-10-01,Merchant 6,72.725,2.54,26.76,"{'NONE','WELCOME'}"
Category 9,2025-10-01,Merchant 7,59.336666666666666,3.3333333333333335,4.246666666666667,"{'NONE','SAVE10','WELCOME'}"
Category 9,2025-10-01,Merchant 9,66.06333333333333,1.6066666666666667,31.676666666666666,"{'NONE','WELCOME'}"
Category 9,2025-10-02,Merchant 1,51.824,2.772,-33.962,"{'NONE','SAVE10','WELCOME'}"
Category 9,2025-10-02,Merchant 10,7.38,0.37,-79.09,{'WELCOME'}
Category 9,2025-10-02,Merchant 11,62.24,1.5,-5.2075,"{'NONE','WELCOME'}"
Category 9,2025-10-02,Merchant 12,55.24333333333333,4.413333333333333,-16.691666666666666,"{'NONE','SAVE10','WELCOME'}"
Category 9,2025-10-02,Merchant 13,58.485,2.925,3.775,{'WELCOME'}
Category 9,2025-10-02,Merchant 14,35.21,1.76,-21.15,{'WELCOME'}
Category 9,2025-10-02,Merchant 15,59.725,5.97,-27.195,{'SAVE10'}
Category 9,2025-10-02,Merchant 16,57.46,3.4266666666666667,-21.886666666666667,"{'NONE','SAVE10','WELCOME'}"
Category 9,2025-10-02,Merchant 17,42.2875,0.1975,-7.375,"{'NONE','SAVE10'}"
Category 9,2025-10-02,Merchant 18,25.0725,1.6125,-50.3325,"{'NONE','SAVE10','WELCOME'}"
Category 9,2025-10-02,Merchant 19,58.65,2.875,-24.2,"{'NONE','SAVE10','WELCOME'}"
Category 9,2025-10-02,Merchant 2,49.31,0.37,1.16,"{'NONE','WELCOME'}"
Category 9,2025-10-02,Merchant 20,61.41,3.07,-18.94,{'WELCOME'}
Category 9,2025-10-02,Merchant 3,65.20571428571428,2.8714285714285714,27.947142857142858,"{'NONE','SAVE10','WELCOME'}"
Category 9,2025-10-02,Merchant 4,58.29666666666667,5.466666666666667,3.92,"{'SAVE10','WELCOME'}"
Category 9,2025-10-02,Merchant 5,44.082857142857144,2.414285714285714,-8.714285714285714,"{'NONE','SAVE10','WELCOME'}"
Category 9,2025-10-02,Merchant 6,52.931666666666665,1.73,3.775,"{'NONE','WELCOME'}"
Category 9,2025-10-02,Merchant 7,56.45,4.6375,-3.5975,"{'SAVE10','WELCOME'}"
Category 9,2025-10-02,Merchant 8,21.483333333333334,0.71,-46.06666666666667,"{'NONE','WELCOME'}"
Category 9,2025-10-02,Merchant 9,87.92,6.69,48.45,"{'SAVE10','WELCOME'}"
Category 9,2025-10-03,Merchant 1,54.05714285714286,2.5114285714285716,7.198571428571428,"{'NONE','WELCOME'}"
Category 9,2025-10-03,Merchant 10,45.47,4.1,-44.73,"{'SAVE10','WELCOME'}"
Category 9,2025-10-03,Merchant 11,60.0075,1.36,-15.5075,"{'NONE','WELCOME'}"
Category 9,2025-10-03,Merchant 12,56.177142857142854,1.3571428571428572,14.312857142857142,"{'NONE','WELCOME'}"
Category 9,2025-10-03,Merchant 13,45.7125,1.3775,-40.0725,"{'NONE','SAVE10','WELCOME'}"
Category 9,2025-10-03,Merchant 14,70.99333333333334,5.116666666666667,11.276666666666667,"{'SAVE10','WELCOME'}"
Category 9,2025-10-03,Merchant 15,36.96666666666667,1.85,-45.833333333333336,{'WELCOME'}
Category 9,2025-10-03,Merchant 16,25.62,0,-58.34,{'NONE'}
Category 9,2025-10-03,Merchant 17,56.70428571428572,2.7314285714285713,-22.725714285714286,"{'NONE','SAVE10','WELCOME'}"
Category 9,2025-10-03,Merchant 18,47.1475,3.2125,-58.2375,"{'NONE','SAVE10','WELCOME'}"
Category 9,2025-10-03,Merchant 19,81.07,0,67.14,{'NONE'}
Category 9,2025-10-03,Merchant 2,56.675714285714285,2.1314285714285712,8.544285714285714,"{'NONE','SAVE10','WELCOME'}"
Category 9,2025-10-03,Merchant 20,65.25,3.26,-15.29,{'WELCOME'}
Category 9,2025-10-03,Merchant 3,43.4175,1.8575,6.3225,"{'NONE','WELCOME'}"
Category 9,2025-10-03,Merchant 4,79.9025,3.4975,32.4625,"{'NONE','SAVE10','WELCOME'}"
Category 9,2025-10-03,Merchant 5,65.59777777777778,3.2644444444444445,-15.985555555555555,"{'NONE','SAVE10','WELCOME'}"
Category 9,2025-10-03,Merchant 6,56.286,2.82,0.79,"{'NONE','SAVE10','WELCOME'}"
Category 9,2025-10-03,Merchant 7,51.128,3.406,-7.768,"{'SAVE10','WELCOME'}"
Category 9,2025-10-03,Merchant 8,38.68333333333333,1.9366666666666668,-30.093333333333334,{'WELCOME'}
Category 9,2025-10-03,Merchant 9,67.284,2.652,30.2,"{'NONE','SAVE10','WELCOME'}"
Category 9,2025-10-04,Merchant 1,59.24666666666667,1.545,-10.138333333333334,"{'NONE','WELCOME'}"
Category 9,2025-10-04,Merchant 11,56.678333333333335,2.283333333333333,-11.106666666666667,"{'NONE','SAVE10','WELCOME'}"
Category 9,2025-10-04,Merchant 12,61.335,4.273333333333333,-6.181666666666667,"{'SAVE10','WELCOME'}"
Category 9,2025-10-04,Merchant 13,35.815,1.94,-17.91,"{'NONE','SAVE10'}"
Category 9,2025-10-04,Merchant 15,45.45,2.93,-13.29,"{'SAVE10','WELCOME'}"
Category 9,2025-10-04,Merchant 16,73.54,3.99,-2.35,"{'NONE','SAVE10'}"
Category 9,2025-10-04,Merchant 17,60.013333333333335,5.73,-14.613333333333333,"{'SAVE10','WELCOME'}"
Category 9,2025-10-04,Merchant 18,66.57,3.325,-39.55,{'WELCOME'}
Category 9,2025-10-04,Merchant 19,70.44666666666667,3.9266666666666667,-35.47,"{'NONE','SAVE10','WELCOME'}"
Category 9,2025-10-04,Merchant 2,60.53142857142857,2.57,21.89857142857143,"{'NONE','SAVE10','WELCOME'}"
Category 9,2025-10-04,Merchant 20,60.06,1.005,-18.225,"{'NONE','WELCOME'}"
Category 9,2025-10-04,Merchant 3,63.946666666666665,3.8266666666666667,19.828333333333333,"{'NONE','SAVE10','WELCOME'}"
Category 9,2025-10-04,Merchant 4,37.805,0.255,3.5425,"{'NONE','SAVE10'}"
Category 9,2025-10-04,Merchant 5,73.74625,2.93875,18.65625,"{'NONE','SAVE10','WELCOME'}"
Category 9,2025-10-04,Merchant 6,46.475,2.025,1.945,"{'NONE','WELCOME'}"
Category 9,2025-10-04,Merchant 7,32.33,0,-32.44,{'NONE'}
Category 9,2025-10-04,Merchant 8,53.4,4.105,-17.545,"{'NONE','SAVE10'}"
Category 9,2025-10-04,Merchant 9,75.62,0.6766666666666666,40.78666666666667,"{'NONE','WELCOME'}"
Category 9,2025-10-05,Merchant 1,35.036,2.152,-32.698,"{'SAVE10','WELCOME'}"
Category 9,2025-10-05,Merchant 10,44.71,1.565,-42.955,"{'NONE','SAVE10'}"
Category 9,2025-10-05,Merchant 11,41.445,2.6275,-30.565,"{'SAVE10','WELCOME'}"
Category 9,2025-10-05,Merchant 12,54.71,4.36125,-6.82875,"{'SAVE10','WELCOME'}"
Category 9,2025-10-05,Merchant 13,40.856,3.246,-18.032,"{'NONE','SAVE10','WELCOME'}"
Category 9,2025-10-05,Merchant 14,51.025,1.5,-5.075,"{'NONE','SAVE10'}"
Category 9,2025-10-05,Merchant 15,50.87,2.54,-7.48,{'WELCOME'}
Category 9,2025-10-05,Merchant 16,50.695,3.935,-37.2,"{'SAVE10','WELCOME'}"
Category 9,2025-10-05,Merchant 17,53.53333333333333,1.7133333333333334,-21.19333333333333,"{'NONE','WELCOME'}"
Category 9,2025-10-05,Merchant 18,63.854285714285716,2.7014285714285715,-19.885714285714286,"{'NONE','SAVE10','WELCOME'}"
Category 9,2025-10-05,Merchant 19,43.14,0,-58.85,{'NONE'}
Category 9,2025-10-05,Merchant 2,71.4025,2.025,19.7375,"{'NONE','WELCOME'}"
Category 9,2025-10-05,Merchant 20,90.94,6.855,6.81,"{'SAVE10','WELCOME'}"
Category 9,2025-10-05,Merchant 4,65.225,3.26,13.055,{'WELCOME'}
Category 9,2025-10-05,Merchant 5,52.32,2.615,-12.715,{'WELCOME'}
Category 9,2025-10-05,Merchant 6,67.27,4.121428571428571,18.942857142857143,"{'NONE','SAVE10','WELCOME'}"
Category 9,2025-10-05,Merchant 7,47.37833333333333,3.01,-14.426666666666666,"{'NONE','SAVE10','WELCOME'}"
Category 9,2025-10-05,Merchant 9,70,1.69,33.878,"{'NONE','WELCOME'}"
Category 9,2025-10-06,Merchant 1,57.333333333333336,1.2466666666666666,-23.516666666666666,"{'NONE','WELCOME'}"
Category 9,2025-10-06,Merchant 10,44.42,3.86,-45.54,"{'SAVE10','WELCOME'}"
Category 9,2025-10-06,Merchant 11,53.03666666666667,3.4466666666666668,-21.89,"{'NONE','SAVE10','WELCOME'}"
Category 9,2025-10-06,Merchant 12,60.21,3.446,9.564,"{'NONE','SAVE10','WELCOME'}"
Category 9,2025-10-06,Merchant 13,44.29666666666667,2.7383333333333333,-5.12,"{'NONE','SAVE10','WELCOME'}"
Category 9,2025-10-06,Merchant 14,67.14,3.36,9.18,{'WELCOME'}
Category 9,2025-10-06,Merchant 15,42.145,2.585,-16.245,"{'SAVE10','WELCOME'}"
Category 9,2025-10-06,Merchant 16,84.84666666666666,2.9033333333333333,6.023333333333333,"{'NONE','WELCOME'}"
Category 9,2025-10-06,Merchant 17,64.776,2.774,-8.322,"{'NONE','SAVE10','WELCOME'}"
Category 9,2025-10-06,Merchant 18,56.452,2.812,-14.178,"{'NONE','SAVE10','WELCOME'}"
Category 9,2025-10-06,Merchant 19,43.1025,1.4925,-16.3475,"{'NONE','SAVE10','WELCOME'}"
Category 9,2025-10-06,Merchant 2,47.4225,3.4225,-17.7525,"{'SAVE10','WELCOME'}"
Category 9,2025-10-06,Merchant 20,68.48333333333333,3.9366666666666665,-12.733333333333333,"{'SAVE10','WELCOME'}"
Category 9,2025-10-06,Merchant 3,43.79555555555556,1.991111111111111,-13.717777777777778,"{'NONE','WELCOME'}"
Category 9,2025-10-06,Merchant 5,49.438,1.285,-33.792,"{'NONE','WELCOME'}"
Category 9,2025-10-06,Merchant 6,53.46333333333333,2.2866666666666666,-8.28,"{'NONE','SAVE10','WELCOME'}"
Category 9,2025-10-06,Merchant 8,45.084,2.528,-24.284,"{'NONE','SAVE10','WELCOME'}"
Category 9,2025-10-06,Merchant 9,57.98,2.3433333333333333,21.48,"{'NONE','WELCOME'}"
Category 9,2025-10-07,Merchant 1,48.7225,2.035,-24.1525,"{'NONE','WELCOME'}"
Category 9,2025-10-07,Merchant 10,88.92,4.445,-1.625,{'WELCOME'}
Category 9,2025-10-07,Merchant 11,56.765,2.531,-12.82,"{'NONE','SAVE10','WELCOME'}"
Category 9,2025-10-07,Merchant 12,44.96,0.8733333333333333,5.3133333333333335,"{'NONE','WELCOME'}"
Category 9,2025-10-07,Merchant 14,75.66,1.19,19.87,"{'NONE','WELCOME'}"
Category 9,2025-10-07,Merchant 15,92.81,0,11.86,{'NONE'}
Category 9,2025-10-07,Merchant 16,51.125,2.555,-35.39,{'WELCOME'}
Category 9,2025-10-07,Merchant 17,66.6,5.758,-9.936,"{'SAVE10','WELCOME'}"
Category 9,2025-10-07,Merchant 18,63.6975,2.85875,-15.21,"{'NONE','SAVE10','WELCOME'}"
Category 9,2025-10-07,Merchant 19,78.9075,3.2025,39.7625,"{'NONE','SAVE10','WELCOME'}"
Category 9,2025-10-07,Merchant 2,61.9025,3.725,23.13875,"{'SAVE10','WELCOME'}"
Category 9,2025-10-07,Merchant 3,43.9125,2.37,-8.19,"{'SAVE10','WELCOME'}"
Category 9,2025-10-07,Merchant 4,70.1975,4.34,31.85,"{'SAVE10','WELCOME'}"
Category 9,2025-10-07,Merchant 5,49.26307692307692,2.6384615384615384,-12.185384615384615,"{'NONE','SAVE10','WELCOME'}"
Category 9,2025-10-07,Merchant 6,44.193333333333335,2.105,-12.138333333333334,"{'NONE','SAVE10','WELCOME'}"
Category 9,2025-10-07,Merchant 7,103.26,0,58.01,{'NONE'}
Category 9,2025-10-07,Merchant 8,28.4,1.42,-39.86,{'WELCOME'}
Category 9,2025-10-07,Merchant 9,59.413333333333334,3.36,19.143333333333334,"{'NONE','SAVE10'}"
Category 9,2025-10-08,Merchant 1,17.09,0,-9.46,{'NONE'}
Category 9,2025-10-08,Merchant 11,62.695,3.915,-8.505,"{'SAVE10','WELCOME'}"
Category 9,2025-10-08,Merchant 12,66.00428571428571,4.3742857142857146,-22.11285714285714,"{'NONE','SAVE10','WELCOME'}"
Category 9,2025-10-08,Merchant 14,27.19,1.36,-28.77,{'WELCOME'}
Category 9,2025-10-08,Merchant 15,15.965,1.245,-53.66,"{'SAVE10','WELCOME'}"
Category 9,2025-10-08,Merchant 16,54.76,3.9566666666666666,-25.116666666666667,"{'SAVE10','WELCOME'}"
Category 9,2025-10-08,Merchant 17,61.365,2.75625,8.29375,"{'NONE','SAVE10','WELCOME'}"
Category 9,2025-10-08,Merchant 18,64.4475,2.4825,-30.125,"{'NONE','SAVE10','WELCOME'}"
Category 9,2025-10-08,Merchant 19,49.115,0.35,34.835,"{'NONE','WELCOME'}"
Category 9,2025-10-08,Merchant 2,60.7675,3.6475,-16.7425,"{'NONE','SAVE10'}"
Category 9,2025-10-08,Merchant 3,62.32333333333333,3.761111111111111,28.124444444444446,"{'NONE','SAVE10','WELCOME'}"
Category 9,2025-10-08,Merchant 4,34.54,0,5.5,{'NONE'}
Category 9,2025-10-08,Merchant 5,41.1,2.975,-6.155,"{'SAVE10','WELCOME'}"
Category 9,2025-10-08,Merchant 7,43.36333333333334,2.4066666666666667,-14.32,"{'SAVE10','WELCOME'}"
Category 9,2025-10-08,Merchant 8,45.3475,0.9625,-22.455,"{'NONE','WELCOME'}"
Category 9,2025-10-08,Merchant 9,27.3875,2.67,-10.1275,"{'SAVE10','WELCOME'}"
Category 9,2025-10-09,Merchant 1,13.01,0.3233333333333333,-19.863333333333333,"{'NONE','SAVE10'}"
Category 9,2025-10-09,Merchant 10,63.50666666666667,0,-22.593333333333334,{'NONE'}
Category 9,2025-10-09,Merchant 12,54.37222222222222,3.7133333333333334,-31.965555555555557,"{'NONE','SAVE10','WELCOME'}"
Category 9,2025-10-09,Merchant 13,52.175,0.53,-50.065,"{'NONE','WELCOME'}"
Category 9,2025-10-09,Merchant 14,55.21333333333333,3.98,-3.3666666666666667,"{'SAVE10','WELCOME'}"
Category 9,2025-10-09,Merchant 15,34.97666666666667,2.32,-48.29333333333334,"{'SAVE10','WELCOME'}"
Category 9,2025-10-09,Merchant 16,56.335,3.58,-19.145,"{'SAVE10','WELCOME'}"
Category 9,2025-10-09,Merchant 17,42.836666666666666,0.76,-20.85333333333333,"{'NONE','WELCOME'}"
Category 9,2025-10-09,Merchant 18,60.465,2.405,-32.12166666666667,"{'NONE','SAVE10','WELCOME'}"
Category 9,2025-10-09,Merchant 19,73.808,4.702,2.34,"{'NONE','SAVE10','WELCOME'}"
Category 9,2025-10-09,Merchant 2,46.165,0.685,25.045,"{'NONE','WELCOME'}"
Category 9,2025-10-09,Merchant 20,68.425,0,-8.855,{'NONE'}
Category 9,2025-10-09,Merchant 3,79.77,4.3116666666666665,16.221666666666668,"{'NONE','SAVE10','WELCOME'}"
Category 9,2025-10-09,Merchant 4,49.155,3.665,16.45,"{'SAVE10','WELCOME'}"
Category 9,2025-10-09,Merchant 5,47.63166666666667,1.66,-31.381666666666668,"{'NONE','WELCOME'}"
Category 9,2025-10-09,Merchant 6,15.4375,0.5575,-22.2725,"{'NONE','WELCOME'}"
Category 9,2025-10-09,Merchant 7,64.1675,3.1725,8.225,"{'NONE','SAVE10','WELCOME'}"
Category 9,2025-10-09,Merchant 8,53.37,1.215,-14.685,"{'NONE','WELCOME'}"
Category 9,2025-10-10,Merchant 1,36.088,2.394,3.544,"{'NONE','SAVE10','WELCOME'}"
Category 9,2025-10-10,Merchant 11,47.67285714285714,1.7128571428571429,-19.197142857142858,"{'NONE','SAVE10','WELCOME'}"
Category 9,2025-10-10,Merchant 12,47.788333333333334,2.1083333333333334,-16.141666666666666,"{'NONE','SAVE10','WELCOME'}"
Category 9,2025-10-10,Merchant 13,57.3575,3.0025,-3.1975,"{'NONE','SAVE10','WELCOME'}"
Category 9,2025-10-10,Merchant 14,101.35,10.14,36.62,{'SAVE10'}
Category 9,2025-10-10,Merchant 15,50.832,1.788,-21.85,"{'NONE','SAVE10','WELCOME'}"
Category 9,2025-10-10,Merchant 16,56.943333333333335,2.12,-21.096666666666668,"{'NONE','WELCOME'}"
Category 9,2025-10-10,Merchant 17,71.1825,3.5575,-3.7075,{'WELCOME'}
Category 9,2025-10-10,Merchant 18,44.56,4.34,-26.083333333333332,"{'SAVE10','WELCOME'}"
Category 9,2025-10-10,Merchant 19,62.77,3.14,-42.36,{'WELCOME'}
Category 9,2025-10-10,Merchant 2,45.986666666666665,0.5766666666666667,4.263333333333334,"{'NONE','WELCOME'}"
Category 9,2025-10-10,Merchant 3,51.68,3.47,17.64666666666667,"{'NONE','SAVE10','WELCOME'}"
Category 9,2025-10-10,Merchant 4,55.595,2.78,3.905,{'WELCOME'}
Category 9,2025-10-10,Merchant 5,69.49125,3.64,3.2975,"{'NONE','SAVE10','WELCOME'}"
Category 9,2025-10-10,Merchant 6,56.56333333333333,1.5366666666666666,1.4166666666666667,"{'NONE','WELCOME'}"
Category 9,2025-10-10,Merchant 9,59.49,3.315,21.33,"{'NONE','SAVE10','WELCOME'}"
Category 9,2025-10-11,Merchant 1,72.68333333333334,4.65,23.486666666666668,"{'NONE','SAVE10','WELCOME'}"
Category 9,2025-10-11,Merchant 10,92.1,0,6,{'NONE'}
Category 9,2025-10-11,Merchant 11,55.494,4.326,-18.024,"{'NONE','SAVE10','WELCOME'}"
Category 9,2025-10-11,Merchant 12,55.59,3.54375,-6.58,"{'NONE','SAVE10','WELCOME'}"
Category 9,2025-10-11,Merchant 13,52.236666666666665,1.9933333333333334,-36.086666666666666,"{'NONE','WELCOME'}"
Category 9,2025-10-11,Merchant 14,95.36,7.195,33.565,"{'SAVE10','WELCOME'}"
Category 9,2025-10-11,Merchant 15,25.415,1.27,-44.235,{'WELCOME'}
Category 9,2025-10-11,Merchant 16,52.0825,2.605,-22.4225,{'WELCOME'}
Category 9,2025-10-11,Merchant 17,51.4075,3.33375,-25.37,"{'NONE','SAVE10','WELCOME'}"
Category 9,2025-10-11,Merchant 18,57.4525,2.8025,-13.26,"{'NONE','SAVE10','WELCOME'}"
Category 9,2025-10-11,Merchant 19,57.415,4.01,-26.5675,"{'SAVE10','WELCOME'}"
Category 9,2025-10-11,Merchant 2,69.93,4.906666666666666,3.1733333333333333,"{'SAVE10','WELCOME'}"
Category 9,2025-10-11,Merchant 20,86.4,4.32,4.8,{'WELCOME'}
Category 9,2025-10-11,Merchant 3,44.9025,2.4325,-25.885,"{'SAVE10','WELCOME'}"
Category 9,2025-10-11,Merchant 4,30.95,1.55,0.36,{'WELCOME'}
Category 9,2025-10-11,Merchant 5,56.07666666666667,2.2016666666666667,4.1775,"{'NONE','SAVE10','WELCOME'}"
Category 9,2025-10-11,Merchant 6,76.2275,3.565,35.51,"{'NONE','SAVE10','WELCOME'}"
Category 9,2025-10-11,Merchant 7,78.1,4.9125,22.6575,"{'SAVE10','WELCOME'}"
Category 9,2025-10-11,Merchant 8,55.3,5.53,-17.07,{'SAVE10'}
Category 9,2025-10-11,Merchant 9,67.2975,3.365,29.0875,{'WELCOME'}
Category 9,2025-10-12,Merchant 1,80.322,3.614,28.842,"{'NONE','SAVE10','WELCOME'}"
Category 9,2025-10-12,Merchant 10,61.95,0,-24.15,{'NONE'}
Category 9,2025-10-12,Merchant 11,41.355,0.67,-26.6,"{'NONE','WELCOME'}"
Category 9,2025-10-12,Merchant 12,51.53857142857143,3.132857142857143,-18.85857142857143,"{'SAVE10','WELCOME'}"
Category 9,2025-10-12,Merchant 13,47.5525,2.245,-46.805,"{'NONE','SAVE10','WELCOME'}"
Category 9,2025-10-12,Merchant 15,25.06,2.51,-33.26,{'SAVE10'}
Category 9,2025-10-12,Merchant 16,52.4525,4.785,-18.2025,"{'SAVE10','WELCOME'}"
Category 9,2025-10-12,Merchant 17,52.6875,1.99,-9.985,"{'NONE','WELCOME'}"
Category 9,2025-10-12,Merchant 18,71.89666666666666,2.1366666666666667,-21.303333333333335,"{'NONE','WELCOME'}"
Category 9,2025-10-12,Merchant 19,56.32333333333333,3.76,-20.073333333333334,"{'NONE','SAVE10'}"
Category 9,2025-10-12,Merchant 2,50.45375,1.81625,-14.04375,"{'NONE','SAVE10','WELCOME'}"
Category 9,2025-10-12,Merchant 20,72.075,3.605,-8.81,{'WELCOME'}
Category 9,2025-10-12,Merchant 3,38.61,3.385,18.61,"{'SAVE10','WELCOME'}"
Category 9,2025-10-12,Merchant 4,85.32,4.27,52.01,{'WELCOME'}
Category 9,2025-10-12,Merchant 5,53.54,0.8725,-23.37,"{'NONE','WELCOME'}"
Category 9,2025-10-12,Merchant 6,47.4825,1.205,-1.075,"{'NONE','WELCOME'}"
Category 9,2025-10-12,Merchant 7,21.16,0,-43.61,{'NONE'}
Category 9,2025-10-12,Merchant 8,84.635,2.26,15.535,"{'NONE','WELCOME'}"
Category 9,2025-10-12,Merchant 9,54.804,3.532,16.84,"{'SAVE10','WELCOME'}"
Category 9,2025-10-13,Merchant 1,61.21666666666667,4.886666666666667,0.25333333333333335,"{'SAVE10','WELCOME'}"
Category 9,2025-10-13,Merchant 10,56.68666666666667,1.2233333333333334,-30.636666666666667,"{'NONE','WELCOME'}"
Category 9,2025-10-13,Merchant 11,37.378,2.347,-27.901,"{'NONE','SAVE10','WELCOME'}"
Category 9,2025-10-13,Merchant 12,62.107,2.786,15.251,"{'NONE','SAVE10','WELCOME'}"
Category 9,2025-10-13,Merchant 13,63.915,1.13,-0.535,"{'NONE','WELCOME'}"
Category 9,2025-10-13,Merchant 15,55.5975,1.3075,-14.09,"{'NONE','WELCOME'}"
Category 9,2025-10-13,Merchant 16,58.18,2.13,-13.438,"{'NONE','SAVE10','WELCOME'}"
Category 9,2025-10-13,Merchant 17,51.945,4.095,-34.7,"{'SAVE10','WELCOME'}"
Category 9,2025-10-13,Merchant 18,49.072,3.104,-21.352,"{'NONE','SAVE10','WELCOME'}"
Category 9,2025-10-13,Merchant 19,50.24,1.4525,-9.1725,"{'NONE','SAVE10','WELCOME'}"
Category 9,2025-10-13,Merchant 2,80.7575,1.645,20.7775,"{'NONE','SAVE10'}"
Category 9,2025-10-13,Merchant 20,39.79333333333334,0,-37.486666666666665,{'NONE'}
Category 9,2025-10-13,Merchant 3,47.60285714285714,2.644285714285714,6.898571428571429,"{'NONE','SAVE10','WELCOME'}"
Category 9,2025-10-13,Merchant 4,36.645,0.895,6.71,"{'NONE','WELCOME'}"
Category 9,2025-10-13,Merchant 5,65.367,3.419,-12.634,"{'NONE','SAVE10','WELCOME'}"
Category 9,2025-10-13,Merchant 6,57.294,2.112,13.066,"{'NONE','WELCOME'}"
Category 9,2025-10-13,Merchant 7,28.773333333333333,1.9366666666666668,-31.426666666666666,"{'SAVE10','WELCOME'}"
Category 9,2025-10-13,Merchant 8,5.51,0.28,-61.61,{'WELCOME'}
Category 9,2025-10-13,Merchant 9,38.72,3.01,0.865,"{'SAVE10','WELCOME'}"
Category 9,2025-10-14,Merchant 1,54.8075,1.7925,-26.47,"{'NONE','SAVE10','WELCOME'}"
Category 9,2025-10-14,Merchant 11,70.726,4.804,5.436,"{'SAVE10','WELCOME'}"
Category 9,2025-10-14,Merchant 12,49.4175,1.7075,-23.14375,"{'NONE','SAVE10','WELCOME'}"
Category 9,2025-10-14,Merchant 13,51.93,3.055,-41.3,"{'NONE','SAVE10'}"
Category 9,2025-10-14,Merchant 14,40.54,3.9566666666666666,-18.016666666666666,"{'SAVE10','WELCOME'}"
Category 9,2025-10-14,Merchant 16,57.64,5.76,-7.96,{'SAVE10'}
Category 9,2025-10-14,Merchant 17,33.835,1.9566666666666668,-41.135,"{'SAVE10','WELCOME'}"
Category 9,2025-10-14,Merchant 18,62.83428571428571,3.4457142857142857,-6.9,"{'NONE','SAVE10','WELCOME'}"
Category 9,2025-10-14,Merchant 19,40.985,3.165,-64.17,"{'NONE','SAVE10'}"
Category 9,2025-10-14,Merchant 2,60.41,3.554,36.416,"{'NONE','SAVE10','WELCOME'}"
Category 9,2025-10-14,Merchant 3,50.65625,2.09875,-10.5325,"{'NONE','SAVE10','WELCOME'}"
Category 9,2025-10-14,Merchant 4,67.894,4.15,22.782,"{'NONE','SAVE10','WELCOME'}"
Category 9,2025-10-14,Merchant 5,50.48555555555556,2.9844444444444442,-32.94222222222222,"{'SAVE10','WELCOME'}"
Category 9,2025-10-14,Merchant 6,53.344,2.882,1.664,"{'NONE','SAVE10','WELCOME'}"
Category 9,2025-10-14,Merchant 7,25.206666666666667,1.7733333333333332,-38.35,"{'SAVE10','WELCOME'}"
Category 9,2025-10-15,Merchant 1,53.21,2.66,6,{'WELCOME'}
Category 9,2025-10-15,Merchant 10,83.43,4.17,-6.84,{'WELCOME'}
Category 9,2025-10-15,Merchant 11,57.011428571428574,3.8514285714285714,-15.922857142857143,"{'SAVE10','WELCOME'}"
Category 9,2025-10-15,Merchant 12,52.32416666666666,2.565,-3.9225,"{'NONE','SAVE10','WELCOME'}"
Category 9,2025-10-15,Merchant 13,38.9025,2.2025,-15.085,"{'NONE','SAVE10','WELCOME'}"
Category 9,2025-10-15,Merchant 14,13.68,0,-40.92,{'NONE'}
Category 9,2025-10-15,Merchant 15,76.62,2.0175,-0.0625,"{'NONE','WELCOME'}"
Category 9,2025-10-15,Merchant 16,47.3975,3.4675,-34,"{'SAVE10','WELCOME'}"
Category 9,2025-10-15,Merchant 17,86.7575,5.6625,28.545,"{'NONE','SAVE10','WELCOME'}"
Category 9,2025-10-15,Merchant 18,43.395,2.8525,-32.06,"{'NONE','SAVE10','WELCOME'}"
Category 9,2025-10-15,Merchant 19,64.80666666666667,4.613333333333333,46.263333333333335,"{'NONE','SAVE10','WELCOME'}"
Category 9,2025-10-15,Merchant 2,50.696,3.192,9.172,"{'SAVE10','WELCOME'}"
Category 9,2025-10-15,Merchant 20,12.27,0.61,-65.62,{'WELCOME'}
Category 9,2025-10-15,Merchant 3,66.744,2.372,26.102,"{'NONE','WELCOME'}"
Category 9,2025-10-15,Merchant 4,59.32333333333333,2.966666666666667,20.69333333333333,{'WELCOME'}
Category 9,2025-10-15,Merchant 5,72.26666666666667,3.8866666666666667,2.4066666666666667,"{'NONE','SAVE10','WELCOME'}"
Category 9,2025-10-15,Merchant 6,42.818,2.776,-16.916,"{'NONE','SAVE10','WELCOME'}"
Category 9,2025-10-15,Merchant 7,56.17,4.666666666666667,-0.7866666666666666,"{'SAVE10','WELCOME'}"
Category 9,2025-10-15,Merchant 8,77.01,3.85,6.32,{'WELCOME'}
Category 9,2025-10-15,Merchant 9,45.06333333333333,1.7266666666666668,7.803333333333334,"{'NONE','WELCOME'}"
Category 9,2025-10-16,Merchant 1,53.29,4.1425,18.0975,"{'SAVE10','WELCOME'}"
Category 9,2025-10-16,Merchant 10,14.17,1.42,-73.35,{'SAVE10'}
Category 9,2025-10-16,Merchant 11,64.894,3.246,-4.336,{'WELCOME'}
Category 9,2025-10-16,Merchant 12,54.86,1.4483333333333333,6.791666666666667,"{'NONE','WELCOME'}"
Category 9,2025-10-16,Merchant 13,47.89666666666667,1.5966666666666667,-22.126666666666665,"{'NONE','WELCOME'}"
Category 9,2025-10-16,Merchant 15,59.33,4.615,-26.235,"{'SAVE10','WELCOME'}"
Category 9,2025-10-16,Merchant 16,29.63,2.355,-44.625,"{'SAVE10','WELCOME'}"
Category 9,2025-10-16,Merchant 17,42.54,2.27,-27.975,"{'NONE','SAVE10'}"
Category 9,2025-10-16,Merchant 18,68.092,3.562,-2.541,"{'NONE','SAVE10','WELCOME'}"
Category 9,2025-10-16,Merchant 19,58.56,0,44.63,{'NONE'}
Category 9,2025-10-16,Merchant 2,79.2425,3.0775,24.665,"{'NONE','WELCOME'}"
Category 9,2025-10-16,Merchant 20,75.33,7.53,-9.48,{'SAVE10'}
Category 9,2025-10-16,Merchant 3,54.513333333333335,2.993333333333333,-1.1866666666666668,"{'SAVE10','WELCOME'}"
Category 9,2025-10-16,Merchant 4,43.77,3.4275,1.3675,"{'SAVE10','WELCOME'}"
Category 9,2025-10-16,Merchant 5,58.7725,1.9475,-1.86,"{'NONE','WELCOME'}"
Category 9,2025-10-16,Merchant 6,64.332,3.552,15.524,"{'NONE','SAVE10','WELCOME'}"
Category 9,2025-10-16,Merchant 7,70.99,4.5625,13.6575,"{'NONE','SAVE10'}"
Category 9,2025-10-16,Merchant 8,48.92,4.89,-22.81,{'SAVE10'}
Category 9,2025-10-16,Merchant 9,69.71,6.97,25.83,{'SAVE10'}
Category 9,2025-10-17,Merchant 1,36.84,2.04,-36.04,"{'SAVE10','WELCOME'}"
Category 9,2025-10-17,Merchant 10,59.35,2.97,-29.72,{'WELCOME'}
Category 9,2025-10-17,Merchant 11,43.4425,0.99,-26.93,"{'NONE','WELCOME'}"
Category 9,2025-10-17,Merchant 12,62.58125,2.91125,-12.25,"{'NONE','SAVE10','WELCOME'}"
Category 9,2025-10-17,Merchant 13,42.817142857142855,1.8014285714285714,-33.247142857142855,"{'NONE','SAVE10','WELCOME'}"
Category 9,2025-10-17,Merchant 15,45.08,2.8633333333333333,-30.35333333333333,"{'SAVE10','WELCOME'}"
Category 9,2025-10-17,Merchant 16,86.14,8.61,17.69,{'SAVE10'}
Category 9,2025-10-17,Merchant 17,71.7275,3.5875,4.37,{'WELCOME'}
Category 9,2025-10-17,Merchant 18,61.1275,3.635,-17.6225,"{'SAVE10','WELCOME'}"
Category 9,2025-10-17,Merchant 19,50.59,2.683333333333333,4.626666666666667,"{'SAVE10','WELCOME'}"
Category 9,2025-10-17,Merchant 2,50.932,2.259,-11.773,"{'NONE','SAVE10','WELCOME'}"
Category 9,2025-10-17,Merchant 3,70.63181818181818,1.6227272727272728,37.28,"{'NONE','SAVE10','WELCOME'}"
Category 9,2025-10-17,Merchant 4,73.92833333333333,3.4966666666666666,21.523333333333333,"{'NONE','SAVE10','WELCOME'}"
Category 9,2025-10-17,Merchant 5,81.1075,5.8125,-13.815,"{'SAVE10','WELCOME'}"
Category 9,2025-10-17,Merchant 6,56.98,2.4283333333333332,13.308333333333334,"{'NONE','SAVE10','WELCOME'}"
Category 9,2025-10-17,Merchant 7,59.84,1.2166666666666666,-0.17333333333333334,"{'NONE','WELCOME'}"
Category 9,2025-10-17,Merchant 8,69.8225,2.6625,0.32,"{'NONE','WELCOME'}"
Category 9,2025-10-17,Merchant 9,39.955,2.17,5.005,"{'SAVE10','WELCOME'}"
Category 9,2025-10-18,Merchant 1,48.96,2.45,19.96,{'WELCOME'}
Category 9,2025-10-18,Merchant 10,94.27,9.43,-1.26,{'SAVE10'}
Category 9,2025-10-18,Merchant 11,35.8925,2.7475,-39.6725,"{'NONE','SAVE10'}"
Category 9,2025-10-18,Merchant 12,68.07666666666667,1.8322222222222222,-2.92,"{'NONE','WELCOME'}"
Category 9,2025-10-18,Merchant 13,76.36666666666666,5.993333333333333,-15.956666666666667,"{'NONE','SAVE10'}"
Category 9,2025-10-18,Merchant 14,37.98,0.625,-17.245,"{'NONE','WELCOME'}"
Category 9,2025-10-18,Merchant 15,32.2675,1.4325,-37.545,"{'NONE','SAVE10','WELCOME'}"
Category 9,2025-10-18,Merchant 16,15.18,0,-68.78,{'NONE'}
Category 9,2025-10-18,Merchant 17,63.0775,4.215,10.785,"{'NONE','SAVE10','WELCOME'}"
Category 9,2025-10-18,Merchant 18,64.10333333333334,2.888333333333333,-5.503333333333333,"{'NONE','SAVE10','WELCOME'}"
Category 9,2025-10-18,Merchant 19,23.475,2.35,-80.865,{'SAVE10'}
Category 9,2025-10-18,Merchant 2,37.193333333333335,2.1533333333333333,-15.22,"{'SAVE10','WELCOME'}"
Category 9,2025-10-18,Merchant 20,91.39,4.57,9.54,{'WELCOME'}
Category 9,2025-10-18,Merchant 3,61.778,4.05,3.252,"{'SAVE10','WELCOME'}"
Category 9,2025-10-18,Merchant 4,57.19,4.485,13.73,"{'NONE','SAVE10'}"
Category 9,2025-10-18,Merchant 5,45.448,2.722,-33.57,"{'SAVE10','WELCOME'}"
Category 9,2025-10-18,Merchant 6,36.845,1.8483333333333334,-15.66,"{'NONE','SAVE10','WELCOME'}"
Category 9,2025-10-18,Merchant 7,18.19,0.8666666666666667,-44.46,"{'NONE','SAVE10'}"
Category 9,2025-10-18,Merchant 8,69.395,3.47,-0.915,{'WELCOME'}
Category 9,2025-10-19,Merchant 1,51.53545454545455,3.192727272727273,-8.781818181818181,"{'NONE','SAVE10','WELCOME'}"
Category 9,2025-10-19,Merchant 11,41.11,1.13,-25.9675,"{'NONE','WELCOME'}"
Category 9,2025-10-19,Merchant 12,65.91714285714286,4.738571428571428,-4.5928571428571425,"{'SAVE10','WELCOME'}"
Category 9,2025-10-19,Merchant 13,39.96,2.245,-14.07,"{'SAVE10','WELCOME'}"
Category 9,2025-10-19,Merchant 14,72.95,3.65,14.7,{'WELCOME'}
Category 9,2025-10-19,Merchant 15,57.45,4.096666666666667,-19.216666666666665,"{'SAVE10','WELCOME'}"
Category 9,2025-10-19,Merchant 16,54.18,2.71,-20.43,{'WELCOME'}
Category 9,2025-10-19,Merchant 17,65.218,4.186,3.262,"{'NONE','SAVE10','WELCOME'}"
Category 9,2025-10-19,Merchant 18,50.575,2.525,-34.58,{'WELCOME'}
Category 9,2025-10-19,Merchant 19,38.785,2.27,22.585,"{'SAVE10','WELCOME'}"
Category 9,2025-10-19,Merchant 2,40.156666666666666,0.8933333333333333,-10.996666666666666,"{'NONE','WELCOME'}"
Category 9,2025-10-19,Merchant 3,70.3025,3.925,39.3,"{'SAVE10','WELCOME'}"
Category 9,2025-10-19,Merchant 4,86.0175,2.9125,44.1325,"{'NONE','SAVE10','WELCOME'}"
Category 9,2025-10-19,Merchant 5,49.228,2.532,-33.008,"{'NONE','SAVE10','WELCOME'}"
Category 9,2025-10-19,Merchant 6,58.22,3.433333333333333,13.543333333333333,"{'NONE','SAVE10'}"
Category 9,2025-10-19,Merchant 7,81.14,4.96,11.41,"{'NONE','SAVE10'}"
Category 9,2025-10-19,Merchant 8,35.35,3.54,-35.03,{'SAVE10'}
Category 9,2025-10-19,Merchant 9,63.535,2.1625,26.53,"{'NONE','WELCOME'}"
Category 9,2025-10-20,Merchant 1,47.25666666666667,1.1,-50.973333333333336,"{'NONE','WELCOME'}"
Category 9,2025-10-20,Merchant 10,52.495,3.115,-36.72,"{'NONE','SAVE10'}"
Category 9,2025-10-20,Merchant 11,41.096666666666664,2.716666666666667,-30.303333333333335,"{'SAVE10','WELCOME'}"
Category 9,2025-10-20,Merchant 12,53.28777777777778,3.3766666666666665,-12.142222222222221,"{'NONE','SAVE10','WELCOME'}"
Category 9,2025-10-20,Merchant 13,51.735,3.0925,-41.5325,"{'NONE','SAVE10','WELCOME'}"
Category 9,2025-10-20,Merchant 14,64.35,0,9.75,{'NONE'}
Category 9,2025-10-20,Merchant 15,82.6275,4.885,15.6475,"{'NONE','SAVE10','WELCOME'}"
Category 9,2025-10-20,Merchant 16,32.105,1.685,-29.42,"{'NONE','SAVE10'}"
Category 9,2025-10-20,Merchant 17,54.678333333333335,2.2916666666666665,-14.66,"{'NONE','WELCOME'}"
Category 9,2025-10-20,Merchant 18,81.46,5.9475,-0.8475,"{'SAVE10','WELCOME'}"
Category 9,2025-10-20,Merchant 19,66.98333333333333,2.6,50.45666666666666,"{'NONE','WELCOME'}"
Category 9,2025-10-20,Merchant 2,70.77,5.053333333333334,24.57,"{'SAVE10','WELCOME'}"
Category 9,2025-10-20,Merchant 20,10.37,0.95,-67.86,"{'SAVE10','WELCOME'}"
Category 9,2025-10-20,Merchant 3,49.37,3.61,0.7314285714285714,"{'SAVE10','WELCOME'}"
Category 9,2025-10-20,Merchant 4,79.36,6.46,43.86,"{'SAVE10','WELCOME'}"
Category 9,2025-10-20,Merchant 5,29.733333333333334,1.0483333333333333,-37.47,"{'NONE','SAVE10','WELCOME'}"
Category 9,2025-10-20,Merchant 6,81.178,2.28,28.62,"{'NONE','WELCOME'}"
Category 9,2025-10-20,Merchant 7,48.345,3.0475,-10.1125,"{'SAVE10','WELCOME'}"
Category 9,2025-10-20,Merchant 8,94.16,0,27.32,{'NONE'}
Category 9,2025-10-20,Merchant 9,104.13,5.21,66.14,{'WELCOME'}
Category 9,2025-10-21,Merchant 1,59.935,5.995,9.39,{'SAVE10'}
Category 9,2025-10-21,Merchant 10,21.9,2.19,-66.39,{'SAVE10'}
Category 9,2025-10-21,Merchant 11,73.74666666666667,3.435,-1.5533333333333332,"{'NONE','SAVE10','WELCOME'}"
Category 9,2025-10-21,Merchant 12,88.6,4.363333333333333,45.46333333333333,"{'NONE','SAVE10','WELCOME'}"
Category 9,2025-10-21,Merchant 13,43.39,4.34,-62.66,{'SAVE10'}
Category 9,2025-10-21,Merchant 15,59.242,3.034,-9.658,"{'SAVE10','WELCOME'}"
Category 9,2025-10-21,Merchant 16,74.05666666666667,2.3866666666666667,3.79,"{'NONE','SAVE10','WELCOME'}"
Category 9,2025-10-21,Merchant 17,58.4175,3.2075,-5.4725,"{'NONE','SAVE10','WELCOME'}"
Category 9,2025-10-21,Merchant 18,61.255,3.71875,-13.16,"{'NONE','SAVE10','WELCOME'}"
Category 9,2025-10-21,Merchant 19,38.3,0.5,-20.16,"{'NONE','WELCOME'}"
Category 9,2025-10-21,Merchant 2,31.076666666666668,0.73,0.7933333333333333,"{'NONE','WELCOME'}"
Category 9,2025-10-21,Merchant 20,88.15,0,10.87,{'NONE'}
Category 9,2025-10-21,Merchant 3,47.84625,1.81625,-4.035,"{'NONE','SAVE10','WELCOME'}"
Category 9,2025-10-21,Merchant 4,59.21,2.96,27.21,{'WELCOME'}
Category 9,2025-10-21,Merchant 5,41.47142857142857,2.224285714285714,-26.072857142857142,"{'NONE','SAVE10','WELCOME'}"
Category 9,2025-10-21,Merchant 6,51.59,2.276,-7.24,"{'NONE','SAVE10','WELCOME'}"
Category 9,2025-10-21,Merchant 7,57.15,3.38,-5.624,"{'NONE','SAVE10','WELCOME'}"
Category 9,2025-10-21,Merchant 8,20.665,1.4,-47.575,"{'NONE','SAVE10'}"
Category 9,2025-10-21,Merchant 9,44.6,0.6466666666666666,7.043333333333333,"{'NONE','WELCOME'}"
Category 9,2025-10-22,Merchant 1,35.286,1.4,-28.096,"{'NONE','SAVE10','WELCOME'}"
Category 9,2025-10-22,Merchant 11,45.20666666666666,2.26,-25.736666666666668,{'WELCOME'}
Category 9,2025-10-22,Merchant 12,43.895833333333336,2.4966666666666666,-30.2075,"{'NONE','SAVE10','WELCOME'}"
Category 9,2025-10-22,Merchant 13,56.09,2.63,-30.9475,"{'NONE','SAVE10','WELCOME'}"
Category 9,2025-10-22,Merchant 15,78.335,5.035,17.49,"{'NONE','SAVE10'}"
Category 9,2025-10-22,Merchant 16,53.78,1.28,-23.42,"{'NONE','SAVE10','WELCOME'}"
Category 9,2025-10-22,Merchant 17,56.73166666666667,1.81,7.875,"{'NONE','SAVE10','WELCOME'}"
Category 9,2025-10-22,Merchant 18,54.71333333333333,1.56,-26.593333333333334,"{'NONE','WELCOME'}"
Category 9,2025-10-22,Merchant 19,58.681666666666665,4.401666666666666,-3.68,"{'NONE','SAVE10','WELCOME'}"
Category 9,2025-10-22,Merchant 2,52.22,3.7583333333333333,-16.708333333333332,"{'SAVE10','WELCOME'}"
Category 9,2025-10-22,Merchant 20,43.25,1.11,-35.14,"{'NONE','WELCOME'}"
Category 9,2025-10-22,Merchant 3,71.65285714285714,3.658571428571429,6.347142857142857,"{'NONE','SAVE10','WELCOME'}"
Category 9,2025-10-22,Merchant 4,52.9,1.754,18.132,"{'NONE','WELCOME'}"
Category 9,2025-10-22,Merchant 5,53.946666666666665,1.18,-28.513333333333332,"{'NONE','WELCOME'}"
Category 9,2025-10-22,Merchant 6,61.80166666666667,4.2716666666666665,14.1,"{'SAVE10','WELCOME'}"
Category 9,2025-10-22,Merchant 7,52.6125,1.0925,-6.53,"{'NONE','WELCOME'}"
Category 9,2025-10-22,Merchant 8,78.78,3.94,8,{'WELCOME'}
Category 9,2025-10-22,Merchant 9,56.28,0,23.5,{'NONE'}
Category 9,2025-10-23,Merchant 1,54.1,3.135,-46.165,"{'NONE','SAVE10'}"
Category 9,2025-10-23,Merchant 10,45.138,2.588,-43.55,"{'NONE','SAVE10','WELCOME'}"
Category 9,2025-10-23,Merchant 11,70.19333333333333,3.51,-0.21666666666666667,{'WELCOME'}
Category 9,2025-10-23,Merchant 12,65.16166666666666,3.905,-3.1933333333333334,"{'NONE','SAVE10','WELCOME'}"
Category 9,2025-10-23,Merchant 13,45.125,3.18,-59.765,"{'SAVE10','WELCOME'}"
Category 9,2025-10-23,Merchant 14,35.14,0.28,-19.74,"{'NONE','WELCOME'}"
Category 9,2025-10-23,Merchant 15,38.01,3.8,-21.6,{'SAVE10'}
Category 9,2025-10-23,Merchant 16,44.83,2.805,-41.935,"{'SAVE10','WELCOME'}"
Category 9,2025-10-23,Merchant 17,64.19333333333333,4.27,2.413333333333333,"{'SAVE10','WELCOME'}"
Category 9,2025-10-23,Merchant 18,53.026,3.602,-37.986,"{'SAVE10','WELCOME'}"
Category 9,2025-10-23,Merchant 19,51.24,1.2933333333333332,6.663333333333333,"{'NONE','WELCOME'}"
Category 9,2025-10-23,Merchant 2,65.065,2.82,34.97,"{'NONE','WELCOME'}"
Category 9,2025-10-23,Merchant 3,43.188,2.888,5.256,"{'SAVE10','WELCOME'}"
Category 9,2025-10-23,Merchant 4,24.89,2.18,-6.33,"{'SAVE10','WELCOME'}"
Category 9,2025-10-23,Merchant 5,69.57285714285715,5.748571428571428,3.6871428571428573,"{'SAVE10','WELCOME'}"
Category 9,2025-10-23,Merchant 6,36.89666666666667,0.62,-13.336666666666666,"{'NONE','SAVE10','WELCOME'}"
Category 9,2025-10-23,Merchant 7,40.25333333333333,2.8666666666666667,-20.057777777777776,"{'NONE','SAVE10','WELCOME'}"
Category 9,2025-10-23,Merchant 8,56.02333333333333,2.8,-13.616666666666667,{'WELCOME'}
Category 9,2025-10-23,Merchant 9,53.47,3.3525,14.2425,"{'SAVE10','WELCOME'}"
Category 9,2025-10-24,Merchant 1,50.36875,2.1925,-5.0175,"{'NONE','SAVE10','WELCOME'}"
Category 9,2025-10-24,Merchant 10,60.99,1.915,-27.025,"{'NONE','WELCOME'}"
Category 9,2025-10-24,Merchant 11,61.132,2.46,-5.634,"{'NONE','SAVE10','WELCOME'}"
Category 9,2025-10-24,Merchant 12,56.78,2.4775,-32.58,"{'NONE','SAVE10','WELCOME'}"
Category 9,2025-10-24,Merchant 13,16.383333333333333,0.77,-52.81333333333333,"{'NONE','SAVE10','WELCOME'}"
Category 9,2025-10-24,Merchant 14,32.215,1.61,-23.995,{'WELCOME'}
Category 9,2025-10-24,Merchant 15,24.67,2.47,-58.75,{'SAVE10'}
Category 9,2025-10-24,Merchant 16,52.25,0,-31.71,{'NONE'}
Category 9,2025-10-24,Merchant 17,64.725,1.3875,15.26,"{'NONE','WELCOME'}"
Category 9,2025-10-24,Merchant 18,67.2425,6.725,19.3525,{'SAVE10'}
Category 9,2025-10-24,Merchant 19,64.242,2.166,-4.69,"{'NONE','WELCOME'}"
Category 9,2025-10-24,Merchant 2,40.306666666666665,2.56,-13.753333333333334,"{'NONE','SAVE10','WELCOME'}"
Category 9,2025-10-24,Merchant 20,19.34,1.93,-59.87,{'SAVE10'}
Category 9,2025-10-24,Merchant 3,52.18833333333333,3.106666666666667,-6.3133333333333335,"{'SAVE10','WELCOME'}"
Category 9,2025-10-24,Merchant 4,103.36,0,54.45,{'NONE'}
Category 9,2025-10-24,Merchant 5,59.005,4.7025,-12.3925,"{'SAVE10','WELCOME'}"
Category 9,2025-10-24,Merchant 6,24.54,1.67,-34.828,"{'NONE','SAVE10','WELCOME'}"
Category 9,2025-10-24,Merchant 7,50.336,1.268,-10.006,"{'NONE','SAVE10','WELCOME'}"
Category 9,2025-10-24,Merchant 9,39.86625,1.88625,2.61875,"{'NONE','SAVE10','WELCOME'}"
Category 9,2025-10-25,Merchant 1,66.52166666666666,2.77,22.438333333333333,"{'NONE','SAVE10','WELCOME'}"
Category 9,2025-10-25,Merchant 11,30.085,0.42,-28.075,"{'NONE','WELCOME'}"
Category 9,2025-10-25,Merchant 12,51.98307692307692,2.0346153846153845,-1.2007692307692308,"{'NONE','SAVE10','WELCOME'}"
Category 9,2025-10-25,Merchant 13,43.08,1.252,-24.556,"{'NONE','WELCOME'}"
Category 9,2025-10-25,Merchant 15,68.52,2.5433333333333334,-6.593333333333334,"{'NONE','WELCOME'}"
Category 9,2025-10-25,Merchant 16,60.78,3.81,-2.87,"{'SAVE10','WELCOME'}"
Category 9,2025-10-25,Merchant 17,58.056,2.668,-14.936,"{'NONE','SAVE10','WELCOME'}"
Category 9,2025-10-25,Merchant 18,47.656666666666666,3.3383333333333334,-58.06166666666667,"{'NONE','SAVE10','WELCOME'}"
Category 9,2025-10-25,Merchant 19,83.74,0,-18.25,{'NONE'}
Category 9,2025-10-25,Merchant 2,40.622,1.594,-10.24,"{'NONE','WELCOME'}"
Category 9,2025-10-25,Merchant 20,49.39,3.785,-31.675,"{'NONE','SAVE10'}"
Category 9,2025-10-25,Merchant 3,84.7275,6.51,26.0875,"{'SAVE10','WELCOME'}"
Category 9,2025-10-25,Merchant 4,63.7975,3.19,11.6975,{'WELCOME'}
Category 9,2025-10-25,Merchant 5,50.194,3.076,-18.922,"{'NONE','SAVE10','WELCOME'}"
Category 9,2025-10-25,Merchant 6,32.2,1.195,-10.575,"{'NONE','WELCOME'}"
Category 9,2025-10-25,Merchant 7,58.4,4.238,-3.12,"{'NONE','SAVE10','WELCOME'}"
Category 9,2025-10-25,Merchant 8,36.1,0.19,-30.93,"{'NONE','WELCOME'}"
Category 9,2025-10-25,Merchant 9,71.885,1.355,37.75,"{'NONE','WELCOME'}"
Category 9,2025-10-26,Merchant 1,42.47,2.8525,-9.0775,"{'SAVE10','WELCOME'}"
Category 9,2025-10-26,Merchant 10,89.82,6.05,-2.33,"{'SAVE10','WELCOME'}"
Category 9,2025-10-26,Merchant 11,47.156666666666666,3.7266666666666666,-23.47,"{'SAVE10','WELCOME'}"
Category 9,2025-10-26,Merchant 12,61.142,3.282,2.564,"{'NONE','SAVE10','WELCOME'}"
Category 9,2025-10-26,Merchant 13,33.97,0.6766666666666666,-27.44333333333333,"{'NONE','WELCOME'}"
Category 9,2025-10-26,Merchant 14,65.35,3.27,7.48,{'WELCOME'}
Category 9,2025-10-26,Merchant 15,33.342,1.926,-44.506,"{'NONE','SAVE10','WELCOME'}"
Category 9,2025-10-26,Merchant 16,58.06,5.81,-7.59,{'SAVE10'}
Category 9,2025-10-26,Merchant 17,54.00333333333333,2.225,-11.698333333333334,"{'NONE','SAVE10','WELCOME'}"
Category 9,2025-10-26,Merchant 18,82.002,5.636,-4.534,"{'SAVE10','WELCOME'}"
Category 9,2025-10-26,Merchant 19,55.734,4.37,19.824,"{'NONE','SAVE10','WELCOME'}"
Category 9,2025-10-26,Merchant 2,66.79222222222222,3.5677777777777777,3.0244444444444443,"{'NONE','SAVE10','WELCOME'}"
Category 9,2025-10-26,Merchant 20,21.69,2.17,-57.76,{'SAVE10'}
Category 9,2025-10-26,Merchant 3,46.91,3.605,5.765,"{'SAVE10','WELCOME'}"
Category 9,2025-10-26,Merchant 4,46.0875,2.8325,4.28,"{'NONE','SAVE10','WELCOME'}"
Category 9,2025-10-26,Merchant 5,55.965,3.7516666666666665,-20.875,"{'NONE','SAVE10','WELCOME'}"
Category 9,2025-10-26,Merchant 6,59.32833333333333,2.28,12.853333333333333,"{'NONE','WELCOME'}"
Category 9,2025-10-26,Merchant 7,67.76333333333334,3.85,15.143333333333333,"{'SAVE10','WELCOME'}"
Category 9,2025-10-26,Merchant 9,24.94,1.25,-13.22,{'WELCOME'}
Category 9,2025-10-27,Merchant 1,53.57,4.12,-37.164,"{'SAVE10','WELCOME'}"
Category 9,2025-10-27,Merchant 11,34.24,0.855,-39.4325,"{'NONE','SAVE10','WELCOME'}"
Category 9,2025-10-27,Merchant 12,54.4675,2.85,-14.798125,"{'NONE','SAVE10','WELCOME'}"
Category 9,2025-10-27,Merchant 13,69.99666666666667,5.11,-3.54,"{'NONE','SAVE10'}"
Category 9,2025-10-27,Merchant 14,25.67,1.28,-30.21,{'WELCOME'}
Category 9,2025-10-27,Merchant 15,79.59,3.98,19.8,{'WELCOME'}
Category 9,2025-10-27,Merchant 16,20.435,1.495,-52.96,"{'SAVE10','WELCOME'}"
Category 9,2025-10-27,Merchant 17,53.03,2.55,-7.744,"{'NONE','SAVE10','WELCOME'}"
Category 9,2025-10-27,Merchant 18,64.09333333333333,1.7066666666666668,8.696666666666667,"{'NONE','WELCOME'}"
Category 9,2025-10-27,Merchant 19,46.61,3.143333333333333,-58.52333333333333,"{'SAVE10','WELCOME'}"
Category 9,2025-10-27,Merchant 2,61.465,2.75,8.455,"{'NONE','WELCOME'}"
Category 9,2025-10-27,Merchant 20,45.195,2.26,-34.345,{'WELCOME'}
Category 9,2025-10-27,Merchant 3,40.4475,1.105,-16.82,"{'NONE','WELCOME'}"
Category 9,2025-10-27,Merchant 4,44.974,2.25,13.684,{'WELCOME'}
Category 9,2025-10-27,Merchant 5,66.15833333333333,4.114166666666667,0.69,"{'NONE','SAVE10','WELCOME'}"
Category 9,2025-10-27,Merchant 6,64.58666666666667,1.99,-4.613333333333333,"{'NONE','WELCOME'}"
Category 9,2025-10-27,Merchant 7,59.6975,3.44,0.4475,"{'NONE','SAVE10','WELCOME'}"
Category 9,2025-10-27,Merchant 8,58.376666666666665,2.9166666666666665,-11.38,{'WELCOME'}
Category 9,2025-10-27,Merchant 9,56.335,1.235,22.32,"{'NONE','SAVE10'}"
Category 9,2025-10-28,Merchant 1,77.81666666666666,2.9566666666666666,12.783333333333333,"{'NONE','SAVE10'}"
Category 9,2025-10-28,Merchant 10,55.123333333333335,3.8666666666666667,-34.84,"{'SAVE10','WELCOME'}"
Category 9,2025-10-28,Merchant 11,61.175555555555555,4.66,-17.936666666666667,"{'SAVE10','WELCOME'}"
Category 9,2025-10-28,Merchant 12,34.965,2.29,-44.946666666666665,"{'NONE','SAVE10','WELCOME'}"
Category 9,2025-10-28,Merchant 13,53.07,4.523333333333333,5.716666666666667,"{'SAVE10','WELCOME'}"
Category 9,2025-10-28,Merchant 14,51.325,2.57,-5.845,{'WELCOME'}
Category 9,2025-10-28,Merchant 15,46.725,3.08,-37.305,"{'SAVE10','WELCOME'}"
Category 9,2025-10-28,Merchant 17,74.40666666666667,5.036666666666667,2.3233333333333333,"{'SAVE10','WELCOME'}"
Category 9,2025-10-28,Merchant 18,44.644,1.92,-44.188,"{'NONE','SAVE10','WELCOME'}"
Category 9,2025-10-28,Merchant 19,73.945,4.865,11.12,"{'SAVE10','WELCOME'}"
Category 9,2025-10-28,Merchant 2,48.294,2.414,-10.344,{'WELCOME'}
Category 9,2025-10-28,Merchant 3,81.935,4.48,31.723333333333333,"{'NONE','SAVE10','WELCOME'}"
Category 9,2025-10-28,Merchant 4,47.97,2.4,6.595,{'WELCOME'}
Category 9,2025-10-28,Merchant 5,42.6375,2.905,-22.81875,"{'NONE','SAVE10','WELCOME'}"
Category 9,2025-10-28,Merchant 6,52.427142857142854,2.257142857142857,-10.992857142857144,"{'NONE','SAVE10','WELCOME'}"
Category 9,2025-10-28,Merchant 7,70.63,0.82,18.544,"{'NONE','WELCOME'}"
Category 9,2025-10-28,Merchant 8,71.27,7.13,-2.7,{'SAVE10'}
Category 9,2025-10-28,Merchant 9,63.225,1.245,27.135,"{'NONE','SAVE10'}"
Category 9,2025-10-29,Merchant 1,64.576,3.244,23.982,"{'NONE','SAVE10','WELCOME'}"
Category 9,2025-10-29,Merchant 10,26.9425,1.47,-60.6275,"{'NONE','SAVE10','WELCOME'}"
Category 9,2025-10-29,Merchant 11,50.64,3.1483333333333334,-24.373333333333335,"{'SAVE10','WELCOME'}"
Category 9,2025-10-29,Merchant 12,54.344,2.527,-17.742,"{'NONE','SAVE10','WELCOME'}"
Category 9,2025-10-29,Merchant 13,63.76,2.743333333333333,9.231666666666667,"{'NONE','SAVE10','WELCOME'}"
Category 9,2025-10-29,Merchant 14,54.486666666666665,2.89,-3.0033333333333334,"{'SAVE10','WELCOME'}"
Category 9,2025-10-29,Merchant 17,57.30111111111111,2.7911111111111113,-8.42,"{'NONE','SAVE10','WELCOME'}"
Category 9,2025-10-29,Merchant 18,44.75666666666667,1.4416666666666667,-59.48,"{'NONE','SAVE10','WELCOME'}"
Category 9,2025-10-29,Merchant 2,44.156666666666666,1.63,-7.733333333333333,"{'NONE','WELCOME'}"
Category 9,2025-10-29,Merchant 20,45.26,0,-32.02,{'NONE'}
Category 9,2025-10-29,Merchant 3,52.825,3.275,7.8825,"{'NONE','SAVE10','WELCOME'}"
Category 9,2025-10-29,Merchant 4,63.38666666666666,1.715,22.696666666666665,"{'NONE','SAVE10','WELCOME'}"
Category 9,2025-10-29,Merchant 5,44.307,0.873,-22.717,"{'NONE','SAVE10','WELCOME'}"
Category 9,2025-10-29,Merchant 6,21.18,1.89,-24.14,"{'SAVE10','WELCOME'}"
Category 9,2025-10-29,Merchant 7,81.52,8.15,28.12,{'SAVE10'}
Category 9,2025-10-29,Merchant 8,29.15,1.455,-39.145,{'WELCOME'}
Category 9,2025-10-30,Merchant 1,43.26166666666666,2.3466666666666667,-12.16,"{'NONE','SAVE10','WELCOME'}"
Category 9,2025-10-30,Merchant 11,62.686,4.274,-11.39,"{'NONE','SAVE10','WELCOME'}"
Category 9,2025-10-30,Merchant 12,46.22833333333333,2.285,1.9733333333333334,"{'NONE','SAVE10','WELCOME'}"
Category 9,2025-10-30,Merchant 13,56.39,1.7125,2.8925,"{'NONE','WELCOME'}"
Category 9,2025-10-30,Merchant 14,14.84,0.74,-40.5,{'WELCOME'}
Category 9,2025-10-30,Merchant 15,32.0675,1.01,-37.3225,"{'NONE','WELCOME'}"
Category 9,2025-10-30,Merchant 16,52.4925,2.5475,-21.955,"{'NONE','WELCOME'}"
Category 9,2025-10-30,Merchant 17,51.965,1.8483333333333334,-15.418333333333333,"{'NONE','SAVE10','WELCOME'}"
Category 9,2025-10-30,Merchant 18,44.39,2.53625,-20.355,"{'NONE','SAVE10','WELCOME'}"
Category 9,2025-10-30,Merchant 2,88.08,4.405,49.565,{'WELCOME'}
Category 9,2025-10-30,Merchant 20,46.8,1.6166666666666667,-32.096666666666664,"{'NONE','WELCOME'}"
Category 9,2025-10-30,Merchant 3,58.07333333333333,4.413333333333333,-12.996666666666666,"{'SAVE10','WELCOME'}"
Category 9,2025-10-30,Merchant 4,48.5,4.625,4.9,"{'SAVE10','WELCOME'}"
Category 9,2025-10-30,Merchant 5,40.70857142857143,2.138571428571429,-42.004285714285714,"{'NONE','SAVE10','WELCOME'}"
Category 9,2025-10-30,Merchant 6,37.575,2.1533333333333333,-15.573333333333334,"{'NONE','SAVE10','WELCOME'}"
Category 9,2025-10-30,Merchant 7,64.85333333333334,2.986666666666667,13.096666666666668,"{'NONE','SAVE10','WELCOME'}"
Category 9,2025-10-30,Merchant 9,6.66,0,-26.12,{'NONE'}
Category 9,2025-10-31,Merchant 1,34.71666666666667,1.8233333333333333,-17.183333333333334,"{'NONE','SAVE10'}"
Category 9,2025-10-31,Merchant 11,44.43,2.605,-29.655,"{'SAVE10','WELCOME'}"
Category 9,2025-10-31,Merchant 12,52.93857142857143,3.007142857142857,-3.8457142857142856,"{'NONE','SAVE10','WELCOME'}"
Category 9,2025-10-31,Merchant 13,50.56,2.208,12.68,"{'NONE','WELCOME'}"
Category 9,2025-10-31,Merchant 14,14.57,0.73,-40.76,{'WELCOME'}
Category 9,2025-10-31,Merchant 15,56.62,2.83,-2.02,{'WELCOME'}
Category 9,2025-10-31,Merchant 16,59.7925,5.9775,-12.055,{'SAVE10'}
Category 9,2025-10-31,Merchant 17,80.1,4.89,14.516,"{'NONE','SAVE10','WELCOME'}"
Category 9,2025-10-31,Merchant 18,52.53,2.6557142857142857,-2.42,"{'NONE','SAVE10','WELCOME'}"
Category 9,2025-10-31,Merchant 19,46.86,2.345,30.585,{'WELCOME'}
Category 9,2025-10-31,Merchant 2,61.98833333333334,1.8733333333333333,14.413333333333334,"{'NONE','WELCOME'}"
Category 9,2025-10-31,Merchant 20,102.8,10.28,15.24,{'SAVE10'}
Category 9,2025-10-31,Merchant 3,59.09142857142857,3.611428571428571,-23.777142857142856,"{'SAVE10','WELCOME'}"
Category 9,2025-10-31,Merchant 4,15.46,1.55,-35,{'SAVE10'}
Category 9,2025-10-31,Merchant 5,73.47571428571429,3.92,11.705714285714286,"{'NONE','SAVE10','WELCOME'}"
Category 9,2025-10-31,Merchant 6,66.74,2.475,10.655,"{'NONE','SAVE10','WELCOME'}"
Category 9,2025-10-31,Merchant 7,67.615,4.375,10.47,"{'SAVE10','WELCOME'}"
Category 9,2025-10-31,Merchant 8,94.23,0,27.39,{'NONE'}
Category 9,2025-10-31,Merchant 9,88.82,5.94,47.0025,"{'NONE','SAVE10','WELCOME'}"
Category 9,2025-11-01,Merchant 1,12.615,0.825,-23.76,"{'SAVE10','WELCOME'}"
Category 9,2025-11-01,Merchant 10,34.63,1.73,-53.2,{'WELCOME'}
Category 9,2025-11-01,Merchant 11,10.31,0,-61.17,{'NONE'}
Category 9,2025-11-01,Merchant 12,43.397777777777776,1.787777777777778,-17.27777777777778,"{'NONE','SAVE10','WELCOME'}"
Category 9,2025-11-01,Merchant 13,89.18666666666667,4.46,16.303333333333335,{'WELCOME'}
Category 9,2025-11-01,Merchant 14,41.75333333333333,4.173333333333333,-17.02,{'SAVE10'}
Category 9,2025-11-01,Merchant 15,71.395,2.565,13.02,"{'NONE','WELCOME'}"
Category 9,2025-11-01,Merchant 16,48.37,1.66,-25.19,"{'NONE','SAVE10'}"
Category 9,2025-11-01,Merchant 17,54.68,0.8125,-17.465,"{'NONE','WELCOME'}"
Category 9,2025-11-01,Merchant 18,35.58375,1.80875,-50.13875,"{'NONE','SAVE10','WELCOME'}"
Category 9,2025-11-01,Merchant 19,39.895,2.905,-42.985,"{'NONE','SAVE10','WELCOME'}"
Category 9,2025-11-01,Merchant 2,75.7,7.57,-14.43,{'SAVE10'}
Category 9,2025-11-01,Merchant 3,59.156666666666666,5.003333333333333,20.9,"{'SAVE10','WELCOME'}"
Category 9,2025-11-01,Merchant 4,54.6,0.865,24.695,"{'NONE','WELCOME'}"
Category 9,2025-11-01,Merchant 5,58.88333333333333,1.5516666666666667,-11.125,"{'NONE','WELCOME'}"
Category 9,2025-11-01,Merchant 6,55.464285714285715,3.045714285714286,4.627142857142857,"{'SAVE10','WELCOME'}"
Category 9,2025-11-01,Merchant 7,67.41,2.2666666666666666,3.36,"{'NONE','WELCOME'}"
Category 9,2025-11-01,Merchant 9,29.1275,2.5375,-9.2875,"{'SAVE10','WELCOME'}"
Category 9,2025-11-02,Merchant 1,55.81333333333333,3.72,16.543333333333333,"{'SAVE10','WELCOME'}"
Category 9,2025-11-02,Merchant 10,13.71,1.37,-73.76,{'SAVE10'}
Category 9,2025-11-02,Merchant 11,61.59,1.7933333333333332,-4.306666666666667,"{'NONE','WELCOME'}"
Category 9,2025-11-02,Merchant 12,60.39545454545455,2.8927272727272726,-0.12818181818181817,"{'NONE','WELCOME'}"
Category 9,2025-11-02,Merchant 13,53.7425,2.985,-39.4175,"{'SAVE10','WELCOME'}"
Category 9,2025-11-02,Merchant 14,74.885,5.325,14.96,"{'SAVE10','WELCOME'}"
Category 9,2025-11-02,Merchant 15,41.67,2.08,-16.22,{'WELCOME'}
Category 9,2025-11-02,Merchant 16,59.684,4.224,-14.028,"{'SAVE10','WELCOME'}"
Category 9,2025-11-02,Merchant 17,46.205,2.2975,-27.9925,"{'NONE','SAVE10','WELCOME'}"
Category 9,2025-11-02,Merchant 18,57.571666666666665,2.3208333333333333,-20.69333333333333,"{'NONE','WELCOME'}"
Category 9,2025-11-02,Merchant 19,56.3875,3.9,-5.4725,"{'SAVE10','WELCOME'}"
Category 9,2025-11-02,Merchant 2,79.98333333333333,3.49,17.12,"{'NONE','SAVE10','WELCOME'}"
Category 9,2025-11-02,Merchant 20,56.38,1.4,-22.3,"{'NONE','WELCOME'}"
Category 9,2025-11-02,Merchant 3,38.39,3.84,-64.62,{'SAVE10'}
Category 9,2025-11-02,Merchant 4,63.861666666666665,3.5033333333333334,24.695,"{'NONE','SAVE10','WELCOME'}"
Category 9,2025-11-02,Merchant 5,59.2575,3.2975,-16.075,"{'SAVE10','WELCOME'}"
Category 9,2025-11-02,Merchant 6,39.6325,1.285,4.1925,"{'NONE','WELCOME'}"
Category 9,2025-11-02,Merchant 7,47.24857142857143,2.722857142857143,-8.038571428571428,"{'NONE','SAVE10','WELCOME'}"
Category 9,2025-11-02,Merchant 8,46.36,2.32,-22.8,{'WELCOME'}
Category 9,2025-11-02,Merchant 9,35.955,0.42,2.755,"{'NONE','WELCOME'}"
Category 9,2025-11-03,Merchant 1,6.89,0.34,-90.58,{'WELCOME'}
Category 9,2025-11-03,Merchant 10,32.82,1.64,-54.92,{'WELCOME'}
Category 9,2025-11-03,Merchant 11,43.73,3.22,-36.32,"{'SAVE10','WELCOME'}"
Category 9,2025-11-03,Merchant 12,62.689,3.452,9.656,"{'NONE','SAVE10','WELCOME'}"
Category 9,2025-11-03,Merchant 13,51.09,1.88,-14.11,"{'NONE','SAVE10','WELCOME'}"
Category 9,2025-11-03,Merchant 15,86.31,6.33,11.6,"{'SAVE10','WELCOME'}"
Category 9,2025-11-03,Merchant 16,45.07,1.3025,-16.0725,"{'NONE','WELCOME'}"
Category 9,2025-11-03,Merchant 17,83.1025,3.455,27.915,"{'NONE','SAVE10','WELCOME'}"
Category 9,2025-11-03,Merchant 18,37.13333333333333,2.7583333333333333,-49.085,"{'SAVE10','WELCOME'}"
Category 9,2025-11-03,Merchant 19,46.18,2.85,0.04666666666666667,"{'NONE','SAVE10','WELCOME'}"
Category 9,2025-11-03,Merchant 2,15.003333333333334,0.38,-35.63666666666666,"{'NONE','SAVE10','WELCOME'}"
Category 9,2025-11-03,Merchant 3,25.413333333333334,1.86,-7.075,"{'SAVE10','WELCOME'}"
Category 9,2025-11-03,Merchant 4,49.23222222222222,2.167777777777778,6.985555555555556,"{'NONE','WELCOME'}"
Category 9,2025-11-03,Merchant 5,38.214,1.158,-46.912,"{'NONE','SAVE10','WELCOME'}"
Category 9,2025-11-03,Merchant 6,53.25909090909091,3.1281818181818184,-1.4445454545454546,"{'NONE','SAVE10','WELCOME'}"
Category 9,2025-11-03,Merchant 7,57.28,3.36,1.15,"{'NONE','SAVE10','WELCOME'}"
Category 9,2025-11-03,Merchant 8,29.5,1.48,-38.82,{'WELCOME'}
Category 9,2025-11-03,Merchant 9,42.805,1.435,6.525,"{'NONE','WELCOME'}"
Category 9,2025-11-04,Merchant 1,37.316,0.558,6.608,"{'NONE','WELCOME'}"
Category 9,2025-11-04,Merchant 11,50.468,2.436,-17.344,"{'NONE','SAVE10','WELCOME'}"
Category 9,2025-11-04,Merchant 12,72.27857142857142,3.7657142857142856,-11.02,"{'NONE','SAVE10','WELCOME'}"
Category 9,2025-11-04,Merchant 13,20.32,2.03,-60.35,{'SAVE10'}
Category 9,2025-11-04,Merchant 14,79.235,3.96,20.675,{'WELCOME'}
Category 9,2025-11-04,Merchant 15,73.27666666666667,5.303333333333334,3.783333333333333,"{'SAVE10','WELCOME'}"
Category 9,2025-11-04,Merchant 16,50.715,3.655,-36.9,"{'NONE','SAVE10'}"
Category 9,2025-11-04,Merchant 17,75.07,5.45,-29.19,"{'SAVE10','WELCOME'}"
Category 9,2025-11-04,Merchant 18,68.61888888888889,3.3344444444444443,-13.596666666666668,"{'NONE','SAVE10','WELCOME'}"
Category 9,2025-11-04,Merchant 19,62.625,4.415,-43.78,"{'NONE','SAVE10'}"
Category 9,2025-11-04,Merchant 2,76.752,6.788,13.742,"{'SAVE10','WELCOME'}"
Category 9,2025-11-04,Merchant 20,45.16,0,-32.12,{'NONE'}
Category 9,2025-11-04,Merchant 3,31.486666666666668,1.0266666666666666,-2.7933333333333334,"{'NONE','WELCOME'}"
Category 9,2025-11-04,Merchant 5,46.87222222222222,1.58,-29.22,"{'NONE','SAVE10','WELCOME'}"
Category 9,2025-11-04,Merchant 6,17.49,0.875,-26.815,{'WELCOME'}
Category 9,2025-11-04,Merchant 7,75.32333333333334,3.43,16.616666666666667,"{'NONE','SAVE10'}"
Category 9,2025-11-04,Merchant 8,34.13,1.71,-34.42,{'WELCOME'}
Category 9,2025-11-04,Merchant 9,52.92,2.65,13.36,{'WELCOME'}
Category 9,2025-11-05,Merchant 1,41.57,2.08,-57.64,{'WELCOME'}
Category 9,2025-11-05,Merchant 10,34.23,2.43,-54.3,"{'SAVE10','WELCOME'}"
Category 9,2025-11-05,Merchant 11,50.03,3.32,-17.9,"{'SAVE10','WELCOME'}"
Category 9,2025-11-05,Merchant 12,56.76625,1.69375,7.7725,"{'NONE','SAVE10','WELCOME'}"
Category 9,2025-11-05,Merchant 13,51.965,0,0.18,{'NONE'}
Category 9,2025-11-05,Merchant 14,34.95,1.75,-21.4,{'WELCOME'}
Category 9,2025-11-05,Merchant 15,42.32,2.115,-15.605,{'WELCOME'}
Category 9,2025-11-05,Merchant 16,57.123333333333335,1.3566666666666667,-12.113333333333333,"{'NONE','WELCOME'}"
Category 9,2025-11-05,Merchant 17,94.45,4.72,7.18,{'WELCOME'}
Category 9,2025-11-05,Merchant 18,69.7,2.225,-0.7475,"{'NONE','WELCOME'}"
Category 9,2025-11-05,Merchant 2,55.215,3.115,2.46,"{'NONE','SAVE10','WELCOME'}"
Category 9,2025-11-05,Merchant 20,90.86,9.09,4.49,{'SAVE10'}
Category 9,2025-11-05,Merchant 3,68.01571428571428,4.27,12.74,"{'NONE','SAVE10','WELCOME'}"
Category 9,2025-11-05,Merchant 4,15.6,1.56,-34.87,{'SAVE10'}
Category 9,2025-11-05,Merchant 5,64.97833333333334,3.7616666666666667,-5.123333333333333,"{'NONE','SAVE10','WELCOME'}"
Category 9,2025-11-05,Merchant 6,58.14714285714286,3.6542857142857144,1.4,"{'NONE','SAVE10','WELCOME'}"
Category 9,2025-11-05,Merchant 7,47.6,0,-8.21,{'NONE'}
Category 9,2025-11-05,Merchant 8,16.08,0.8,-51.56,{'WELCOME'}
Category 9,2025-11-05,Merchant 9,30.578,0.724,-6.23,"{'NONE','WELCOME'}"
Category 9,2025-11-06,Merchant 1,49.94166666666667,2.4983333333333335,-8.633333333333333,{'WELCOME'}
Category 9,2025-11-06,Merchant 10,57.57,5.76,-34.29,{'SAVE10'}
Category 9,2025-11-06,Merchant 11,51.95666666666666,2.7733333333333334,-19.5,"{'SAVE10','WELCOME'}"
Category 9,2025-11-06,Merchant 12,51.708,3.266,-32.884,"{'NONE','SAVE10','WELCOME'}"
Category 9,2025-11-06,Merchant 13,52.485,1.955,-20.45,"{'NONE','SAVE10','WELCOME'}"
Category 9,2025-11-06,Merchant 14,86.19,4.31,27.28,{'WELCOME'}
Category 9,2025-11-06,Merchant 15,40.005,1.635,-42.58,"{'NONE','WELCOME'}"
Category 9,2025-11-06,Merchant 16,43.505,2.175,-24.54,{'WELCOME'}
Category 9,2025-11-06,Merchant 17,57.675,2.88,-27.755,{'WELCOME'}
Category 9,2025-11-06,Merchant 18,15.22,0.76,-89.58,{'WELCOME'}
Category 9,2025-11-06,Merchant 19,50.66,3.6266666666666665,3.75,"{'SAVE10','WELCOME'}"
Category 9,2025-11-06,Merchant 2,77.806,2.112,31.894,"{'NONE','WELCOME'}"
Category 9,2025-11-06,Merchant 3,69.385,3.005,35.27,"{'NONE','SAVE10','WELCOME'}"
Category 9,2025-11-06,Merchant 4,42.07,0,-6.84,{'NONE'}
Category 9,2025-11-06,Merchant 5,65.172,2.256,2.84,"{'NONE','WELCOME'}"
Category 9,2025-11-06,Merchant 6,34.246,1.43,-16.722,"{'NONE','SAVE10','WELCOME'}"
Category 9,2025-11-06,Merchant 7,56.18333333333333,2.08,-7.68,"{'NONE','SAVE10','WELCOME'}"
Category 9,2025-11-06,Merchant 8,44.57,2.23,-24.5,{'WELCOME'}
Category 9,2025-11-06,Merchant 9,40.892,2.666,3.794,"{'NONE','SAVE10','WELCOME'}"
Category 9,2025-11-07,Merchant 1,66.61833333333334,2.868333333333333,22.436666666666667,"{'NONE','SAVE10','WELCOME'}"
Category 9,2025-11-07,Merchant 11,40.52,2.3433333333333333,-25.926666666666666,"{'SAVE10','WELCOME'}"
Category 9,2025-11-07,Merchant 12,70.585,3.04625,13.545,"{'NONE','SAVE10','WELCOME'}"
Category 9,2025-11-07,Merchant 13,58.57555555555555,0.8433333333333334,-10.694444444444445,"{'NONE','SAVE10','WELCOME'}"
Category 9,2025-11-07,Merchant 14,68.67,2.466666666666667,11.603333333333333,"{'NONE','SAVE10','WELCOME'}"
Category 9,2025-11-07,Merchant 15,60.88857142857143,2.95,-8.645714285714286,"{'NONE','SAVE10','WELCOME'}"
Category 9,2025-11-07,Merchant 16,63.91,2.9233333333333333,-6.8933333333333335,"{'NONE','SAVE10','WELCOME'}"
Category 9,2025-11-07,Merchant 17,30.37,1.88,-27.213333333333335,"{'NONE','SAVE10','WELCOME'}"
Category 9,2025-11-07,Merchant 18,57.54142857142857,0.7442857142857143,-30.002857142857142,"{'NONE','SAVE10','WELCOME'}"
Category 9,2025-11-07,Merchant 19,53.67666666666667,1.15,-5.433333333333334,"{'NONE','SAVE10','WELCOME'}"
Category 9,2025-11-07,Merchant 2,44.035,3.95,-9.555,"{'SAVE10','WELCOME'}"
Category 9,2025-11-07,Merchant 20,40.81,1.805,-38.275,"{'NONE','WELCOME'}"
Category 9,2025-11-07,Merchant 3,47.91,2.2266666666666666,-2.736666666666667,"{'NONE','WELCOME'}"
Category 9,2025-11-07,Merchant 4,51.435,0,22.395,{'NONE'}
Category 9,2025-11-07,Merchant 5,41.6,1.22,-2.1233333333333335,"{'NONE','SAVE10','WELCOME'}"
Category 9,2025-11-07,Merchant 6,64.69,4.69,10.575,"{'SAVE10','WELCOME'}"
Category 9,2025-11-07,Merchant 7,37.335,1.87,-15.065,{'WELCOME'}
Category 9,2025-11-07,Merchant 9,51.798,1.066,15.474,"{'NONE','SAVE10','WELCOME'}"
Category 9,2025-11-08,Merchant 1,69.5275,3.475,17.3575,{'WELCOME'}
Category 9,2025-11-08,Merchant 11,15.19,0.76,-43.31,{'WELCOME'}
Category 9,2025-11-08,Merchant 12,60.87777777777778,3.9588888888888887,2.5277777777777777,"{'SAVE10','WELCOME'}"
Category 9,2025-11-08,Merchant 13,42.845,3.73,-51.06,"{'SAVE10','WELCOME'}"
Category 9,2025-11-08,Merchant 14,71.2,4.593333333333334,12.006666666666666,"{'NONE','SAVE10','WELCOME'}"
Category 9,2025-11-08,Merchant 15,37.7,1.5457142857142856,-34.02142857142857,"{'NONE','SAVE10','WELCOME'}"
Category 9,2025-11-08,Merchant 16,13.826666666666666,0.5566666666666666,-54.61,"{'NONE','WELCOME'}"
Category 9,2025-11-08,Merchant 17,61.36,3.64,-19.108,"{'NONE','SAVE10','WELCOME'}"
Category 9,2025-11-08,Merchant 18,47.83875,2.96875,-26.7975,"{'SAVE10','WELCOME'}"
Category 9,2025-11-08,Merchant 19,61.38,3.07,44.38,{'WELCOME'}
Category 9,2025-11-08,Merchant 2,80.778,3.402,14.196,"{'NONE','SAVE10','WELCOME'}"
Category 9,2025-11-08,Merchant 20,83.62,8.36,-2.02,{'SAVE10'}
Category 9,2025-11-08,Merchant 3,41.505,2.2975,12.13,"{'NONE','SAVE10'}"
Category 9,2025-11-08,Merchant 5,48.817142857142855,2.4114285714285715,-24.252857142857142,"{'NONE','SAVE10','WELCOME'}"
Category 9,2025-11-08,Merchant 6,45.39714285714286,1.66,-11.06857142857143,"{'NONE','SAVE10','WELCOME'}"
Category 9,2025-11-08,Merchant 8,72.18,7.22,-1.875,{'SAVE10'}
Category 9,2025-11-08,Merchant 9,82.85666666666667,4.08,44.623333333333335,"{'NONE','SAVE10','WELCOME'}"
